frame,fp8_diverged,fp8_text_l2,fp8_text_maxabs,fp8_audio_l2,fp8_audio_maxabs,fp8_rms,fp8_click,fp8_centroid_hz,fp8_flatness,w8a16_diverged,w8a16_text_l2,w8a16_text_maxabs,w8a16_audio_l2,w8a16_audio_maxabs,w8a16_rms,w8a16_click,w8a16_centroid_hz,w8a16_flatness,nvfp4ffn-w8a16_diverged,nvfp4ffn-w8a16_text_l2,nvfp4ffn-w8a16_text_maxabs,nvfp4ffn-w8a16_audio_l2,nvfp4ffn-w8a16_audio_maxabs,nvfp4ffn-w8a16_rms,nvfp4ffn-w8a16_click,nvfp4ffn-w8a16_centroid_hz,nvfp4ffn-w8a16_flatness
0,,,,,,,,,,,,,,,,,,,,,,,,,,,
1,,,,,,,,,,,,,,,,,,,,,,,,,,,
2,0,58.8658,1.4766,83.1543,3.6250,,,,,0,81.2293,1.4531,43.2886,4.3750,,,,,0,301.0423,4.1250,171.3048,8.5625,,,,
3,0,39.8901,0.9766,67.5855,3.0000,,,,,0,54.2792,0.9375,51.2394,2.0625,,,,,0,78.1557,2.0840,180.5883,6.8750,,,,
4,0,100.1960,1.4375,78.3527,3.3828,,,,,0,34.0913,0.7344,66.4798,5.1250,,,,,0,91.9965,2.3203,170.2167,8.7500,,,,
5,0,45.0761,1.0859,74.6638,3.6875,,,,,0,51.2306,0.8750,66.6323,4.8750,,,,,0,101.3002,2.5938,155.2613,8.8750,,,,
6,0,38.7924,0.9785,67.6886,3.3125,,,,,0,40.1706,0.7812,60.5440,4.0000,,,,,0,157.5560,2.5508,151.7729,8.1719,,,,
7,0,35.7218,0.9590,69.5283,3.8125,,,,,0,33.9304,0.7500,55.0352,2.8750,,,,,0,170.5669,2.9844,131.8245,5.4492,,,,
8,0,45.8783,1.0156,64.2219,2.6250,,,,,0,25.5786,0.7734,45.5322,2.0000,,,,,0,94.8181,2.5781,113.7554,6.0625,,,,
9,0,45.8612,0.9844,66.8415,2.9375,,,,,0,24.3273,0.5781,48.3997,2.5000,,,,,0,77.2385,1.8125,100.2247,5.6562,,,,
10,0,44.6347,1.1250,60.4748,3.0000,,,,,0,23.8649,0.5352,45.0019,2.1250,,,,,0,68.5300,2.0742,98.9329,5.4453,,,,
11,0,34.2388,0.8828,69.5614,4.3125,,,,,0,23.8202,0.5312,36.7409,1.3750,,,,,0,66.2474,2.3438,106.9007,5.4648,,,,
12,0,42.0176,0.9375,43.5975,2.5000,,,,,0,27.7460,0.6406,32.9534,1.3125,,,,,0,69.1408,1.8984,95.7201,4.5625,,,,
13,0,42.7813,0.9844,50.0363,2.7188,,,,,0,25.0644,0.6250,33.7146,2.0312,,,,,0,69.8480,1.9375,102.7482,5.5000,,,,
14,0,41.1973,0.8438,42.1296,1.9375,,,,,0,24.3114,0.6875,25.7825,1.0000,,,,,0,45.5861,1.1250,78.7262,3.6875,,,,
15,0,32.3699,0.8906,40.5289,1.6562,,,,,0,24.1636,0.6719,24.6814,1.0000,,,,,0,44.3065,1.4688,79.5810,5.8125,,,,
16,0,26.2226,0.7500,38.1520,1.5938,,,,,0,20.5519,0.5625,27.4890,1.5000,,,,,0,43.6171,1.5312,65.9221,5.0000,,,,
17,0,39.7812,0.8750,43.3123,2.3438,,,,,0,37.7107,0.7812,30.0007,1.5000,,,,,0,44.7105,1.6250,62.6219,2.7500,,,,
18,0,71.0423,1.5312,56.0278,2.1250,,,,,0,40.8120,0.9375,53.4086,2.6875,,,,,0,103.1742,2.8125,99.9240,4.0312,,,,
19,0,59.2771,1.2812,33.5455,1.3125,,,,,0,33.8522,0.8125,31.6188,1.0039,,,,,0,52.6815,1.2188,81.8281,4.3750,,,,
20,0,49.8554,1.0625,22.9281,0.8125,,,,,0,28.2935,0.8125,19.2914,0.7500,,,,,0,42.4030,1.3438,41.4500,1.5000,,,,
21,0,35.7075,0.8750,24.1851,0.9062,,,,,0,18.8324,0.4688,17.8328,0.7031,,,,,0,31.8543,0.8516,30.2168,0.9453,,,,
22,0,27.2723,0.6562,29.3231,1.0000,,,,,0,19.0033,0.4688,22.3264,1.2422,,,,,0,32.4059,0.8438,55.7281,2.0938,,,,
23,0,42.2823,0.9688,32.3955,1.2500,,,,,0,18.2238,0.4375,20.1776,0.7656,,,,,0,37.6411,1.0000,69.9018,3.9492,,,,
24,0,38.4196,0.8125,27.9867,0.7969,,,,,0,16.6245,0.4375,21.2856,0.7031,,,,,0,42.3204,1.2188,47.2371,1.8438,,,,
25,0,34.6661,0.7500,27.7981,1.0156,,,,,0,16.7683,0.4062,18.5082,0.6250,,,,,0,59.8230,1.0938,53.7502,2.5234,,,,
26,0,30.9839,0.7656,36.3891,1.6250,,,,,0,16.4092,0.4219,20.8642,0.8125,,,,,0,105.4172,1.3828,53.6480,2.4062,,,,
27,0,48.9342,1.0625,33.5423,1.0625,,,,,0,25.2361,0.6250,21.4707,1.0000,,,,,0,45.9312,1.1562,39.1267,1.5000,,,,
28,0,24.1898,0.6172,27.0937,1.0625,,,,,0,23.8386,0.6562,15.5735,0.6250,,,,,0,29.2072,0.7656,30.7843,1.3125,,,,
29,0,34.4773,0.7812,26.4076,1.0938,,,,,0,21.2090,0.4609,19.9184,0.8750,,,,,0,33.7950,0.7969,38.7564,1.4375,,,,
30,0,63.8768,1.3750,27.5310,0.9688,,,,,0,37.8920,0.9375,19.5342,0.7500,,,,,0,60.0703,1.4844,47.6955,1.8672,,,,
31,0,70.2166,1.3750,26.5336,1.0938,,,,,0,40.1840,1.0625,18.0626,0.5938,,,,,0,59.4007,1.4844,37.1208,1.5781,,,,
32,0,36.5417,0.7969,31.1685,1.0625,,,,,0,24.7356,0.6562,18.1340,0.6250,,,,,0,62.0091,1.4609,55.7427,2.1992,,,,
33,0,47.2579,1.0312,30.2943,1.0938,,,,,0,28.0806,0.7500,18.4397,0.6562,,,,,0,45.4368,1.1562,51.9276,1.9375,,,,
34,0,36.5638,1.0312,26.1009,1.0195,,,,,0,23.0451,0.6562,19.1388,0.5859,,,,,0,66.2876,1.2500,35.4527,1.3906,,,,
35,0,31.2678,0.7109,30.6811,1.1406,,,,,0,21.2245,0.6094,18.5858,0.6562,,,,,0,42.0464,0.9531,37.5435,1.2314,,,,
36,0,27.1610,0.7500,30.4055,1.1250,,,,,0,18.7566,0.6094,24.5218,0.8965,,,,,0,41.7161,0.9141,35.2449,1.2500,,,,
37,0,22.1179,0.6094,29.6396,1.0000,,,,,0,18.4264,0.5469,22.5801,0.7500,,,,,0,35.7901,1.0000,40.3940,1.8125,,,,
38,0,30.7303,0.7812,28.0237,1.2031,,,,,0,17.8318,0.4922,28.8398,1.4067,,,,,0,30.6811,0.8184,36.0994,1.1836,,,,
39,0,21.8008,0.5391,33.2326,1.7500,,,,,0,20.4011,0.5391,21.3096,0.8125,,,,,0,32.0330,0.8047,42.8419,1.8125,,,,
40,0,29.2783,0.6328,22.0211,0.9375,,,,,0,20.5074,0.5703,18.9580,0.9688,,,,,0,44.3201,0.9365,31.5996,1.7500,,,,
41,0,35.3949,0.7734,22.8358,1.0000,,,,,0,21.5759,0.6172,16.6312,0.8125,,,,,0,43.0278,0.8906,30.2144,1.8125,,,,
42,0,40.7177,0.8984,21.9815,0.8750,,,,,0,21.8777,0.6328,16.0299,0.8750,,,,,0,36.6942,0.8125,35.6539,1.9844,,,,
43,0,25.9604,0.7891,26.7469,1.1562,,,,,0,21.5902,0.6484,16.0301,0.8750,,,,,0,38.1065,0.7969,46.8168,2.6328,,,,
44,0,22.7256,0.6953,24.3198,1.1875,,,,,0,21.0517,0.6484,18.4546,1.5312,,,,,0,36.4401,0.8438,45.1927,2.4688,,,,
45,0,25.0396,0.6875,22.5063,1.1250,,,,,0,26.1488,0.6875,16.5042,1.0000,,,,,0,31.8075,0.7383,40.6620,2.2500,,,,
46,0,27.4014,0.7578,30.4112,1.7246,,,,,0,26.9800,0.7031,16.1803,1.2852,,,,,0,34.7840,0.7988,41.4060,2.0938,,,,
47,0,40.6261,0.9609,25.5983,1.4375,,,,,0,19.9997,0.6016,17.3306,1.1250,,,,,0,41.9223,0.8457,37.8097,2.1172,,,,
48,0,27.5192,0.7266,26.2949,1.7500,,,,,0,20.5292,0.6016,20.0836,1.0156,,,,,0,33.9787,0.7656,40.5054,1.9775,,,,
49,0,22.0780,0.7031,25.2010,1.1250,,,,,0,21.0263,0.6406,18.4157,0.7656,,,,,0,45.3216,0.8906,32.5445,1.9688,,,,
50,0,24.6534,0.7109,23.1883,1.6875,,,,,0,22.4621,0.6562,16.1603,0.7500,,,,,0,40.5675,0.8984,36.0464,1.5859,,,,
51,0,48.6518,1.0547,27.2332,1.3125,,,,,0,21.3398,0.6016,20.4953,1.1250,,,,,0,49.2629,0.9355,78.0544,4.3750,,,,
52,0,24.1416,0.6914,22.0702,1.4375,,,,,0,20.0191,0.5820,14.9029,0.6406,,,,,0,54.3288,1.0078,36.9665,2.4375,,,,
53,0,33.6684,0.8672,24.5044,1.3125,,,,,0,20.3695,0.5859,14.6374,0.6875,,,,,0,58.7524,0.9980,41.6240,3.0000,,,,
54,0,26.5757,0.7188,21.0665,0.7500,,,,,0,25.1805,0.6562,15.4871,0.6562,,,,,0,54.3593,1.0273,48.5040,3.0625,,,,
55,0,29.0771,0.7695,25.9577,1.1250,,,,,0,23.7694,0.6641,16.0394,0.6250,,,,,0,52.4032,0.8984,41.9116,1.8750,,,,
56,0,28.0447,0.7031,27.0398,1.9375,,,,,0,20.8143,0.5879,16.7031,0.6250,,,,,0,51.3895,0.9062,36.8216,1.8750,,,,
57,0,34.6560,0.7520,26.7667,1.3750,,,,,0,21.9944,0.6113,15.3708,0.5938,,,,,0,51.0064,0.9297,31.3869,1.2617,,,,
58,0,28.4175,0.7695,24.5815,1.6250,,,,,0,30.2799,0.7156,14.6868,0.6250,,,,,0,43.9296,0.9219,35.8326,1.8125,,,,
59,0,26.2429,0.7578,24.2789,1.2500,,,,,0,27.2593,0.6680,17.2796,0.8750,,,,,0,51.6705,0.9385,36.4485,2.2500,,,,
60,0,23.2503,0.6875,26.9969,1.1836,,,,,0,28.1348,0.6689,17.7121,1.2500,,,,,0,41.2480,0.8594,37.0353,2.6250,,,,
61,0,23.2824,0.6953,25.1651,1.1562,,,,,0,29.8736,0.6641,17.4293,0.7500,,,,,0,35.4347,0.8516,35.7726,2.0000,,,,
62,0,43.3630,0.7434,26.8325,1.6250,,,,,0,27.5991,0.6250,16.4278,0.7188,,,,,0,36.3920,0.7500,35.3535,1.5000,,,,
63,0,37.8939,0.8984,20.3194,1.2500,,,,,0,20.6302,0.5620,15.2481,0.8750,,,,,0,45.5033,0.9961,33.0983,2.7500,,,,
64,0,41.7572,0.9111,21.4040,0.9375,,,,,0,22.0746,0.5996,15.3340,0.7500,,,,,0,42.6172,1.0000,33.0165,1.9375,,,,
65,0,42.8980,0.9531,20.6863,1.0625,,,,,0,19.9882,0.5762,15.1133,0.6328,,,,,0,40.0325,1.1250,26.9241,2.0312,,,,
66,0,24.8096,0.7036,20.8655,0.9062,,,,,0,21.1293,0.6172,16.1351,0.8125,,,,,0,51.7893,1.1250,33.8649,1.7500,,,,
67,0,23.6967,0.6987,20.9561,1.0938,,,,,0,19.3573,0.5847,15.9460,0.6875,,,,,0,43.8535,0.8777,40.2532,2.0000,,,,
68,0,40.7030,0.9500,20.5242,0.9375,,,,,0,19.3292,0.6001,16.0492,0.6875,,,,,0,35.3010,0.7837,28.1016,1.8750,,,,
69,0,29.1633,0.7188,19.1687,0.8750,,,,,0,18.9283,0.5508,14.9866,0.6250,,,,,0,35.3438,0.8750,25.1286,1.5312,,,,
70,0,23.1883,0.6641,21.1899,1.1406,,,,,0,19.0130,0.5967,15.9723,0.6875,,,,,0,29.9207,0.6982,23.3276,1.5000,,,,
71,0,21.9960,0.7021,17.1223,0.9375,,,,,0,19.9906,0.6333,16.4009,0.7500,,,,,0,30.1708,0.7583,23.3466,1.1875,,,,
72,0,65.1646,1.1836,20.5542,1.2734,,,,,0,18.8385,0.5435,15.5925,0.6719,,,,,0,30.8903,0.7212,24.9258,1.5000,,,,
73,0,46.4476,0.9348,19.6196,1.3242,,,,,0,18.4451,0.5752,15.4694,0.7500,,,,,0,33.6179,0.7861,22.2841,1.5000,,,,
74,0,22.2460,0.6481,19.1573,0.8750,,,,,0,18.4639,0.5830,18.2594,0.8750,,,,,0,33.4724,0.7920,28.0706,1.5000,,,,
75,0,34.2602,0.8926,20.6530,1.0000,,,,,0,17.9779,0.5195,17.2261,0.9375,,,,,0,28.1426,0.6895,24.2001,1.2500,,,,
76,0,32.8095,0.8750,20.2536,0.8750,,,,,0,22.0682,0.6602,15.7231,0.6875,,,,,0,30.8410,0.8125,33.6776,1.8750,,,,
77,0,21.8399,0.7344,26.7114,1.8750,,,,,0,18.5307,0.5625,14.1655,0.8750,,,,,0,32.3776,1.1250,29.7639,1.5000,,,,
78,0,23.0870,0.6250,23.6322,1.1250,,,,,0,18.8797,0.5625,14.6378,0.7500,,,,,0,32.0578,1.3750,32.3947,1.6875,,,,
79,0,25.3369,0.8594,22.9671,1.4375,,,,,0,20.8390,0.6875,15.1309,0.8750,,,,,0,31.8514,1.1250,43.3500,1.9062,,,,
80,0,29.5397,0.9258,27.4749,1.2891,,,,,0,21.5049,0.6328,16.1757,0.7500,,,,,0,28.6980,0.8906,35.5802,1.4062,,,,
81,0,23.6519,0.7070,19.8883,0.7500,,,,,0,19.4764,0.5938,17.1683,0.7500,,,,,0,29.4326,1.0000,36.6226,1.5000,,,,
82,0,30.4629,0.8340,21.5094,1.6250,,,,,0,20.1810,0.6484,16.5036,0.6875,,,,,0,28.4969,0.8516,30.2046,1.3750,,,,
83,0,21.6204,0.8008,23.4982,1.8750,,,,,0,18.7253,0.5781,15.2318,0.6250,,,,,0,30.2172,0.8672,28.6973,1.3750,,,,
84,0,23.5191,0.7109,23.2867,1.2500,,,,,0,19.1908,0.6094,17.3962,0.8125,,,,,0,29.5804,0.8906,28.3082,1.1094,,,,
85,0,34.5456,0.8296,23.9179,0.9561,,,,,0,19.7260,0.6094,15.7530,0.6875,,,,,0,29.4563,0.9297,32.5989,1.2500,,,,
86,0,51.6842,1.0376,23.2412,1.0938,,,,,0,18.4599,0.5400,18.2602,0.9375,,,,,0,28.5634,0.9531,29.4651,1.1406,,,,
87,0,26.4188,0.7422,23.7661,0.8750,,,,,0,18.9126,0.5513,18.7033,1.2500,,,,,0,29.2611,0.8594,31.9527,1.7500,,,,
88,0,24.8859,0.7207,25.1532,1.3125,,,,,0,21.5065,0.6260,19.3066,1.1250,,,,,0,40.7971,0.8936,51.7284,3.6250,,,,
89,0,28.9029,0.8320,23.5233,1.2500,,,,,0,20.3515,0.6289,14.8038,0.6250,,,,,0,32.9410,0.7695,43.7309,2.3750,,,,
90,0,33.2759,0.8438,27.1184,1.4375,,,,,0,20.5481,0.5684,16.5369,0.6875,,,,,0,32.8990,0.7529,36.9817,1.6250,,,,
91,0,23.4812,0.6836,24.5444,1.1406,,,,,0,22.4204,0.5781,16.5138,0.6875,,,,,0,30.6036,0.8750,33.8005,2.0000,,,,
92,0,23.0658,0.6250,24.3664,1.3750,,,,,0,24.1451,0.6016,19.6959,0.7500,,,,,0,30.7964,0.7500,43.6259,1.8125,,,,
93,0,24.3811,0.6484,26.0959,1.5000,,,,,0,25.6374,0.6406,17.6056,0.6562,,,,,0,31.9210,0.7910,33.8562,1.1875,,,,
94,0,28.6527,0.7812,24.7544,1.3359,,,,,0,31.6548,0.7031,19.1217,0.7188,,,,,0,31.2642,0.7812,37.5794,1.6250,,,,
95,0,30.3011,0.7529,28.2036,1.1875,,,,,0,29.0451,0.6660,19.3368,0.7188,,,,,0,31.4051,0.6992,46.2458,1.7500,,,,
96,0,30.8598,0.7500,28.7950,1.1250,,,,,0,25.3095,0.6631,19.5653,0.7500,,,,,0,58.1931,0.9727,56.0690,2.0781,,,,
97,0,23.7597,0.7109,29.6419,1.3125,,,,,0,27.6904,0.6211,23.0900,0.9375,,,,,0,45.6711,0.9277,58.5259,2.1875,,,,
98,0,35.5213,0.8984,27.4341,1.5625,,,,,0,25.5556,0.5928,18.2563,1.0000,,,,,0,43.8677,0.8809,45.1234,1.7344,,,,
99,0,33.0564,0.7109,24.4251,1.0000,,,,,0,23.9963,0.5871,16.3225,0.8125,,,,,0,32.6709,0.8027,39.2721,1.6250,,,,
100,0,22.3837,0.6631,26.6053,1.5000,,,,,0,24.5362,0.5527,19.2269,0.9375,,,,,0,39.4636,0.9023,43.8789,1.9375,,,,
101,0,46.8149,1.1758,20.7021,1.0625,,,,,0,19.8919,0.5391,16.1138,0.8438,,,,,0,43.2659,0.9209,40.2029,2.9062,,,,
102,0,22.3957,0.6914,21.3532,0.8984,,,,,0,20.2978,0.5496,15.7958,1.1875,,,,,0,32.6467,0.7883,34.7170,2.8125,,,,
103,0,34.9836,0.9072,19.8464,0.8438,,,,,0,19.8168,0.6250,15.5047,0.9688,,,,,0,28.5241,0.7422,28.0053,2.4062,,,,
104,0,36.7396,0.8750,21.0487,1.0938,,,,,0,18.2026,0.5645,16.1594,1.1875,,,,,0,29.2580,0.7207,28.3361,2.0938,,,,
105,0,21.2988,0.5894,19.9619,1.1250,,,,,0,19.0061,0.6016,15.4512,1.0625,,,,,0,29.3862,0.7363,25.1664,2.1250,,,,
106,0,44.6544,0.8340,19.3808,1.2188,,,,,0,24.2871,0.6670,16.2762,1.1250,,,,,0,27.4168,0.6694,24.8326,1.6562,,,,
107,0,21.8902,0.6582,22.0976,1.1250,,,,,0,18.5349,0.5469,15.6346,1.0938,,,,,0,27.0242,0.6836,25.0219,1.8750,,,,
108,0,32.3524,0.7754,22.1885,1.1875,,,,,0,18.2395,0.5547,15.1492,1.0000,,,,,0,28.1425,0.7129,23.7804,1.8750,,,,
109,0,22.5303,0.6504,19.0263,0.7031,,,,,0,18.1726,0.5547,15.2853,0.8750,,,,,0,27.3004,0.6836,23.5656,1.4062,,,,
110,0,26.7117,0.7051,21.3788,0.7734,,,,,0,18.1575,0.5195,15.2895,0.8750,,,,,0,26.7813,0.6660,24.2371,1.5000,,,,
111,0,21.7542,0.6191,20.1560,0.8906,,,,,0,17.4341,0.5254,14.6643,0.8438,,,,,0,26.1435,0.6309,23.6931,1.3438,,,,
112,0,40.2344,0.9561,20.3354,1.1875,,,,,0,17.9682,0.5166,14.2840,0.7500,,,,,0,26.8678,0.6064,23.8074,1.1875,,,,
113,0,49.1444,0.9980,20.0688,0.9219,,,,,0,19.3086,0.6187,14.6595,0.9375,,,,,0,30.3260,0.7402,22.6592,1.4375,,,,
114,0,53.3376,1.0586,22.1623,1.3438,,,,,0,18.5359,0.5469,12.8489,0.6875,,,,,0,33.6815,0.8086,25.4465,1.6562,,,,
115,0,43.1625,0.9570,24.9423,1.9375,,,,,0,18.4638,0.5366,15.1636,0.8125,,,,,0,34.4047,1.1250,33.5979,1.4688,,,,
116,0,22.3407,0.7188,21.6116,0.9375,,,,,0,18.9387,0.5547,14.7166,0.6875,,,,,0,30.3427,1.3750,31.5818,1.2188,,,,
117,0,24.0440,0.8262,21.3420,0.9688,,,,,0,20.2001,0.6172,15.0053,0.8281,,,,,0,29.0868,0.8359,35.6783,1.5625,,,,
118,0,26.4988,0.7959,22.7010,1.3750,,,,,0,19.1555,0.5547,14.8848,0.7891,,,,,0,28.4620,0.8750,31.8710,1.3750,,,,
119,0,24.6179,0.8262,19.4861,0.8750,,,,,0,18.1832,0.5703,15.7895,0.9375,,,,,0,28.4289,0.7344,27.5977,1.2500,,,,
120,0,24.2654,0.7173,22.9916,1.1250,,,,,0,28.5472,0.7266,15.3920,0.8125,,,,,0,30.6064,0.9453,29.7036,1.1250,,,,
121,0,30.9296,0.9072,21.4188,1.1719,,,,,0,18.7142,0.5625,15.7648,0.7812,,,,,0,27.7413,0.8438,29.4520,1.2500,,,,
122,0,28.7854,0.8887,22.8374,1.0000,,,,,0,19.5768,0.5859,15.3465,0.7500,,,,,0,29.8181,0.8828,31.6216,1.4277,,,,
123,0,21.8816,0.7002,23.8488,1.3750,,,,,0,18.8105,0.5557,15.3428,0.7031,,,,,0,28.0681,0.8438,29.1711,1.1250,,,,
124,0,25.1333,0.7656,21.1094,1.0625,,,,,0,19.0926,0.5273,15.6297,0.7500,,,,,0,30.7036,0.9062,30.0820,1.1875,,,,
125,0,21.2894,0.6602,23.9125,1.3125,,,,,0,19.5729,0.5586,15.9556,0.9375,,,,,0,30.7303,0.8359,30.4336,1.4375,,,,
126,0,54.6751,1.0234,21.6911,1.0625,,,,,0,23.3240,0.6875,19.2522,1.6875,,,,,0,49.5522,1.2500,46.1215,2.2500,,,,
127,0,25.1014,0.7734,21.4207,1.6250,,,,,0,19.5292,0.5977,19.7167,1.0625,,,,,0,37.8294,0.8750,35.4483,2.3750,,,,
128,0,44.8888,1.0684,22.5967,1.3125,,,,,0,24.3955,0.5830,15.7877,0.8750,,,,,0,35.5286,1.0000,28.9597,1.7500,,,,
129,0,25.6550,0.6719,23.2590,0.9375,,,,,0,20.1751,0.5591,15.9525,0.8125,,,,,0,33.9789,0.8750,40.8545,1.4922,,,,
130,0,48.8690,0.9297,27.3312,1.0000,,,,,0,28.5039,0.6641,17.9062,0.8750,,,,,0,35.6353,0.8281,48.9516,2.2500,,,,
131,0,29.0739,0.8047,24.4684,1.2500,,,,,0,22.1816,0.5625,18.5540,0.8750,,,,,0,34.2470,0.8438,51.1118,3.0000,,,,
132,0,23.0572,0.6875,23.5079,0.9375,,,,,0,26.9481,0.6523,18.9569,0.7500,,,,,0,30.1385,0.7122,42.1956,2.5000,,,,
133,0,25.2546,0.6953,29.3076,1.2500,,,,,0,33.5430,0.6914,20.5251,1.0000,,,,,0,28.6143,0.6799,64.3196,2.5781,,,,
134,0,22.6072,0.6641,25.1485,0.9375,,,,,0,29.7344,0.6328,19.2214,0.8750,,,,,0,29.0589,0.6912,49.0874,2.5000,,,,
135,0,23.6481,0.7344,31.2568,2.0000,,,,,0,33.1697,0.6875,19.2233,0.7500,,,,,0,31.3354,0.7578,49.4706,2.2500,,,,
136,0,30.7781,0.8125,28.5890,1.2188,,,,,0,28.2743,0.5898,20.5982,0.7500,,,,,0,34.9511,0.8096,55.2942,2.5000,,,,
137,0,34.2160,0.7578,30.3863,1.3359,,,,,0,33.3882,0.6484,17.8627,0.8750,,,,,0,30.2194,0.7266,42.5304,2.0000,,,,
138,0,33.4570,0.8164,23.5158,1.3750,,,,,0,23.0760,0.6094,18.3890,0.9805,,,,,0,36.2852,0.8975,33.1641,1.7500,,,,
139,0,53.7252,0.9531,26.3863,1.1875,,,,,0,22.3267,0.6250,15.4608,0.7500,,,,,0,30.3327,0.8047,30.5666,2.1250,,,,
140,0,38.6273,0.8164,21.9546,0.7891,,,,,0,18.6966,0.5811,17.0189,0.6250,,,,,0,31.6005,0.7188,30.8612,2.7500,,,,
141,0,22.4304,0.6143,22.6745,1.0938,,,,,0,19.1365,0.5347,17.3379,0.8750,,,,,0,27.5385,0.6582,23.2747,2.0000,,,,
142,0,22.3339,0.6738,22.2067,1.1250,,,,,0,17.9111,0.5527,18.4934,0.8750,,,,,0,28.4221,0.7246,25.7326,1.5000,,,,
143,0,36.8608,0.8184,19.7641,0.8125,,,,,0,17.5212,0.5410,17.0559,1.0000,,,,,0,29.2635,0.7480,20.3246,1.3750,,,,
144,0,20.7880,0.6187,18.5137,0.8125,,,,,0,18.3705,0.5444,17.3595,1.0000,,,,,0,26.4866,0.6660,22.3367,1.2500,,,,
145,0,25.1209,0.7109,27.6661,1.0938,,,,,0,18.2740,0.5742,18.4088,1.5000,,,,,0,26.7353,0.6582,23.9169,1.3438,,,,
146,0,26.1465,0.7080,23.9667,1.4375,,,,,0,17.8557,0.5938,17.6435,1.5000,,,,,0,27.4832,0.7012,22.2946,1.0625,,,,
147,0,31.3354,0.7856,22.4416,1.0625,,,,,0,18.2060,0.5840,18.2421,1.2500,,,,,0,26.3867,0.6895,23.2273,1.4375,,,,
148,0,19.9457,0.5654,20.8921,1.1250,,,,,0,17.2933,0.5264,18.0618,1.6250,,,,,0,26.3554,0.6677,23.9664,1.7500,,,,
149,0,40.0697,0.9863,25.1904,1.0000,,,,,0,18.1641,0.5371,20.2294,1.8750,,,,,0,27.6513,0.6367,24.2346,1.2500,,,,
150,0,22.7358,0.6777,24.6875,1.3125,,,,,0,18.7863,0.5801,21.5011,1.8125,,,,,0,27.8349,0.6631,27.2111,1.9375,,,,
151,0,27.7300,0.7715,23.5285,1.0000,,,,,0,19.7974,0.6553,21.1192,1.5000,,,,,0,27.9638,0.8750,30.8502,2.0625,,,,
152,0,28.7860,0.7207,23.8696,1.1250,,,,,0,19.1514,0.6055,20.3528,1.7500,,,,,0,50.8071,1.0000,39.9454,2.6250,,,,
153,0,25.0242,0.8242,22.9285,0.8750,,,,,0,18.6484,0.5391,18.7510,1.1250,,,,,0,33.9683,1.2500,33.2012,1.4375,,,,
154,0,22.2417,0.7266,21.7049,0.8750,,,,,0,21.0605,0.5781,18.5231,0.8750,,,,,0,30.6509,1.0000,37.1806,1.3756,,,,
155,0,37.5276,0.9219,22.2252,0.8125,,,,,0,18.8272,0.5312,18.1491,0.7500,,,,,0,33.0274,1.2500,34.9731,1.2930,,,,
156,0,21.6858,0.6758,24.0865,1.1250,,,,,0,18.4699,0.5703,17.3976,0.8750,,,,,0,33.4501,0.8125,39.0324,1.5625,,,,
157,0,39.3834,0.7996,22.6335,0.8750,,,,,0,18.2951,0.5488,19.9817,0.7500,,,,,0,28.7416,1.1250,38.6911,1.4062,,,,
158,0,20.7493,0.6328,27.3501,0.9844,,,,,0,20.3580,0.5859,19.0105,0.6250,,,,,0,30.0146,0.7891,42.2907,2.0625,,,,
159,0,50.9868,1.1641,23.9454,1.0625,,,,,0,19.6612,0.5469,20.1220,0.8125,,,,,0,33.0454,0.7803,35.5407,1.4688,,,,
160,0,49.0432,1.0391,23.7300,0.9375,,,,,0,17.8036,0.5303,19.4363,0.7188,,,,,0,26.9979,0.7500,35.3832,1.4375,,,,
161,0,38.0200,0.8828,26.7855,1.4375,,,,,0,18.0732,0.5747,19.2796,0.8750,,,,,0,27.0276,0.7266,38.0986,1.3438,,,,
162,0,35.0183,0.7480,25.8733,1.0938,,,,,0,17.4750,0.5488,19.7675,0.8750,,,,,0,28.6164,0.7188,38.5418,1.4062,,,,
163,0,54.3949,1.1641,29.3482,2.8750,,,,,0,20.7411,0.6387,19.3481,0.8125,,,,,0,57.4177,1.2500,46.6586,2.0000,,,,
164,0,23.5560,0.7383,32.3215,1.2500,,,,,0,23.5876,0.5742,22.5266,1.0000,,,,,0,32.8217,0.7285,48.1995,1.8750,,,,
165,0,30.8739,0.7969,38.9880,1.3750,,,,,0,26.4829,0.5879,20.9747,0.6797,,,,,0,31.2675,0.8438,44.2765,1.8750,,,,
166,0,23.5779,0.6484,36.6770,1.6250,,,,,0,26.7778,0.6562,22.5755,0.8125,,,,,0,29.3511,0.7695,48.0719,2.3125,,,,
167,0,35.0902,0.8750,46.5047,2.0000,,,,,0,29.6636,0.6484,24.1489,0.8750,,,,,0,40.5075,0.8281,50.6017,2.5312,,,,
168,0,24.6159,0.7266,41.8498,1.5391,,,,,0,27.1275,0.6172,24.5269,1.0000,,,,,0,32.9484,0.7500,62.8433,2.6461,,,,
169,0,26.0713,0.8203,42.7120,2.0938,,,,,0,29.8030,0.6250,24.6705,1.2500,,,,,0,30.8561,0.7280,57.3153,2.5312,,,,
170,0,22.0106,0.6562,35.8036,1.5000,,,,,0,29.1543,0.6250,23.1179,0.8750,,,,,0,28.1731,0.6641,52.8778,2.2188,,,,
171,0,29.6683,0.6953,41.3843,1.7500,,,,,0,26.8911,0.6094,24.3555,0.9141,,,,,0,31.9559,0.7656,66.8734,2.5000,,,,
172,0,34.9645,0.8906,36.8127,1.5000,,,,,0,28.1172,0.6406,24.6775,1.1250,,,,,0,31.7918,0.7715,58.6895,2.1875,,,,
173,0,24.2506,0.6406,39.8965,1.5000,,,,,0,25.5590,0.5938,23.4502,1.0312,,,,,0,41.4043,0.9028,63.7128,2.3438,,,,
174,0,21.0832,0.5273,39.7314,2.1875,,,,,0,26.5105,0.5518,21.4830,0.8750,,,,,0,31.6257,0.7344,55.5577,2.2500,,,,
175,0,21.1073,0.5547,33.8294,1.5000,,,,,0,30.0801,0.6094,21.0014,0.8125,,,,,0,34.0922,0.8574,59.9847,2.1875,,,,
176,0,23.7792,0.7422,36.9261,1.7500,,,,,0,19.0794,0.5659,20.5423,0.7500,,,,,0,38.3334,0.9062,41.2695,1.5938,,,,
177,0,37.0654,0.8879,30.5273,1.2500,,,,,0,22.9777,0.6016,21.7582,0.7812,,,,,0,33.6355,0.7852,43.4021,1.6875,,,,
178,0,28.9280,0.8184,33.2709,1.8125,,,,,0,22.0409,0.6421,24.1416,0.8750,,,,,0,35.4716,0.7812,38.9268,2.1250,,,,
179,0,20.7533,0.6992,32.4237,2.2910,,,,,0,19.0177,0.6173,22.3303,0.8750,,,,,0,26.7953,0.7070,30.3407,1.1250,,,,
180,0,20.6402,0.6504,32.5476,1.3750,,,,,0,17.6558,0.5459,22.6451,1.1250,,,,,0,35.3776,0.8545,32.5320,1.3281,,,,
181,0,22.6425,0.6172,31.4886,1.1250,,,,,0,18.4335,0.5508,20.4808,1.0000,,,,,0,35.3923,0.8242,30.2511,1.1719,,,,
182,0,50.9200,1.0371,34.3324,1.6094,,,,,0,18.7497,0.5830,19.4659,0.8750,,,,,0,28.3176,0.7207,30.5928,1.4141,,,,
183,0,47.6284,0.9102,34.9319,1.3750,,,,,0,19.5605,0.6021,22.1081,1.1250,,,,,0,31.5652,0.7778,27.7552,1.0117,,,,
184,0,25.3034,0.6973,28.9175,1.0859,,,,,0,18.9197,0.5874,19.2909,0.8750,,,,,0,38.0483,0.8423,25.2474,0.9375,,,,
185,0,27.9977,0.8027,28.9117,1.5625,,,,,0,18.1838,0.5635,19.1350,0.9141,,,,,0,30.5738,0.7810,36.4522,1.9971,,,,
186,0,21.9587,0.5615,24.1103,0.8750,,,,,0,18.1136,0.5699,21.3141,1.0625,,,,,0,26.3726,0.6772,28.9755,1.2500,,,,
187,0,24.2885,0.5919,30.3874,1.4414,,,,,0,17.6902,0.5244,21.2401,1.0000,,,,,0,26.0344,0.6177,39.4377,2.0469,,,,
188,0,20.6196,0.5762,32.8143,1.3750,,,,,0,17.3235,0.5879,22.3240,1.1250,,,,,0,30.3510,0.7188,51.9064,2.4238,,,,
189,0,22.5932,0.6641,28.5630,1.1562,,,,,0,18.7826,0.5820,18.2196,0.6875,,,,,0,45.7876,0.8867,37.8355,1.5469,,,,
190,0,24.5529,0.7422,33.5478,1.7500,,,,,0,18.6239,0.6016,22.3386,1.1094,,,,,0,34.6774,0.8750,36.5655,1.6875,,,,
191,0,21.5958,0.6797,27.3431,0.9688,,,,,0,18.4502,0.5703,21.9305,1.0547,,,,,0,31.3758,0.8750,38.1932,1.6875,,,,
192,0,22.6699,0.6016,29.9615,1.0938,,,,,0,19.5722,0.5547,22.7254,0.8906,,,,,0,28.8113,0.7812,43.3362,1.6250,,,,
193,0,30.0309,0.8164,28.5312,1.2500,,,,,0,18.7485,0.5908,21.0393,0.8203,,,,,0,27.8779,0.7500,47.9667,2.5000,,,,
194,0,32.7183,0.8164,30.5071,1.5000,,,,,0,19.7914,0.6250,18.0270,0.7500,,,,,0,30.7705,0.7500,36.8206,1.8125,,,,
195,0,34.1065,0.8555,28.2690,1.1250,,,,,0,19.8186,0.5625,19.3395,0.7344,,,,,0,28.5207,0.7031,45.4930,2.2500,,,,
196,0,21.2282,0.5859,31.4662,1.3750,,,,,0,18.1073,0.5811,19.9780,0.8359,,,,,0,27.2758,0.6875,51.3910,3.0000,,,,
197,0,31.8403,0.8125,28.8304,1.5000,,,,,0,18.3148,0.5933,19.9386,0.7500,,,,,0,30.7532,0.6543,44.7789,2.5000,,,,
198,0,29.3944,0.7598,38.1765,2.7500,,,,,0,18.0155,0.5807,20.0366,0.8750,,,,,0,36.4669,0.7109,42.2187,2.1250,,,,
199,0,44.1658,0.9844,37.1682,1.6250,,,,,0,18.4485,0.5161,20.4832,0.8281,,,,,0,34.1108,0.7749,46.0536,2.1250,,,,
200,0,21.8269,0.6328,43.9837,2.0000,,,,,0,19.0850,0.5264,23.1515,0.9375,,,,,0,31.1659,0.7461,52.5013,2.1250,,,,
201,0,23.4624,0.6797,39.6944,1.5781,,,,,0,19.9079,0.6553,23.2214,1.0000,,,,,0,37.6756,0.8721,55.6221,3.2500,,,,
202,0,24.2078,0.7344,35.2312,1.5312,,,,,0,23.5016,0.5938,22.7353,1.1250,,,,,0,40.3792,0.7656,47.0852,2.1250,,,,
203,0,27.5379,0.7656,36.0022,1.5000,,,,,0,24.6536,0.6094,19.8791,0.7500,,,,,0,34.5027,0.8125,38.7863,2.1250,,,,
204,0,29.2689,0.8125,36.9253,1.5000,,,,,0,28.4416,0.6641,24.2022,1.2500,,,,,0,30.2416,0.7500,56.0031,2.5000,,,,
205,0,24.8356,0.6875,40.2183,1.5469,,,,,0,28.6350,0.6719,22.0939,1.0000,,,,,0,39.5193,0.8242,53.7950,2.7656,,,,
206,0,25.3991,0.7031,44.2382,1.5469,,,,,0,25.4401,0.6250,22.5241,0.7500,,,,,0,36.8990,0.8125,52.6190,2.5352,,,,
207,0,25.8270,0.6328,46.0214,2.1875,,,,,0,30.2225,0.6953,22.7488,1.0000,,,,,0,29.1629,0.6738,55.2783,2.4844,,,,
208,0,30.4789,0.7812,39.2005,2.0000,,,,,0,27.0097,0.6289,23.2645,0.9375,,,,,0,29.0642,0.6943,70.5178,3.0781,,,,
209,0,23.8552,0.6641,37.3906,1.3125,,,,,0,22.5338,0.5547,22.8623,0.8125,,,,,0,29.1433,0.6904,63.5788,3.0312,,,,
210,0,27.9341,0.6953,42.5274,1.6719,,,,,0,23.0056,0.5781,22.2625,0.8125,,,,,0,30.5430,0.7549,59.2682,2.7188,,,,
211,0,29.6065,0.6875,44.6672,1.6875,,,,,0,22.6806,0.5703,22.1588,0.7500,,,,,0,35.0328,0.7915,65.5555,2.7969,,,,
212,0,22.6595,0.6602,49.3744,2.0000,,,,,0,36.8678,0.6694,23.6818,1.1875,,,,,0,37.2591,0.8867,63.8442,2.3750,,,,
213,0,22.1298,0.6133,37.0411,1.4375,,,,,0,24.3002,0.6680,23.6817,0.8906,,,,,0,44.8178,0.9824,57.4811,2.0938,,,,
214,0,34.8822,0.7969,28.8175,1.1875,,,,,0,19.5854,0.5547,22.4719,0.7812,,,,,0,28.4324,0.6602,48.2978,1.6875,,,,
215,0,22.0774,0.6641,30.0698,1.1875,,,,,0,20.0113,0.6118,20.9214,0.9062,,,,,0,30.8271,0.7188,43.8762,1.6562,,,,
216,0,33.3268,0.8887,28.5234,1.5000,,,,,0,19.1127,0.6311,21.7484,0.8750,,,,,0,31.9209,0.7910,35.0734,1.5000,,,,
217,0,26.4609,0.7400,26.2842,0.9531,,,,,0,18.2702,0.5964,20.6554,0.7188,,,,,0,30.4898,0.7778,37.7886,1.8750,,,,
218,0,30.2689,0.8223,34.2603,1.5625,,,,,0,18.7424,0.6084,20.9157,0.8750,,,,,0,34.5162,0.8047,34.2050,2.0000,,,,
219,0,36.0904,0.8008,32.1100,1.3125,,,,,0,18.5393,0.5586,20.6214,0.9375,,,,,0,33.4846,0.7690,33.7079,1.3613,,,,
220,0,31.7542,0.8340,30.9720,1.3750,,,,,0,19.7102,0.6201,21.1774,0.9961,,,,,0,26.9088,0.6914,34.2869,1.7500,,,,
221,0,30.2807,0.7744,33.3565,1.5000,,,,,0,18.5822,0.5859,19.3542,0.8750,,,,,0,40.3085,0.8618,28.4787,1.1172,,,,
222,0,42.7649,0.9888,30.9759,1.4585,,,,,0,19.3359,0.6094,19.6229,0.8281,,,,,0,29.5653,0.7383,31.4352,1.2500,,,,
223,0,32.0260,0.8223,30.6553,1.3906,,,,,0,18.7275,0.6030,19.3160,0.8438,,,,,0,26.9866,0.6836,29.1103,1.1875,,,,
224,0,25.9888,0.7656,28.6724,1.0625,,,,,0,17.4600,0.5146,18.9020,0.7500,,,,,0,26.0686,0.6719,28.9782,1.1875,,,,
225,0,27.2636,0.7656,33.2743,1.5625,,,,,0,18.0483,0.5869,19.5585,1.1973,,,,,0,29.1416,0.6436,37.9206,1.8281,,,,
226,0,45.7301,1.0156,31.6514,1.5078,,,,,0,18.7265,0.6133,21.5231,1.0000,,,,,0,26.4879,0.6562,60.8984,3.1914,,,,
227,0,30.7383,0.8984,28.9695,1.5000,,,,,0,19.7930,0.6562,25.9485,1.3438,,,,,0,39.6380,0.8594,39.4797,1.7188,,,,
228,0,21.3930,0.6250,24.7853,0.9102,,,,,0,21.1146,0.6172,18.0250,0.7812,,,,,0,39.2211,0.8750,41.8284,1.6875,,,,
229,0,29.8168,0.6797,33.9664,1.4453,,,,,0,19.7012,0.5781,20.8844,0.8125,,,,,0,45.0723,1.0938,55.2823,2.5000,,,,
230,0,25.5622,0.6641,36.3012,1.3750,,,,,0,22.7243,0.6250,21.4833,0.9062,,,,,0,37.5550,0.9219,50.6880,2.5312,,,,
231,0,22.5187,0.7344,29.8475,1.2344,,,,,0,20.4820,0.6094,18.6308,0.6875,,,,,0,28.5015,0.6562,40.1302,1.7500,,,,
232,0,21.9847,0.6328,39.6083,2.5000,,,,,0,19.9420,0.5625,22.6897,1.2500,,,,,0,28.7542,0.6719,42.9504,1.9375,,,,
233,0,20.8336,0.6250,35.5107,1.6250,,,,,0,20.6208,0.5625,21.5557,0.8750,,,,,0,28.5773,0.6875,40.8831,1.6875,,,,
234,0,20.4392,0.6484,37.0587,2.4688,,,,,0,20.5728,0.5938,21.3671,0.7969,,,,,0,26.4926,0.6250,46.3129,1.8750,,,,
235,0,26.7417,0.7090,36.1536,2.1094,,,,,0,19.7435,0.5518,21.3308,0.8750,,,,,0,30.4245,0.7188,37.3904,1.6562,,,,
236,0,53.6656,0.9609,35.0838,1.8125,,,,,0,25.3596,0.6172,22.0466,1.0000,,,,,0,32.6966,0.7266,41.3251,1.8438,,,,
237,0,23.8503,0.6953,32.6840,1.5625,,,,,0,19.5562,0.5117,26.3558,1.3750,,,,,0,36.0885,0.7500,56.5473,3.0938,,,,
238,0,31.0956,0.9011,33.1492,1.5312,,,,,0,19.6089,0.6074,23.4229,1.1250,,,,,0,50.9395,1.0000,54.1072,2.1562,,,,
239,0,25.9095,0.7109,37.6687,2.0000,,,,,0,23.1848,0.5742,26.4960,1.7500,,,,,0,30.5956,0.7517,52.4486,2.5000,,,,
240,0,37.7630,0.8984,38.2692,1.3125,,,,,0,26.2368,0.6016,20.7216,0.7500,,,,,0,30.2977,0.7500,48.9153,2.6250,,,,
241,0,56.3293,1.0938,38.8361,1.4883,,,,,0,28.5582,0.6172,21.8857,1.0625,,,,,0,28.9102,0.7148,43.8378,2.0000,,,,
242,0,23.7775,0.7031,46.6279,2.4375,,,,,0,31.4913,0.6484,23.5410,0.8438,,,,,0,47.0208,0.9375,50.0838,2.2305,,,,
243,0,26.2566,0.7969,37.8102,1.5156,,,,,0,31.0593,0.6730,22.9475,0.7812,,,,,0,38.3763,0.9230,49.4684,1.8750,,,,
244,0,31.8194,0.8516,42.6886,2.0000,,,,,0,30.7846,0.6953,23.4860,0.9375,,,,,0,37.3603,0.8750,58.6165,2.5625,,,,
245,0,24.0972,0.6797,43.6903,2.1875,,,,,0,26.7269,0.6484,22.9049,0.8750,,,,,0,30.2850,0.7188,55.5974,2.2695,,,,
246,0,27.1686,0.7031,46.8693,1.8750,,,,,0,28.9280,0.6484,24.4684,0.9141,,,,,0,31.0713,0.7195,64.0871,2.7188,,,,
247,0,27.4047,0.7422,40.6065,1.9062,,,,,0,31.0842,0.6875,25.3244,0.8750,,,,,0,32.8632,0.7324,58.6500,2.3125,,,,
248,0,30.8459,0.8594,38.5414,1.7500,,,,,0,25.3031,0.6016,23.5498,1.0000,,,,,0,37.7033,0.8516,62.2980,2.3438,,,,
249,0,36.2010,0.8906,42.1599,1.7500,,,,,0,27.4495,0.5938,21.7296,0.9219,,,,,0,30.9520,0.6953,52.1018,1.9062,,,,
250,0,24.9219,0.6172,30.4782,1.1562,,,,,0,27.5549,0.5625,21.3255,0.8027,,,,,0,30.8343,0.7930,51.5922,2.1250,,,,
251,0,33.9582,0.7871,37.6022,1.6562,,,,,0,24.5315,0.6523,23.6574,0.8984,,,,,0,32.8515,0.8398,45.0734,2.0000,,,,
252,0,23.2832,0.6465,35.5043,2.3125,,,,,0,19.4059,0.5859,17.8511,1.1094,,,,,0,29.8496,0.7734,37.0749,1.8750,,,,
253,0,21.4862,0.6055,36.9998,1.6875,,,,,0,19.2426,0.5728,21.6716,1.2500,,,,,0,31.9197,0.7578,38.8753,1.4375,,,,
254,0,36.7965,0.7695,31.6411,1.1250,,,,,0,19.9599,0.6240,21.5274,0.9062,,,,,0,27.9152,0.7266,34.1272,1.7500,,,,
255,0,22.4603,0.6836,34.5061,1.5625,,,,,0,18.3566,0.5901,21.5041,0.7500,,,,,0,33.7683,0.8494,33.4651,1.4375,,,,
256,0,30.8539,0.8047,42.5054,2.3750,,,,,0,18.3504,0.5645,23.0478,1.1562,,,,,0,36.0523,0.8379,35.3889,1.5000,,,,
257,0,38.2352,0.9453,31.4727,1.4492,,,,,0,19.9098,0.6216,21.1068,0.7500,,,,,0,29.9440,0.7964,33.1395,1.3750,,,,
258,0,23.0400,0.6934,30.2004,1.1562,,,,,0,18.4752,0.5645,20.7902,1.0000,,,,,0,36.4291,0.8809,31.4132,1.2812,,,,
259,0,27.6942,0.7012,26.4096,1.2070,,,,,0,18.7544,0.6135,18.6546,1.0000,,,,,0,41.6693,0.8975,28.2072,1.1562,,,,
260,0,51.0324,0.9707,30.8099,1.0806,,,,,0,18.6752,0.5669,17.9246,0.7500,,,,,0,30.9650,0.8115,35.4514,1.6875,,,,
261,0,22.4722,0.7500,30.0597,1.1875,,,,,0,18.4618,0.5420,19.0400,1.0000,,,,,0,33.2792,0.7930,27.4382,1.1875,,,,
262,0,19.5186,0.5419,25.2818,1.5000,,,,,0,18.5688,0.5342,18.7304,0.9375,,,,,0,30.5428,0.7197,26.6722,1.1953,,,,
263,0,47.6610,0.9414,35.5909,1.6562,,,,,0,19.0920,0.6406,22.5925,1.2500,,,,,0,27.4621,0.6572,41.3592,1.6641,,,,
264,0,25.6388,0.7969,28.5829,1.5000,,,,,0,24.0547,0.6641,18.2955,0.8750,,,,,0,56.5224,0.9922,36.9022,1.7812,,,,
265,0,25.4027,0.6719,33.2437,1.8125,,,,,0,19.1486,0.5742,19.8162,1.2500,,,,,0,43.9537,0.9375,36.0636,1.7812,,,,
266,0,34.9876,0.8242,29.6787,1.8125,,,,,0,22.0118,0.6250,24.2687,1.2500,,,,,0,32.3891,0.8125,39.8616,2.1250,,,,
267,0,23.8031,0.7344,43.4237,2.8750,,,,,0,21.6393,0.5938,23.4714,1.1875,,,,,0,42.3631,0.9531,58.2270,2.9375,,,,
268,0,22.8983,0.5625,43.6725,2.2500,,,,,0,21.3412,0.5938,23.6916,1.2500,,,,,0,28.7653,0.7188,37.1293,1.5000,,,,
269,0,26.2055,0.7266,32.9803,1.9375,,,,,0,23.4783,0.6172,23.6959,1.2500,,,,,0,27.8876,0.7500,39.2004,1.7109,,,,
270,0,33.3048,0.8613,30.8642,1.3750,,,,,0,20.0870,0.5469,23.7261,1.2500,,,,,0,29.4451,0.8125,42.2117,1.8750,,,,
271,0,26.8509,0.8438,34.5145,1.8750,,,,,0,20.4417,0.6016,27.3605,1.3125,,,,,0,38.7849,0.7676,40.9036,1.6875,,,,
272,0,22.9127,0.6797,35.8546,1.7500,,,,,0,19.8425,0.5699,24.2286,1.2500,,,,,0,36.7078,0.7500,39.7846,1.8750,,,,
273,0,34.8627,0.8623,42.1347,2.0000,,,,,0,22.7341,0.6328,22.6830,1.0000,,,,,0,39.2015,0.7812,41.4395,1.8125,,,,
274,0,32.0889,0.7109,33.2573,1.4375,,,,,0,19.1267,0.5391,24.0388,1.0000,,,,,0,51.8886,0.8965,51.6228,2.3750,,,,
275,0,55.3538,0.9649,36.0061,2.1250,,,,,0,19.8361,0.6296,23.7903,1.6250,,,,,0,44.0100,0.8223,49.5445,2.3750,,,,
276,0,27.0661,0.6875,31.4109,1.5625,,,,,0,24.2170,0.6016,20.1550,0.7500,,,,,0,39.7383,0.8828,50.4314,2.0938,,,,
277,0,25.9171,0.7812,30.8202,1.2500,,,,,0,32.9718,0.6641,20.3453,0.7500,,,,,0,39.9092,0.8164,44.6913,3.0000,,,,
278,0,30.2077,0.8906,30.9820,1.4688,,,,,0,29.9831,0.6797,21.6077,1.0625,,,,,0,38.7065,0.8564,43.0349,2.3750,,,,
279,0,31.5619,0.7500,45.1136,2.7500,,,,,0,28.9533,0.6172,22.5355,1.3750,,,,,0,33.4406,0.7874,48.4177,2.5625,,,,
280,0,32.6600,0.9297,50.5322,3.1250,,,,,0,28.8763,0.6406,25.2679,1.6875,,,,,0,36.7250,0.8535,50.3689,2.0625,,,,
281,0,24.5517,0.7109,42.0204,1.8438,,,,,0,33.4084,0.7188,24.0182,1.1875,,,,,0,43.6546,0.9492,46.3076,2.0625,,,,
282,0,30.5576,0.8359,36.3126,1.1875,,,,,0,28.4515,0.6523,21.6460,1.3750,,,,,0,31.9864,0.8086,40.2747,1.6875,,,,
283,0,22.9141,0.6562,37.8788,1.8750,,,,,0,32.0369,0.6797,20.0666,0.8125,,,,,0,30.4401,0.7505,43.7759,1.6250,,,,
284,0,46.4140,1.0000,36.0922,2.2500,,,,,0,21.6030,0.5703,22.4327,1.0625,,,,,0,33.2859,0.8438,45.1928,1.5938,,,,
285,0,30.1281,0.8516,39.5402,1.8750,,,,,0,26.2378,0.6250,22.0665,0.9375,,,,,0,31.9022,0.7344,44.8726,1.7578,,,,
286,0,28.9242,0.8125,41.4015,2.0391,,,,,0,23.1959,0.5664,21.6902,0.8750,,,,,0,29.6071,0.7828,48.4135,1.6875,,,,
287,0,42.6923,0.7998,33.8744,1.2656,,,,,0,33.4678,0.6445,19.9334,0.7812,,,,,0,36.0545,0.8618,45.4501,2.5000,,,,
288,0,42.8881,0.9453,28.6274,0.9844,,,,,0,23.6772,0.6055,20.0790,1.1250,,,,,0,32.0785,0.9062,44.4847,2.1250,,,,
289,0,30.1368,0.7812,30.7107,1.6250,,,,,0,22.2325,0.6445,18.2510,0.8281,,,,,0,28.1428,0.6904,41.2656,1.5625,,,,
290,0,27.7079,0.6719,26.2970,1.1055,,,,,0,19.9056,0.6123,18.6248,1.0000,,,,,0,28.7004,0.6687,40.6809,1.7188,,,,
291,0,24.8852,0.6992,25.6718,1.3750,,,,,0,19.5433,0.6035,19.9099,0.9688,,,,,0,30.4435,0.7969,32.4533,1.2500,,,,
292,0,21.0823,0.6230,34.8487,1.6250,,,,,0,18.2278,0.5820,20.0554,0.8750,,,,,0,27.5835,0.6904,30.3955,1.2500,,,,
293,0,26.8615,0.7256,27.8540,1.3750,,,,,0,18.4102,0.5903,21.2322,1.0000,,,,,0,42.9762,0.8629,29.9581,1.0938,,,,
294,0,24.2187,0.7109,33.9808,1.6875,,,,,0,18.7976,0.5551,18.8098,1.0625,,,,,0,36.9905,0.8950,30.5664,1.1094,,,,
295,0,52.5257,1.0371,32.4947,1.5625,,,,,0,18.9370,0.5840,18.9196,0.8750,,,,,0,28.4390,0.7578,30.7641,1.3438,,,,
296,0,25.1255,0.6729,28.1354,1.1875,,,,,0,18.8029,0.5547,20.8863,1.2500,,,,,0,41.4181,0.9531,28.6513,1.0938,,,,
297,0,26.1249,0.6484,27.0763,1.1250,,,,,0,19.2578,0.5928,19.1353,0.8125,,,,,0,31.9074,0.7969,27.1722,1.2500,,,,
298,0,38.1692,0.9438,30.7244,1.0781,,,,,0,18.5440,0.5769,18.2513,0.7500,,,,,0,30.3546,0.8125,25.9730,1.3750,,,,
299,0,22.2917,0.7090,29.7799,1.5244,,,,,0,19.1282,0.5518,21.5792,0.8750,,,,,0,27.1085,0.6934,27.1361,1.1875,,,,
300,0,28.3479,0.6587,28.7681,1.0938,,,,,0,17.6315,0.5234,21.7144,1.2500,,,,,0,26.0762,0.6606,27.9641,1.3281,,,,
301,0,31.5542,0.8672,32.0436,1.4375,,,,,0,18.1584,0.6211,21.1800,1.1250,,,,,0,27.8073,0.7344,41.5199,2.3125,,,,
302,0,25.6584,0.7500,27.5880,1.0625,,,,,0,20.5208,0.6172,22.4533,0.8438,,,,,0,33.5054,0.8516,43.1892,1.9688,,,,
303,0,28.3613,0.7617,27.8103,1.5625,,,,,0,22.8377,0.6250,20.7081,0.8750,,,,,0,32.0205,0.8594,45.2456,2.0625,,,,
304,0,29.2305,0.9062,38.5388,2.1875,,,,,0,21.9697,0.6016,23.4303,1.1250,,,,,0,37.3146,0.9531,53.3544,2.6641,,,,
305,0,24.2725,0.6719,27.8688,1.0781,,,,,0,25.9565,0.6250,23.9962,1.1250,,,,,0,31.4166,0.8594,47.9747,2.1875,,,,
306,0,35.4300,0.8633,29.6469,1.6250,,,,,0,22.1426,0.5938,24.2869,0.8789,,,,,0,29.2285,0.8125,43.7896,1.7344,,,,
307,0,34.0865,0.9688,30.8730,1.2500,,,,,0,22.3589,0.5859,24.4790,1.0000,,,,,0,28.3630,0.8047,44.3480,1.9062,,,,
308,0,65.8698,1.1875,48.4340,2.6250,,,,,0,21.2647,0.5742,27.1329,1.5000,,,,,0,27.3603,0.6992,51.7595,1.8906,,,,
309,0,35.8417,0.9414,33.6016,2.1875,,,,,0,18.9994,0.6001,23.3529,1.1250,,,,,0,32.1356,0.7188,43.2252,1.6875,,,,
310,0,22.0470,0.6367,33.3799,1.3750,,,,,0,19.4494,0.5547,23.3618,1.2500,,,,,0,29.2893,0.7422,43.1442,2.0000,,,,
311,0,31.8868,0.8047,31.2569,1.2500,,,,,0,19.3698,0.5312,24.3992,1.3750,,,,,0,36.9816,0.8262,48.2029,2.1250,,,,
312,0,27.5827,0.7148,41.9301,2.2500,,,,,0,19.1715,0.5195,25.2878,1.2500,,,,,0,42.3081,0.7876,53.0013,2.8750,,,,
313,0,22.5031,0.6799,30.2732,1.3438,,,,,0,20.8850,0.5977,20.6967,0.8750,,,,,0,49.0728,0.9771,53.1629,2.2188,,,,
314,0,26.8955,0.7578,38.3743,1.8750,,,,,0,23.0792,0.5859,21.5864,1.5000,,,,,0,33.3170,0.8281,48.5775,2.5000,,,,
315,0,41.4061,0.9922,39.2280,1.9375,,,,,0,32.4401,0.6641,23.6730,1.3750,,,,,0,35.8485,0.8750,51.4030,2.8750,,,,
316,0,37.3658,0.8047,32.9990,1.4688,,,,,0,30.1733,0.6797,22.5445,1.3125,,,,,0,33.7346,0.7734,51.6790,2.6250,,,,
317,0,29.7599,0.8281,36.3876,1.5000,,,,,0,24.9927,0.5820,23.1205,1.4375,,,,,0,48.2864,0.9336,41.3490,2.2500,,,,
318,0,25.1210,0.6875,41.6983,2.0625,,,,,0,26.7200,0.6641,22.5764,1.1250,,,,,0,40.3577,0.9136,41.7596,2.0000,,,,
319,0,28.1925,0.6953,31.1889,1.2188,,,,,0,28.8445,0.6797,22.8669,1.2500,,,,,0,50.2811,1.0000,43.2539,1.8125,,,,
320,0,23.7869,0.7070,33.1676,1.2500,,,,,0,29.7989,0.6562,22.8503,1.1250,,,,,0,38.1370,0.8418,49.4425,2.1875,,,,
321,0,33.3097,0.7734,36.3401,1.8750,,,,,0,24.4518,0.6250,22.7114,1.0000,,,,,0,37.6619,0.8672,46.7748,2.0625,,,,
322,0,28.1686,0.7344,36.6525,1.6250,,,,,0,26.2268,0.6191,23.9865,1.0000,,,,,0,34.3390,0.7891,41.1548,1.7500,,,,
323,0,24.8252,0.7109,34.2759,1.5000,,,,,0,23.1422,0.6016,22.9974,1.3750,,,,,0,29.9187,0.7627,45.1780,1.7500,,,,
324,0,25.8041,0.6875,39.9347,2.0000,,,,,0,23.7413,0.6069,22.2312,1.0625,,,,,0,32.1843,0.8789,51.2671,2.0000,,,,
325,0,32.1167,0.7471,28.4511,0.9375,,,,,0,34.7069,0.6250,22.0957,0.8125,,,,,0,41.6654,0.9873,49.1031,2.0000,,,,
326,0,42.0197,1.0234,29.8161,1.4375,,,,,0,21.8124,0.5977,21.1997,1.0000,,,,,0,33.0139,0.8838,42.1984,1.8242,,,,
327,0,24.6551,0.7786,34.6837,1.5469,,,,,0,23.6214,0.6172,18.3195,0.9062,,,,,0,32.7053,0.7969,37.4308,1.8125,,,,
328,0,54.2027,1.0803,30.2462,1.6250,,,,,0,19.9648,0.5898,19.5000,0.8750,,,,,0,39.3991,0.8594,34.1009,1.4688,,,,
329,0,27.2080,0.7852,32.0908,1.3264,,,,,0,18.1978,0.5859,21.6964,0.9062,,,,,0,30.7288,0.7773,30.7004,1.1836,,,,
330,0,21.1439,0.6853,29.1485,1.2188,,,,,0,18.8243,0.5393,25.1791,1.1875,,,,,0,31.9994,0.8154,34.4294,1.2051,,,,
331,0,25.6811,0.7363,25.2135,1.0625,,,,,0,18.3964,0.5547,20.3893,1.0000,,,,,0,42.1764,0.8906,29.9539,1.3125,,,,
332,0,39.0118,1.0005,29.1169,1.5000,,,,,0,18.8140,0.5627,22.1477,1.3750,,,,,0,30.4249,0.7920,32.2253,1.2500,,,,
333,0,29.8996,0.8125,31.5863,1.5000,,,,,0,18.5429,0.5371,22.4453,1.2500,,,,,0,33.6378,0.8486,29.9134,1.1875,,,,
334,0,22.6818,0.7324,29.8148,1.6250,,,,,0,19.6483,0.5645,21.4686,1.0000,,,,,0,48.2985,0.9326,29.1551,1.0469,,,,
335,0,26.2381,0.7773,27.1418,1.1094,,,,,0,18.7757,0.5840,20.7644,1.1250,,,,,0,29.5133,0.7656,31.5882,1.2812,,,,
336,0,22.6957,0.7168,23.6799,1.2500,,,,,0,20.0879,0.5547,20.8425,1.0000,,,,,0,31.4020,0.7734,29.5206,1.2500,,,,
337,0,23.7365,0.6230,28.4577,1.1250,,,,,0,18.7514,0.5273,22.1416,1.1250,,,,,0,30.7816,0.7129,26.4763,1.1250,,,,
338,0,29.0722,0.7773,30.7494,1.5000,,,,,0,17.7316,0.5640,23.7543,1.0000,,,,,0,26.1246,0.6543,43.5123,1.6719,,,,
339,0,23.8951,0.7891,24.0565,1.0625,,,,,0,32.1556,0.7578,22.7760,1.0000,,,,,0,56.1294,0.9548,36.1885,1.4531,,,,
340,0,35.7539,0.8555,33.2078,1.5625,,,,,0,21.5445,0.6250,21.9362,1.0000,,,,,0,45.7614,0.9688,38.0047,1.4492,,,,
341,0,24.9269,0.6855,29.4155,1.5000,,,,,0,23.4218,0.6172,24.9691,1.0000,,,,,0,42.1133,1.0156,38.9606,1.5625,,,,
342,0,23.9971,0.6562,28.2800,1.5000,,,,,0,20.9733,0.5938,22.3402,1.2500,,,,,0,31.0522,0.8281,46.9634,2.0000,,,,
343,0,44.3154,0.8672,28.8718,1.1250,,,,,0,22.4571,0.5781,21.3412,1.1250,,,,,0,29.6088,0.7812,38.8202,1.5625,,,,
344,0,23.3222,0.5938,39.7947,1.9375,,,,,0,25.0274,0.6406,23.4648,1.3750,,,,,0,29.9303,0.8438,46.0117,2.2500,,,,
345,0,24.8919,0.7344,34.7195,1.6250,,,,,0,24.3277,0.6719,24.2459,1.1250,,,,,0,27.0615,0.7266,47.1246,2.0000,,,,
346,0,33.9786,0.9688,33.1718,1.6875,,,,,0,21.6019,0.5625,22.6977,1.3750,,,,,0,29.5242,0.7500,42.9185,1.8750,,,,
347,0,35.2141,0.9297,37.3956,2.2500,,,,,0,19.1682,0.5781,23.1482,1.0000,,,,,0,27.5756,0.7344,42.8403,1.7500,,,,
348,0,41.4266,0.9453,39.1940,2.1250,,,,,0,18.6516,0.5679,21.7445,1.1250,,,,,0,33.6458,0.7500,44.1075,1.8750,,,,
349,0,29.2035,0.7734,34.2195,1.5938,,,,,0,19.1180,0.5167,25.0496,1.6250,,,,,0,35.1293,0.6963,47.4663,2.6250,,,,
350,0,36.9113,0.8438,35.7167,2.0000,,,,,0,18.3242,0.5439,22.3464,0.8750,,,,,0,33.6807,0.7305,54.0015,3.0000,,,,
351,0,23.8991,0.6602,32.8235,1.6250,,,,,0,20.7702,0.5781,19.8628,0.7500,,,,,0,30.5242,0.7500,57.2499,2.6719,,,,
352,0,41.9942,1.0859,31.3098,1.3750,,,,,0,28.5943,0.6250,18.9145,0.7500,,,,,0,52.9916,0.9297,44.9578,3.0000,,,,
353,0,29.5361,0.7109,28.7484,1.0547,,,,,0,24.9991,0.6250,22.4788,1.1250,,,,,0,43.1729,0.9062,48.4332,2.6250,,,,
354,0,42.6039,0.8984,33.5499,1.3633,,,,,0,30.8026,0.6328,22.1411,1.0000,,,,,0,45.7413,0.9062,52.3262,2.5625,,,,
355,0,27.2293,0.7812,44.5306,2.0000,,,,,0,32.1226,0.7031,25.8544,1.7500,,,,,0,62.7621,1.0703,54.0288,2.5000,,,,
356,0,34.5221,0.7500,39.8902,1.6875,,,,,0,25.1189,0.6328,19.9727,1.0625,,,,,0,44.6373,0.9648,44.9740,2.1250,,,,
357,0,27.3049,0.8047,38.6667,1.8125,,,,,0,39.3448,0.8086,21.2317,1.0000,,,,,0,44.2014,0.9688,42.0257,2.2500,,,,
358,0,42.5959,1.0156,42.1240,2.0000,,,,,0,26.4278,0.6289,20.7747,0.8750,,,,,0,35.8814,0.8594,49.7880,2.1172,,,,
359,0,24.6640,0.6719,44.0058,2.0000,,,,,0,26.2817,0.6328,23.6327,1.3750,,,,,0,37.6243,0.9062,48.6749,1.9375,,,,
360,0,35.9087,0.9844,40.3308,1.7500,,,,,0,24.8407,0.6172,23.3162,1.3750,,,,,0,36.7719,0.8154,46.7913,2.0000,,,,
361,0,21.7980,0.5703,38.3720,1.5625,,,,,0,27.2290,0.6406,23.2505,1.1250,,,,,0,30.2203,0.7852,55.7731,2.2500,,,,
362,0,37.9660,0.8075,31.6657,1.4375,,,,,0,29.7099,0.5977,22.0163,0.8125,,,,,0,41.0322,0.9414,46.9740,2.6250,,,,
363,0,30.4119,0.7734,31.1860,2.0000,,,,,0,27.2318,0.6641,21.8073,1.0000,,,,,0,38.1163,0.9375,44.0622,2.0000,,,,
364,0,24.2531,0.7344,29.5232,1.2500,,,,,0,19.4966,0.5703,19.2141,1.0000,,,,,0,30.3126,0.7969,38.4011,1.5625,,,,
365,0,40.4949,0.8789,32.7085,1.3750,,,,,0,18.8400,0.5381,19.7013,1.0312,,,,,0,32.8834,0.8594,40.8346,1.5625,,,,
366,0,27.1054,0.7578,29.9102,1.3750,,,,,0,18.6619,0.5703,20.8419,1.0000,,,,,0,32.7711,0.8242,35.9388,1.3164,,,,
367,0,24.2305,0.7754,33.3211,1.3125,,,,,0,19.3276,0.6182,21.1222,0.9375,,,,,0,29.1357,0.7236,30.3207,1.3125,,,,
368,0,71.3881,1.1328,35.3722,1.8750,,,,,0,19.7419,0.6193,21.4448,0.8750,,,,,0,43.2869,0.9248,29.6934,1.1875,,,,
369,0,21.6444,0.7051,34.9541,1.6875,,,,,0,18.7947,0.5654,21.2434,1.3750,,,,,0,31.9578,0.8346,32.8012,1.3750,,,,
370,0,40.0052,0.8418,29.2798,1.1406,,,,,0,18.7914,0.5723,20.4874,1.0000,,,,,0,30.1765,0.7852,31.8296,1.4375,,,,
371,0,31.2836,0.7944,29.7089,1.6250,,,,,0,18.7566,0.5654,20.9202,0.8125,,,,,0,40.0869,0.9531,30.5507,1.2168,,,,
372,0,25.9047,0.7051,33.7708,1.2500,,,,,0,18.6026,0.5996,20.7707,0.9375,,,,,0,35.0790,0.8672,28.4309,0.9375,,,,
373,0,44.5565,0.8750,26.7722,1.0156,,,,,0,18.2919,0.5698,20.2611,0.8750,,,,,0,29.4517,0.7891,26.7177,1.2500,,,,
374,0,30.9558,0.8286,29.8746,1.7500,,,,,0,17.7051,0.5586,23.8317,1.0000,,,,,0,29.2873,0.7168,27.0114,1.0000,,,,
375,0,21.0035,0.6328,27.0386,1.1191,,,,,0,18.9392,0.6172,23.9545,1.1250,,,,,0,26.2379,0.6406,29.4575,1.3125,,,,
376,0,35.7771,0.7637,32.5050,1.6250,,,,,0,18.2118,0.6221,22.3343,1.3125,,,,,0,31.4610,0.7734,40.6647,1.8281,,,,
377,0,23.9530,0.7812,33.8053,1.2852,,,,,0,21.7470,0.6328,22.9735,0.8359,,,,,0,41.5349,0.8984,42.5277,1.8438,,,,
378,0,24.7853,0.7109,32.2845,1.6875,,,,,0,21.6322,0.6250,22.0131,0.8438,,,,,0,39.9990,0.9531,46.3195,1.9375,,,,
379,0,28.6522,0.6719,40.9243,2.0000,,,,,0,28.7092,0.6953,24.2089,1.0000,,,,,0,63.3539,1.1406,55.6105,2.9375,,,,
380,0,33.8728,0.7891,31.0620,1.5625,,,,,0,22.7386,0.6094,23.5922,0.8750,,,,,0,37.7510,0.9375,50.7865,2.4375,,,,
381,0,22.2101,0.7031,28.8788,1.7656,,,,,0,22.0580,0.6094,25.6590,0.9644,,,,,0,31.7875,0.8516,42.5411,1.6250,,,,
382,0,22.7282,0.7168,33.8531,1.4375,,,,,0,19.3797,0.5526,25.6334,1.0938,,,,,0,28.4166,0.7969,45.3153,1.8750,,,,
383,0,23.7694,0.8047,36.5205,1.2500,,,,,0,22.1206,0.6016,24.4693,1.0430,,,,,0,32.3057,0.7500,44.3382,1.8125,,,,
384,0,24.4179,0.7305,31.4556,1.5000,,,,,0,27.5698,0.6875,27.7931,1.3633,,,,,0,31.2976,0.7266,50.9432,2.2500,,,,
385,0,49.4673,1.0078,30.6293,1.5000,,,,,0,19.4131,0.5806,24.5584,1.1250,,,,,0,37.9182,0.7461,43.8219,2.0000,,,,
386,0,22.2329,0.7070,38.7254,1.8750,,,,,0,23.6132,0.5859,27.2096,1.1453,,,,,0,35.5748,0.7305,46.2531,1.8281,,,,
387,0,21.8846,0.6367,41.0838,1.9375,,,,,0,18.1029,0.5262,25.3052,1.0781,,,,,0,59.3237,0.9766,51.1960,2.8750,,,,
388,0,23.3404,0.7266,31.6144,1.7500,,,,,0,19.9024,0.5498,20.4551,1.0000,,,,,0,43.8806,0.9692,53.7193,2.2656,,,,
389,0,26.2246,0.8438,35.1288,1.5625,,,,,0,25.7208,0.5938,22.9710,1.3750,,,,,0,37.3028,0.8594,52.0511,2.8750,,,,
390,0,24.1927,0.7969,43.8207,1.9688,,,,,0,28.5844,0.6328,22.2783,1.0000,,,,,0,34.4682,0.8438,56.5392,3.0000,,,,
391,0,24.1900,0.7734,39.8717,1.7500,,,,,0,28.9401,0.6602,22.6960,1.1875,,,,,0,36.2796,0.8262,54.6751,2.8125,,,,
392,0,24.0628,0.6992,34.8284,1.8750,,,,,0,27.9205,0.6406,24.4004,1.2500,,,,,0,43.0732,0.9023,44.8193,2.3125,,,,
393,0,25.0138,0.7031,35.5694,1.8125,,,,,0,33.8373,0.7266,22.7541,1.0625,,,,,0,34.6776,0.8352,42.3924,1.9375,,,,
394,0,24.5484,0.7422,37.7798,1.6250,,,,,0,40.1001,0.8047,21.8105,1.0625,,,,,0,50.8120,1.0083,44.0382,1.8750,,,,
395,0,22.9958,0.6641,34.0389,1.4219,,,,,0,31.9193,0.7109,21.7846,0.8203,,,,,0,36.7401,0.8613,49.9507,2.1875,,,,
396,0,26.2551,0.6875,39.3746,1.7500,,,,,0,27.6264,0.6641,22.3033,0.9375,,,,,0,34.4793,0.8262,49.6394,2.0625,,,,
397,0,28.5247,0.8203,33.2563,1.4375,,,,,0,26.4738,0.6484,23.2039,1.0000,,,,,0,34.3440,0.8086,41.3881,1.6250,,,,
398,0,30.2394,0.8438,36.3146,2.0625,,,,,0,30.7564,0.6797,22.2376,1.1250,,,,,0,34.1462,0.8438,45.7762,1.7500,,,,
399,0,26.0273,0.6602,33.7286,1.5303,,,,,0,28.1735,0.6367,21.4525,1.0625,,,,,0,33.0483,0.9355,51.8593,2.1250,,,,
400,0,22.0657,0.6250,34.7394,1.3750,,,,,0,34.0034,0.6328,21.2897,0.8438,,,,,0,47.0854,0.9844,51.7124,2.5000,,,,
401,0,28.4081,0.8027,33.7439,1.6875,,,,,0,22.8705,0.6328,21.4492,0.9062,,,,,0,30.8690,0.7969,44.3817,1.8438,,,,
402,0,41.4112,0.8906,30.1430,1.2812,,,,,0,21.2351,0.6250,18.5374,0.9375,,,,,0,37.4500,0.8594,37.2512,1.7500,,,,
403,0,37.2770,1.0078,29.6153,1.2188,,,,,0,19.1327,0.5713,18.8099,0.7500,,,,,0,41.3066,0.9072,32.7238,1.6875,,,,
404,0,21.7316,0.6487,25.9518,1.0742,,,,,0,18.4990,0.5703,23.6632,1.0000,,,,,0,32.6087,0.7998,32.1760,1.3066,,,,
405,0,43.5119,0.9180,30.6267,1.2148,,,,,0,18.2927,0.5626,27.0745,1.3750,,,,,0,31.4324,0.8008,34.6123,1.2955,,,,
406,0,28.2503,0.7363,26.2710,1.0938,,,,,0,18.2945,0.5552,20.9798,1.0000,,,,,0,40.8287,0.9180,31.4202,1.4219,,,,
407,0,29.9659,0.7949,38.3728,1.6250,,,,,0,19.2690,0.5586,26.4651,1.5000,,,,,0,29.7510,0.7939,37.1514,1.5000,,,,
408,0,24.3084,0.6367,27.7160,1.2500,,,,,0,18.4196,0.5586,25.5008,1.3750,,,,,0,38.0302,0.9150,33.0862,1.2500,,,,
409,0,25.7482,0.6484,27.6391,1.0625,,,,,0,18.7921,0.6055,22.6647,1.1250,,,,,0,44.5242,0.9453,32.2207,1.1562,,,,
410,0,25.9410,0.7852,26.1023,1.0000,,,,,0,20.0232,0.5684,23.9642,1.1250,,,,,0,35.1237,0.8848,35.6455,1.3438,,,,
411,0,41.7262,0.9307,22.9251,1.1250,,,,,0,19.0991,0.5488,23.8454,1.1250,,,,,0,29.7062,0.7891,32.0216,1.3047,,,,
412,0,27.5716,0.5830,27.0405,1.1875,,,,,0,18.3977,0.5312,23.8076,1.1250,,,,,0,32.5257,0.7329,30.3842,1.3125,,,,
413,0,43.5696,0.8906,28.1211,1.0625,,,,,0,18.5175,0.6254,24.7187,1.1250,,,,,0,28.9512,0.7305,40.7756,1.6406,,,,
414,0,31.6280,0.8984,29.0155,1.5000,,,,,0,20.5660,0.6016,22.3217,0.8750,,,,,0,46.2260,0.8750,37.8728,1.5938,,,,
415,0,37.3596,0.8750,30.6611,1.3438,,,,,0,26.4746,0.6875,24.4881,1.1250,,,,,0,49.7097,1.0156,38.7504,1.6250,,,,
416,0,22.6475,0.6250,31.6347,1.3125,,,,,0,19.3690,0.5957,24.6465,1.1250,,,,,0,37.1967,0.9375,41.4296,1.8125,,,,
417,0,33.1859,0.8203,31.1071,2.0000,,,,,0,20.1027,0.5781,24.1902,1.0000,,,,,0,37.0755,0.9375,52.0756,2.3750,,,,
418,0,21.8652,0.6406,36.4379,1.6602,,,,,0,24.4271,0.6250,28.9004,1.4375,,,,,0,38.7282,0.9531,47.0351,2.1250,,,,
419,0,41.0803,1.0332,36.5375,1.8750,,,,,0,19.0441,0.5636,25.7573,1.0879,,,,,0,32.8034,0.9375,43.0018,2.0469,,,,
420,0,27.0188,0.7695,39.3445,1.8438,,,,,0,21.8127,0.5938,24.1073,1.0000,,,,,0,30.2934,0.8281,40.8164,1.8750,,,,
421,0,52.3978,0.9414,40.1756,2.0156,,,,,0,30.8887,0.6875,25.2956,1.0625,,,,,0,33.7396,0.8281,53.5950,2.8281,,,,
422,0,29.7897,0.7305,31.2663,1.5625,,,,,0,21.3603,0.5625,24.4224,1.0000,,,,,0,29.7276,0.8125,43.8412,1.8586,,,,
423,0,31.2077,0.7500,32.4648,1.5000,,,,,0,22.2008,0.6016,24.1357,0.9375,,,,,0,30.7723,0.8203,43.4476,1.7812,,,,
424,0,26.1600,0.7109,32.2847,1.2500,,,,,0,24.6765,0.6328,23.9943,0.8750,,,,,0,32.6597,0.7891,45.9030,1.9219,,,,
425,0,41.4509,1.0625,38.5092,1.2500,,,,,0,18.4401,0.5428,23.9117,1.0000,,,,,0,35.9200,0.7285,51.5695,2.5000,,,,
426,0,28.0599,0.6875,27.3026,1.2500,,,,,0,21.0963,0.5859,22.4216,0.7500,,,,,0,29.8961,0.7227,52.9412,2.4375,,,,
427,0,29.0089,0.6953,29.5092,0.9844,,,,,0,34.1798,0.7344,20.4976,0.8750,,,,,0,58.8110,1.0312,46.9331,2.8750,,,,
428,0,29.3254,0.8438,31.8494,1.3125,,,,,0,26.5329,0.7031,24.0231,0.9316,,,,,0,45.9663,1.0000,47.5455,2.5000,,,,
429,0,36.4039,0.8984,31.4866,1.5938,,,,,0,27.1764,0.6484,22.9739,1.0625,,,,,0,47.6333,0.9609,46.7071,2.3125,,,,
430,0,24.4714,0.7031,39.8108,1.6250,,,,,0,29.6528,0.7031,23.7872,1.2500,,,,,0,64.0577,1.0781,52.3020,2.0938,,,,
431,0,40.6747,0.9844,33.1833,1.6875,,,,,0,25.8440,0.6484,22.5940,0.8750,,,,,0,54.3960,1.0220,44.5561,2.2500,,,,
432,0,33.1226,0.8203,34.2384,1.4688,,,,,0,24.6340,0.6484,21.7817,0.9375,,,,,0,43.1380,0.9375,41.8915,1.9375,,,,
433,0,33.6591,0.8125,33.8971,1.5000,,,,,0,24.0947,0.6523,20.8598,0.8076,,,,,0,37.1222,0.8984,43.8912,2.0000,,,,
434,0,25.8788,0.7109,33.8500,1.3750,,,,,0,26.1044,0.6562,23.1782,1.0625,,,,,0,42.5815,0.9531,44.4563,1.8750,,,,
435,0,24.7308,0.7578,30.2362,1.3750,,,,,0,21.5744,0.5703,21.9954,1.0000,,,,,0,41.0059,0.8521,42.5010,1.8750,,,,
436,0,25.0031,0.6836,39.3270,1.9375,,,,,0,19.8259,0.5605,24.7091,1.1250,,,,,0,30.4397,0.7656,53.2129,2.1250,,,,
437,0,29.7366,0.7852,33.0060,1.4375,,,,,0,32.8427,0.6484,24.3118,1.0000,,,,,0,44.3271,1.0107,47.8734,2.8438,,,,
438,0,30.4428,0.7891,28.1742,1.0000,,,,,0,28.6179,0.6836,19.5335,0.8750,,,,,0,34.7071,0.8779,46.0100,2.1250,,,,
439,0,23.7215,0.7227,27.6026,1.2500,,,,,0,23.3649,0.6484,18.3486,0.9219,,,,,0,38.2433,0.8984,38.9990,1.5859,,,,
440,0,23.6845,0.6465,36.2613,1.4375,,,,,0,19.3347,0.5469,19.0083,0.9688,,,,,0,36.2379,0.8359,35.7262,1.4375,,,,
441,0,21.8278,0.6680,28.4109,1.1250,,,,,0,19.2026,0.5527,22.9525,1.0625,,,,,0,36.8631,0.9229,38.3678,1.8359,,,,
442,0,45.9800,0.8594,28.3859,1.2500,,,,,0,19.0726,0.5410,23.5115,1.1250,,,,,0,34.2165,0.8188,32.9359,1.4375,,,,
443,0,45.7257,0.9590,31.7668,1.3750,,,,,0,18.3142,0.5361,22.9005,1.0625,,,,,0,39.4940,0.8750,30.5554,1.3750,,,,
444,0,39.1297,0.8789,28.9132,1.0625,,,,,0,18.9914,0.5449,21.5312,1.1250,,,,,0,34.1983,0.8457,33.6251,1.4062,,,,
445,0,31.7578,0.7145,28.9095,1.1875,,,,,0,18.6224,0.5498,21.6063,1.1875,,,,,0,28.7921,0.7578,33.6971,1.3125,,,,
446,0,30.4316,0.7422,27.0241,1.1719,,,,,0,18.9187,0.5581,22.0615,0.9375,,,,,0,43.8927,0.9766,30.5742,1.0938,,,,
447,0,26.2727,0.7734,27.9538,1.1875,,,,,0,18.9328,0.5947,21.9335,1.1250,,,,,0,33.9751,0.8125,30.6578,1.3984,,,,
448,0,24.4242,0.8320,28.3139,1.0625,,,,,0,18.5117,0.5522,21.5496,1.1875,,,,,0,33.7266,0.8750,31.1556,1.3125,,,,
449,0,27.3420,0.6250,28.8004,1.0312,,,,,0,17.7584,0.5342,24.7913,1.2500,,,,,0,32.0273,0.7988,28.9056,1.3750,,,,
450,0,27.3411,0.7109,30.9976,1.4375,,,,,0,17.6047,0.5703,21.0645,1.0000,,,,,0,28.6811,0.6885,33.8395,1.6250,,,,
451,0,21.4262,0.6328,38.7334,1.5312,,,,,0,18.6079,0.6694,22.8644,1.0625,,,,,0,32.6205,0.7383,42.7716,1.9258,,,,
452,0,28.1426,0.8359,34.7356,1.9375,,,,,0,21.9117,0.6406,25.9251,0.9453,,,,,0,35.7603,0.8516,46.7620,2.8281,,,,
453,0,39.8639,0.8516,28.9620,1.1250,,,,,0,20.4234,0.5859,22.8524,1.3750,,,,,0,32.4212,0.8750,39.7441,1.9375,,,,
454,0,27.2062,0.9102,29.0141,1.4375,,,,,0,22.6744,0.6250,22.3502,1.2500,,,,,0,51.0885,1.0781,63.8191,4.1875,,,,
455,0,44.4080,0.9453,30.4172,1.3750,,,,,0,23.7498,0.6562,23.4347,1.2500,,,,,0,39.0059,0.9844,54.3278,2.7500,,,,
456,0,52.4499,0.9375,30.7449,1.6250,,,,,0,23.1367,0.6562,24.0239,1.0000,,,,,0,29.0795,0.8281,43.3254,1.6875,,,,
457,0,28.5850,0.7617,32.7087,1.3438,,,,,0,20.3867,0.6094,23.5776,1.0000,,,,,0,29.5661,0.8125,44.8244,2.0000,,,,
458,0,23.8516,0.6719,48.3449,2.0625,,,,,0,18.3437,0.5664,25.5323,1.1250,,,,,0,28.0577,0.8750,50.2538,2.1250,,,,
459,0,39.7789,0.8906,30.9069,1.3750,,,,,0,18.9571,0.5703,21.4181,1.1250,,,,,0,33.2243,0.8125,43.8300,1.9375,,,,
460,0,32.1598,0.7051,37.6090,1.9375,,,,,0,18.5275,0.5925,23.0116,1.1250,,,,,0,32.2182,0.7266,44.9410,2.0000,,,,
461,0,26.6011,0.6562,41.2120,1.9375,,,,,0,21.7795,0.6094,24.2452,1.2500,,,,,0,32.4866,0.8047,45.9024,1.8750,,,,
462,0,42.3836,0.9414,47.1340,2.6250,,,,,0,18.9296,0.5349,24.7422,1.0000,,,,,0,54.7385,0.9297,48.4362,2.3750,,,,
463,0,23.4448,0.7578,33.4784,1.2656,,,,,0,20.1767,0.5781,22.2421,0.8750,,,,,0,37.1871,0.8521,56.1592,2.1562,,,,
464,0,27.2023,0.7969,35.6727,1.8359,,,,,0,26.6236,0.6406,21.9944,1.1250,,,,,0,47.9450,1.0312,47.3756,2.2500,,,,
465,0,26.3625,0.8594,36.4608,1.6250,,,,,0,23.1623,0.5811,22.5141,1.1250,,,,,0,38.2807,0.9062,55.8576,2.5625,,,,
466,0,38.1905,0.9375,30.7793,1.2500,,,,,0,23.8381,0.6406,24.1473,1.1875,,,,,0,41.0467,0.8750,53.5368,2.3750,,,,
467,0,35.0806,0.9531,35.8972,1.7500,,,,,0,27.4603,0.6523,24.2728,1.2500,,,,,0,52.3882,0.9785,43.3202,2.5000,,,,
468,0,29.9971,0.7969,34.9812,1.4531,,,,,0,30.2295,0.6875,23.2314,1.1250,,,,,0,45.9789,0.9653,42.9888,2.3750,,,,
469,0,50.7361,0.9375,32.6626,1.7656,,,,,0,24.6080,0.6641,23.9086,1.2500,,,,,0,48.7152,1.0312,45.3563,2.1875,,,,
470,0,37.4665,0.8281,38.6108,1.8750,,,,,0,30.2260,0.6914,21.0034,1.0000,,,,,0,39.3977,0.8672,50.8047,2.3750,,,,
471,0,34.9809,0.7344,34.9798,1.4375,,,,,0,29.0718,0.6992,22.8225,1.1250,,,,,0,43.5230,0.9414,48.8645,2.1875,,,,
472,0,35.1960,0.8281,38.2169,1.8125,,,,,0,28.8751,0.6953,23.7326,1.0625,,,,,0,38.6652,0.8662,40.5823,1.6250,,,,
473,0,31.3677,0.8516,34.2359,1.7500,,,,,0,22.1042,0.5859,22.3230,1.0000,,,,,0,29.4048,0.7429,43.9478,1.7500,,,,
474,0,25.7171,0.6680,33.7003,1.3750,,,,,0,31.4691,0.6719,21.8117,0.8750,,,,,0,37.9764,0.9844,46.3079,2.0625,,,,
475,0,39.8282,0.8906,32.1771,1.5000,,,,,0,39.7536,0.7148,21.5935,0.7500,,,,,0,56.0470,1.0781,51.0099,2.6250,,,,
476,0,30.7351,0.8125,31.9824,1.5000,,,,,0,22.7407,0.6211,21.3167,0.8750,,,,,0,30.5422,0.8066,47.7758,2.1719,,,,
477,0,24.0943,0.7734,28.5622,1.4531,,,,,0,19.4101,0.5625,18.6233,0.9375,,,,,0,43.2916,0.9297,36.7705,1.7969,,,,
478,0,37.2032,0.9209,32.9405,1.8750,,,,,0,19.4163,0.5527,18.8959,0.7812,,,,,0,49.6871,0.9863,33.7671,1.7500,,,,
479,0,24.3816,0.7500,28.6149,1.0625,,,,,0,18.1648,0.5729,22.1440,1.0000,,,,,0,29.6353,0.7578,40.3944,1.6250,,,,
480,0,41.4426,1.0117,33.3511,1.4531,,,,,0,18.1499,0.5630,25.1477,1.2500,,,,,0,41.9933,0.9229,38.8429,1.6250,,,,
481,0,25.2722,0.7344,30.4673,1.3906,,,,,0,18.1709,0.5356,23.1595,1.3750,,,,,0,40.2420,0.9062,31.4889,1.2500,,,,
482,0,43.0235,0.9023,27.0762,1.1562,,,,,0,19.4726,0.5742,23.6317,1.3750,,,,,0,33.3442,0.8398,35.9005,1.4688,,,,
483,0,24.5317,0.7109,27.7293,1.0000,,,,,0,18.4093,0.5400,22.4840,1.3750,,,,,0,40.2118,0.9219,32.9237,1.2500,,,,
484,0,23.7327,0.7295,27.1848,1.2500,,,,,0,18.5682,0.6084,22.8402,1.0000,,,,,0,42.5067,0.8848,33.5402,1.1250,,,,
485,0,56.9453,1.1094,34.9249,1.6484,,,,,0,19.1903,0.5493,22.5984,1.0000,,,,,0,37.4891,0.8828,35.2682,1.3750,,,,
486,0,41.3353,0.7656,25.8468,1.0938,,,,,0,18.7173,0.5564,22.1114,1.0000,,,,,0,36.4923,0.8906,33.1526,1.6875,,,,
487,0,38.8980,0.8945,32.8787,1.6250,,,,,0,22.0288,0.5562,19.9922,0.8750,,,,,0,46.1778,0.9082,28.0427,1.2500,,,,
488,0,37.9830,0.7578,31.2985,1.1250,,,,,0,17.8981,0.5889,25.0418,1.1875,,,,,0,27.4541,0.6797,38.8136,1.5781,,,,
489,0,27.3695,0.8828,25.6866,1.0156,,,,,0,24.8735,0.6641,24.3289,1.1250,,,,,0,56.4738,0.9922,41.2107,1.8438,,,,
490,0,30.3617,0.8906,33.7551,1.5000,,,,,0,21.2690,0.6094,24.0204,1.1250,,,,,0,42.8384,0.9844,37.2671,1.4141,,,,
491,0,30.4969,0.9062,30.4518,1.9375,,,,,0,21.6400,0.6094,25.7273,1.3750,,,,,0,37.1029,0.9531,41.6143,1.8125,,,,
492,0,35.3333,0.8125,27.4190,1.5000,,,,,0,22.1405,0.6406,22.4660,1.1250,,,,,0,34.0332,0.9062,50.6102,2.1172,,,,
493,0,22.6301,0.6016,34.6617,2.0312,,,,,0,19.4491,0.5664,28.1828,1.3750,,,,,0,37.5842,0.9531,47.0779,1.9375,,,,
494,0,22.7774,0.6055,34.4161,1.6250,,,,,0,22.9085,0.6172,25.0709,1.0938,,,,,0,36.8203,0.9922,45.5130,2.1250,,,,
495,0,25.8586,0.6523,34.7066,1.9062,,,,,0,21.8640,0.6094,23.3629,0.8750,,,,,0,31.3790,0.8125,41.8303,1.9375,,,,
496,0,31.9661,0.7734,43.0889,2.1875,,,,,0,19.7038,0.5781,22.4441,0.8203,,,,,0,29.8437,0.7500,50.3782,2.5156,,,,
497,0,61.1931,1.1328,34.6445,1.4062,,,,,0,19.2443,0.5708,24.5555,0.8750,,,,,0,33.8819,0.8125,42.6698,1.8164,,,,
498,0,43.6832,0.8438,35.3556,1.5625,,,,,0,20.0446,0.5781,24.6894,1.0000,,,,,0,32.2154,0.8281,43.6743,1.8047,,,,
499,0,25.6414,0.7344,40.5834,1.7188,,,,,0,19.1237,0.5547,24.3871,1.0000,,,,,0,37.7998,0.7629,46.0945,1.8906,,,,
500,0,30.9470,0.8750,35.4362,1.2266,,,,,0,18.4221,0.5408,22.0145,0.8750,,,,,0,38.6657,0.7969,52.7217,2.1172,,,,
501,0,26.8115,0.6719,33.4676,1.5000,,,,,0,23.6719,0.6602,22.6418,0.7500,,,,,0,30.9207,0.7637,53.0204,2.4844,,,,
502,0,27.2717,0.8516,33.7397,1.3750,,,,,0,27.5210,0.6641,20.7884,0.8750,,,,,0,42.3798,0.8242,47.0902,2.5000,,,,
503,0,23.8725,0.7891,34.4931,1.7188,,,,,0,25.3492,0.6719,23.0413,1.0000,,,,,0,37.1526,0.9688,49.1382,2.5625,,,,
504,0,25.5934,0.7812,36.1519,1.9688,,,,,0,21.4493,0.5859,22.6653,1.0625,,,,,0,36.7203,0.8594,48.0645,2.8125,,,,
505,0,24.3624,0.6562,39.3966,1.6250,,,,,0,28.6129,0.6875,21.8343,1.0000,,,,,0,58.8089,1.0254,48.5135,2.3750,,,,
506,0,24.0760,0.6875,37.8619,1.8750,,,,,0,26.1156,0.6406,21.7292,0.8750,,,,,0,46.9065,0.9512,45.7707,2.3125,,,,
507,0,25.8547,0.7500,31.1920,1.5000,,,,,0,30.7095,0.7578,22.1802,1.2500,,,,,0,42.0449,0.9453,40.6792,2.1250,,,,
508,0,30.6196,0.8203,31.4625,1.7500,,,,,0,23.1331,0.6250,21.4236,1.1250,,,,,0,37.5407,0.8984,44.2042,1.7500,,,,
509,0,23.2577,0.6328,34.9292,1.8125,,,,,0,23.2431,0.6230,22.7698,1.3125,,,,,0,39.1828,0.9141,44.5916,1.8125,,,,
510,0,33.4131,0.7344,39.2556,1.9688,,,,,0,24.7516,0.6250,23.5515,1.2500,,,,,0,38.5191,0.8506,44.7510,1.8750,,,,
511,0,22.7843,0.6719,31.6587,1.4688,,,,,0,19.5189,0.5820,22.9736,0.8750,,,,,0,28.9988,0.7188,47.4992,1.8750,,,,
512,0,21.2884,0.6250,33.2219,1.6250,,,,,0,30.8368,0.6133,23.0216,0.9844,,,,,0,37.0020,0.9141,45.6748,2.5000,,,,
513,0,44.1162,0.9375,30.9150,1.4375,,,,,0,26.2668,0.6602,21.3762,0.8750,,,,,0,32.5095,0.8750,45.6042,1.9375,,,,
514,0,23.6945,0.6797,28.6608,1.3125,,,,,0,22.5569,0.6367,19.0707,0.8750,,,,,0,38.1264,0.8906,37.5807,1.5781,,,,
515,0,41.5450,0.9092,26.8321,1.1250,,,,,0,18.8507,0.5664,20.7626,1.0312,,,,,0,35.9675,0.8359,38.8779,1.6875,,,,
516,0,31.6123,0.9453,35.2053,1.6562,,,,,0,19.1301,0.5820,22.8480,0.8750,,,,,0,38.2870,0.8750,39.3740,1.7891,,,,
517,0,32.3138,0.9082,26.2098,0.8750,,,,,0,18.9149,0.5669,22.8133,1.0000,,,,,0,32.9114,0.7997,32.5649,1.1982,,,,
518,0,24.4301,0.6992,31.5480,1.5000,,,,,0,18.8640,0.5459,24.4857,1.1250,,,,,0,45.3482,0.9395,32.1554,1.3125,,,,
519,0,80.4930,1.2490,28.9274,1.3047,,,,,0,19.5470,0.5664,20.7903,1.1250,,,,,0,41.4004,0.9629,33.2619,1.3438,,,,
520,0,22.5731,0.6445,29.2167,1.4062,,,,,0,19.4355,0.5391,23.6501,1.2500,,,,,0,30.6808,0.7930,34.2732,1.4375,,,,
521,0,24.5437,0.7734,27.2455,1.1250,,,,,0,22.0844,0.6055,22.7053,1.1250,,,,,0,47.1792,0.9932,32.6652,1.1875,,,,
522,0,33.6394,0.6816,31.2854,1.6250,,,,,0,19.7370,0.5928,23.0135,1.1250,,,,,0,39.7493,0.9097,31.0114,1.2656,,,,
523,0,27.9116,0.8945,26.9894,1.0757,,,,,0,18.6868,0.5439,21.2862,0.9375,,,,,0,34.9816,0.8984,29.1906,1.2188,,,,
524,0,21.6100,0.6484,24.9419,1.6250,,,,,0,18.6385,0.5869,23.5164,1.0625,,,,,0,34.2685,0.8203,29.6589,1.4375,,,,
525,0,31.4683,0.8301,38.4137,1.4375,,,,,0,18.9530,0.6172,25.3611,1.2500,,,,,0,27.0478,0.6484,40.3909,1.7500,,,,
526,0,47.0751,0.8496,37.4148,1.5742,,,,,0,18.3828,0.6243,25.6507,1.3594,,,,,0,33.3969,0.7461,44.6379,2.0000,,,,
527,0,23.0044,0.7188,28.4201,1.2178,,,,,0,20.3154,0.6719,23.1084,0.8438,,,,,0,32.4971,0.8359,42.5317,2.0625,,,,
528,0,22.0443,0.6641,38.2446,1.7500,,,,,0,22.6029,0.6484,23.0904,1.2500,,,,,0,36.0783,0.9375,52.2228,3.1562,,,,
529,0,54.7939,1.1211,33.5359,1.3906,,,,,0,25.6360,0.7031,22.2148,1.3750,,,,,0,48.4471,1.0781,59.1993,3.3750,,,,
530,0,57.9962,1.0938,32.8924,1.3750,,,,,0,19.9255,0.5898,24.7646,1.1250,,,,,0,33.6171,0.9062,52.6287,2.4375,,,,
531,0,22.5971,0.6641,28.1013,1.3750,,,,,0,20.4486,0.5664,25.0713,1.1250,,,,,0,28.0385,0.7500,43.6871,1.8750,,,,
532,0,47.6072,0.9688,35.4359,1.8125,,,,,0,21.3733,0.6328,25.0026,1.0000,,,,,0,29.9235,0.7734,46.6670,2.0625,,,,
533,0,41.9496,0.8906,38.3716,1.6875,,,,,0,27.0881,0.6875,25.8595,1.1250,,,,,0,28.4966,1.0000,53.4359,2.1953,,,,
534,0,63.2217,1.1953,38.7101,1.7500,,,,,0,20.9618,0.5640,23.8756,1.1250,,,,,0,36.3200,0.7969,44.1649,1.8750,,,,
535,0,27.9618,0.7188,36.5142,1.7031,,,,,0,19.3206,0.5669,24.6209,1.1250,,,,,0,29.1169,0.7656,44.8293,1.8750,,,,
536,0,34.0185,0.7578,41.1372,1.8750,,,,,0,21.1737,0.6250,24.7939,1.1250,,,,,0,30.9886,0.8125,46.9533,2.0547,,,,
537,0,29.9649,0.8125,46.1319,2.2500,,,,,0,19.3299,0.5625,24.9260,1.0000,,,,,0,59.6639,0.9883,47.8180,2.3750,,,,
538,0,31.6348,0.7344,37.8288,2.2500,,,,,0,19.3679,0.5688,20.7275,1.0000,,,,,0,39.9956,0.9204,51.1801,2.0000,,,,
539,0,52.2923,1.0469,33.2578,1.5000,,,,,0,23.8487,0.6094,22.1944,1.2500,,,,,0,42.5453,0.9688,50.3384,2.5000,,,,
540,0,23.6783,0.7422,41.5248,2.5000,,,,,0,28.8646,0.6562,21.9074,1.1250,,,,,0,35.6076,0.9062,56.8867,2.8125,,,,
541,0,32.3869,0.8047,33.1413,1.5000,,,,,0,23.4301,0.6484,23.2607,1.2500,,,,,0,34.7984,0.8438,55.5459,2.7500,,,,
542,0,33.3857,0.7969,37.6732,1.7188,,,,,0,27.1677,0.6562,22.7725,1.1250,,,,,0,54.5463,0.9863,44.8931,2.5625,,,,
543,0,27.6687,0.7344,34.4598,1.3750,,,,,0,39.4637,0.7969,23.1983,1.0625,,,,,0,48.5960,0.9858,43.2615,2.5000,,,,
544,0,27.2311,0.8125,38.4019,1.7500,,,,,0,29.3130,0.6992,21.7761,1.0000,,,,,0,54.7639,1.0703,43.8302,1.9375,,,,
545,0,57.0998,1.0234,35.4781,1.4375,,,,,0,28.1409,0.6797,21.8033,1.0000,,,,,0,39.1552,0.8906,50.5850,2.0625,,,,
546,0,30.1761,0.8828,39.6370,1.8750,,,,,0,27.7197,0.6875,22.3108,0.8750,,,,,0,47.3984,0.9570,48.0026,2.1875,,,,
547,0,45.1995,0.9766,32.6950,1.2500,,,,,0,25.9709,0.6562,23.6522,1.1250,,,,,0,35.6859,0.8125,42.3150,1.7500,,,,
548,0,23.7308,0.7422,35.2013,1.8750,,,,,0,26.3321,0.6562,21.0867,0.9375,,,,,0,35.4050,0.8628,43.3946,2.0000,,,,
549,0,48.5059,1.0093,34.3450,1.3750,,,,,0,21.9956,0.5820,20.9833,0.9375,,,,,0,38.1893,0.9727,46.8947,2.1250,,,,
550,0,25.5735,0.6426,40.2442,1.7500,,,,,0,25.6377,0.6016,26.0781,0.9453,,,,,0,50.7235,1.0430,53.2508,2.1875,,,,
551,0,47.3910,0.9922,33.2662,1.4375,,,,,0,22.3390,0.6016,23.3186,1.1250,,,,,0,35.9080,0.9326,51.1798,1.8979,,,,
552,0,23.3148,0.6875,37.9109,1.9375,,,,,0,20.9518,0.6016,19.6446,0.8750,,,,,0,48.6594,1.0156,39.0691,1.8125,,,,
553,0,43.9690,1.1035,35.1742,1.9922,,,,,0,20.2414,0.5923,19.8012,0.8750,,,,,0,54.4100,1.0298,33.2037,1.4688,,,,
554,0,23.6016,0.7305,30.3016,1.7500,,,,,0,19.2268,0.5542,22.0761,1.0000,,,,,0,37.5761,0.8750,36.7051,1.6172,,,,
555,0,27.4658,0.7578,28.1976,1.2188,,,,,0,21.3767,0.5703,24.2575,1.2500,,,,,0,47.2601,0.9861,36.0116,1.5000,,,,
556,0,22.4998,0.6875,28.2339,1.0312,,,,,0,18.5398,0.5522,22.2099,1.2500,,,,,0,43.6780,0.9336,33.1179,1.4531,,,,
557,0,23.4639,0.6992,25.3093,0.9375,,,,,0,24.5536,0.6680,25.6116,1.3750,,,,,0,41.0864,0.9570,37.5947,1.6250,,,,
558,0,24.6616,0.6680,29.3329,1.3125,,,,,0,19.1653,0.5410,25.2690,1.5000,,,,,0,42.6187,0.9199,33.7468,1.2500,,,,
559,0,66.2485,1.1836,38.3973,1.8594,,,,,0,19.9420,0.5645,22.7529,1.2500,,,,,0,51.2770,0.9336,32.6895,1.2500,,,,
560,0,25.1603,0.6396,25.1929,1.0039,,,,,0,20.2381,0.5664,22.3727,1.0000,,,,,0,44.8614,0.9531,35.7332,1.3906,,,,
561,0,37.2372,0.8477,28.3294,1.4375,,,,,0,19.9383,0.5488,21.1161,0.8750,,,,,0,39.1872,0.9062,32.8621,1.5625,,,,
562,0,45.6500,0.9395,30.9017,1.6250,,,,,0,20.1612,0.5264,22.5674,0.8750,,,,,0,44.3169,0.8477,29.4128,1.1875,,,,
563,0,45.2514,0.8008,29.3405,1.3438,,,,,0,18.1755,0.5830,26.1832,1.1250,,,,,0,34.1715,0.7461,41.4324,1.6797,,,,
564,0,35.9017,1.0000,26.0470,1.2500,,,,,0,23.8096,0.6406,28.3306,1.3750,,,,,0,58.3968,1.0000,43.5690,1.8125,,,,
565,0,25.7520,0.7734,28.9205,1.2969,,,,,0,28.9355,0.7500,24.7247,1.2500,,,,,0,48.2205,1.0000,40.2134,1.6250,,,,
566,0,39.1767,1.0547,34.0707,1.7344,,,,,0,21.5949,0.6562,28.1383,1.2500,,,,,0,41.1279,1.0312,44.3317,2.1250,,,,
567,0,33.1566,0.7891,28.5258,1.3750,,,,,0,22.4545,0.6484,26.3170,1.2500,,,,,0,38.6757,0.9531,52.9562,2.3125,,,,
568,0,21.8487,0.6172,28.5693,1.5625,,,,,0,25.5774,0.6875,26.1551,1.1875,,,,,0,41.6072,0.9688,44.8431,2.3750,,,,
569,0,23.0633,0.7109,26.6796,1.8125,,,,,0,24.0229,0.6406,23.0922,1.5000,,,,,0,32.6782,0.9062,41.8396,1.8750,,,,
570,0,67.3045,1.1953,39.4597,1.9219,,,,,0,23.0505,0.6250,23.3505,1.2500,,,,,0,29.9593,0.8750,47.3053,2.5000,,,,
571,0,41.5083,0.8164,38.2280,1.7500,,,,,0,22.2757,0.6094,23.1625,1.5000,,,,,0,32.2264,0.9375,52.5681,2.6250,,,,
572,0,24.4955,0.6875,35.6552,1.6250,,,,,0,19.5617,0.5618,22.6058,1.2500,,,,,0,33.1022,0.7734,43.8202,2.0000,,,,
573,0,49.9184,0.9375,34.5010,2.0625,,,,,0,21.5172,0.5859,22.7059,1.3750,,,,,0,33.2899,0.7695,48.0941,2.6250,,,,
574,0,27.0947,0.7305,34.9173,1.3828,,,,,0,20.0405,0.5859,24.2637,1.2500,,,,,0,36.1032,0.7764,48.4257,2.3750,,,,
575,0,37.3000,0.7578,36.4933,1.7500,,,,,0,18.6831,0.5156,22.3886,1.1250,,,,,0,34.6531,0.7148,50.8323,2.0000,,,,
576,0,33.0772,0.9180,35.8999,1.2500,,,,,0,25.3609,0.6641,20.8173,0.7500,,,,,0,29.6710,0.7285,50.9301,2.3125,,,,
577,0,69.7773,1.2266,35.7897,1.7500,,,,,0,21.8105,0.6094,19.0174,1.0000,,,,,0,39.5735,0.8164,44.7260,2.7500,,,,
578,0,26.4573,0.7656,36.9591,1.5312,,,,,0,28.0364,0.7109,23.9179,1.3750,,,,,0,42.6904,0.9688,53.0584,3.0625,,,,
579,0,23.2127,0.7031,35.9562,1.3750,,,,,0,24.0639,0.6016,23.3069,1.3750,,,,,0,39.2069,0.8594,55.8450,2.7500,,,,
580,0,35.2555,0.9219,36.9782,1.7500,,,,,0,24.8449,0.6328,22.2854,0.8125,,,,,0,57.3023,1.0391,53.9238,2.8125,,,,
581,0,33.3500,0.8281,41.5077,1.8125,,,,,0,25.6034,0.6484,22.2993,0.8750,,,,,0,58.3060,1.0850,48.4594,2.7500,,,,
582,0,27.4034,0.7500,45.6954,1.8916,,,,,0,27.3074,0.7266,23.2522,1.0000,,,,,0,37.8827,0.9219,50.2416,2.3750,,,,
583,0,29.5450,0.7969,42.9315,2.0000,,,,,0,24.9452,0.6367,25.4272,0.9766,,,,,0,45.0711,0.9609,61.4756,2.5000,,,,
584,0,25.3858,0.6953,42.2828,1.8125,,,,,0,25.2195,0.6562,22.3587,0.8594,,,,,0,47.3971,0.9844,52.1895,2.2500,,,,
585,0,37.8508,0.9727,42.6739,1.7188,,,,,0,22.7693,0.6172,23.6101,1.0225,,,,,0,52.1606,0.9854,46.7997,2.1250,,,,
586,0,29.3654,0.7344,39.6473,1.6875,,,,,0,20.2833,0.5781,23.8100,1.0195,,,,,0,34.8945,0.8359,50.8034,2.5000,,,,
587,0,54.0821,0.9219,44.6296,2.2500,,,,,0,27.6450,0.5938,25.3991,0.9375,,,,,0,41.4203,0.9785,56.0984,2.7500,,,,
588,0,25.2025,0.7500,34.9535,1.7500,,,,,0,33.5571,0.7422,22.4458,0.9375,,,,,0,35.1045,0.9219,46.5087,1.8750,,,,
589,0,51.0008,1.1328,31.4208,1.5000,,,,,0,22.4038,0.6328,20.4130,0.8750,,,,,0,35.5605,0.8594,43.5373,1.7656,,,,
590,0,78.2085,1.2949,30.2883,2.0879,,,,,0,19.2072,0.5566,19.4612,1.1250,,,,,0,48.3175,0.9844,39.4480,1.8438,,,,
591,0,22.1908,0.7168,33.6505,1.5254,,,,,0,20.9115,0.5703,25.7755,1.1250,,,,,0,51.0888,1.0352,48.0864,2.0625,,,,
592,0,22.3448,0.5947,28.9659,1.1562,,,,,0,22.1065,0.5918,23.4941,0.9688,,,,,0,36.1914,0.8385,39.1157,1.6562,,,,
593,0,42.0640,0.9219,30.0092,1.1250,,,,,0,18.9147,0.5791,24.0081,0.9609,,,,,0,48.0001,0.9512,33.1357,1.4453,,,,
594,0,23.4891,0.6562,31.4810,1.4062,,,,,0,22.2974,0.6328,20.5589,1.0625,,,,,0,41.1613,0.9629,37.9262,1.5625,,,,
595,0,23.3580,0.7031,29.7763,1.2500,,,,,0,20.7183,0.5977,21.9708,1.0000,,,,,0,32.0825,0.8398,35.6614,1.3750,,,,
596,0,21.8132,0.6445,31.1603,1.7500,,,,,0,20.3094,0.5664,20.2001,0.9375,,,,,0,48.8218,1.0312,34.1301,1.3438,,,,
597,0,36.3819,0.8672,30.5142,1.5000,,,,,0,18.9618,0.5684,21.3221,1.0000,,,,,0,48.5189,1.0308,30.9621,1.0312,,,,
598,0,29.2838,0.7578,32.1150,1.5000,,,,,0,18.9760,0.5518,20.3787,0.8750,,,,,0,36.7333,0.9375,29.1810,1.2500,,,,
599,0,21.9568,0.7266,28.4452,1.3125,,,,,0,18.9774,0.5449,21.2847,1.1875,,,,,0,35.3534,0.8418,26.7412,1.1250,,,,
600,0,26.5189,0.7900,30.4007,1.5000,,,,,0,18.1816,0.6016,22.9419,1.2500,,,,,0,33.5593,0.7695,31.9799,1.7500,,,,
601,0,21.9335,0.6055,32.9014,1.8750,,,,,0,19.8322,0.6799,21.0947,0.8828,,,,,0,35.3055,0.7842,41.7006,1.7812,,,,
602,0,64.1752,1.2969,33.5463,1.7500,,,,,0,22.1711,0.6406,21.8614,0.8750,,,,,0,34.4935,0.8438,41.2162,1.8750,,,,
603,0,25.1755,0.7344,33.8279,1.5000,,,,,0,21.9839,0.6250,22.7043,0.8750,,,,,0,35.7382,0.9443,45.6437,1.9375,,,,
604,0,27.2661,0.7656,35.1687,1.5625,,,,,0,24.9839,0.6562,22.7269,0.8750,,,,,0,55.0575,1.0994,54.2869,2.5625,,,,
605,0,29.6163,0.8047,31.7436,1.7500,,,,,0,21.8761,0.6094,23.1268,0.8750,,,,,0,36.6336,0.9062,53.1323,1.9375,,,,
606,0,40.3202,0.9688,34.6873,1.5625,,,,,0,24.4195,0.6562,24.4982,0.8750,,,,,0,30.5346,0.8438,44.4544,1.7188,,,,
607,0,38.4857,0.8594,32.0478,1.3750,,,,,0,21.8394,0.6016,24.5760,1.0781,,,,,0,30.9350,0.7500,42.5293,1.8750,,,,
608,0,34.3884,0.6875,36.2670,1.9375,,,,,0,28.7759,0.7188,24.6876,1.0000,,,,,0,36.3968,0.8750,49.5346,1.8125,,,,
609,0,28.1646,0.8340,37.0597,1.7344,,,,,0,25.2634,0.6562,24.0262,0.9160,,,,,0,31.2566,0.8125,45.7457,1.8750,,,,
610,0,23.4847,0.6836,35.3089,1.6875,,,,,0,20.7915,0.6250,23.7821,0.9375,,,,,0,30.1404,0.7812,45.8378,2.1250,,,,
611,0,39.2855,0.8652,37.3433,1.4688,,,,,0,19.2528,0.5781,24.6785,1.1719,,,,,0,31.7431,0.8457,48.6313,2.1250,,,,
612,0,33.4269,0.7207,40.2342,1.9375,,,,,0,19.3667,0.5543,24.7083,1.1406,,,,,0,57.1335,1.0161,50.2623,2.6250,,,,
613,0,32.3489,0.6992,34.2160,1.2500,,,,,0,19.7924,0.5625,20.6169,0.7500,,,,,0,43.5450,0.9199,51.1662,1.9688,,,,
614,0,26.8522,0.7578,33.1540,1.5938,,,,,0,22.8232,0.5938,22.1636,1.3750,,,,,0,37.0624,0.8906,48.8896,2.6250,,,,
615,0,41.5849,0.9453,41.0697,2.0625,,,,,0,25.9627,0.6406,23.4031,1.2500,,,,,0,39.0991,0.9062,58.9404,3.0000,,,,
616,0,45.0182,1.0547,40.0896,1.3750,,,,,0,24.7323,0.6836,23.3204,1.0000,,,,,0,34.4544,0.8438,57.3247,2.8750,,,,
617,0,44.5604,0.9453,33.7275,1.4375,,,,,0,25.9054,0.6406,23.5503,1.1875,,,,,0,54.7754,1.0000,45.0474,2.6875,,,,
618,0,28.2417,0.7266,40.7954,1.8203,,,,,0,26.0355,0.6562,23.0613,0.9375,,,,,0,45.3216,0.9727,42.4606,2.2500,,,,
619,0,24.2329,0.7031,38.0737,1.6250,,,,,0,24.6247,0.6406,22.8315,0.8125,,,,,0,54.2825,1.0781,50.1405,2.3164,,,,
620,0,27.8295,0.7422,36.0682,1.4170,,,,,0,27.3261,0.6914,21.6045,0.7656,,,,,0,43.2100,0.9375,45.2084,2.4375,,,,
621,0,35.4972,0.7891,39.8674,1.8125,,,,,0,20.4388,0.6016,23.1252,1.0625,,,,,0,42.8057,0.9180,52.8426,2.8125,,,,
622,0,32.9186,0.8438,38.2471,1.6250,,,,,0,23.6535,0.6328,24.4621,1.2500,,,,,0,38.9356,0.8428,44.2031,2.1875,,,,
623,0,36.6491,0.8828,37.6106,1.8750,,,,,0,29.6564,0.6875,21.9472,1.1250,,,,,0,45.7319,1.0000,43.3245,2.2500,,,,
624,0,38.2729,0.9180,36.2431,1.5625,,,,,0,21.9789,0.5820,22.7186,1.0000,,,,,0,32.4785,0.9277,48.2728,2.1250,,,,
625,0,25.9692,0.7188,34.6245,1.3750,,,,,0,26.7399,0.6133,23.4587,0.8906,,,,,0,47.7725,1.0352,49.0127,2.5000,,,,
626,0,34.6678,0.8984,32.1669,1.4375,,,,,0,25.3444,0.6602,22.9246,1.0000,,,,,0,44.8184,0.9702,47.7699,2.3330,,,,
627,0,37.6015,0.8086,26.7050,1.1250,,,,,0,21.5351,0.6172,18.9910,0.9688,,,,,0,50.6652,1.0312,38.6237,1.7812,,,,
628,0,23.8495,0.6758,32.6782,1.3750,,,,,0,20.2356,0.5798,20.6214,0.8750,,,,,0,59.2778,1.0759,33.4903,1.5312,,,,
629,0,25.2700,0.6562,32.5402,1.4141,,,,,0,19.7941,0.5635,22.4432,1.0000,,,,,0,44.7290,0.9321,39.6170,1.5176,,,,
630,0,24.1215,0.7334,29.6520,1.3750,,,,,0,19.3411,0.5411,26.6086,1.3750,,,,,0,45.1400,0.9729,38.2981,1.7500,,,,
631,0,50.0862,0.9375,24.4874,1.0000,,,,,0,18.9549,0.5430,20.4298,1.0000,,,,,0,51.2655,1.0176,32.8674,1.3047,,,,
632,0,25.3502,0.8320,27.2128,1.2500,,,,,0,19.7540,0.5586,23.9702,1.5000,,,,,0,39.5263,0.9375,36.5268,1.4375,,,,
633,0,39.5276,0.8320,28.2760,1.5000,,,,,0,19.4904,0.5566,23.6701,1.3750,,,,,0,51.2284,1.0000,34.6137,1.2812,,,,
634,0,49.2455,1.0000,33.6980,1.3750,,,,,0,19.8509,0.5684,20.1927,0.8125,,,,,0,54.3280,0.9434,32.4648,1.2500,,,,
635,0,29.8444,0.8867,32.7460,1.3750,,,,,0,19.5654,0.5684,21.6061,0.8906,,,,,0,37.7427,0.8652,34.0630,1.2188,,,,
636,0,52.2698,1.0449,30.8085,1.2188,,,,,0,20.2481,0.5566,22.7204,1.1250,,,,,0,42.8012,0.9453,32.2479,1.3438,,,,
637,0,22.4354,0.5664,29.1781,1.7500,,,,,0,19.4368,0.5303,22.1827,0.8750,,,,,0,46.3740,0.8652,30.0895,1.3750,,,,
638,0,38.1015,0.9375,31.6547,1.2188,,,,,0,18.2556,0.5811,25.0609,1.0000,,,,,0,35.0044,0.7578,42.5521,1.6250,,,,
639,0,25.2831,0.8203,28.6811,1.3125,,,,,0,25.0766,0.6641,24.2211,1.0000,,,,,0,56.9842,1.0000,42.6401,1.8438,,,,
640,0,26.7876,0.8672,35.2018,1.6016,,,,,0,25.7031,0.7188,24.3627,1.1250,,,,,0,44.1114,0.9844,40.6872,1.5938,,,,
641,0,26.4947,0.7188,38.8513,2.1250,,,,,0,25.1593,0.7031,26.4738,1.5000,,,,,0,42.2972,1.0312,45.0018,2.2500,,,,
642,0,32.7493,0.7656,30.8817,1.3750,,,,,0,22.9067,0.6406,26.4620,1.2500,,,,,0,47.4433,1.0938,53.6035,2.5625,,,,
643,0,22.3174,0.6328,30.0838,1.4375,,,,,0,24.4128,0.6719,27.1557,1.5000,,,,,0,38.2648,0.9688,45.3145,1.9375,,,,
644,0,31.9493,0.9688,28.6539,1.5000,,,,,0,21.3860,0.6172,25.2020,1.1250,,,,,0,32.7327,0.9453,51.5543,2.2500,,,,
645,0,29.2835,0.7578,33.9213,1.4375,,,,,0,21.1989,0.5625,27.8073,1.7500,,,,,0,28.9348,0.7656,48.8001,2.3516,,,,
646,0,24.0002,0.6562,31.2999,1.3750,,,,,0,20.8853,0.5938,24.4705,1.3750,,,,,0,30.4133,0.7891,50.1853,2.6875,,,,
647,0,23.9052,0.7109,35.5117,1.8750,,,,,0,28.7462,0.7188,30.8263,1.2969,,,,,0,28.5383,0.8281,58.2207,2.6250,,,,
648,0,25.0315,0.6484,34.9339,1.5625,,,,,0,23.4597,0.6953,23.6833,1.1250,,,,,0,30.9992,0.8672,46.5556,2.1250,,,,
649,0,26.2169,0.7188,41.4444,1.9688,,,,,0,19.4077,0.5859,27.6646,1.3750,,,,,0,35.1477,0.7812,47.1269,2.3750,,,,
650,0,24.5663,0.6914,42.9989,1.7734,,,,,0,19.5543,0.5547,22.2490,1.1250,,,,,0,32.0308,0.7993,50.3820,2.0000,,,,
651,0,41.7179,0.8662,34.4511,1.3750,,,,,0,22.1666,0.6133,20.9208,0.7500,,,,,0,30.2796,0.7109,51.6250,2.1250,,,,
652,0,24.8600,0.7812,32.9284,1.8750,,,,,0,26.7426,0.6641,19.0648,0.6875,,,,,0,44.0738,0.8750,48.0993,3.1250,,,,
653,0,45.6761,0.9219,36.3336,1.7812,,,,,0,24.7544,0.6484,24.7457,1.2500,,,,,0,47.8688,1.0000,53.0802,3.0000,,,,
654,0,24.4596,0.7109,32.2374,1.3750,,,,,0,26.7856,0.6406,23.4446,1.2500,,,,,0,43.2669,0.9531,57.2960,3.1250,,,,
655,0,25.0359,0.8125,35.1158,1.3198,,,,,0,28.6649,0.7031,23.9995,1.2500,,,,,0,59.4248,1.0127,57.2420,2.6875,,,,
656,0,28.0643,0.7188,37.4723,1.6250,,,,,0,27.9054,0.6641,22.3288,1.1875,,,,,0,59.8970,1.0625,49.6839,2.6875,,,,
657,0,27.7696,0.8750,33.5514,1.6562,,,,,0,35.3364,0.7930,23.8606,1.1875,,,,,0,43.6449,0.9688,42.7605,2.4375,,,,
658,0,34.2372,0.8828,34.8506,1.5000,,,,,0,27.9222,0.6758,21.1148,0.8125,,,,,0,42.9546,0.9531,41.0025,2.4375,,,,
659,0,26.0645,0.7188,36.8971,1.6914,,,,,0,23.2536,0.6094,28.5815,1.2500,,,,,0,51.5193,1.0078,48.3839,2.2500,,,,
660,0,33.9176,0.8359,35.8740,1.5625,,,,,0,24.5064,0.6172,24.3341,1.3125,,,,,0,50.2469,0.9658,42.9670,1.8750,,,,
661,0,32.7965,0.7910,36.5340,1.8750,,,,,0,21.4936,0.5703,23.8095,0.9614,,,,,0,34.7221,0.8359,44.6754,1.8750,,,,
662,0,24.7277,0.6016,34.6280,1.1875,,,,,0,29.8012,0.5898,25.2830,1.1250,,,,,0,38.9112,0.9941,46.7171,2.6562,,,,
663,0,23.4578,0.7656,34.0756,1.8750,,,,,0,26.2761,0.6426,21.7438,0.8750,,,,,0,37.8888,0.9414,46.3153,1.9844,,,,
664,0,56.2258,1.1172,31.8240,1.5391,,,,,0,21.8135,0.6367,19.5145,0.7500,,,,,0,42.4513,0.9297,40.1561,1.8672,,,,
665,0,25.4480,0.8105,36.4081,1.4336,,,,,0,19.2563,0.5469,20.6527,0.8750,,,,,0,46.9515,0.9688,39.1060,1.5938,,,,
666,0,35.2569,0.7363,34.0384,1.3125,,,,,0,19.9305,0.5508,22.3042,0.8750,,,,,0,50.8218,1.0312,40.5379,1.9570,,,,
667,0,21.8117,0.6451,26.2859,1.1250,,,,,0,18.6885,0.5605,23.2098,1.0625,,,,,0,34.4817,0.8035,33.2795,1.3125,,,,
668,0,23.7640,0.7812,33.1552,1.5625,,,,,0,18.3936,0.5830,24.1582,1.1250,,,,,0,45.2135,0.9160,35.3235,1.5312,,,,
669,0,45.8803,1.1641,31.3677,1.7500,,,,,0,22.3181,0.6201,20.0476,0.9375,,,,,0,47.5292,1.0254,34.9107,1.4375,,,,
670,0,24.6171,0.7344,29.9135,1.1250,,,,,0,19.1857,0.5430,20.8827,1.0000,,,,,0,33.6746,0.8438,34.8356,1.4375,,,,
671,0,36.7594,0.8594,27.1372,1.0156,,,,,0,21.2183,0.5879,22.5366,1.1250,,,,,0,50.3717,1.0469,32.8621,1.2188,,,,
672,0,22.0708,0.6797,29.0697,1.1562,,,,,0,18.8562,0.5889,21.5989,1.0000,,,,,0,40.5741,0.9277,30.1186,1.2344,,,,
673,0,25.5309,0.7305,25.0864,1.2500,,,,,0,20.4052,0.5938,20.9330,0.8750,,,,,0,38.4826,0.9356,28.6243,1.2812,,,,
674,0,21.5848,0.6421,32.9614,1.4375,,,,,0,18.3580,0.5469,23.7233,1.2500,,,,,0,35.9661,0.8301,31.3682,1.5000,,,,
675,0,28.0980,0.7508,35.9871,1.3945,,,,,0,18.1834,0.6172,22.7262,0.8750,,,,,0,34.6472,0.7773,39.3817,1.6250,,,,
676,0,30.7726,0.8438,31.1650,1.2500,,,,,0,19.2594,0.6699,27.0085,1.4766,,,,,0,34.7330,0.7383,46.4827,2.0625,,,,
677,0,38.5758,0.9766,33.6300,1.5625,,,,,0,23.1077,0.6562,23.0051,0.9609,,,,,0,39.1939,0.8906,38.7256,1.5938,,,,
678,0,29.0470,0.8125,32.7950,1.5000,,,,,0,24.7159,0.7031,24.4550,1.3750,,,,,0,37.2175,0.9688,55.0754,3.3125,,,,
679,0,28.6104,0.8594,42.1167,1.9297,,,,,0,26.1706,0.7188,22.2492,1.0000,,,,,0,57.2215,1.1133,59.8305,3.2500,,,,
680,0,24.9800,0.8125,34.8016,1.5625,,,,,0,25.9643,0.6719,27.9644,1.2500,,,,,0,38.7374,0.9531,55.6928,2.2031,,,,
681,0,23.9675,0.6953,28.2790,1.1250,,,,,0,28.4764,0.7188,27.2150,1.1074,,,,,0,35.2858,0.9688,44.8779,1.9375,,,,
682,0,22.4322,0.6641,33.9662,1.6016,,,,,0,24.5825,0.6250,24.7653,1.1250,,,,,0,32.7370,0.7930,41.8432,2.1875,,,,
683,0,21.1939,0.6719,39.9128,1.8750,,,,,0,23.0172,0.6562,24.8428,1.0312,,,,,0,31.3053,0.8750,51.4372,2.5000,,,,
684,0,31.7919,0.7734,38.5305,2.0000,,,,,0,29.8240,0.7188,25.5378,1.2500,,,,,0,30.7534,0.8750,55.0105,2.6250,,,,
685,0,33.9444,0.7969,35.7510,1.6250,,,,,0,19.0351,0.5985,24.3795,1.2500,,,,,0,35.8687,0.8203,46.7918,2.2500,,,,
686,0,51.3912,0.9453,36.8331,1.6875,,,,,0,22.7024,0.6484,23.6672,1.1250,,,,,0,30.3006,0.7744,49.8258,2.5000,,,,
687,0,37.1080,0.7715,43.4349,3.0938,,,,,0,23.4075,0.6406,24.9400,1.2500,,,,,0,30.6684,0.7208,49.9597,3.0000,,,,
688,0,34.3539,0.9570,35.3793,1.4375,,,,,0,22.2368,0.6250,21.5770,1.0000,,,,,0,32.3882,0.8047,49.7615,1.9531,,,,
689,0,24.1297,0.7500,34.1817,1.1875,,,,,0,27.2138,0.6641,22.0416,1.3750,,,,,0,35.4385,0.7969,51.6453,2.5000,,,,
690,0,31.9425,0.8047,43.0156,2.3750,,,,,0,29.6471,0.6562,22.8081,1.1250,,,,,0,37.5442,0.9062,61.7293,3.2500,,,,
691,0,32.7779,0.7891,32.7482,1.3750,,,,,0,28.5087,0.6914,23.1393,1.1250,,,,,0,34.1245,0.8125,61.6054,2.9375,,,,
692,0,25.5935,0.7656,40.1956,1.8125,,,,,0,36.0064,0.7422,22.3304,1.0625,,,,,0,54.7957,0.9844,49.3723,2.9375,,,,
693,0,32.3927,0.9062,36.3880,1.7188,,,,,0,29.8670,0.6641,23.3394,1.1250,,,,,0,43.3660,0.9252,42.6820,2.3750,,,,
694,0,23.9387,0.7344,31.6341,1.3594,,,,,0,24.6853,0.6406,23.6817,1.3750,,,,,0,57.3620,1.0938,45.5968,2.3125,,,,
695,0,33.1707,0.7656,37.9983,1.8750,,,,,0,33.4322,0.7656,22.5701,1.1250,,,,,0,43.7410,0.9453,53.1919,2.4375,,,,
696,0,25.5072,0.7188,35.6003,1.3125,,,,,0,31.6670,0.7188,22.5513,0.9375,,,,,0,48.5238,0.9844,47.7169,2.0000,,,,
697,0,40.5894,0.9219,40.2266,1.6875,,,,,0,25.4525,0.6562,24.0971,1.1250,,,,,0,47.0948,0.9609,43.1309,1.6250,,,,
698,0,25.8624,0.6406,34.8521,2.0000,,,,,0,29.0366,0.6641,21.9476,1.0000,,,,,0,41.0748,0.9238,44.6503,1.8750,,,,
699,0,23.9492,0.7344,33.5456,1.6250,,,,,0,24.8182,0.6172,22.7823,1.0195,,,,,0,39.0697,1.0020,48.3342,2.2500,,,,
700,0,37.2313,0.8672,33.6703,1.5625,,,,,0,30.7521,0.6484,23.3811,0.8750,,,,,0,59.9826,1.1289,46.7254,2.2812,,,,
701,0,43.9124,0.9141,32.6061,1.5000,,,,,0,21.0358,0.5898,21.7247,0.8784,,,,,0,39.3485,0.9521,47.7502,2.3667,,,,
702,0,22.7233,0.6719,26.9209,1.3125,,,,,0,26.3143,0.6797,19.7589,0.8750,,,,,0,58.1994,1.0781,37.6518,1.7188,,,,
703,0,24.0468,0.6641,27.5359,1.1250,,,,,0,22.0788,0.6167,20.2798,1.0000,,,,,0,62.1399,1.1401,32.8119,1.5938,,,,
704,0,32.7265,0.8594,37.7213,1.7500,,,,,0,22.0484,0.5859,23.8872,0.8750,,,,,0,47.4120,0.9648,40.1022,1.5664,,,,
705,0,21.2445,0.6348,29.4777,1.1406,,,,,0,19.4036,0.5352,25.9302,1.1250,,,,,0,48.2953,0.9804,38.5093,1.3750,,,,
706,0,47.2705,0.9941,31.9748,1.4688,,,,,0,20.7660,0.5781,23.1989,1.1250,,,,,0,61.3319,1.1016,34.6489,1.3750,,,,
707,0,29.8633,0.7656,28.3652,1.0000,,,,,0,20.2533,0.5703,24.0800,1.3125,,,,,0,45.1342,0.9805,36.0041,1.4688,,,,
708,0,25.4674,0.7227,30.1653,1.1875,,,,,0,18.7923,0.5439,24.2304,1.2500,,,,,0,52.6998,1.0303,34.4765,1.4375,,,,
709,0,29.5145,0.7266,27.8857,1.3125,,,,,0,19.1448,0.6035,22.9949,1.1250,,,,,0,53.7266,0.9512,33.1146,1.2500,,,,
710,0,57.2883,1.1445,37.0853,1.5469,,,,,0,19.9137,0.5527,21.7276,1.0000,,,,,0,46.7290,0.9707,35.8585,1.3984,,,,
711,0,31.9142,0.8594,29.0428,1.2500,,,,,0,20.5955,0.5684,24.2399,1.0156,,,,,0,42.1276,0.9375,34.3750,1.5938,,,,
712,0,34.1726,0.7578,27.7919,1.0625,,,,,0,22.0025,0.5577,23.2315,1.0000,,,,,0,45.2725,0.8359,31.6887,1.3750,,,,
713,0,29.9238,0.7725,31.1100,1.1562,,,,,0,18.3976,0.5859,25.2088,1.1250,,,,,0,36.8436,0.7500,43.5204,1.7109,,,,
714,0,33.6896,0.8125,25.3874,1.0000,,,,,0,27.2085,0.7344,24.9259,1.0625,,,,,0,58.7982,1.0469,43.2156,1.9219,,,,
715,0,23.1407,0.7422,27.8322,1.3398,,,,,0,26.9233,0.7031,24.5359,1.1250,,,,,0,47.5424,1.0469,41.1968,1.5625,,,,
716,0,24.4522,0.7734,33.0380,1.3750,,,,,0,23.5201,0.6406,27.3647,1.2500,,,,,0,41.5526,1.0469,45.2204,2.1875,,,,
717,0,24.8158,0.7969,37.6643,1.8516,,,,,0,20.2039,0.5938,29.8121,1.3125,,,,,0,40.7450,1.0156,57.4070,2.6250,,,,
718,0,25.8122,0.6445,34.1142,1.6562,,,,,0,23.9630,0.6719,28.1092,1.2500,,,,,0,38.6918,1.0000,48.5403,2.2500,,,,
719,0,35.3306,0.8867,35.9346,1.6875,,,,,0,24.6487,0.6328,26.6114,1.1875,,,,,0,34.7532,0.9922,47.1332,2.3750,,,,
720,0,21.7964,0.6094,36.6990,2.1875,,,,,0,23.4805,0.6484,25.8697,1.0000,,,,,0,31.4946,0.8828,44.3240,2.3281,,,,
721,0,41.4359,0.9141,32.7069,1.9844,,,,,0,25.0799,0.6875,26.1670,1.0020,,,,,0,31.0946,0.9219,51.8146,2.5156,,,,
722,0,32.4878,0.7578,36.7898,1.6875,,,,,0,19.1224,0.5781,26.6078,1.1094,,,,,0,32.5506,0.7969,44.5908,1.8906,,,,
723,0,22.8001,0.6406,37.7514,1.9297,,,,,0,21.2324,0.6484,24.4946,0.8750,,,,,0,31.9013,0.8203,47.5188,2.0938,,,,
724,0,26.3337,0.6250,37.7494,1.4531,,,,,0,23.9007,0.7031,23.9657,0.9062,,,,,0,34.6513,0.7969,46.2157,2.2812,,,,
725,0,27.0024,0.8281,34.6949,1.3008,,,,,0,25.1676,0.6484,21.5430,0.8750,,,,,0,34.6235,0.7617,50.2168,1.9688,,,,
726,0,49.4539,0.9531,35.6710,1.2188,,,,,0,21.5207,0.6094,22.5653,0.8125,,,,,0,31.0770,0.7061,50.8856,2.2344,,,,
727,0,40.3497,0.8828,30.9651,1.6250,,,,,0,26.7878,0.6719,19.5819,0.8750,,,,,0,45.2698,0.8906,46.4466,2.8125,,,,
728,0,27.6080,0.8594,39.2439,2.0000,,,,,0,31.0730,0.7500,23.7134,1.0000,,,,,0,47.5967,1.0312,51.7787,2.8750,,,,
729,0,29.2650,0.8438,40.2034,1.6250,,,,,0,23.6699,0.6172,23.0609,1.2500,,,,,0,41.4296,0.9062,59.3189,3.1875,,,,
730,0,24.3998,0.7344,41.2720,2.0938,,,,,0,26.4307,0.6719,24.0168,1.3750,,,,,0,63.0125,1.0557,57.9496,3.1250,,,,
731,0,47.3541,1.0078,38.5261,1.8125,,,,,0,27.8635,0.6484,23.5636,1.0625,,,,,0,62.5650,1.0813,51.0166,3.0625,,,,
732,0,24.1390,0.7031,43.1683,2.1250,,,,,0,32.6700,0.7969,22.7618,1.0000,,,,,0,46.2143,1.0000,44.3654,2.5625,,,,
733,0,36.8067,0.9297,35.9800,2.0000,,,,,0,25.1056,0.6602,21.0192,1.0000,,,,,0,41.9992,0.9531,42.8192,2.5000,,,,
734,0,33.6590,0.8828,32.8293,1.6875,,,,,0,26.4929,0.6719,22.5044,1.1875,,,,,0,52.9217,1.0469,44.2293,1.8750,,,,
735,0,35.7673,0.9375,32.4527,1.3281,,,,,0,29.7516,0.6562,24.4481,1.1250,,,,,0,49.8752,0.9651,47.3812,2.0625,,,,
736,0,46.0070,0.9824,38.9104,1.6875,,,,,0,22.5024,0.5977,22.4035,0.9375,,,,,0,39.6970,0.8906,49.4966,2.0000,,,,
737,0,30.5771,0.6318,33.2519,1.6250,,,,,0,25.1214,0.5664,25.6316,1.1094,,,,,0,37.9289,0.9404,47.3801,2.7812,,,,
738,0,32.7684,0.8359,32.1830,1.5000,,,,,0,28.9143,0.6992,23.1669,0.8750,,,,,0,33.9234,0.8555,45.4751,1.8750,,,,
739,0,42.5587,1.0312,30.2210,1.8438,,,,,0,21.8814,0.6250,19.0402,0.8750,,,,,0,41.9651,0.9219,39.1223,1.8438,,,,
740,0,41.7877,0.8496,35.3624,1.5781,,,,,0,19.4101,0.5762,20.0825,1.0312,,,,,0,47.0277,0.9609,37.2502,1.5625,,,,
741,0,22.8536,0.6719,28.5265,1.1875,,,,,0,19.4742,0.5547,23.4544,1.0000,,,,,0,51.2690,1.0605,42.7894,2.0078,,,,
742,0,32.8113,0.8086,25.6578,1.0000,,,,,0,20.2235,0.5679,25.2428,1.2500,,,,,0,39.6037,0.8789,34.3453,1.3750,,,,
743,0,32.8198,0.7090,33.5365,1.4375,,,,,0,18.9570,0.5869,25.1714,1.2500,,,,,0,45.4464,0.9062,34.9714,1.5625,,,,
744,0,68.2834,1.3047,35.6269,1.7500,,,,,0,19.8295,0.5762,21.7621,0.8750,,,,,0,47.2875,1.0020,35.4340,1.2422,,,,
745,0,27.1428,0.7734,28.0871,1.1875,,,,,0,20.4502,0.5703,22.7859,1.1875,,,,,0,33.9887,0.8438,36.2563,1.4375,,,,
746,0,28.5470,0.8594,28.5542,1.2500,,,,,0,20.2352,0.6055,23.8760,1.3125,,,,,0,53.3317,1.0625,31.6812,1.2188,,,,
747,0,27.4944,0.6250,29.5275,1.2500,,,,,0,19.0864,0.5669,22.8703,1.1250,,,,,0,44.7350,0.9658,29.8317,1.3125,,,,
748,0,29.2534,0.8398,27.3343,0.9375,,,,,0,19.0135,0.5625,22.2945,1.1875,,,,,0,37.5428,0.9216,29.6949,1.6250,,,,
749,0,32.9852,0.8457,25.9585,0.9219,,,,,0,20.7413,0.5801,23.1589,1.0625,,,,,0,38.3782,0.8711,31.3480,1.2969,,,,
750,0,39.3089,0.8096,35.4976,1.7500,,,,,0,17.7320,0.5781,23.1398,1.0000,,,,,0,33.9858,0.7969,36.0928,1.6250,,,,
751,0,42.8782,0.8594,27.3336,1.1523,,,,,0,19.6364,0.6709,27.6003,1.5078,,,,,0,36.6295,0.7656,49.9290,2.2500,,,,
752,0,30.3583,0.8750,32.3629,2.0000,,,,,0,20.4996,0.6406,24.4314,0.9844,,,,,0,42.7347,0.9375,39.1970,1.6562,,,,
753,0,40.7764,0.9688,26.7462,1.0000,,,,,0,26.7364,0.6875,24.4074,1.1250,,,,,0,34.0294,0.9375,55.6393,3.0625,,,,
754,0,32.0374,0.8594,27.2511,1.1250,,,,,0,30.7964,0.7812,23.0279,0.9375,,,,,0,62.7322,1.2188,60.9823,3.4375,,,,
755,0,22.1193,0.6172,34.2114,1.8750,,,,,0,26.5939,0.7188,25.3404,0.9219,,,,,0,44.9302,1.0625,51.5516,2.2500,,,,
756,0,24.6100,0.7969,35.4030,1.5000,,,,,0,25.6110,0.6875,24.7654,0.8750,,,,,0,32.2623,0.9219,46.6846,1.8750,,,,
757,0,31.5160,0.9375,30.1662,1.0625,,,,,0,25.1916,0.6797,23.9717,1.1250,,,,,0,30.4743,0.8516,45.5331,1.9922,,,,
758,0,69.9648,1.3555,49.5039,2.2754,,,,,0,22.9840,0.6250,28.7817,1.5000,,,,,0,31.3850,0.9375,56.2550,2.5000,,,,
759,0,25.3955,0.7734,32.7496,1.1760,,,,,0,19.8255,0.5967,21.9170,0.8750,,,,,0,30.3679,0.7656,45.3982,2.0000,,,,
760,0,22.9083,0.6641,42.9556,1.8125,,,,,0,19.3560,0.5928,23.6789,0.8750,,,,,0,30.5374,0.7539,47.0818,2.3750,,,,
761,0,31.6741,0.8843,35.2907,1.4453,,,,,0,19.7677,0.6016,24.8907,1.1250,,,,,0,30.8347,0.8262,45.6896,2.0000,,,,
762,0,79.9111,1.2305,38.6311,1.6562,,,,,0,22.8605,0.6562,28.4237,1.1719,,,,,0,44.9113,0.8203,50.1022,2.8750,,,,
763,0,23.8403,0.7266,35.2258,1.2422,,,,,0,22.7425,0.6406,22.0973,0.8750,,,,,0,34.3401,0.8047,50.9100,1.8789,,,,
764,0,66.8852,1.2500,40.5708,1.6250,,,,,0,22.9193,0.5938,22.9792,1.2500,,,,,0,35.7367,0.8281,51.9512,2.7500,,,,
765,0,32.7670,0.8438,35.9964,1.6250,,,,,0,26.9858,0.6875,23.2307,1.1250,,,,,0,36.7223,0.9688,62.2482,3.3125,,,,
766,0,36.3953,0.9531,36.5299,1.7500,,,,,0,22.7563,0.6289,22.9548,1.2500,,,,,0,31.6082,0.7812,59.2144,2.9375,,,,
767,0,31.7382,0.8750,35.6741,1.8125,,,,,0,26.8890,0.6641,22.8207,1.1875,,,,,0,50.7244,0.9688,47.3435,2.9375,,,,
768,0,47.8268,0.9688,34.1397,1.3438,,,,,0,25.6155,0.6328,23.7428,1.2500,,,,,0,48.8450,0.9870,42.9568,2.6250,,,,
769,0,26.4996,0.6641,35.3597,1.3750,,,,,0,30.1752,0.6875,22.3193,1.3750,,,,,0,56.0364,1.0938,43.3483,2.6875,,,,
770,0,27.9422,0.7031,42.2991,2.5000,,,,,0,24.7135,0.6562,25.9470,1.1250,,,,,0,38.7523,0.8672,51.9448,2.5625,,,,
771,0,39.7009,0.8750,36.6155,1.7500,,,,,0,25.9503,0.6719,24.4168,1.1250,,,,,0,47.0072,0.9609,51.3784,2.2500,,,,
772,0,77.5967,1.3047,39.8722,1.6875,,,,,0,31.0108,0.6953,24.5168,1.1250,,,,,0,56.1484,0.9814,42.3273,1.6875,,,,
773,0,23.9465,0.6562,36.6643,1.3750,,,,,0,25.0631,0.6094,22.1618,1.1250,,,,,0,45.4123,0.9639,43.1676,1.7500,,,,
774,0,72.5828,1.1217,33.6078,1.5547,,,,,0,23.7913,0.5762,23.1564,1.2500,,,,,0,39.1178,0.9922,48.1948,2.2500,,,,
775,0,23.3561,0.5859,38.5471,2.2500,,,,,0,28.7288,0.6118,22.6081,0.8438,,,,,0,49.2838,1.0234,45.5598,2.1250,,,,
776,0,25.8949,0.7266,33.2144,2.0000,,,,,0,24.9368,0.6562,22.7035,1.0374,,,,,0,52.9721,1.0299,48.7726,2.2718,,,,
777,0,79.4999,1.4062,32.6326,1.3281,,,,,0,20.3064,0.6016,19.3037,1.0000,,,,,0,61.8775,1.1094,36.8182,1.8438,,,,
778,0,23.9342,0.7002,29.3399,1.1875,,,,,0,22.1188,0.6050,19.7311,1.0000,,,,,0,64.9003,1.1519,33.6518,1.5312,,,,
779,0,48.1076,1.0840,33.6256,1.2500,,,,,0,21.1195,0.5757,22.9728,1.0000,,,,,0,49.4328,0.9941,37.9156,1.3398,,,,
780,0,26.6464,0.7969,29.6837,1.2969,,,,,0,18.8527,0.5996,25.9571,1.3125,,,,,0,53.8620,1.0161,37.7446,1.4375,,,,
781,0,28.2319,0.7578,29.4506,1.5000,,,,,0,18.8490,0.5410,21.6981,1.1250,,,,,0,63.2229,1.0918,33.2890,1.2812,,,,
782,0,37.6321,0.8672,27.4889,0.9688,,,,,0,22.0644,0.6250,20.7861,1.0000,,,,,0,47.6817,1.0469,30.7325,1.1250,,,,
783,0,23.4951,0.6758,33.0612,1.4375,,,,,0,19.1020,0.5430,25.0304,1.3750,,,,,0,56.4434,1.0742,35.4540,1.4062,,,,
784,0,53.3728,1.0352,33.5793,1.3750,,,,,0,19.9859,0.5742,21.7478,1.0000,,,,,0,57.3798,0.9824,34.4741,1.2500,,,,
785,0,31.2638,0.7656,31.1587,1.4062,,,,,0,19.5633,0.5645,22.8898,1.0625,,,,,0,56.2301,1.0605,36.1483,1.4023,,,,
786,0,23.0658,0.7207,28.4333,1.0625,,,,,0,19.8000,0.5488,22.8010,1.0000,,,,,0,45.1898,0.9688,33.9614,1.5312,,,,
787,0,31.3691,0.8184,32.0104,1.8540,,,,,0,19.7537,0.5254,22.1637,0.8750,,,,,0,49.6037,0.8730,31.7605,1.6875,,,,
788,0,23.5558,0.6797,31.1757,1.0312,,,,,0,18.3097,0.5830,24.8316,1.0625,,,,,0,42.1791,0.8086,43.9262,1.7891,,,,
789,0,53.1179,1.1719,33.3024,1.6875,,,,,0,22.3927,0.6484,26.5767,1.2500,,,,,0,55.7228,0.9844,43.3829,1.8906,,,,
790,0,34.3205,0.9766,41.3339,1.6875,,,,,0,25.2729,0.6875,25.4463,1.0000,,,,,0,51.8668,1.0469,42.2608,1.7188,,,,
791,0,45.1983,1.0703,27.2511,1.3750,,,,,0,20.6101,0.6094,27.2794,1.2500,,,,,0,42.3000,1.0312,47.2779,2.3750,,,,
792,0,26.4646,0.7422,29.7503,1.5000,,,,,0,20.6544,0.6250,29.8185,1.3594,,,,,0,40.3038,1.0312,56.6870,2.8125,,,,
793,0,29.0251,0.8047,32.9898,1.4531,,,,,0,25.2823,0.6875,30.0548,1.2812,,,,,0,45.6849,1.0938,50.3653,2.5625,,,,
794,0,82.8146,1.3164,36.4226,1.5000,,,,,0,23.4171,0.6328,29.2345,1.2842,,,,,0,35.4848,0.9766,49.1664,2.2969,,,,
795,0,45.3451,0.9062,37.6743,1.8247,,,,,0,24.3836,0.6406,26.7227,1.0000,,,,,0,32.9171,0.9531,45.4605,2.1406,,,,
796,0,22.5153,0.6719,36.9572,2.4375,,,,,0,20.7634,0.6250,24.0989,1.1875,,,,,0,30.4979,0.8438,48.4112,2.4844,,,,
797,0,24.5097,0.7422,36.8159,1.8750,,,,,0,25.5452,0.6641,25.1673,1.0938,,,,,0,31.2890,0.8984,46.1824,2.0039,,,,
798,0,23.8953,0.6250,31.4025,1.3438,,,,,0,23.5808,0.6875,25.8056,1.0000,,,,,0,31.8319,0.9219,47.4375,2.1250,,,,
799,0,46.3745,0.9258,34.3038,1.4062,,,,,0,28.0467,0.7344,23.6399,0.9375,,,,,0,32.9025,0.8438,45.9568,2.1562,,,,
800,0,24.2219,0.6957,42.4077,2.0000,,,,,0,19.3774,0.5349,21.5224,0.8125,,,,,0,33.7186,0.7573,51.8297,2.2188,,,,
801,0,22.8770,0.6562,33.1251,1.7500,,,,,0,20.2793,0.6094,22.2249,0.8125,,,,,0,30.4922,0.7344,50.9131,2.2500,,,,
802,0,24.5651,0.7500,27.3137,1.3125,,,,,0,26.0340,0.6562,21.0458,0.8750,,,,,0,46.4390,0.8906,46.4599,2.8750,,,,
803,0,27.0943,0.7812,33.6171,1.5000,,,,,0,27.4849,0.7266,23.2428,1.0000,,,,,0,50.2662,1.0625,48.6441,2.8125,,,,
804,0,31.5823,0.7344,31.9272,1.5625,,,,,0,31.9261,0.7422,22.0308,0.8750,,,,,0,49.4701,0.9688,50.1863,3.0000,,,,
805,0,25.9130,0.8438,36.0691,1.5000,,,,,0,31.0414,0.7266,23.6580,1.1875,,,,,0,64.6806,1.0547,49.7025,2.1875,,,,
806,0,23.9664,0.6719,36.9487,1.6875,,,,,0,29.5574,0.7031,22.0922,1.0312,,,,,0,59.9100,1.0703,46.7888,2.5000,,,,
807,0,27.1638,0.7031,31.8024,2.1250,,,,,0,29.3895,0.7578,23.0427,0.9453,,,,,0,45.5743,1.0000,41.6856,2.5625,,,,
808,0,39.3693,0.9609,34.4212,1.9688,,,,,0,22.5630,0.6328,21.9103,0.9137,,,,,0,44.8318,0.9844,43.9277,2.3125,,,,
809,0,25.2223,0.7969,35.8451,1.8750,,,,,0,33.1183,0.7617,22.0772,0.8750,,,,,0,63.5981,1.1445,43.7578,2.0000,,,,
810,0,23.2082,0.6406,35.0017,1.3750,,,,,0,27.0351,0.6641,22.6555,1.0000,,,,,0,56.3928,1.0144,44.7075,1.8750,,,,
811,0,26.8806,0.6250,34.8747,1.7500,,,,,0,19.0997,0.6074,23.9666,1.0000,,,,,0,35.9896,0.8594,46.6979,1.8750,,,,
812,0,20.8467,0.5625,30.6680,1.5000,,,,,0,31.0633,0.6270,25.2705,1.0000,,,,,0,43.6443,1.0088,48.1427,2.7812,,,,
813,0,24.4914,0.7188,33.9674,1.7188,,,,,0,30.6977,0.7070,24.1747,1.1250,,,,,0,48.3886,0.9980,46.0068,2.0000,,,,
814,0,24.5256,0.6211,28.5537,1.1250,,,,,0,20.4627,0.5977,20.7970,0.8750,,,,,0,55.0389,1.0625,40.0763,1.6289,,,,
815,0,54.3967,0.9199,27.2114,1.2500,,,,,0,19.8783,0.5518,20.3854,1.1250,,,,,0,48.9053,0.9922,37.3756,1.5938,,,,
816,0,36.9733,0.8535,27.8401,1.1250,,,,,0,19.8311,0.5645,23.5810,1.0625,,,,,0,57.3287,1.1172,44.0005,1.8477,,,,
817,0,37.9457,0.9282,32.4989,1.2773,,,,,0,19.6669,0.5562,22.6942,1.1250,,,,,0,37.5856,0.8481,34.2104,1.2528,,,,
818,0,24.2340,0.7305,29.9076,1.1875,,,,,0,18.4731,0.5586,26.8494,1.3125,,,,,0,48.8087,0.9375,36.8520,1.6250,,,,
819,0,28.2141,0.6641,29.4520,1.2500,,,,,0,19.7392,0.5781,21.8612,1.0000,,,,,0,47.6392,1.0156,35.4545,1.3750,,,,
820,0,24.8276,0.7305,26.6651,1.1250,,,,,0,22.8437,0.6094,21.9347,1.1250,,,,,0,40.2558,0.9375,33.9412,1.3750,,,,
821,0,23.1182,0.6680,30.5438,1.1562,,,,,0,20.3019,0.5801,22.8304,0.9688,,,,,0,52.8462,1.0391,33.1542,1.2188,,,,
822,0,28.4851,0.6597,31.6464,1.2812,,,,,0,19.1112,0.5790,22.3406,0.9375,,,,,0,43.5254,0.9473,30.3069,1.3359,,,,
823,0,45.8177,0.9648,26.9116,1.2500,,,,,0,19.0800,0.5908,20.3527,0.8750,,,,,0,40.2705,0.9731,29.1185,1.4688,,,,
824,0,37.9838,0.8652,31.2797,1.3750,,,,,0,18.5808,0.5530,24.1949,1.0625,,,,,0,38.3191,0.8672,30.0826,1.1250,,,,
825,0,38.4435,0.7539,36.3024,1.8125,,,,,0,17.9195,0.5938,23.3317,1.0000,,,,,0,37.8515,0.8066,38.7737,1.6250,,,,
826,0,28.5244,0.7344,32.1742,1.2734,,,,,0,19.6690,0.6914,23.2919,1.1250,,,,,0,41.0356,0.8086,51.3644,2.3926,,,,
827,0,52.2968,1.1094,32.5449,1.3301,,,,,0,21.4296,0.6406,22.3168,0.9053,,,,,0,33.5596,0.8125,42.1623,2.1875,,,,
828,0,35.3877,0.8125,28.3882,1.2500,,,,,0,26.8883,0.7031,21.6743,1.0000,,,,,0,36.4637,0.9004,57.6634,3.3125,,,,
829,0,50.7118,1.1055,31.6018,1.3750,,,,,0,27.5719,0.7031,22.5541,1.2500,,,,,0,52.4037,1.0891,58.7519,3.1250,,,,
830,0,47.9427,0.9844,40.0322,2.5000,,,,,0,22.1802,0.6719,24.2344,0.9375,,,,,0,41.3713,1.0156,52.5860,2.2188,,,,
831,0,26.5502,0.7852,31.7017,1.2188,,,,,0,27.4858,0.7344,24.1759,0.9062,,,,,0,36.3395,0.9531,44.1731,1.8281,,,,
832,0,26.0917,0.7188,33.6026,1.1562,,,,,0,24.0227,0.6484,24.4875,0.8750,,,,,0,31.7615,0.8984,46.0647,2.1250,,,,
833,0,58.9281,1.0312,40.1703,1.8438,,,,,0,19.7859,0.5859,26.1589,1.1250,,,,,0,27.5577,0.8125,53.2610,2.1094,,,,
834,0,36.4807,0.8672,34.7132,1.6094,,,,,0,19.3001,0.5713,20.8763,0.8750,,,,,0,31.2133,0.7812,46.5385,1.8750,,,,
835,0,32.0331,0.7871,38.9261,1.9355,,,,,0,21.0335,0.6094,22.7201,1.0000,,,,,0,29.0166,0.8438,46.8747,2.1250,,,,
836,0,23.7940,0.6797,32.7606,1.5625,,,,,0,23.8379,0.6641,22.8942,1.0000,,,,,0,29.5650,0.8047,46.7964,2.1250,,,,
837,0,36.3238,0.8633,49.4492,2.5000,,,,,0,20.0811,0.6406,27.3790,1.2500,,,,,0,54.6557,0.9590,49.9360,2.6250,,,,
838,0,26.0006,0.7852,37.9208,1.5000,,,,,0,20.8707,0.6250,22.0194,1.1250,,,,,0,32.7889,0.8056,51.2401,1.8789,,,,
839,0,38.2553,0.9609,34.2404,1.5000,,,,,0,28.5412,0.7031,22.3338,1.3750,,,,,0,41.7248,0.9375,52.7160,2.7500,,,,
840,0,43.1631,0.9062,38.1545,2.0312,,,,,0,23.8714,0.6562,25.4298,1.3125,,,,,0,34.5962,0.9219,64.1222,3.3125,,,,
841,0,46.7526,0.9844,35.6496,1.5625,,,,,0,23.0952,0.6523,23.7883,1.1875,,,,,0,39.9534,0.8906,60.5489,2.8125,,,,
842,0,25.9064,0.8594,32.0207,1.2500,,,,,0,26.3038,0.6484,24.7525,1.1875,,,,,0,61.3164,1.0781,46.4379,3.0625,,,,
843,0,23.6536,0.7422,36.7968,1.7500,,,,,0,29.1924,0.6719,22.8378,1.3125,,,,,0,51.1559,0.9761,42.1816,2.8750,,,,
844,0,24.2824,0.7734,34.9969,2.1406,,,,,0,22.9204,0.6094,23.9354,1.2500,,,,,0,65.8952,1.1719,49.4421,2.5000,,,,
845,0,24.8883,0.7266,43.6880,2.2500,,,,,0,20.9169,0.6172,25.1691,1.2500,,,,,0,49.4329,1.0000,56.8485,2.7500,,,,
846,0,26.1687,0.6953,37.4669,2.0000,,,,,0,20.7559,0.6172,22.4175,1.1250,,,,,0,46.0902,0.9297,54.1039,2.7500,,,,
847,0,39.4644,0.7639,31.0426,1.6719,,,,,0,27.8141,0.7031,24.7032,1.1250,,,,,0,51.7122,0.9492,43.7868,2.0625,,,,
848,0,28.6275,0.7812,35.5745,1.8750,,,,,0,21.8594,0.5781,21.8639,1.1250,,,,,0,41.4609,0.9053,43.2279,2.0000,,,,
849,0,24.5957,0.7529,29.3743,1.5000,,,,,0,24.5119,0.5996,21.8171,0.8750,,,,,0,37.9508,0.9688,45.5390,1.8750,,,,
850,0,26.8733,0.6382,34.2118,1.5625,,,,,0,23.3593,0.5977,23.5983,0.9688,,,,,0,51.5941,1.0645,44.4537,2.1250,,,,
851,0,23.3675,0.6484,32.3191,1.3203,,,,,0,22.0688,0.6250,23.6179,0.9443,,,,,0,46.5198,0.9922,50.1438,2.4834,,,,
852,0,37.9310,0.9336,28.3217,1.0000,,,,,0,19.5703,0.5547,19.2785,0.8438,,,,,0,55.1323,1.0625,37.4906,1.8125,,,,
853,0,47.9083,0.9238,28.6077,1.1250,,,,,0,19.8126,0.5613,21.2108,1.0000,,,,,0,61.5983,1.0925,34.0151,1.5625,,,,
854,0,21.5316,0.6875,31.7305,1.4219,,,,,0,18.9013,0.5420,23.6765,1.1250,,,,,0,49.2897,1.0078,40.5729,1.4492,,,,
855,0,25.0436,0.7227,26.0956,1.1250,,,,,0,18.4086,0.5723,26.7864,1.5000,,,,,0,52.1117,0.9941,38.5815,1.6250,,,,
856,0,23.5285,0.7441,26.4835,1.1094,,,,,0,18.7614,0.5493,21.1069,1.1250,,,,,0,57.5264,1.0625,33.3022,1.3125,,,,
857,0,36.3806,0.8555,29.8717,1.5000,,,,,0,23.4581,0.6543,25.4883,1.2500,,,,,0,47.1503,1.0312,37.0360,1.4375,,,,
858,0,34.6037,0.8828,32.3758,1.4688,,,,,0,19.3425,0.5850,24.3927,1.2500,,,,,0,50.1427,0.9736,34.4640,1.3750,,,,
859,0,37.9388,0.8770,26.5996,1.4727,,,,,0,20.0832,0.5869,21.0659,0.8750,,,,,0,52.8489,0.9688,33.7847,1.5000,,,,
860,0,33.3474,0.6953,27.6868,1.1250,,,,,0,19.2686,0.5747,22.9760,1.1094,,,,,0,56.1092,1.0645,35.8007,1.3594,,,,
861,0,26.1317,0.7422,27.9675,1.2500,,,,,0,20.4785,0.5732,22.9127,0.8750,,,,,0,50.5632,1.0234,34.1919,1.4375,,,,
862,0,34.8786,0.7949,33.3589,1.6562,,,,,0,18.7510,0.5024,22.8704,1.0000,,,,,0,53.0891,0.9102,31.7398,1.4375,,,,
863,0,34.8684,0.8672,33.5239,2.0625,,,,,0,18.3897,0.5688,24.2486,1.0000,,,,,0,39.7102,0.8242,45.8302,1.7344,,,,
864,0,66.6636,1.3281,26.6937,1.2812,,,,,0,21.8411,0.6172,25.7340,1.1250,,,,,0,49.2671,0.9531,45.7360,2.0469,,,,
865,0,43.3887,0.9766,33.4865,1.3281,,,,,0,28.5891,0.7500,25.2584,1.1250,,,,,0,46.2726,0.9688,42.2843,1.8438,,,,
866,0,24.7567,0.8281,33.0790,1.2871,,,,,0,24.2126,0.6719,28.1501,1.3750,,,,,0,43.3815,1.0469,48.7974,2.6250,,,,
867,0,33.7572,0.8672,29.5907,1.3438,,,,,0,29.5110,0.7188,28.5246,1.1719,,,,,0,52.0066,1.1719,61.8144,3.1875,,,,
868,0,40.3650,0.8867,32.5455,2.0000,,,,,0,25.9411,0.6719,31.7376,1.5299,,,,,0,47.2724,1.0781,51.2822,2.6250,,,,
869,0,50.4610,1.1055,30.5237,1.2812,,,,,0,22.5418,0.6250,28.9820,1.2188,,,,,0,41.9555,1.0938,48.1909,2.3281,,,,
870,0,42.1977,0.8828,31.0598,1.2031,,,,,0,21.2127,0.6406,24.8487,1.0625,,,,,0,32.2373,0.9375,47.4499,2.3945,,,,
871,0,26.5234,0.8164,30.2826,1.4219,,,,,0,22.2169,0.6250,22.9793,0.8750,,,,,0,30.4943,0.8125,45.7033,2.0625,,,,
872,0,49.6767,0.9570,31.7752,1.2500,,,,,0,20.1228,0.6250,23.9307,1.0000,,,,,0,32.7523,0.7969,47.5827,2.1523,,,,
873,0,24.3675,0.7061,33.0266,1.3125,,,,,0,20.5565,0.6484,27.5591,1.0312,,,,,0,30.7557,0.9141,48.0923,2.0312,,,,
874,0,22.6675,0.7256,32.9647,1.4531,,,,,0,20.0065,0.6016,25.5127,0.9375,,,,,0,35.1284,0.7441,47.4981,2.2305,,,,
875,0,30.8877,0.9297,38.1666,1.6250,,,,,0,19.7078,0.5781,21.8373,0.9062,,,,,0,33.0196,0.8071,51.5453,2.2188,,,,
876,0,29.7866,0.7734,33.6682,2.2500,,,,,0,25.4071,0.6758,22.0751,0.7500,,,,,0,31.8177,0.7734,48.6082,2.0000,,,,
877,0,26.9072,0.7109,29.1591,1.3125,,,,,0,35.9334,0.7656,20.2165,0.8750,,,,,0,52.4451,0.9531,47.6737,2.8750,,,,
878,0,25.3984,0.7109,28.1877,1.2812,,,,,0,29.6104,0.7422,24.0832,1.0000,,,,,0,47.0830,1.0000,48.8713,3.0000,,,,
879,0,23.3555,0.6562,34.4759,1.8750,,,,,0,30.5135,0.7188,23.2587,1.0000,,,,,0,46.1089,0.9531,51.1410,3.0625,,,,
880,0,23.4109,0.7656,40.0727,1.6875,,,,,0,24.1887,0.6562,23.4759,1.1250,,,,,0,67.3101,1.0859,52.5857,2.7500,,,,
881,0,41.8048,0.8828,35.5344,1.5625,,,,,0,25.2548,0.6602,22.5284,0.9531,,,,,0,61.4617,1.1016,46.8944,2.6875,,,,
882,0,40.8239,0.9844,34.1836,1.3750,,,,,0,30.5015,0.7422,21.7881,0.8750,,,,,0,47.4572,1.0078,43.5330,2.7500,,,,
883,0,25.2231,0.7578,32.4303,1.5000,,,,,0,24.9204,0.6523,23.9027,1.1250,,,,,0,46.8804,1.0078,41.1777,2.3750,,,,
884,0,24.9701,0.7344,36.7443,1.5312,,,,,0,25.5338,0.6230,25.7845,1.0000,,,,,0,53.7704,1.0371,46.8526,2.3125,,,,
885,0,29.1400,0.7812,37.8984,2.0000,,,,,0,22.6090,0.6016,24.8767,1.1250,,,,,0,48.7751,0.9531,47.8011,2.3125,,,,
886,0,22.7745,0.6914,34.4483,1.7500,,,,,0,22.1067,0.5820,24.7638,1.0000,,,,,0,40.2921,0.9062,51.0038,2.1250,,,,
887,0,33.2321,0.7109,34.0742,1.3750,,,,,0,23.8005,0.5332,25.3916,0.8750,,,,,0,35.7346,0.9219,46.5974,2.9375,,,,
888,0,36.6310,0.7969,29.7025,1.4062,,,,,0,24.2317,0.6172,23.8274,0.9688,,,,,0,40.0283,0.9121,46.5570,2.0000,,,,
889,0,35.9833,0.6914,30.9042,1.2031,,,,,0,20.0594,0.5859,20.2259,0.8750,,,,,0,50.3208,1.0312,40.2022,1.6758,,,,
890,0,52.1193,0.9966,28.7795,1.1602,,,,,0,20.2026,0.5811,20.4575,0.9688,,,,,0,40.3497,0.9453,39.0504,1.6875,,,,
891,0,49.8717,0.9004,30.9705,1.2500,,,,,0,19.9551,0.5859,22.7433,1.1250,,,,,0,51.6107,1.0098,42.4068,1.8672,,,,
892,0,40.2915,0.8496,29.5888,1.5000,,,,,0,20.0870,0.5566,24.1102,1.1250,,,,,0,36.6175,0.8359,35.1559,1.5000,,,,
893,0,22.3723,0.6328,30.8452,1.2500,,,,,0,18.5647,0.5391,27.8663,1.1250,,,,,0,53.4685,0.9922,38.0120,1.6562,,,,
894,0,23.7163,0.6953,30.9018,1.3125,,,,,0,19.6537,0.5742,20.7471,0.8750,,,,,0,44.4829,1.0078,36.5594,1.4688,,,,
895,0,29.2735,0.6641,29.3608,1.1934,,,,,0,19.0767,0.5469,22.3669,1.1250,,,,,0,38.7755,0.9219,35.8680,1.3750,,,,
896,0,24.0656,0.7266,29.7713,1.2617,,,,,0,22.7755,0.6055,24.5333,1.0625,,,,,0,51.3592,1.0547,33.5391,1.2812,,,,
897,0,28.5448,0.9297,28.5922,1.0000,,,,,0,20.4722,0.6191,22.9245,1.2500,,,,,0,51.2227,1.0332,32.0853,1.4141,,,,
898,0,30.4458,0.7227,29.3410,1.1250,,,,,0,19.2937,0.5469,22.2824,0.9844,,,,,0,41.3654,1.0078,30.5056,1.2812,,,,
899,0,34.4688,0.7656,29.6062,1.3750,,,,,0,18.6318,0.5601,22.7565,1.0625,,,,,0,38.3063,0.8643,30.1042,1.2500,,,,
900,0,34.5886,0.7793,34.4243,1.3750,,,,,0,18.0715,0.6016,23.4040,0.9375,,,,,0,41.9006,0.8301,36.5360,1.6250,,,,
901,0,24.0912,0.7422,34.0562,1.4766,,,,,0,19.3493,0.6587,25.8422,1.2891,,,,,0,41.2423,0.8516,49.4141,2.3320,,,,
902,0,23.9904,0.7422,31.8131,1.5625,,,,,0,22.3615,0.6250,22.8235,0.8936,,,,,0,34.9530,0.8594,43.1698,2.2500,,,,
903,0,28.6025,0.7188,31.0254,1.3750,,,,,0,21.3284,0.5938,22.4462,1.0000,,,,,0,35.1414,0.9062,56.3433,3.1250,,,,
904,0,24.5182,0.7656,30.6440,1.2500,,,,,0,33.8387,0.7656,22.6289,1.3750,,,,,0,59.2491,1.1406,61.9877,3.4902,,,,
905,0,27.7388,0.8320,32.5385,1.9375,,,,,0,23.9168,0.6562,24.4427,0.8438,,,,,0,36.7429,0.9531,52.9527,2.3125,,,,
906,0,36.6363,0.8711,34.0109,1.2500,,,,,0,26.1763,0.7188,24.6872,0.8750,,,,,0,31.4190,0.9062,45.5024,2.0000,,,,
907,0,26.8195,0.7227,38.5711,1.4688,,,,,0,24.8700,0.6797,24.0096,1.0000,,,,,0,29.5674,0.8359,45.7410,2.1250,,,,
908,0,30.6168,0.7812,38.1526,1.8750,,,,,0,20.0110,0.6094,24.5021,1.1406,,,,,0,29.4972,0.7500,56.1850,2.1875,,,,
909,0,48.2427,0.9297,32.5849,1.2109,,,,,0,21.0125,0.5938,22.3179,0.8750,,,,,0,30.0034,0.7969,45.2924,1.7500,,,,
910,0,36.6739,0.7598,38.8792,1.6562,,,,,0,19.3037,0.5625,24.8435,1.2500,,,,,0,29.3887,0.8516,48.4323,2.2500,,,,
911,0,46.8767,0.8667,35.5831,1.5078,,,,,0,20.4683,0.6484,25.7287,1.1250,,,,,0,30.0979,0.8672,47.3386,2.0625,,,,
912,0,28.5210,0.8125,42.2010,1.7500,,,,,0,18.8536,0.5938,26.3208,1.0625,,,,,0,61.6469,1.0293,53.5022,2.7656,,,,
913,0,41.7057,1.0703,37.8848,1.4375,,,,,0,19.9823,0.6250,20.9093,0.7500,,,,,0,39.3348,0.8853,52.7759,2.0625,,,,
914,0,26.2139,0.8438,37.4148,1.8125,,,,,0,23.6556,0.6133,21.4385,1.1250,,,,,0,39.3284,0.9062,53.3255,2.5000,,,,
915,0,31.0580,0.7422,36.6153,1.5625,,,,,0,24.4963,0.6445,21.7524,0.8750,,,,,0,37.2010,0.9531,60.3784,3.2500,,,,
916,0,33.0719,0.8711,39.9176,1.8125,,,,,0,23.7546,0.6484,23.7943,1.1250,,,,,0,43.8890,0.9531,62.1696,2.9375,,,,
917,0,27.2910,0.7734,32.5442,1.7500,,,,,0,26.7894,0.6719,25.4753,1.3750,,,,,0,61.0461,1.0566,49.8549,3.5000,,,,
918,0,23.6399,0.7578,32.4613,1.5000,,,,,0,25.1342,0.6328,22.3035,1.1250,,,,,0,54.4978,1.0273,47.4578,2.8125,,,,
919,0,30.9781,0.7812,43.5277,2.1562,,,,,0,24.1404,0.6406,22.7057,0.8594,,,,,0,60.7725,1.1328,54.0076,2.8750,,,,
920,0,24.4486,0.7578,41.9143,1.9062,,,,,0,21.6866,0.6089,22.6121,1.0000,,,,,0,43.8644,0.9688,52.2964,3.0000,,,,
921,0,27.8867,0.7969,42.1877,1.8750,,,,,0,24.5676,0.6641,24.4184,0.8770,,,,,0,46.2571,0.9453,52.1943,2.5625,,,,
922,0,24.9696,0.6406,46.7497,2.6250,,,,,0,27.2979,0.6797,25.8459,1.0000,,,,,0,62.5282,1.0391,50.5666,2.3750,,,,
923,0,24.4102,0.7188,36.8612,1.8750,,,,,0,26.4068,0.6250,26.8733,1.0625,,,,,0,49.9673,0.9946,52.4610,2.3125,,,,
924,0,27.7233,0.8008,36.6554,1.5000,,,,,0,19.3958,0.6143,25.3007,1.0000,,,,,0,36.7662,1.0078,50.1892,2.7500,,,,
925,0,57.6922,1.0547,42.1615,1.6250,,,,,0,28.2064,0.6445,23.9053,0.8750,,,,,0,56.2798,1.0820,48.7867,2.4688,,,,
926,0,35.6422,1.0000,37.7706,1.6250,,,,,0,22.3201,0.6211,24.2506,1.3125,,,,,0,45.2657,0.9717,50.0885,2.1797,,,,
927,0,24.9644,0.8438,32.5923,1.5938,,,,,0,20.9129,0.5938,20.1740,0.8750,,,,,0,57.0099,1.0859,39.5353,1.8594,,,,
928,0,30.3624,0.9102,32.0168,1.7812,,,,,0,23.3941,0.6539,21.9877,1.1250,,,,,0,65.7973,1.1617,34.6723,1.4531,,,,
929,0,28.0652,0.8418,29.7565,1.2188,,,,,0,24.9537,0.6357,24.7910,1.2500,,,,,0,56.4708,1.0586,39.6857,1.6797,,,,
930,0,31.1320,0.8633,30.9904,1.2969,,,,,0,20.2232,0.5508,27.7646,1.6250,,,,,0,56.5825,1.0469,38.5820,1.7500,,,,
931,0,25.4960,0.8008,27.0636,1.5000,,,,,0,18.7463,0.5522,22.7381,1.2500,,,,,0,60.1310,1.0996,34.2680,1.4062,,,,
932,0,33.2371,0.8906,30.8889,1.3125,,,,,0,20.4168,0.5859,24.4774,1.3750,,,,,0,48.2654,1.0371,36.5769,1.5312,,,,
933,0,39.0338,0.9590,35.5407,1.5371,,,,,0,19.0317,0.5435,24.5111,1.3750,,,,,0,58.7500,1.0645,34.8836,1.3750,,,,
934,0,28.9473,0.7891,31.7350,1.2852,,,,,0,20.2790,0.5845,22.7946,1.0000,,,,,0,65.1000,1.1016,34.2684,1.5000,,,,
935,0,76.0961,1.2930,36.0427,1.3438,,,,,0,19.3865,0.5630,23.6544,1.0625,,,,,0,51.4853,1.0117,36.3551,1.3281,,,,
936,0,23.2994,0.6992,27.4743,1.0625,,,,,0,18.9361,0.6016,23.1090,1.0625,,,,,0,46.6589,0.9766,33.7100,1.4844,,,,
937,0,28.4453,0.7227,28.2080,1.2500,,,,,0,18.0811,0.5625,22.3415,0.8750,,,,,0,52.6106,0.8848,33.5252,1.6875,,,,
938,0,25.7336,0.7656,29.1931,1.1211,,,,,0,18.3988,0.6074,24.7965,1.1875,,,,,0,39.6365,0.7891,43.2881,1.6953,,,,
939,0,28.1502,0.9688,35.0192,1.5625,,,,,0,26.5010,0.7031,25.9598,1.2500,,,,,0,53.1077,1.0156,44.8075,2.0625,,,,
940,0,24.3256,0.7656,27.2881,1.5312,,,,,0,25.7725,0.7344,25.7769,1.1250,,,,,0,46.3930,1.0156,41.5582,1.6875,,,,
941,0,28.2628,0.7734,33.5690,1.5312,,,,,0,22.3171,0.6562,30.5934,1.5000,,,,,0,52.3277,1.1719,51.6950,2.8750,,,,
942,0,24.5824,0.7656,30.1898,1.5938,,,,,0,27.4502,0.7031,30.6123,1.3750,,,,,0,55.7637,1.1875,60.6301,3.1250,,,,
943,0,23.6846,0.7578,33.4086,1.7500,,,,,0,23.8356,0.6250,27.7972,1.1250,,,,,0,46.7553,1.0938,47.9793,2.4375,,,,
944,0,23.8502,0.7617,28.5395,1.5625,,,,,0,21.4539,0.5938,24.6478,1.3750,,,,,0,39.4644,1.0312,42.5598,2.1875,,,,
945,0,33.9961,0.8828,33.3985,1.2500,,,,,0,20.5359,0.5703,23.8123,1.1406,,,,,0,32.8404,0.9297,52.2363,2.7500,,,,
946,0,24.2216,0.6250,36.2837,2.0000,,,,,0,23.2432,0.6406,22.3465,1.1250,,,,,0,28.7423,0.8750,54.3877,2.5000,,,,
947,0,35.7853,0.8633,34.8905,1.4375,,,,,0,21.2354,0.6250,22.7853,1.0000,,,,,0,30.7872,0.8438,48.1704,2.2344,,,,
948,0,31.1429,0.8438,38.9243,1.7344,,,,,0,25.1011,0.6797,22.1354,1.0000,,,,,0,30.9223,0.8984,46.8753,2.1250,,,,
949,0,47.5883,1.0312,41.7084,2.1250,,,,,0,21.9292,0.6484,24.6731,1.0625,,,,,0,30.9566,0.8281,47.4528,2.1250,,,,
950,0,25.3214,0.8047,38.9516,1.8125,,,,,0,18.9263,0.5469,22.3616,1.1250,,,,,0,32.2275,0.8076,50.6753,2.1875,,,,
951,0,27.9527,0.8086,32.5985,1.5625,,,,,0,22.2652,0.6250,21.6755,0.7500,,,,,0,30.4862,0.7656,49.1683,2.2500,,,,
952,0,38.8471,0.7656,34.9937,1.8750,,,,,0,27.0279,0.6875,19.9367,0.8750,,,,,0,47.7398,0.9375,51.2798,3.1875,,,,
953,0,47.5778,1.0000,37.6487,1.3125,,,,,0,23.7660,0.6562,25.9018,1.1250,,,,,0,45.6351,1.0312,54.5129,3.2500,,,,
954,0,41.1831,0.8242,35.8800,1.9062,,,,,0,30.2080,0.7109,23.1673,1.0000,,,,,0,49.7426,0.9844,59.9510,3.6250,,,,
955,0,36.2458,0.8047,40.6214,1.6875,,,,,0,26.5825,0.6562,23.9989,0.9707,,,,,0,65.2083,1.0459,56.9920,2.9375,,,,
956,0,37.7950,0.8711,38.1794,1.8125,,,,,0,23.0409,0.6055,23.1765,0.9727,,,,,0,63.6603,1.0887,46.0907,3.0000,,,,
957,0,41.4249,0.8203,34.2284,1.5938,,,,,0,26.1366,0.7344,23.8504,0.8750,,,,,0,53.7200,1.0781,50.6024,3.2500,,,,
958,0,29.7252,0.8516,35.7213,2.0625,,,,,0,24.1955,0.6719,24.1057,0.9375,,,,,0,51.7081,1.0469,46.3691,2.7500,,,,
959,0,23.1369,0.6953,37.3721,1.6250,,,,,0,23.0328,0.6250,25.1734,1.6250,,,,,0,52.7971,1.0312,48.3029,2.3750,,,,
960,0,28.1647,0.7656,40.1826,1.7500,,,,,0,26.5846,0.6406,23.9432,1.2500,,,,,0,56.0712,1.0244,48.2496,2.2500,,,,
961,0,33.4519,0.8594,36.6079,2.0000,,,,,0,23.6936,0.5898,23.3747,1.2500,,,,,0,35.2516,0.8438,56.7527,2.5000,,,,
962,0,27.7503,0.7266,41.6948,1.7500,,,,,0,22.5980,0.5430,27.4969,1.1250,,,,,0,40.0916,0.9819,49.7243,2.8125,,,,
963,0,23.7991,0.7734,33.1649,1.7500,,,,,0,30.1849,0.7168,23.2462,1.0000,,,,,0,49.3130,0.9844,45.0759,2.0000,,,,
964,0,27.6750,0.7969,31.6146,1.2617,,,,,0,19.7795,0.5859,20.3979,1.0000,,,,,0,49.5716,0.9609,42.2420,1.8477,,,,
965,0,44.2142,1.0131,38.5132,1.3906,,,,,0,19.8767,0.5942,19.0779,1.1250,,,,,0,44.9795,0.9531,37.2145,1.5625,,,,
966,0,23.9525,0.7383,34.3926,1.8125,,,,,0,22.9806,0.6172,21.6913,1.0000,,,,,0,65.8109,1.1680,39.9141,1.3555,,,,
967,0,47.9568,0.9160,36.3461,1.5000,,,,,0,19.9682,0.5732,25.7345,1.2188,,,,,0,47.4488,0.9316,40.6803,1.7812,,,,
968,0,22.9113,0.6641,32.2395,1.4844,,,,,0,18.8866,0.5830,22.4901,1.1250,,,,,0,55.6394,0.9922,35.4078,1.5000,,,,
969,0,25.0150,0.8438,41.5600,1.6719,,,,,0,21.1689,0.6133,20.1912,1.0000,,,,,0,49.8787,1.0703,36.9752,1.4097,,,,
970,0,25.2766,0.8438,32.2113,1.5000,,,,,0,19.5830,0.5664,20.2171,1.0625,,,,,0,47.0760,1.0117,36.0948,1.3750,,,,
971,0,22.9576,0.7656,30.2138,1.5000,,,,,0,19.6502,0.5723,20.9080,1.0000,,,,,0,62.3774,1.1465,33.7199,1.3750,,,,
972,0,27.6090,0.7188,28.8488,1.3125,,,,,0,21.3953,0.6426,20.6344,0.9375,,,,,0,55.9174,1.0664,30.9201,1.1250,,,,
973,0,27.7031,0.7656,32.1779,1.5000,,,,,0,19.9680,0.5898,20.0093,0.7500,,,,,0,49.6735,1.0791,29.4475,1.5000,,,,
974,0,21.7574,0.6641,28.2699,1.2188,,,,,0,21.3866,0.6321,21.2235,1.1250,,,,,0,41.0334,0.8926,28.1133,1.3125,,,,
975,0,34.8058,0.8330,30.1996,1.3125,,,,,0,19.3081,0.6172,25.0130,1.1250,,,,,0,42.6530,0.8867,33.4278,1.5000,,,,
976,0,33.9904,0.7578,36.2363,1.9375,,,,,0,19.9796,0.6757,21.8823,0.9375,,,,,0,40.2609,0.8047,42.8658,1.8594,,,,
977,0,41.9646,0.9531,27.9319,2.1250,,,,,0,21.0183,0.6797,25.8538,1.2227,,,,,0,33.3417,0.8438,46.9588,2.1250,,,,
978,0,31.5297,0.8906,33.0855,1.4961,,,,,0,20.3487,0.6094,24.9349,1.1328,,,,,0,33.5498,0.8799,60.4539,3.1602,,,,
979,0,36.7341,0.8066,40.2580,1.9375,,,,,0,29.3916,0.7812,24.8909,0.9062,,,,,0,54.1357,1.1406,61.1099,3.1172,,,,
980,0,45.9716,0.8594,35.2195,1.6250,,,,,0,24.1250,0.6719,26.3414,1.0625,,,,,0,43.4756,1.0156,49.4151,1.9297,,,,
981,0,42.5492,0.9609,69.8004,3.2500,,,,,0,26.6058,0.7031,25.5603,1.0000,,,,,0,33.4850,0.9375,44.4288,2.0156,,,,
982,0,30.3596,0.9883,35.0128,1.3125,,,,,0,21.3450,0.6328,23.4960,0.9688,,,,,0,29.8046,0.8516,46.4296,2.0234,,,,
983,0,38.1975,0.8750,46.2925,2.6250,,,,,0,20.1214,0.5801,26.7472,1.1250,,,,,0,37.3783,0.9453,57.7211,2.1250,,,,
984,0,24.4463,0.7031,35.6777,1.8125,,,,,0,22.5958,0.6250,25.7700,1.1250,,,,,0,30.4805,0.8594,48.2518,2.1250,,,,
985,0,32.1091,0.8779,43.1470,2.3750,,,,,0,21.7212,0.6406,23.8159,1.1250,,,,,0,29.5608,0.8750,47.8444,2.2500,,,,
986,0,27.8015,0.7266,34.9788,1.5625,,,,,0,21.9094,0.6719,24.6579,0.9688,,,,,0,30.9464,0.8442,48.6529,2.0625,,,,
987,0,76.5856,1.1758,40.1315,1.8750,,,,,0,18.8831,0.6094,25.5544,1.0938,,,,,0,47.3207,0.8926,56.3854,3.0000,,,,
988,0,34.3099,0.8281,36.5646,1.3125,,,,,0,23.5199,0.6562,21.0959,0.8750,,,,,0,37.9963,0.8677,53.9488,2.0000,,,,
989,0,28.1727,0.6797,34.0890,1.5312,,,,,0,22.7987,0.6094,23.1818,1.3750,,,,,0,39.4066,0.9062,54.9127,2.7500,,,,
990,0,27.1641,0.6797,35.4012,1.5000,,,,,0,29.3363,0.7344,24.5131,1.1875,,,,,0,39.3868,1.0469,63.1951,3.3125,,,,
991,0,41.0496,0.7344,42.6284,2.1875,,,,,0,22.4291,0.6328,23.2782,1.2500,,,,,0,40.4548,0.9375,63.4036,2.9375,,,,
992,0,52.1434,1.0000,41.6289,2.3125,,,,,0,25.9167,0.6562,24.4793,1.1875,,,,,0,56.2029,1.0469,48.2524,3.1250,,,,
993,0,27.2900,0.8359,41.1021,1.6875,,,,,0,29.1292,0.6953,22.4237,0.8750,,,,,0,51.6647,0.9829,46.8209,3.1250,,,,
994,0,47.3542,0.9766,36.8988,1.6250,,,,,0,29.6234,0.7109,23.3306,1.1250,,,,,0,64.1917,1.1406,51.5241,2.6250,,,,
995,0,23.9831,0.6797,36.1163,1.8125,,,,,0,26.1242,0.6953,25.0404,1.0000,,,,,0,47.1356,0.9844,58.7400,2.8750,,,,
996,0,50.8085,1.0859,39.3713,1.5625,,,,,0,25.0654,0.6641,23.6536,0.8672,,,,,0,48.6997,0.9688,57.1191,2.8750,,,,
997,0,39.1342,0.9688,37.6918,1.4375,,,,,0,37.0328,0.7656,24.9209,1.2500,,,,,0,61.8942,1.0547,44.3794,2.4375,,,,
998,0,29.9718,0.7812,33.8130,1.5938,,,,,0,29.8969,0.6641,21.8648,0.8320,,,,,0,56.8186,1.0322,43.1973,2.3750,,,,
999,0,31.8331,0.8760,36.1116,1.7500,,,,,0,22.9676,0.6016,23.1257,1.0000,,,,,0,36.3420,0.9531,46.7702,2.1250,,,,
1000,0,28.7930,0.6875,40.3354,1.5625,,,,,0,31.9753,0.6562,25.9407,0.9219,,,,,0,53.8208,1.0820,49.2595,2.1875,,,,
1001,0,25.1931,0.7656,34.4961,1.5625,,,,,0,29.5310,0.6836,26.8333,1.0938,,,,,0,59.1666,1.0938,50.7879,2.0957,,,,
1002,0,23.2872,0.7227,29.4147,1.1758,,,,,0,23.1082,0.6602,19.3530,0.8125,,,,,0,64.0869,1.1328,37.4888,1.8281,,,,
1003,0,55.1235,1.1191,31.3649,2.0918,,,,,0,22.4867,0.6426,19.6051,1.0000,,,,,0,77.6166,1.2295,33.2639,1.5078,,,,
1004,0,26.7295,0.7188,34.9839,1.4062,,,,,0,20.0061,0.5684,23.0788,1.0000,,,,,0,46.4683,0.9668,39.0661,1.4844,,,,
1005,0,30.5085,0.8164,27.9439,1.0000,,,,,0,19.8909,0.5547,27.5947,1.3750,,,,,0,60.8246,1.0439,37.7031,1.5625,,,,
1006,0,29.3889,0.7617,30.0937,1.2031,,,,,0,19.0202,0.5430,22.2306,1.1250,,,,,0,59.5866,1.0664,35.2672,1.5000,,,,
1007,0,34.2944,0.9648,33.8177,1.6250,,,,,0,20.3794,0.5840,25.3874,1.5000,,,,,0,48.2901,1.0137,38.0245,1.5312,,,,
1008,0,22.5151,0.6953,27.2407,1.5000,,,,,0,19.1885,0.5527,23.5509,1.3750,,,,,0,59.7981,1.0447,34.0417,1.3750,,,,
1009,0,32.9854,0.9844,30.9135,1.2539,,,,,0,19.8668,0.5962,22.1015,0.9375,,,,,0,58.6196,1.0156,35.5458,1.7500,,,,
1010,0,45.3533,1.0254,29.9280,1.1875,,,,,0,19.5755,0.5942,24.0087,1.0000,,,,,0,55.3063,1.0410,37.3043,1.3750,,,,
1011,0,29.5582,0.7734,27.1903,1.4062,,,,,0,19.7643,0.5791,23.4784,0.8750,,,,,0,50.8804,1.0312,33.6057,1.4219,,,,
1012,0,27.3308,0.7695,30.2016,1.3125,,,,,0,18.2029,0.5547,23.8353,0.9375,,,,,0,54.6467,0.9004,33.3061,1.6250,,,,
1013,0,34.3882,0.8672,30.2081,1.5000,,,,,0,18.3710,0.5898,24.5786,1.0000,,,,,0,39.5123,0.7773,41.1539,1.5781,,,,
1014,0,27.5989,0.9297,24.7984,1.0625,,,,,0,27.8379,0.7344,25.5394,1.1875,,,,,0,61.5224,1.0938,46.7131,2.0938,,,,
1015,0,26.9493,0.7969,26.5333,1.0312,,,,,0,24.8396,0.7500,25.0085,1.0000,,,,,0,39.6827,0.9531,42.7512,1.6562,,,,
1016,0,24.9928,0.8281,33.9988,1.8242,,,,,0,23.3929,0.6875,27.4112,1.5000,,,,,0,44.4250,1.0469,49.0248,2.5000,,,,
1017,0,30.5771,0.7109,34.4056,1.3281,,,,,0,23.4220,0.6562,28.0945,1.2500,,,,,0,51.9755,1.1250,58.8582,3.3125,,,,
1018,0,25.2980,0.7109,28.8592,1.2500,,,,,0,25.0402,0.7188,24.2057,1.2500,,,,,0,42.0268,1.0156,42.9652,1.8906,,,,
1019,0,55.3458,1.0273,39.3036,1.8750,,,,,0,25.5548,0.6250,26.6494,1.6250,,,,,0,41.9878,1.0625,58.4359,3.3750,,,,
1020,0,23.8580,0.6992,37.6940,2.1250,,,,,0,27.7670,0.7031,24.2207,1.0625,,,,,0,33.2078,0.9531,50.8756,2.7500,,,,
1021,0,25.3861,0.7500,36.3095,1.4688,,,,,0,25.9877,0.6719,24.4002,1.0625,,,,,0,29.1555,0.8281,46.9056,2.2500,,,,
1022,0,27.4070,0.7578,35.2283,1.5625,,,,,0,21.5557,0.6875,23.5365,1.0625,,,,,0,29.2251,0.8594,47.5616,2.2500,,,,
1023,0,25.4411,0.6406,35.7589,1.7969,,,,,0,26.9592,0.7578,25.0783,1.0000,,,,,0,29.2229,0.8984,51.1842,2.2812,,,,
1024,0,23.0664,0.6680,42.4594,2.2812,,,,,0,26.8693,0.7266,25.6379,1.2500,,,,,0,31.0549,0.8203,48.7191,2.3750,,,,
1025,0,23.4644,0.6484,42.2414,1.7578,,,,,0,19.0716,0.6094,21.7757,1.0000,,,,,0,32.2254,0.8789,52.4381,2.2812,,,,
1026,0,33.7923,0.7812,34.6109,1.3984,,,,,0,29.7478,0.7656,22.1041,0.8242,,,,,0,31.3279,0.7734,50.6626,2.3750,,,,
1027,0,26.5567,0.8281,34.7626,2.0000,,,,,0,30.9779,0.7500,20.2353,0.7500,,,,,0,48.9411,0.8750,49.0152,3.3125,,,,
1028,0,24.2692,0.7344,33.5890,1.4688,,,,,0,23.6614,0.6562,26.5659,1.3750,,,,,0,48.6148,1.0938,53.1866,3.1875,,,,
1029,0,24.6391,0.7109,42.4310,2.1250,,,,,0,23.5237,0.6172,23.6387,0.8750,,,,,0,41.9338,0.9375,60.3300,3.5000,,,,
1030,0,25.1522,0.6562,38.4695,1.8750,,,,,0,25.5314,0.6562,25.0038,1.4375,,,,,0,64.2642,1.0469,59.7609,3.1250,,,,
1031,0,32.9134,0.7656,35.6968,1.5625,,,,,0,29.5368,0.6602,24.2752,1.2500,,,,,0,59.3682,1.0469,48.9362,2.6250,,,,
1032,0,31.5903,0.9766,34.8428,1.8125,,,,,0,26.2804,0.7109,31.6791,1.4062,,,,,0,44.7483,0.9688,44.3616,2.8125,,,,
1033,0,23.9452,0.7422,36.6240,1.5000,,,,,0,21.0364,0.6328,23.2413,0.8750,,,,,0,36.6984,0.9141,43.1752,2.6875,,,,
1034,0,40.0912,1.0000,32.7043,1.7500,,,,,0,25.3469,0.6602,21.8463,1.0625,,,,,0,55.8133,1.0586,42.7674,2.6250,,,,
1035,0,23.9181,0.7031,36.5105,1.7500,,,,,0,26.1379,0.6250,24.3071,1.0000,,,,,0,58.0006,0.9945,49.6455,2.3750,,,,
1036,0,22.3137,0.6445,37.2480,1.7188,,,,,0,22.2869,0.5938,22.7402,0.8750,,,,,0,46.0042,1.0000,49.4018,2.2500,,,,
1037,0,36.2572,0.8439,43.5442,1.7656,,,,,0,28.9768,0.5967,25.1860,1.0938,,,,,0,40.2330,0.9761,48.5862,2.6250,,,,
1038,0,25.9631,0.7188,33.6624,1.7500,,,,,0,25.5674,0.6523,23.6006,1.0000,,,,,0,46.8971,0.9688,47.5763,2.1875,,,,
1039,0,25.4004,0.7734,27.4211,1.1250,,,,,0,20.7053,0.6133,20.1497,0.8125,,,,,0,50.5563,0.9922,40.2619,1.8672,,,,
1040,0,34.7620,0.7344,34.9243,1.5000,,,,,0,19.9350,0.5820,20.4368,0.8750,,,,,0,48.7632,1.0156,37.3401,1.6562,,,,
1041,0,46.4407,1.0391,35.8171,1.8047,,,,,0,19.7831,0.5684,23.5104,1.0000,,,,,0,60.6770,1.1113,42.2177,1.9453,,,,
1042,0,21.9921,0.7473,29.3773,1.5625,,,,,0,21.8869,0.6096,24.2604,1.1250,,,,,0,44.5782,0.8945,34.9482,1.4531,,,,
1043,0,21.9495,0.7500,35.2818,1.6875,,,,,0,19.9013,0.5625,27.2353,1.2500,,,,,0,62.4055,1.0547,36.2696,1.6875,,,,
1044,0,62.5618,1.1875,35.8201,1.5312,,,,,0,21.5508,0.6328,21.0823,0.8750,,,,,0,58.5773,1.1309,37.5039,1.5000,,,,
1045,0,22.5055,0.6797,29.8073,1.1250,,,,,0,20.2434,0.5703,22.6195,1.1250,,,,,0,47.2896,1.0000,35.8349,1.3125,,,,
1046,0,27.7378,0.6797,31.7077,1.3750,,,,,0,22.8666,0.6455,24.0962,1.0625,,,,,0,64.3113,1.1875,32.4372,1.2812,,,,
1047,0,27.1052,0.7656,28.0522,1.0625,,,,,0,20.1250,0.6230,22.9300,1.0000,,,,,0,58.0157,1.0723,30.7044,1.2969,,,,
1048,0,22.1409,0.7168,24.5097,1.0000,,,,,0,20.6543,0.5879,21.4933,1.0000,,,,,0,54.9156,1.1016,29.0874,1.2812,,,,
1049,0,26.7883,0.8464,34.7202,1.5000,,,,,0,19.2699,0.5420,22.8434,1.0000,,,,,0,46.4454,0.9453,30.3644,1.2500,,,,
1050,0,32.0188,0.8945,36.3615,1.8125,,,,,0,18.7882,0.6172,23.8429,0.9375,,,,,0,39.9843,0.8125,38.7754,1.5000,,,,
1051,0,22.3727,0.6094,32.7531,1.3594,,,,,0,18.6833,0.6289,24.1422,1.1875,,,,,0,49.7633,0.9102,52.2193,2.2461,,,,
1052,0,42.3518,1.0391,36.1168,1.6875,,,,,0,24.7094,0.6875,23.2268,0.9629,,,,,0,44.2210,0.9375,41.6599,1.8828,,,,
1053,0,48.9491,1.1094,33.1609,1.3750,,,,,0,27.5740,0.7344,21.7264,0.9688,,,,,0,43.0936,0.9844,55.8486,2.9375,,,,
1054,0,36.4724,0.8594,39.0302,1.7500,,,,,0,30.3651,0.7812,24.0178,1.1250,,,,,0,45.2476,1.0625,59.4909,3.1172,,,,
1055,0,30.2336,0.7500,29.3252,1.8125,,,,,0,29.6362,0.7656,23.2262,0.8438,,,,,0,56.2007,1.1406,52.6454,2.2500,,,,
1056,0,26.5871,0.7539,32.6092,1.7500,,,,,0,31.7823,0.7656,24.9241,1.1250,,,,,0,39.1602,1.0156,45.3766,1.9219,,,,
1057,0,22.1893,0.6719,34.0571,2.2500,,,,,0,23.9152,0.7031,23.2207,1.0000,,,,,0,30.4916,0.8750,46.1258,2.0312,,,,
1058,0,40.5003,0.9375,37.7290,1.7812,,,,,0,31.6998,0.7969,25.1970,1.0156,,,,,0,35.3033,0.9062,52.8188,1.9688,,,,
1059,0,36.4169,0.8750,37.8293,2.0625,,,,,0,22.7431,0.6641,21.6633,1.1250,,,,,0,30.2678,0.8828,47.8627,1.9062,,,,
1060,0,28.2202,0.7930,29.7913,1.4375,,,,,0,22.3353,0.6562,26.9757,1.3125,,,,,0,29.1358,0.8125,54.3920,2.7500,,,,
1061,0,42.9785,0.8574,35.0131,1.5000,,,,,0,19.7384,0.6406,23.0893,1.0000,,,,,0,29.9830,0.8750,48.9924,2.3750,,,,
1062,0,65.3684,1.0781,33.1459,1.5938,,,,,0,19.2146,0.6250,24.8104,1.1250,,,,,0,61.9126,1.0156,58.9000,2.6250,,,,
1063,0,22.4055,0.7656,38.5146,1.7461,,,,,0,19.5845,0.5938,23.9261,0.9375,,,,,0,40.1450,0.9316,54.4831,1.8750,,,,
1064,0,24.4838,0.7656,36.1318,1.3984,,,,,0,26.3372,0.6875,23.1192,1.1250,,,,,0,38.1541,0.9062,52.3257,2.6250,,,,
1065,0,45.1264,1.0312,37.8942,2.0625,,,,,0,29.1220,0.6799,23.5469,0.9375,,,,,0,39.8958,1.0000,57.9936,2.8750,,,,
1066,0,42.3377,0.9375,32.7224,1.2812,,,,,0,26.2161,0.7070,22.9919,1.0625,,,,,0,35.4392,0.8594,56.0778,2.6875,,,,
1067,0,23.9063,0.7539,36.2261,1.7363,,,,,0,27.8562,0.7031,24.0473,1.0000,,,,,0,56.0145,1.0312,43.3106,2.9375,,,,
1068,0,36.0887,0.7969,32.7078,1.5000,,,,,0,26.1085,0.6641,21.4339,0.8418,,,,,0,57.7305,1.0386,41.5768,2.6250,,,,
1069,0,25.3310,0.7656,36.8608,1.8750,,,,,0,28.2662,0.6953,22.1668,1.0000,,,,,0,72.2947,1.2656,43.6030,2.5000,,,,
1070,0,40.9643,0.9727,32.8285,1.7500,,,,,0,24.0697,0.6758,22.8974,0.8750,,,,,0,46.6027,0.9531,48.3020,2.6250,,,,
1071,0,27.8404,0.8320,34.2908,1.3750,,,,,0,22.6567,0.6250,22.7559,0.8750,,,,,0,51.6339,1.0156,45.8207,2.2500,,,,
1072,0,24.6203,0.7344,34.0367,1.6250,,,,,0,28.2906,0.6953,23.4468,0.9375,,,,,0,54.4214,0.9922,42.7854,2.0625,,,,
1073,0,32.9535,0.8047,33.9586,1.8750,,,,,0,23.9996,0.5938,21.9402,0.9375,,,,,0,55.8736,1.0312,43.3719,2.0000,,,,
1074,0,47.1291,0.9482,41.3116,2.0000,,,,,0,19.3925,0.6113,22.3582,1.0000,,,,,0,37.4520,0.9961,44.1007,1.8750,,,,
1075,0,47.0922,0.8945,34.5767,1.5000,,,,,0,32.8297,0.6797,23.9354,0.9375,,,,,0,67.9717,1.2363,46.3038,2.2500,,,,
1076,0,43.5360,1.0625,38.0025,1.6250,,,,,0,26.5438,0.6680,24.5116,0.9375,,,,,0,59.6128,1.1016,49.1361,2.1816,,,,
1077,0,52.9521,1.0703,30.0267,1.6914,,,,,0,26.5686,0.6816,18.8638,0.9375,,,,,0,77.1247,1.2500,38.7376,1.9531,,,,
1078,0,45.5829,1.0830,29.2874,1.2461,,,,,0,19.9514,0.5703,20.5915,0.8750,,,,,0,77.8520,1.2314,32.1843,1.4688,,,,
1079,0,22.8546,0.6406,34.3169,1.4414,,,,,0,23.6924,0.6113,22.8765,1.0000,,,,,0,60.3231,1.0527,38.3536,1.2500,,,,
1080,0,47.5397,1.0957,29.9160,1.4375,,,,,0,22.4381,0.5811,25.9069,1.1875,,,,,0,62.9155,1.0952,36.8940,1.5000,,,,
1081,0,22.1897,0.6719,26.0796,0.9688,,,,,0,23.8908,0.6416,21.8713,1.0000,,,,,0,70.6150,1.1777,35.6919,1.3438,,,,
1082,0,42.9240,0.9844,32.4741,1.4062,,,,,0,27.9320,0.7070,24.7464,1.2500,,,,,0,62.7322,1.1289,37.5101,1.4375,,,,
1083,0,36.9731,0.7461,30.9219,1.3438,,,,,0,19.5066,0.5732,23.7953,1.2500,,,,,0,62.2997,1.0752,35.3241,1.5000,,,,
1084,0,29.6377,0.7930,34.6019,1.5781,,,,,0,24.3203,0.6016,22.7143,0.8750,,,,,0,65.8962,1.0938,36.2931,1.7500,,,,
1085,0,51.0881,1.0820,29.7424,1.0938,,,,,0,19.9401,0.5820,24.2453,1.0781,,,,,0,63.5357,1.1035,37.5036,1.4062,,,,
1086,0,22.5396,0.7070,25.7222,0.9375,,,,,0,19.7165,0.5498,23.5024,1.0625,,,,,0,48.0439,0.9453,33.0427,1.3750,,,,
1087,0,52.6605,0.9785,29.2925,1.6562,,,,,0,18.1296,0.5547,24.8818,0.8750,,,,,0,54.9617,0.9277,33.4413,1.6250,,,,
1088,0,29.1558,0.7812,33.4232,1.1875,,,,,0,18.3592,0.6050,25.1107,1.0000,,,,,0,42.1073,0.7959,43.9892,1.6484,,,,
1089,0,35.5198,0.9062,39.0882,1.6719,,,,,0,22.4866,0.6562,26.6804,1.1562,,,,,0,61.5015,1.0938,47.1777,2.0625,,,,
1090,0,29.2121,0.9297,30.9427,1.2500,,,,,0,24.5849,0.7500,26.7355,1.0000,,,,,0,45.5734,1.0000,43.4959,1.9375,,,,
1091,0,36.1268,0.8672,28.5043,1.2344,,,,,0,24.9492,0.6875,25.5254,1.2500,,,,,0,57.2930,1.2031,49.7828,2.8125,,,,
1092,0,28.1456,0.8047,29.2513,1.0898,,,,,0,27.1983,0.7344,30.4357,1.2500,,,,,0,54.7775,1.2031,61.0050,3.3125,,,,
1093,0,33.4066,0.9258,31.1500,2.0000,,,,,0,32.2387,0.7656,32.6610,1.5000,,,,,0,59.2994,1.1875,52.8427,2.5000,,,,
1094,0,32.2701,0.8086,32.7228,2.5000,,,,,0,25.4248,0.6562,29.2271,1.2812,,,,,0,48.7244,1.1250,49.0924,2.2969,,,,
1095,0,22.4536,0.6406,38.6420,1.9688,,,,,0,28.6855,0.7188,27.1041,1.2500,,,,,0,39.2741,1.0469,47.3750,2.0781,,,,
1096,0,25.0962,0.7188,32.1375,1.5000,,,,,0,20.0746,0.5762,24.5813,0.9688,,,,,0,29.4127,0.8281,46.6232,2.1719,,,,
1097,0,27.1273,0.7344,36.6589,1.6250,,,,,0,20.3591,0.6250,23.3782,0.7969,,,,,0,30.9064,0.9219,45.8304,1.9844,,,,
1098,0,30.4767,0.8691,35.8638,1.8750,,,,,0,26.7677,0.7500,24.8391,1.0000,,,,,0,33.3583,1.0156,47.7577,2.0625,,,,
1099,0,23.7875,0.7754,35.6202,1.5156,,,,,0,20.3567,0.5938,25.2659,1.0000,,,,,0,31.4173,0.8359,48.3756,2.3789,,,,
1100,0,22.6591,0.6523,35.6161,1.7188,,,,,0,19.7097,0.5938,21.5366,0.7656,,,,,0,33.8726,0.9121,52.1016,2.1562,,,,
1101,0,33.9420,0.8125,38.0096,1.7109,,,,,0,20.0333,0.5938,23.7285,0.8125,,,,,0,32.3455,0.8203,48.8618,2.0000,,,,
1102,0,30.8375,0.9219,28.0595,1.5000,,,,,0,25.5313,0.6719,19.6379,0.8750,,,,,0,55.4987,1.0000,47.7766,3.1875,,,,
1103,0,24.5918,0.8125,35.9710,1.6875,,,,,0,26.4065,0.6719,25.4637,1.1875,,,,,0,56.5974,1.1875,56.1169,3.6250,,,,
1104,0,25.3454,0.7031,37.8808,1.6250,,,,,0,33.0425,0.7578,24.0376,1.1250,,,,,0,44.8887,0.9688,52.8029,3.3125,,,,
1105,0,28.2072,0.7656,40.5448,2.0000,,,,,0,30.8687,0.7344,23.1084,1.1250,,,,,0,61.5441,1.0469,53.3457,2.8750,,,,
1106,0,28.4994,0.7500,38.0613,1.7500,,,,,0,26.0653,0.6680,22.0702,0.9375,,,,,0,65.7236,1.1562,49.7279,2.7500,,,,
1107,0,30.3145,0.7344,35.3844,1.7500,,,,,0,22.5646,0.6719,22.7304,0.9375,,,,,0,43.3546,1.0078,44.3604,2.5000,,,,
1108,0,24.4455,0.6719,38.7358,1.8125,,,,,0,25.0089,0.6914,23.1819,0.8906,,,,,0,52.7270,1.1094,44.0763,2.6250,,,,
1109,0,30.4822,0.8008,36.0856,1.5000,,,,,0,30.7962,0.7324,22.0474,0.7812,,,,,0,56.5576,1.0840,43.0026,2.1250,,,,
1110,0,23.7350,0.6250,32.8968,2.0625,,,,,0,27.3456,0.6484,21.3838,1.0000,,,,,0,56.0024,0.9917,44.4295,2.2500,,,,
1111,0,23.0394,0.7500,34.3176,1.5000,,,,,0,22.9217,0.5898,24.6780,0.8750,,,,,0,45.3252,0.9238,53.0501,2.5000,,,,
1112,0,27.0879,0.7847,32.4491,1.2500,,,,,0,24.0821,0.5400,26.7476,1.1250,,,,,0,50.8063,1.1226,48.4273,2.7500,,,,
1113,0,26.2577,0.7344,30.8043,1.3125,,,,,0,33.0940,0.7188,24.0621,0.9219,,,,,0,54.8888,1.0391,48.6764,2.2500,,,,
1114,0,25.9187,0.7656,31.7311,1.3125,,,,,0,23.4677,0.6289,20.4658,0.8750,,,,,0,61.9577,1.0938,39.2761,1.7500,,,,
1115,0,24.5337,0.7139,32.8204,1.1875,,,,,0,19.9642,0.6008,20.2493,1.0312,,,,,0,57.4273,1.0625,36.7880,1.8750,,,,
1116,0,60.3163,1.1699,35.0756,1.6562,,,,,0,22.0065,0.6230,23.5926,1.0000,,,,,0,58.9327,1.1074,42.5866,1.8125,,,,
1117,0,28.8716,0.8008,29.3895,1.5000,,,,,0,22.0359,0.5820,23.9033,1.2500,,,,,0,54.0612,1.0234,35.2152,1.3125,,,,
1118,0,41.4655,0.9531,38.7853,1.3750,,,,,0,18.5019,0.5671,24.6675,1.1875,,,,,0,61.7386,1.0723,37.6039,1.7500,,,,
1119,0,23.6034,0.7969,28.6809,1.3125,,,,,0,19.4604,0.5625,21.3487,1.0625,,,,,0,62.2095,1.1641,37.0467,1.4688,,,,
1120,0,38.0151,0.7812,25.1709,1.3750,,,,,0,20.8703,0.5898,21.2610,0.8750,,,,,0,48.0692,1.0195,36.2041,1.5625,,,,
1121,0,32.6984,0.7734,33.6889,1.5625,,,,,0,20.7316,0.6172,21.9874,1.0000,,,,,0,59.8273,1.1016,32.7090,1.1875,,,,
1122,0,41.1919,0.8750,26.2863,1.0742,,,,,0,19.8551,0.5918,22.0784,1.0625,,,,,0,60.4000,1.1133,31.4442,1.3828,,,,
1123,0,22.4785,0.7109,27.0126,1.6250,,,,,0,19.7068,0.5508,21.9023,1.0000,,,,,0,51.3432,1.1016,29.6668,1.4375,,,,
1124,0,23.4123,0.6445,29.9249,1.2812,,,,,0,19.8701,0.5664,20.9280,0.8750,,,,,0,52.9488,1.0166,30.2867,1.2500,,,,
1125,0,20.7584,0.6008,37.1714,1.5000,,,,,0,18.7949,0.6094,24.1443,0.8750,,,,,0,44.2215,0.8770,38.9747,1.6250,,,,
1126,0,47.2272,0.9453,28.2672,1.0469,,,,,0,20.4259,0.6904,25.6544,1.1250,,,,,0,47.3455,0.9062,53.1948,2.1055,,,,
1127,0,49.7598,1.1094,29.3180,1.8125,,,,,0,20.7319,0.6328,24.5805,1.0806,,,,,0,39.1705,0.9375,46.7046,2.2500,,,,
1128,0,37.2882,0.8672,33.2791,2.2500,,,,,0,25.1883,0.7188,24.3575,1.5000,,,,,0,43.2961,1.0000,50.4018,3.1250,,,,
1129,0,22.8410,0.6328,28.0057,1.4375,,,,,0,25.6458,0.7500,22.3608,1.2500,,,,,0,56.4694,1.1562,66.1568,3.9375,,,,
1130,0,23.9384,0.7188,37.0826,1.8750,,,,,0,26.5943,0.7031,24.3262,0.8750,,,,,0,52.2507,1.1094,53.7313,2.2500,,,,
1131,0,67.3372,1.2500,64.9033,3.2500,,,,,0,28.2725,0.7500,23.8112,0.8750,,,,,0,40.1435,1.0469,42.4843,1.8594,,,,
1132,0,29.7772,0.8281,38.6422,2.1875,,,,,0,23.1029,0.6875,24.1119,1.0469,,,,,0,31.9088,0.9375,46.0594,2.1562,,,,
1133,0,66.4618,1.2832,48.1038,2.1445,,,,,0,22.2963,0.6719,25.8737,1.1875,,,,,0,31.4338,0.8125,51.8948,2.0000,,,,
1134,0,26.5979,0.7422,37.4209,1.6072,,,,,0,23.1335,0.6484,21.7366,0.9531,,,,,0,31.5902,0.8828,47.7733,2.0000,,,,
1135,0,28.5906,0.9121,37.0253,1.6250,,,,,0,19.2863,0.6094,24.9427,1.1250,,,,,0,28.9117,0.8750,49.4077,2.1875,,,,
1136,0,27.8489,0.7607,40.9289,1.7188,,,,,0,21.0443,0.6328,23.5503,0.9688,,,,,0,29.5928,0.8359,48.5305,2.1875,,,,
1137,0,51.4129,1.0078,41.7940,2.1250,,,,,0,19.3204,0.5625,25.4382,1.3750,,,,,0,45.2323,0.9082,53.6933,2.7812,,,,
1138,0,27.7940,0.8086,38.3572,2.0625,,,,,0,23.4255,0.7188,21.0665,0.8750,,,,,0,34.5684,0.8076,52.7326,1.9980,,,,
1139,0,38.0405,0.8125,32.9752,1.3125,,,,,0,23.3675,0.6406,21.4939,1.2500,,,,,0,38.3315,0.8906,53.1056,2.8750,,,,
1140,0,31.9353,0.8516,42.3826,2.4375,,,,,0,28.8735,0.7344,23.1980,1.0000,,,,,0,37.7453,1.0469,63.4850,3.3750,,,,
1141,0,30.7965,0.9062,33.2757,1.3750,,,,,0,25.2158,0.6680,23.0094,1.0625,,,,,0,41.5767,0.9688,62.6535,2.8750,,,,
1142,0,50.6321,1.0469,34.3644,1.4375,,,,,0,25.9420,0.6641,24.6567,1.1250,,,,,0,55.6274,1.0000,49.6995,3.2500,,,,
1143,0,38.2103,0.9531,45.1146,2.3125,,,,,0,24.4223,0.6406,22.6048,1.0000,,,,,0,56.2802,1.0483,48.7449,3.1250,,,,
1144,0,25.9762,0.7812,35.6186,1.5625,,,,,0,29.5103,0.6797,22.5317,1.1250,,,,,0,66.7588,1.2188,53.9951,3.0625,,,,
1145,0,71.6825,1.2656,39.5401,1.7500,,,,,0,20.9535,0.6094,26.2758,1.2500,,,,,0,46.0479,0.9688,60.4067,2.9375,,,,
1146,0,42.1278,0.8594,43.0027,2.1250,,,,,0,23.8902,0.6484,23.5631,0.8125,,,,,0,52.2351,1.0234,53.5986,2.7500,,,,
1147,0,24.0458,0.6562,33.8003,1.7500,,,,,0,35.2765,0.7578,23.6453,0.9375,,,,,0,59.6444,1.0391,44.7814,2.3750,,,,
1148,0,29.3147,0.9062,38.5589,2.0000,,,,,0,27.9839,0.6484,21.0257,0.9375,,,,,0,54.0797,1.0244,43.6642,2.2500,,,,
1149,0,35.7560,0.8730,36.8700,1.3750,,,,,0,19.3897,0.6055,23.3243,1.0000,,,,,0,38.3089,1.0254,47.1981,2.3750,,,,
1150,0,49.6810,0.9561,35.2846,1.6250,,,,,0,26.5906,0.6240,23.6004,0.8750,,,,,0,52.6544,1.0566,45.0380,2.3750,,,,
1151,0,62.9075,1.0938,32.4697,1.5000,,,,,0,20.6981,0.5781,24.5454,1.0000,,,,,0,45.0394,0.9844,48.7465,2.1641,,,,
1152,0,41.7596,0.9688,26.8760,1.1250,,,,,0,22.1103,0.6211,19.6053,0.8750,,,,,0,67.9804,1.1719,40.2057,1.7812,,,,
1153,0,24.6881,0.7617,31.3491,1.3789,,,,,0,21.0007,0.6162,19.6800,0.8750,,,,,0,81.0310,1.2734,34.1793,1.6250,,,,
1154,0,39.0203,0.9277,36.1881,1.6250,,,,,0,20.7875,0.5903,23.4418,1.1250,,,,,0,62.6592,1.1016,40.6768,1.4688,,,,
1155,0,24.5548,0.6353,28.5450,1.2969,,,,,0,18.7852,0.5625,28.2471,1.5625,,,,,0,58.9457,1.0635,37.7886,1.5938,,,,
1156,0,32.4724,0.7578,31.0688,1.2500,,,,,0,18.8789,0.5488,22.1404,1.2500,,,,,0,68.1572,1.1406,34.8706,1.5000,,,,
1157,0,26.1625,0.7500,30.3309,1.1523,,,,,0,22.3049,0.6328,22.7531,1.1250,,,,,0,52.6020,1.0508,37.3880,1.5938,,,,
1158,0,56.5552,1.0410,33.8530,1.2500,,,,,0,19.6464,0.5479,22.8670,1.0625,,,,,0,66.4608,1.1025,33.9145,1.4375,,,,
1159,0,23.0578,0.6484,34.9672,1.4375,,,,,0,20.2189,0.5723,22.9139,0.9375,,,,,0,62.3738,1.0625,37.0190,1.5000,,,,
1160,0,26.3399,0.8271,31.3126,1.1250,,,,,0,19.6252,0.5703,21.5667,0.8906,,,,,0,71.8341,1.1738,36.5572,1.4688,,,,
1161,0,23.5091,0.7656,31.6464,1.5000,,,,,0,20.5003,0.5859,23.6670,1.1875,,,,,0,55.4667,1.1016,35.2411,1.5938,,,,
1162,0,26.1163,0.7266,28.7391,1.3750,,,,,0,18.2301,0.5469,22.3056,0.9531,,,,,0,55.5637,0.9062,34.0199,1.4375,,,,
1163,0,30.2033,0.6797,33.0540,1.1250,,,,,0,18.4183,0.5854,25.2849,1.0000,,,,,0,49.0462,0.8867,46.5200,1.7227,,,,
1164,0,60.0609,1.1094,29.1971,2.2500,,,,,0,24.7061,0.6719,27.3170,1.2500,,,,,0,61.3489,1.1094,49.4582,2.2500,,,,
1165,0,26.8018,0.9062,34.6871,1.2969,,,,,0,24.2970,0.7031,27.1007,1.0000,,,,,0,42.5022,0.9531,43.2638,1.9375,,,,
1166,0,24.3711,0.6953,27.2297,1.2500,,,,,0,26.8009,0.6875,27.8783,1.5000,,,,,0,51.1357,1.1562,49.8534,2.8125,,,,
1167,0,24.9152,0.7578,30.2414,1.2656,,,,,0,23.9488,0.7188,31.5204,1.3594,,,,,0,44.9249,1.1094,61.4185,3.1875,,,,
1168,0,30.3636,0.7871,33.5962,1.6562,,,,,0,30.0765,0.7812,30.3648,1.3750,,,,,0,49.3509,1.1406,52.9481,2.5625,,,,
1169,0,22.5076,0.6484,34.0076,1.5938,,,,,0,27.0204,0.7266,26.6360,1.0557,,,,,0,44.7041,1.1328,47.1698,2.1719,,,,
1170,0,30.3168,0.7188,30.1061,1.2500,,,,,0,23.6426,0.6797,24.7611,1.0000,,,,,0,39.5200,1.0859,43.6413,1.6953,,,,
1171,0,38.3919,0.8984,37.7897,1.4375,,,,,0,33.7409,0.7969,22.9220,1.0000,,,,,0,28.6322,0.7500,47.0416,1.9844,,,,
1172,0,25.6145,0.7930,44.6975,1.8125,,,,,0,20.7922,0.6406,25.1913,1.1094,,,,,0,31.3767,0.8281,59.1141,2.6191,,,,
1173,0,37.2333,0.8125,38.6761,1.7812,,,,,0,22.2451,0.6719,25.8763,1.0000,,,,,0,29.0497,0.8594,51.2177,1.9375,,,,
1174,0,31.5397,0.8594,33.2343,1.4062,,,,,0,24.4023,0.7109,24.7915,0.8906,,,,,0,31.6411,0.9297,47.9855,2.3125,,,,
1175,0,55.8862,1.1328,38.8533,1.7500,,,,,0,19.1598,0.5859,24.5666,1.0391,,,,,0,32.9878,0.8672,53.9506,2.3125,,,,
1176,0,62.4276,1.2031,40.0433,3.0000,,,,,0,25.7591,0.6797,21.5842,0.6875,,,,,0,31.9754,0.7969,47.4754,1.8750,,,,
1177,0,25.5115,0.7188,32.4713,1.3125,,,,,0,31.4552,0.7344,20.4469,0.7500,,,,,0,52.0460,0.9844,46.5141,2.8750,,,,
1178,0,25.8685,0.7812,33.5714,1.6250,,,,,0,24.1855,0.6797,25.1121,1.1250,,,,,0,45.0109,1.0781,50.0884,3.1250,,,,
1179,0,57.7155,1.0625,35.8359,2.1250,,,,,0,30.5825,0.7500,24.2759,1.2500,,,,,0,40.2079,0.9531,51.2149,3.0000,,,,
1180,0,24.4850,0.7734,38.6230,2.6875,,,,,0,24.7225,0.6562,23.3326,1.0000,,,,,0,57.6872,1.0000,49.3837,2.3750,,,,
1181,0,34.3388,0.7031,37.9624,1.8750,,,,,0,21.6475,0.5898,22.5606,1.0000,,,,,0,51.5255,1.0156,46.4471,2.6250,,,,
1182,0,52.2470,1.0938,35.2402,1.8750,,,,,0,26.0331,0.7266,23.1068,1.2500,,,,,0,41.7347,0.9688,42.9276,2.5000,,,,
1183,0,26.0939,0.7422,30.3030,1.0801,,,,,0,24.2012,0.6680,22.8358,1.0000,,,,,0,49.1095,1.0547,44.0158,2.7500,,,,
1184,0,34.5606,0.9219,37.4214,1.7500,,,,,0,26.1047,0.6758,22.0787,0.8750,,,,,0,56.3992,1.0977,43.9307,2.2500,,,,
1185,0,24.3535,0.7188,35.8586,1.4375,,,,,0,28.6099,0.6523,22.7500,0.9624,,,,,0,65.7373,1.0898,44.0707,2.2500,,,,
1186,0,27.2778,0.7891,32.7638,1.7500,,,,,0,23.5131,0.5820,22.4442,0.8125,,,,,0,42.1565,0.9375,47.6841,2.1250,,,,
1187,0,49.7939,0.8984,38.9983,1.5625,,,,,0,24.4006,0.5547,26.2624,1.1426,,,,,0,43.1271,1.0146,47.4289,2.6875,,,,
1188,0,23.0428,0.6719,35.1636,1.7500,,,,,0,26.1155,0.6562,25.9474,1.0000,,,,,0,46.8932,0.9688,46.6403,2.0625,,,,
1189,0,24.2071,0.7305,29.4367,1.2500,,,,,0,30.0280,0.7227,20.8548,1.0000,,,,,0,66.4583,1.1328,41.2183,1.9219,,,,
1190,0,76.4054,1.1562,33.2452,1.5977,,,,,0,19.7001,0.5610,20.7057,1.0312,,,,,0,51.8941,1.0234,37.7934,1.7500,,,,
1191,0,26.8870,0.7627,30.5640,1.5625,,,,,0,19.7584,0.5703,22.7923,1.0000,,,,,0,63.3627,1.1445,44.5105,2.1046,,,,
1192,0,22.1851,0.5918,28.7588,1.0938,,,,,0,18.9003,0.5596,24.3706,1.2500,,,,,0,45.0799,0.9297,40.0784,1.6367,,,,
1193,0,22.3677,0.6636,31.9543,1.3750,,,,,0,19.3111,0.5547,21.4570,1.0000,,,,,0,64.5514,1.0781,31.8891,1.7500,,,,
1194,0,23.1221,0.7031,35.2091,1.5000,,,,,0,20.0385,0.5830,23.9510,1.1250,,,,,0,58.6666,1.1367,38.4269,1.5312,,,,
1195,0,34.1002,0.9258,27.4299,1.2500,,,,,0,24.0103,0.6602,22.9616,1.1875,,,,,0,53.1786,1.1055,35.3244,1.4375,,,,
1196,0,40.4071,0.8203,33.6692,1.8750,,,,,0,19.7875,0.5742,22.4752,1.1250,,,,,0,58.0236,1.1094,31.9862,1.3750,,,,
1197,0,34.4831,0.8047,29.9072,1.5000,,,,,0,19.9369,0.6152,21.0603,0.8438,,,,,0,62.4616,1.1367,32.8176,1.3750,,,,
1198,0,24.2960,0.7363,27.2020,1.3125,,,,,0,19.9327,0.5859,21.0226,0.8750,,,,,0,46.6513,1.0449,28.6756,1.6875,,,,
1199,0,27.0620,0.7617,26.2751,1.0625,,,,,0,20.4679,0.5938,22.3453,1.0625,,,,,0,49.2129,0.9844,29.7960,1.3125,,,,
1200,0,23.6151,0.6724,33.9414,1.4248,,,,,0,18.1405,0.5859,23.7410,1.0625,,,,,0,45.2064,0.9180,31.8017,1.3750,,,,
1201,0,26.1752,0.6919,32.6446,1.2031,,,,,0,19.9523,0.6785,21.9592,0.8672,,,,,0,39.7656,0.8047,43.5729,1.5938,,,,
1202,0,36.9832,0.8281,32.2113,1.5938,,,,,0,21.6174,0.6562,23.7984,0.9722,,,,,0,44.0715,0.9844,45.2615,2.2188,,,,
1203,0,25.7309,0.9375,39.0214,2.3750,,,,,0,26.6542,0.7188,23.0740,1.0000,,,,,0,43.2382,1.0156,45.0583,1.9375,,,,
1204,0,43.0260,0.8750,33.7304,2.1875,,,,,0,24.1159,0.7031,23.5796,1.0000,,,,,0,56.1068,1.1094,55.3048,2.5000,,,,
1205,0,27.7251,0.7812,27.8308,1.1250,,,,,0,23.2155,0.6562,25.2201,0.8750,,,,,0,54.3728,1.1406,49.5844,1.9219,,,,
1206,0,25.4791,0.6641,32.8116,1.3750,,,,,0,26.2457,0.7188,23.4963,0.8906,,,,,0,36.9846,1.0156,43.2896,1.9062,,,,
1207,0,23.5234,0.6875,34.2663,1.2344,,,,,0,27.5048,0.7266,24.8630,1.0312,,,,,0,32.2435,0.9609,45.9023,2.2188,,,,
1208,0,47.2762,1.0312,49.5095,2.1250,,,,,0,23.5336,0.6523,33.5721,1.3203,,,,,0,37.7409,0.9531,52.7085,2.1562,,,,
1209,0,24.4256,0.6484,39.3953,1.8750,,,,,0,29.3632,0.7188,25.1674,1.0312,,,,,0,32.0857,0.9062,46.3366,2.0000,,,,
1210,0,23.8568,0.7617,36.7667,1.6094,,,,,0,20.2330,0.6016,24.8125,1.1250,,,,,0,28.8098,0.8516,48.5533,2.2031,,,,
1211,0,42.0487,0.9688,43.6802,1.6250,,,,,0,21.6564,0.6719,23.5551,1.0000,,,,,0,30.4836,0.9375,47.9748,2.1250,,,,
1212,0,25.8359,0.7109,49.9233,2.3750,,,,,0,22.7707,0.7500,25.6736,1.0938,,,,,0,46.1294,0.9307,59.5840,3.3438,,,,
1213,0,24.4367,0.6562,33.3789,1.3750,,,,,0,22.6472,0.7031,20.6019,0.7500,,,,,0,37.7400,0.8643,49.6894,2.0000,,,,
1214,0,23.9087,0.7422,33.3108,1.2500,,,,,0,23.5805,0.6562,23.8534,1.3750,,,,,0,44.1241,0.9531,54.8577,2.9375,,,,
1215,0,24.9704,0.7500,38.0063,2.1875,,,,,0,23.5480,0.6709,22.9051,1.0000,,,,,0,31.8304,0.8906,62.5229,3.1875,,,,
1216,0,49.1136,1.0859,36.4207,1.6562,,,,,0,28.4879,0.7305,21.9054,0.9375,,,,,0,41.2060,0.9219,61.9748,2.7500,,,,
1217,0,38.3313,0.9531,34.0713,1.5000,,,,,0,23.0705,0.6250,23.4518,1.1250,,,,,0,52.8427,1.0000,49.9230,3.5000,,,,
1218,0,25.7096,0.7500,38.3636,1.9375,,,,,0,30.4458,0.7188,23.8569,1.1250,,,,,0,59.8243,1.0669,50.4027,3.3125,,,,
1219,0,24.6859,0.6875,41.7103,1.8750,,,,,0,25.2935,0.6641,23.6740,1.0000,,,,,0,63.0501,1.1719,54.0134,3.1875,,,,
1220,0,35.7301,1.0312,47.7320,2.1875,,,,,0,23.1702,0.6328,25.6449,1.1250,,,,,0,49.1522,1.0391,62.2099,2.9375,,,,
1221,0,24.0883,0.8516,34.5342,2.0000,,,,,0,20.3637,0.5781,23.0117,1.1250,,,,,0,54.1883,1.0508,55.3666,3.0625,,,,
1222,0,26.6957,0.7031,38.4981,1.6875,,,,,0,28.4726,0.6953,23.4986,1.0000,,,,,0,54.1789,1.0039,44.2235,2.2500,,,,
1223,0,26.7423,0.8438,30.3741,1.8750,,,,,0,29.3217,0.6562,20.9694,0.9375,,,,,0,64.1520,1.1050,41.9155,2.6250,,,,
1224,0,31.9460,0.7490,35.9991,1.5000,,,,,0,21.2802,0.5547,24.5361,1.3750,,,,,0,44.4637,1.0957,50.9425,2.2500,,,,
1225,0,37.8175,0.8359,33.5524,1.6875,,,,,0,24.5505,0.6055,24.3109,0.9375,,,,,0,59.0539,1.1504,46.0314,2.5000,,,,
1226,0,26.2957,0.7266,37.0274,1.9375,,,,,0,27.9492,0.6797,23.7192,0.8750,,,,,0,59.7933,1.1094,49.3197,2.0469,,,,
1227,0,27.6519,0.8672,27.7230,1.2793,,,,,0,21.6041,0.6250,20.3187,1.0000,,,,,0,68.5546,1.2109,40.4204,1.8750,,,,
1228,0,52.9626,1.1436,34.7397,2.3438,,,,,0,20.0277,0.5605,20.8207,1.1250,,,,,0,82.3867,1.2891,33.8020,1.5781,,,,
1229,0,22.3295,0.6465,31.7108,1.1875,,,,,0,19.2768,0.5518,23.9032,1.1250,,,,,0,63.6928,1.0957,39.5358,1.4219,,,,
1230,0,42.0154,0.9160,30.8990,1.4375,,,,,0,24.0948,0.6133,28.3141,1.3750,,,,,0,65.9614,1.1328,39.5137,1.7163,,,,
1231,0,37.7907,0.8477,27.8278,1.0938,,,,,0,19.6424,0.5762,25.1006,1.3750,,,,,0,73.3691,1.1680,36.0375,1.4375,,,,
1232,0,45.4144,1.0859,29.9393,1.2891,,,,,0,21.6713,0.6172,24.6774,1.3750,,,,,0,58.2557,1.0918,37.6917,1.5469,,,,
1233,0,25.8453,0.6250,29.0095,1.3750,,,,,0,20.3174,0.5830,24.0786,1.1250,,,,,0,59.9493,1.0625,36.2267,1.5625,,,,
1234,0,49.9999,1.0547,25.3196,0.9375,,,,,0,19.3849,0.6484,21.9000,0.8750,,,,,0,60.9814,1.0156,37.7643,1.5625,,,,
1235,0,49.1512,1.0146,30.6185,1.0156,,,,,0,19.8435,0.5938,23.3247,1.0625,,,,,0,64.6245,1.1133,37.8178,1.4688,,,,
1236,0,23.5739,0.7578,28.9241,1.3125,,,,,0,20.9967,0.5859,23.9731,1.1250,,,,,0,56.7408,1.0781,33.4060,1.3750,,,,
1237,0,33.4291,0.7412,27.4530,1.1108,,,,,0,25.6050,0.6273,23.2183,1.0000,,,,,0,73.3134,1.0664,33.8406,1.7500,,,,
1238,0,35.9815,0.9297,32.5370,1.2109,,,,,0,20.8119,0.6250,24.0977,0.9375,,,,,0,51.3749,0.8994,44.0690,1.6250,,,,
1239,0,47.0988,1.0625,34.4082,1.6406,,,,,0,22.0008,0.6250,23.2669,1.0625,,,,,0,66.5201,1.1875,44.9863,2.0000,,,,
1240,0,23.2817,0.7500,30.9117,1.5625,,,,,0,27.6816,0.7500,26.6524,1.0000,,,,,0,45.2674,1.0156,41.3820,1.6562,,,,
1241,0,34.9735,0.9141,28.9898,1.5000,,,,,0,26.4921,0.6875,28.9325,1.2500,,,,,0,52.2849,1.1562,49.9075,2.8125,,,,
1242,0,23.0231,0.6484,32.6011,2.0156,,,,,0,26.3694,0.7031,30.7570,1.3037,,,,,0,57.4802,1.2031,60.0764,3.3125,,,,
1243,0,22.6463,0.6250,33.1701,1.7500,,,,,0,28.2979,0.7344,30.1678,1.2656,,,,,0,53.5393,1.1875,51.7449,2.2812,,,,
1244,0,24.2638,0.7539,30.6025,1.2812,,,,,0,25.1249,0.7031,28.8473,1.1562,,,,,0,40.0166,1.0781,49.4988,2.1719,,,,
1245,0,26.2931,0.8477,32.4920,1.3750,,,,,0,24.9208,0.6875,27.1954,1.2188,,,,,0,38.9607,1.0625,49.9260,2.2124,,,,
1246,0,31.9775,0.6838,36.2330,1.6562,,,,,0,25.8969,0.7344,23.0817,0.9375,,,,,0,34.1651,1.0000,47.5731,2.1875,,,,
1247,0,35.4494,0.7656,33.2082,1.4062,,,,,0,19.2568,0.6094,24.4038,0.9688,,,,,0,30.7943,0.8750,50.7019,2.0938,,,,
1248,0,23.4791,0.8412,38.8970,1.4688,,,,,0,25.8979,0.7266,26.5299,1.0000,,,,,0,37.2939,1.1172,49.0976,2.0938,,,,
1249,0,66.1014,1.0898,35.4095,1.7500,,,,,0,20.9794,0.6719,24.4558,1.0000,,,,,0,31.4768,0.8438,48.2838,2.3750,,,,
1250,0,33.6441,0.7305,44.2600,1.6250,,,,,0,18.9016,0.5205,22.6381,0.8750,,,,,0,31.9467,0.7812,52.0842,2.2812,,,,
1251,0,22.6859,0.7656,30.8367,2.2500,,,,,0,20.1074,0.6094,23.0845,0.8223,,,,,0,30.6980,0.7656,46.3895,1.9375,,,,
1252,0,38.7427,0.9219,33.1440,2.0000,,,,,0,30.2226,0.7422,20.3753,0.8750,,,,,0,59.9669,1.0625,47.0931,3.4375,,,,
1253,0,28.2774,0.8203,36.6348,1.3750,,,,,0,28.5307,0.7500,24.3822,1.1250,,,,,0,43.9972,1.0469,48.4144,3.5625,,,,
1254,0,25.3526,0.6875,31.3333,1.6875,,,,,0,20.5148,0.6094,22.9428,1.0000,,,,,0,44.8525,0.9688,48.7487,3.1875,,,,
1255,0,63.1940,1.0625,37.6348,1.7500,,,,,0,24.9922,0.6953,22.2880,0.9375,,,,,0,61.1115,1.0781,50.2730,2.6250,,,,
1256,0,26.2256,0.8359,30.8339,1.2500,,,,,0,23.2411,0.6172,21.8660,1.0000,,,,,0,61.6222,1.1172,45.7694,2.7500,,,,
1257,0,24.3185,0.7031,32.9386,1.2500,,,,,0,25.6263,0.7344,22.4318,1.0000,,,,,0,42.9844,1.0547,42.8973,2.3750,,,,
1258,0,30.8189,0.7344,30.2585,1.1875,,,,,0,21.4073,0.6133,22.1080,1.0000,,,,,0,46.5151,1.0391,41.9189,2.4375,,,,
1259,0,33.3259,0.9297,35.1549,1.5000,,,,,0,27.4172,0.6816,22.5034,0.8281,,,,,0,72.0059,1.2207,44.4753,2.2500,,,,
1260,0,25.7725,0.6406,39.3854,1.9062,,,,,0,26.7027,0.6328,22.3823,0.8125,,,,,0,56.4626,1.0195,42.7552,2.0000,,,,
1261,0,52.7734,1.0195,34.7867,1.4375,,,,,0,19.7121,0.6064,23.5937,0.8750,,,,,0,37.5914,0.8906,44.7937,1.8750,,,,
1262,0,34.5320,0.7676,37.5139,2.0625,,,,,0,25.9196,0.5625,29.3160,1.2500,,,,,0,43.0591,1.0073,44.7269,2.4688,,,,
1263,0,23.7421,0.7188,37.0274,1.7500,,,,,0,26.8960,0.6562,24.7924,1.1250,,,,,0,55.0162,1.0352,46.2785,1.9375,,,,
1264,0,29.2188,0.7695,26.9778,1.0312,,,,,0,19.7759,0.5898,20.6676,0.8750,,,,,0,56.0563,1.0625,40.3728,1.8535,,,,
1265,0,35.7631,0.7734,32.4347,1.3320,,,,,0,21.8403,0.5969,20.3273,0.9375,,,,,0,60.8999,1.1250,36.8842,1.6250,,,,
1266,0,45.3327,1.1094,34.9089,1.3320,,,,,0,22.1319,0.6230,22.7076,0.9375,,,,,0,58.5993,1.0977,43.4596,1.8047,,,,
1267,0,22.3070,0.6719,29.6201,1.2500,,,,,0,19.3495,0.5522,22.8082,1.0000,,,,,0,50.9357,0.9629,34.7558,1.3438,,,,
1268,0,23.4424,0.6602,30.1760,1.1250,,,,,0,18.7743,0.5693,25.2272,1.1875,,,,,0,63.8629,1.0762,40.0080,1.8125,,,,
1269,0,24.2162,0.7461,30.6798,1.1875,,,,,0,19.2892,0.5682,22.9103,1.1250,,,,,0,61.6220,1.1279,37.1543,1.5000,,,,
1270,0,40.6192,0.9453,29.7650,1.1113,,,,,0,20.6801,0.6074,21.6577,1.0000,,,,,0,50.6718,1.0527,35.8981,1.3125,,,,
1271,0,30.5240,0.8203,29.2485,1.0625,,,,,0,21.8347,0.6230,24.1459,1.1250,,,,,0,60.6929,1.1719,33.3957,1.2188,,,,
1272,0,68.4004,1.2188,32.6863,1.3125,,,,,0,20.0044,0.6182,23.8075,1.0938,,,,,0,57.2833,1.0723,32.1265,1.1719,,,,
1273,0,24.8903,0.7500,28.3867,1.1875,,,,,0,19.4521,0.5996,22.5827,1.1250,,,,,0,48.6313,1.0469,29.4713,1.2188,,,,
1274,0,22.7204,0.6895,27.5461,1.1875,,,,,0,20.0832,0.5752,23.3693,0.9219,,,,,0,48.8363,0.9883,31.5506,1.3125,,,,
1275,0,37.1028,0.8691,43.9218,1.6875,,,,,0,18.9799,0.6250,23.5755,1.0625,,,,,0,42.6437,0.8750,40.5121,1.5000,,,,
1276,0,23.3911,0.6719,36.2615,1.5000,,,,,0,18.8301,0.6122,27.1820,1.1875,,,,,0,49.4578,0.9180,58.5459,2.1602,,,,
1277,0,48.9104,1.0938,32.3913,1.6250,,,,,0,21.0732,0.6406,24.7978,1.0781,,,,,0,37.6629,0.9375,47.3643,2.2812,,,,
1278,0,37.2939,0.9141,40.6083,1.9375,,,,,0,20.7769,0.6094,23.8130,1.7500,,,,,0,39.9341,0.9844,50.7240,3.0312,,,,
1279,0,34.7178,0.8125,36.2334,1.5625,,,,,0,25.4551,0.7344,22.6612,1.2500,,,,,0,56.2203,1.1875,68.1513,4.0000,,,,
1280,0,29.2277,0.7500,28.1976,1.3750,,,,,0,30.6330,0.7344,24.7099,0.8750,,,,,0,52.5930,1.1406,53.3260,2.3125,,,,
1281,0,86.3803,1.4297,69.0152,4.0000,,,,,0,29.0729,0.7656,24.1830,0.9688,,,,,0,38.9776,1.0312,43.1616,1.9062,,,,
1282,0,28.2784,0.8203,34.4648,1.8750,,,,,0,25.8400,0.6875,24.6408,1.0000,,,,,0,35.5240,1.0000,47.4574,2.1562,,,,
1283,0,53.4643,1.1680,56.8495,2.4648,,,,,0,19.9866,0.6250,25.0465,1.2031,,,,,0,39.4580,0.9688,53.5277,2.1875,,,,
1284,0,26.8454,0.6797,38.2792,1.8906,,,,,0,23.3556,0.6797,22.1598,0.9688,,,,,0,30.7193,0.8984,47.8693,2.0000,,,,
1285,0,24.4672,0.7578,38.2095,1.7500,,,,,0,21.1240,0.6406,23.7848,1.0000,,,,,0,29.3280,0.9219,49.4226,2.2500,,,,
1286,0,24.7565,0.6562,31.7733,1.5000,,,,,0,21.0881,0.6797,25.3249,0.9219,,,,,0,32.3657,0.8794,48.6148,2.1250,,,,
1287,0,52.0560,1.0020,41.9774,2.0312,,,,,0,21.4309,0.6875,27.1480,1.1406,,,,,0,44.5643,0.9053,57.0892,2.7188,,,,
1288,0,50.8007,1.1094,40.1206,1.6250,,,,,0,21.0309,0.6719,22.0740,0.8750,,,,,0,32.8051,0.7930,50.4169,1.8750,,,,
1289,0,27.8365,0.8516,38.8106,1.5000,,,,,0,21.3801,0.5938,22.2367,1.3750,,,,,0,40.7020,0.9531,56.1083,3.0625,,,,
1290,0,23.5976,0.7188,40.6550,1.8750,,,,,0,27.3571,0.7188,24.8722,1.2500,,,,,0,38.9776,1.0469,65.2294,3.5000,,,,
1291,0,24.1753,0.6250,37.5450,1.7500,,,,,0,25.6020,0.6719,24.7292,1.2500,,,,,0,50.0707,1.0469,64.6799,3.1875,,,,
1292,0,24.9762,0.6641,35.6981,1.5000,,,,,0,23.0908,0.6367,23.5770,1.1250,,,,,0,62.9228,1.1406,51.9878,3.7500,,,,
1293,0,29.9142,0.8594,34.6672,2.0000,,,,,0,24.9444,0.6719,21.6641,1.0625,,,,,0,55.8589,1.0312,50.9533,3.5000,,,,
1294,0,25.2103,0.7266,37.3997,1.6250,,,,,0,21.7331,0.6172,24.2353,1.1250,,,,,0,67.4118,1.2031,54.5996,3.1250,,,,
1295,0,37.6271,0.9102,39.4716,2.0000,,,,,0,27.2765,0.6914,25.9483,1.3750,,,,,0,58.6832,1.1172,60.8411,3.1250,,,,
1296,0,27.5974,0.7656,34.6812,1.2500,,,,,0,22.8390,0.6152,22.3464,0.8750,,,,,0,53.4898,1.0352,53.3645,2.8750,,,,
1297,0,27.5625,0.8281,36.1982,1.5625,,,,,0,27.9859,0.6855,24.5328,1.1250,,,,,0,69.1319,1.1523,46.8841,2.5625,,,,
1298,0,50.7651,1.0117,38.2044,1.8750,,,,,0,21.9036,0.5703,21.6828,0.9375,,,,,0,57.4189,1.0469,42.8855,2.2500,,,,
1299,0,39.6839,0.8555,35.0017,1.2500,,,,,0,19.6129,0.5908,24.7216,1.2500,,,,,0,38.1650,0.9902,44.4367,2.1250,,,,
1300,0,56.9714,1.1348,35.8024,1.5000,,,,,0,26.1778,0.6094,24.7334,0.9238,,,,,0,54.1644,1.0547,42.4305,2.2500,,,,
1301,0,28.8031,0.7539,30.8443,1.5703,,,,,0,25.0226,0.6523,23.6523,1.0000,,,,,0,54.7326,1.0781,49.4043,2.2734,,,,
1302,0,23.9035,0.6875,31.5841,1.4062,,,,,0,25.2568,0.6680,19.4117,0.9219,,,,,0,72.8758,1.2188,39.9989,1.8125,,,,
1303,0,75.7926,1.3975,36.1128,1.7778,,,,,0,21.9017,0.6130,19.5627,1.0000,,,,,0,75.5013,1.1953,34.3657,1.6641,,,,
1304,0,28.9824,0.7539,31.3586,1.3750,,,,,0,22.5009,0.6055,23.0070,1.1250,,,,,0,72.9525,1.1875,40.8109,1.4062,,,,
1305,0,46.5767,0.9805,27.2966,1.1250,,,,,0,19.5753,0.5566,26.2235,1.3750,,,,,0,66.2113,1.1094,38.3104,1.6719,,,,
1306,0,50.8117,1.0601,35.4124,1.5938,,,,,0,22.3994,0.6094,22.7779,1.0000,,,,,0,75.9784,1.1895,35.7914,1.3750,,,,
1307,0,27.5529,0.7266,30.0504,1.0469,,,,,0,22.6844,0.6523,25.5102,1.2500,,,,,0,63.7067,1.1387,38.3712,1.6094,,,,
1308,0,23.7958,0.7578,29.7374,1.1250,,,,,0,20.1457,0.5994,24.7208,1.2500,,,,,0,58.7237,1.0625,35.1597,1.4375,,,,
1309,0,44.7194,0.9453,31.1642,1.0781,,,,,0,19.2126,0.6172,21.5208,0.8125,,,,,0,61.7523,1.0117,38.1385,1.7500,,,,
1310,0,48.5315,1.0117,35.5251,1.3906,,,,,0,19.5067,0.5576,24.0334,1.0625,,,,,0,71.2583,1.1602,38.5249,1.5000,,,,
1311,0,25.3919,0.8242,30.9446,1.3750,,,,,0,19.4038,0.5591,22.8496,1.0000,,,,,0,52.3745,1.0234,32.1417,1.3438,,,,
1312,0,27.8725,0.7207,28.1549,1.3750,,,,,0,18.2284,0.5273,22.9339,0.9219,,,,,0,58.8064,0.9473,33.3873,1.5625,,,,
1313,0,29.1633,0.7969,32.5112,1.2500,,,,,0,18.6388,0.5752,23.3111,1.1250,,,,,0,48.7149,0.8740,41.3263,1.5625,,,,
1314,0,29.9101,0.9609,32.3175,1.5000,,,,,0,22.5142,0.6562,25.4031,1.1875,,,,,0,58.2156,1.0781,47.0194,2.0625,,,,
1315,0,25.4427,0.8750,27.2987,2.1250,,,,,0,27.8997,0.7969,25.7945,0.9375,,,,,0,48.8193,1.0469,43.6979,1.7812,,,,
1316,0,23.7221,0.7109,37.6902,1.8125,,,,,0,25.0592,0.7344,28.2529,1.2500,,,,,0,45.5156,1.0781,49.0172,2.7500,,,,
1317,0,26.7051,0.7891,39.9155,2.2500,,,,,0,28.0498,0.7344,29.2801,1.1250,,,,,0,51.2794,1.1562,62.0042,3.3750,,,,
1318,0,22.8201,0.6641,30.0964,1.3750,,,,,0,22.6315,0.6875,32.8340,1.5195,,,,,0,55.5219,1.1719,53.0133,2.5625,,,,
1319,0,46.3688,1.0267,34.7663,1.6875,,,,,0,25.7025,0.7188,29.6352,1.2812,,,,,0,48.6452,1.2031,48.8329,2.2656,,,,
1320,0,25.1012,0.6875,36.1922,1.8438,,,,,0,23.2179,0.6641,26.7133,1.1875,,,,,0,43.0219,1.1016,47.8754,2.0156,,,,
1321,0,24.6093,0.7969,32.5377,1.8594,,,,,0,25.9602,0.7344,22.3401,0.8145,,,,,0,32.5492,0.9531,46.3961,2.1406,,,,
1322,0,31.2845,0.7637,34.7301,1.5000,,,,,0,23.8459,0.7188,25.0575,1.1250,,,,,0,30.4055,0.9531,48.9605,2.0938,,,,
1323,0,48.6915,0.9336,34.2027,1.3750,,,,,0,32.4221,0.8125,25.7623,1.0000,,,,,0,33.5864,1.0312,47.8896,1.9375,,,,
1324,0,27.4706,0.7246,31.2534,1.2031,,,,,0,23.6898,0.6484,26.1539,1.0312,,,,,0,30.0357,0.8359,46.5627,2.2812,,,,
1325,0,29.3537,0.9453,45.8827,1.9609,,,,,0,19.8084,0.5503,25.1041,0.9375,,,,,0,31.4941,0.8594,52.1356,2.2500,,,,
1326,0,22.9852,0.6875,32.7418,1.5000,,,,,0,26.1580,0.6875,22.5101,0.8125,,,,,0,31.4895,0.7969,46.3343,1.7812,,,,
1327,0,27.6351,0.6953,32.2773,1.3125,,,,,0,34.2662,0.7891,20.0314,0.8125,,,,,0,50.1631,0.9688,46.3683,3.0625,,,,
1328,0,44.2704,0.8750,34.0688,2.0000,,,,,0,23.5039,0.6641,24.3046,1.0000,,,,,0,42.1736,1.1094,50.2527,3.3750,,,,
1329,0,31.9060,1.0469,34.8889,1.5938,,,,,0,31.7596,0.7812,23.2177,1.0000,,,,,0,54.9873,1.1250,51.4822,3.3125,,,,
1330,0,32.9588,0.9062,44.1808,2.3750,,,,,0,24.0763,0.6562,22.1433,0.9375,,,,,0,67.8565,1.0859,50.7058,2.8750,,,,
1331,0,31.7717,0.6680,36.6149,1.6875,,,,,0,24.4870,0.6250,22.1218,0.9883,,,,,0,60.4461,1.1094,47.1615,2.7500,,,,
1332,0,30.8840,0.6875,32.9673,1.5000,,,,,0,28.6518,0.7500,22.3675,1.0000,,,,,0,59.3748,1.1641,43.9346,2.6250,,,,
1333,0,26.0004,0.6875,35.7379,1.7031,,,,,0,23.9835,0.6836,23.0706,0.8291,,,,,0,50.3245,1.0938,43.6986,2.4375,,,,
1334,0,37.3037,0.8672,36.5656,1.6250,,,,,0,20.5169,0.6133,23.0278,0.9688,,,,,0,51.8175,1.0547,44.3019,2.3750,,,,
1335,0,26.9594,0.8125,36.7934,1.6875,,,,,0,25.4326,0.6328,22.8298,1.0000,,,,,0,60.6505,1.0547,45.7981,2.3750,,,,
1336,0,60.5220,1.1914,40.3160,2.0000,,,,,0,25.3506,0.6055,22.5073,0.8750,,,,,0,45.3264,1.0156,44.9084,2.1250,,,,
1337,0,32.9350,0.8027,34.1061,1.3750,,,,,0,23.3358,0.5430,27.2153,1.1250,,,,,0,41.4090,0.9854,45.4254,2.4062,,,,
1338,0,36.1740,0.8828,31.5060,1.2500,,,,,0,27.8011,0.6680,23.6827,1.0000,,,,,0,46.4755,0.9463,48.3854,2.2500,,,,
1339,0,28.6281,0.7969,30.9401,1.2812,,,,,0,20.5976,0.6016,20.4500,1.0000,,,,,0,64.9660,1.1094,40.1850,2.0000,,,,
1340,0,24.1212,0.7441,29.9101,1.1875,,,,,0,19.8356,0.5785,20.5333,0.9062,,,,,0,60.4688,1.1250,37.1287,1.6875,,,,
1341,0,27.7299,0.7207,31.4522,1.3281,,,,,0,22.7256,0.6191,23.0154,1.0000,,,,,0,75.1878,1.2383,44.2125,1.9531,,,,
1342,0,21.3862,0.6328,28.8511,1.1250,,,,,0,20.5316,0.5648,25.3936,1.1250,,,,,0,55.6317,0.9900,35.9493,1.5000,,,,
1343,0,23.2342,0.6484,41.7643,1.7500,,,,,0,19.0266,0.5371,29.6288,1.5000,,,,,0,71.8960,1.1533,40.7132,1.8750,,,,
1344,0,31.7266,0.8164,29.4539,1.2188,,,,,0,20.0089,0.5818,21.6541,0.8125,,,,,0,62.8867,1.1328,38.0375,1.5000,,,,
1345,0,23.5823,0.7227,27.3645,1.0625,,,,,0,20.3585,0.5918,21.6227,1.1250,,,,,0,50.5746,1.0762,36.3207,1.5625,,,,
1346,0,24.4678,0.7227,26.0370,0.9219,,,,,0,22.6791,0.6250,22.8047,1.0000,,,,,0,69.6333,1.2344,32.7134,1.1875,,,,
1347,0,34.6479,0.7852,28.7056,1.1875,,,,,0,20.3439,0.6230,21.9402,0.9375,,,,,0,66.0213,1.1758,32.7082,1.2656,,,,
1348,0,41.4653,0.8672,25.4629,1.1875,,,,,0,20.6688,0.5781,21.3418,0.8750,,,,,0,52.7251,1.0684,29.5176,1.5000,,,,
1349,0,45.4471,1.0195,27.5583,1.3750,,,,,0,20.8090,0.5879,22.5748,1.0000,,,,,0,55.8414,1.0391,30.4835,1.2812,,,,
1350,0,22.1775,0.6836,33.7613,1.4219,,,,,0,18.1083,0.5781,23.2986,1.0000,,,,,0,46.9783,0.9473,39.7045,1.5625,,,,
1351,0,30.9095,0.6953,36.5656,1.5469,,,,,0,21.3246,0.6957,27.4701,1.4297,,,,,0,45.1486,0.8750,54.3495,2.6992,,,,
1352,0,62.5089,1.1094,30.5706,1.6250,,,,,0,21.0784,0.6250,21.6343,0.8750,,,,,0,41.1971,0.9688,45.7555,2.4062,,,,
1353,0,67.9622,1.1914,31.0244,1.5000,,,,,0,23.6986,0.6875,23.5754,1.0000,,,,,0,42.9372,0.9688,51.5186,2.5000,,,,
1354,0,51.1404,0.9844,32.3861,1.3750,,,,,0,25.6840,0.7188,24.0421,1.0000,,,,,0,47.3226,1.0938,60.4242,4.0000,,,,
1355,0,47.2556,0.9766,37.4398,1.8125,,,,,0,24.0735,0.7031,24.6420,1.0625,,,,,0,55.6264,1.1719,60.9880,2.6875,,,,
1356,0,30.9308,0.8438,33.8851,2.0625,,,,,0,44.3046,1.0156,39.6910,1.7812,,,,,0,37.7838,0.9688,52.8104,2.6250,,,,
1357,0,28.4076,0.7734,30.9770,1.3750,,,,,0,28.1492,0.7422,24.0687,0.9062,,,,,0,32.9012,0.9609,51.3436,2.1758,,,,
1358,0,23.7272,0.7656,38.9938,1.7500,,,,,0,26.5615,0.7266,23.8667,0.9375,,,,,0,43.7300,1.0859,48.4286,2.0000,,,,
1359,0,32.3547,0.7969,35.1543,2.0469,,,,,0,19.5882,0.5869,23.8661,0.8750,,,,,0,29.8378,0.8594,50.3998,2.1562,,,,
1360,0,52.1770,1.0859,32.3176,1.5564,,,,,0,22.0942,0.6797,23.2780,0.8125,,,,,0,30.9022,0.9453,49.0873,2.7500,,,,
1361,0,27.9978,0.8892,37.5794,1.8320,,,,,0,26.4083,0.7500,25.2380,1.0000,,,,,0,33.2012,1.0000,51.0512,2.3750,,,,
1362,0,45.8850,1.0312,41.6697,2.0078,,,,,0,21.7903,0.7188,25.6244,0.9453,,,,,0,40.2831,0.8906,64.1956,3.1250,,,,
1363,0,24.9081,0.7812,41.4286,1.7656,,,,,0,20.4031,0.6719,23.8216,0.9375,,,,,0,35.5341,0.8652,55.0324,2.1250,,,,
1364,0,46.4695,1.0547,33.6032,1.4375,,,,,0,32.2164,0.7656,23.6269,1.1875,,,,,0,44.8006,1.0000,56.6759,2.7500,,,,
1365,0,34.9128,0.7734,39.6555,1.8438,,,,,0,25.8950,0.7188,26.9205,1.1875,,,,,0,40.4950,1.0625,63.1514,3.4375,,,,
1366,0,33.2863,0.9023,43.5225,1.7734,,,,,0,23.4005,0.6602,26.1221,1.3750,,,,,0,44.5666,1.0000,59.8406,3.0625,,,,
1367,0,24.6539,0.7734,32.7618,1.1250,,,,,0,24.1262,0.6562,26.0055,1.0625,,,,,0,58.4933,1.0938,49.8844,3.5625,,,,
1368,0,27.9877,0.7812,30.7641,1.5000,,,,,0,24.9197,0.6641,24.6282,1.0000,,,,,0,55.9850,1.0156,51.3362,3.3125,,,,
1369,0,26.6523,0.8438,38.8614,1.7500,,,,,0,22.3845,0.6172,23.4581,1.0625,,,,,0,66.1991,1.2031,53.0941,3.0625,,,,
1370,0,24.0739,0.6719,33.7756,1.7500,,,,,0,21.3832,0.6110,25.4584,1.0312,,,,,0,49.5138,1.0234,59.1900,3.1875,,,,
1371,0,33.8175,0.8789,37.3897,1.3750,,,,,0,19.9277,0.5977,23.3440,1.0000,,,,,0,49.2780,0.9922,53.0124,3.1250,,,,
1372,0,22.8236,0.6406,31.6326,1.5000,,,,,0,27.5857,0.6719,24.7140,1.0312,,,,,0,64.7139,1.0781,45.8695,2.6250,,,,
1373,0,25.6414,0.7422,35.5543,1.7500,,,,,0,24.8161,0.6250,22.5947,0.9375,,,,,0,59.6121,1.0625,43.4646,2.6250,,,,
1374,0,47.2758,0.8477,37.8429,1.9141,,,,,0,20.1966,0.6934,24.8619,1.2500,,,,,0,35.8078,0.9980,46.0601,2.2500,,,,
1375,0,22.7598,0.6914,32.7968,1.3828,,,,,0,26.8279,0.6133,25.4546,1.0000,,,,,0,58.2002,1.1309,44.0991,2.2500,,,,
1376,0,45.2770,1.0156,36.8536,1.3125,,,,,0,22.7183,0.6094,25.4085,1.0000,,,,,0,52.2479,1.0391,49.6833,2.1797,,,,
1377,0,23.7356,0.6758,31.9346,1.7500,,,,,0,26.7683,0.6641,19.4335,0.8125,,,,,0,77.5634,1.2656,37.7330,1.7656,,,,
1378,0,31.9795,0.8594,31.1465,1.5977,,,,,0,22.0303,0.6172,20.3160,0.8750,,,,,0,73.5215,1.1797,32.7701,1.5000,,,,
1379,0,34.5494,0.8203,31.5861,1.2656,,,,,0,24.1462,0.6318,23.0754,1.0000,,,,,0,64.8680,1.1426,41.1572,1.4375,,,,
1380,0,22.2030,0.7031,31.0293,1.2500,,,,,0,20.5511,0.5723,26.8494,1.4375,,,,,0,60.8437,1.1172,37.7001,1.4844,,,,
1381,0,23.4660,0.7109,28.2357,1.1250,,,,,0,18.8839,0.5469,22.0882,1.0625,,,,,0,70.3874,1.1494,35.7437,1.3750,,,,
1382,0,30.6332,0.8672,33.2383,1.3750,,,,,0,21.0971,0.5977,26.8662,1.5000,,,,,0,58.6370,1.0781,38.0675,1.5156,,,,
1383,0,26.7815,0.6641,29.5097,1.2500,,,,,0,19.5175,0.5703,25.2008,1.3750,,,,,0,62.1275,1.0781,35.0918,1.3438,,,,
1384,0,22.2382,0.6641,33.8284,1.7500,,,,,0,19.9899,0.5752,22.4725,0.9375,,,,,0,60.9618,1.0098,36.3387,1.7500,,,,
1385,0,38.4156,0.8594,28.0646,1.3125,,,,,0,20.5895,0.6025,23.4204,1.0156,,,,,0,70.2998,1.1836,38.6613,1.5000,,,,
1386,0,24.8489,0.7031,28.5965,1.4688,,,,,0,20.2247,0.5703,21.6483,0.9375,,,,,0,60.0039,1.1094,33.0242,1.2812,,,,
1387,0,32.4202,0.8008,28.3735,1.1250,,,,,0,22.1134,0.5728,23.3403,1.0312,,,,,0,59.2983,0.9512,35.6185,1.5000,,,,
1388,0,46.3959,0.9199,30.8850,1.3750,,,,,0,18.9576,0.6025,25.2980,1.1250,,,,,0,48.1992,0.8584,43.9577,1.6094,,,,
1389,0,31.9497,1.0000,29.2338,1.2500,,,,,0,25.6952,0.7188,23.3760,1.0938,,,,,0,65.3148,1.1406,46.3631,2.0938,,,,
1390,0,30.5301,0.8438,30.8553,1.2812,,,,,0,31.4493,0.8438,25.2526,0.8750,,,,,0,40.0181,0.9531,41.1055,1.6875,,,,
1391,0,23.2841,0.6406,39.9379,1.7974,,,,,0,22.5966,0.6875,26.1999,1.5000,,,,,0,47.4117,1.1094,51.9119,3.0625,,,,
1392,0,25.7698,0.6797,36.4293,2.5000,,,,,0,24.0701,0.7188,25.0581,1.2500,,,,,0,39.2862,0.9688,50.1194,2.7969,,,,
1393,0,23.0613,0.6016,31.7944,1.6875,,,,,0,24.6502,0.7188,27.7738,2.0000,,,,,0,53.3127,1.1719,61.9190,4.1250,,,,
1394,0,24.1693,0.6094,33.3586,2.0000,,,,,0,24.4861,0.7188,23.8922,1.1250,,,,,0,41.9789,1.1406,50.1724,2.3125,,,,
1395,0,31.1553,0.7188,31.8246,1.5938,,,,,0,22.7093,0.6875,24.0449,1.0000,,,,,0,36.4574,1.0469,47.9232,2.1250,,,,
1396,0,36.0572,0.8906,35.4691,1.7500,,,,,0,26.1273,0.7500,23.2425,1.0000,,,,,0,33.8153,0.9375,46.9887,2.3750,,,,
1397,0,22.4767,0.6719,37.6345,1.8750,,,,,0,20.6334,0.6484,23.0667,1.1250,,,,,0,29.8378,0.9141,49.5320,2.3125,,,,
1398,0,25.4356,0.7344,37.1236,1.5938,,,,,0,20.0172,0.6406,21.6226,0.9688,,,,,0,31.3507,0.9844,47.9959,2.2500,,,,
1399,0,52.2328,0.9102,43.9068,2.0625,,,,,0,21.9366,0.7188,25.8019,1.2500,,,,,0,30.6022,0.8438,50.0106,2.2500,,,,
1400,0,21.9798,0.6309,39.4365,1.7500,,,,,0,19.1380,0.5938,25.0303,0.8750,,,,,0,32.9367,0.8828,54.8140,2.2344,,,,
1401,0,26.8331,0.7500,33.0106,1.5000,,,,,0,26.2724,0.7344,22.1101,0.8667,,,,,0,33.3214,0.8438,48.1736,1.9375,,,,
1402,0,37.8816,0.8594,36.0673,2.2500,,,,,0,30.7117,0.7539,20.1636,0.8125,,,,,0,46.5990,0.9375,50.9904,3.6875,,,,
1403,0,50.6485,1.0938,37.6271,1.6250,,,,,0,24.1655,0.6797,23.2173,0.8750,,,,,0,40.8163,1.0625,51.0680,3.3125,,,,
1404,0,26.8650,0.8438,35.5120,1.5625,,,,,0,24.7869,0.6797,22.7928,0.9375,,,,,0,51.5114,1.1094,51.1617,3.2500,,,,
1405,0,23.5621,0.6641,37.7167,2.0000,,,,,0,27.1439,0.7109,22.1943,0.8945,,,,,0,64.4656,1.1094,49.8634,3.1250,,,,
1406,0,59.7967,1.0508,35.0675,1.5625,,,,,0,19.6496,0.5859,23.4194,1.0156,,,,,0,54.6626,1.0625,49.9933,3.1250,,,,
1407,0,35.4975,1.0000,33.2850,1.6250,,,,,0,32.6589,0.8125,21.4204,0.8750,,,,,0,49.8439,1.1016,45.7324,2.8125,,,,
1408,0,36.1528,0.8516,35.3148,1.3750,,,,,0,23.7030,0.6719,22.5138,0.8838,,,,,0,43.0256,1.0234,41.7332,2.3750,,,,
1409,0,32.8318,0.8125,30.3301,1.8750,,,,,0,21.7962,0.6016,23.2388,1.0000,,,,,0,55.1872,1.0625,44.9276,2.6250,,,,
1410,0,51.2316,0.9062,37.0482,2.1250,,,,,0,21.5534,0.5820,24.5086,1.0000,,,,,0,59.9060,1.0469,45.7542,2.1250,,,,
1411,0,23.8369,0.7227,32.4874,1.6250,,,,,0,20.0394,0.5708,23.0036,0.9375,,,,,0,41.7495,0.9688,46.1503,2.1250,,,,
1412,0,30.9415,0.8381,40.8054,1.8750,,,,,0,19.5009,0.5293,27.6991,1.1562,,,,,0,41.4913,0.9746,46.0100,2.5625,,,,
1413,0,52.0580,1.0273,29.7063,1.0000,,,,,0,25.3234,0.6250,23.0794,0.9844,,,,,0,59.9215,1.0625,47.4475,2.2500,,,,
1414,0,44.1658,0.9688,31.2980,1.3750,,,,,0,19.7656,0.5820,22.0704,0.8750,,,,,0,59.8782,1.0703,38.6034,1.8242,,,,
1415,0,27.7401,0.7131,32.4298,1.7422,,,,,0,19.6278,0.5791,21.3841,0.8750,,,,,0,62.5275,1.1250,36.6010,1.7188,,,,
1416,0,22.7783,0.6903,32.3410,1.1523,,,,,0,21.3902,0.5938,22.6152,0.9375,,,,,0,74.4709,1.1992,46.6488,1.8906,,,,
1417,0,39.8536,0.7148,29.7140,1.4688,,,,,0,19.4735,0.5627,25.5238,1.1250,,,,,0,54.6838,1.0078,35.3924,1.2500,,,,
1418,0,21.3062,0.6445,29.1236,1.5000,,,,,0,18.5605,0.5410,24.8858,1.3750,,,,,0,65.8727,1.0781,39.5995,1.7812,,,,
1419,0,28.8173,0.7461,28.4651,1.1484,,,,,0,19.6391,0.5625,21.8234,1.0000,,,,,0,71.4908,1.2251,36.8886,1.5000,,,,
1420,0,35.0279,0.7578,27.7299,1.1875,,,,,0,21.0557,0.6133,21.7241,0.8750,,,,,0,57.9920,1.1289,36.2874,1.4375,,,,
1421,0,24.5570,0.6836,28.7012,1.4688,,,,,0,20.8123,0.5977,23.7428,0.8750,,,,,0,74.5869,1.2656,32.7588,1.1562,,,,
1422,0,36.8073,0.9297,32.4267,1.5000,,,,,0,20.3977,0.6250,23.1247,1.0469,,,,,0,66.7293,1.1680,32.1477,1.3047,,,,
1423,0,51.8895,0.9414,27.9067,1.2500,,,,,0,19.2340,0.5879,22.0964,0.8750,,,,,0,51.1379,1.0781,29.4278,1.4375,,,,
1424,0,24.0862,0.6797,28.0802,1.1250,,,,,0,22.0732,0.6084,22.9542,1.0000,,,,,0,57.6880,1.0586,30.7971,1.3125,,,,
1425,0,61.8094,1.0674,36.7005,1.6250,,,,,0,22.1159,0.6719,24.0226,1.1250,,,,,0,40.1567,0.8594,39.9671,1.6250,,,,
1426,0,31.0846,0.9062,28.9363,1.3750,,,,,0,21.0128,0.6786,26.0725,1.3438,,,,,0,48.7366,0.9258,54.4398,2.3047,,,,
1427,0,42.6790,0.9844,33.0327,1.3750,,,,,0,21.0348,0.6406,23.1144,0.8906,,,,,0,50.1735,1.0156,42.9492,2.0312,,,,
1428,0,23.6855,0.6797,35.4559,1.6250,,,,,0,22.8786,0.6719,21.1134,1.0000,,,,,0,47.5601,1.0625,54.1880,2.6758,,,,
1429,0,27.8918,0.7031,33.5166,1.5000,,,,,0,26.8347,0.7344,21.5588,0.8906,,,,,0,58.8413,1.1719,58.2664,3.0391,,,,
1430,0,36.0818,0.9609,31.6811,1.7500,,,,,0,27.4240,0.7500,23.6133,0.8438,,,,,0,50.4405,1.1250,51.7950,2.1875,,,,
1431,0,37.6338,0.8862,58.6378,3.0312,,,,,0,24.6859,0.7500,24.3666,1.0000,,,,,0,37.0092,1.0156,43.3669,1.9062,,,,
1432,0,26.3544,0.6797,34.1135,2.3750,,,,,0,29.9610,0.7266,24.2131,1.0469,,,,,0,35.4786,0.9922,45.9166,2.0469,,,,
1433,0,36.4547,0.8633,47.4183,1.9375,,,,,0,23.3520,0.6523,26.6270,1.2188,,,,,0,49.9675,1.0625,55.8864,2.1875,,,,
1434,0,35.9087,0.9648,36.6789,2.2500,,,,,0,20.1828,0.5703,22.1517,1.0000,,,,,0,30.2218,0.8828,46.8863,2.0000,,,,
1435,0,24.2762,0.7109,35.7526,1.5215,,,,,0,19.7560,0.6250,24.9565,1.1250,,,,,0,29.8852,0.8438,51.7825,2.2500,,,,
1436,0,30.0202,0.8867,43.8013,1.8125,,,,,0,24.0957,0.7109,23.9417,1.0625,,,,,0,31.3673,0.9766,47.7849,2.1250,,,,
1437,0,32.5767,0.8320,41.1108,1.7656,,,,,0,19.4403,0.5781,26.3431,1.2188,,,,,0,39.6941,0.8364,58.3428,3.2969,,,,
1438,0,33.1549,0.6768,37.3143,1.6875,,,,,0,21.7251,0.7031,21.4039,0.7500,,,,,0,32.6099,0.7695,50.7318,1.8125,,,,
1439,0,24.9013,0.8594,33.1500,2.2188,,,,,0,23.5522,0.6719,22.4577,1.1250,,,,,0,41.0251,0.9219,54.0747,3.1875,,,,
1440,0,25.1299,0.6875,40.0388,2.0625,,,,,0,26.4290,0.6841,22.7392,1.0000,,,,,0,43.3383,1.1094,63.0760,3.5000,,,,
1441,0,60.8128,1.1777,50.1586,2.3750,,,,,0,25.9720,0.6719,23.1673,1.1250,,,,,0,44.7446,1.0312,62.2143,3.0625,,,,
1442,0,31.9971,0.8125,33.3133,1.6875,,,,,0,25.4986,0.6719,26.7561,1.3125,,,,,0,63.5904,1.1250,49.4657,3.2500,,,,
1443,0,64.2581,1.1055,33.8939,1.5000,,,,,0,23.8112,0.6562,22.4014,1.1250,,,,,0,49.8134,1.0000,44.1217,3.0000,,,,
1444,0,31.0416,1.0156,38.4217,1.8750,,,,,0,27.7979,0.7188,23.1829,1.0625,,,,,0,66.8488,1.2500,45.9988,2.6250,,,,
1445,0,26.5464,0.7422,40.3099,2.2500,,,,,0,27.6444,0.7266,23.0656,0.9375,,,,,0,51.8785,1.0703,52.0329,2.6250,,,,
1446,0,44.8993,0.9609,38.8954,2.0000,,,,,0,27.8100,0.6953,22.7294,0.8750,,,,,0,65.4202,1.1875,48.1914,2.6250,,,,
1447,0,69.1602,1.1094,38.4199,1.8750,,,,,0,32.9571,0.7188,26.0613,1.0000,,,,,0,64.7617,1.0781,43.0590,2.0000,,,,
1448,0,31.1317,0.8281,43.0608,1.8750,,,,,0,28.7132,0.6562,22.3635,0.9375,,,,,0,63.4089,1.1094,42.7390,2.2500,,,,
1449,0,36.3261,0.7441,36.9063,2.1562,,,,,0,20.6145,0.5791,22.2778,1.0000,,,,,0,40.3529,1.0312,44.0643,2.1250,,,,
1450,0,23.4105,0.6942,38.9295,1.5781,,,,,0,31.6277,0.6641,26.4816,1.0151,,,,,0,61.7973,1.1602,51.3004,2.3125,,,,
1451,0,24.8816,0.6797,36.0641,2.0625,,,,,0,27.2045,0.6797,27.2260,1.1875,,,,,0,62.7366,1.1602,54.8298,2.2070,,,,
1452,0,55.3130,1.1357,32.9059,1.3984,,,,,0,19.8970,0.5840,20.3114,0.8125,,,,,0,77.5452,1.2500,41.3766,1.8438,,,,
1453,0,28.0987,0.9219,25.3203,1.9375,,,,,0,20.0035,0.5537,20.7970,1.0000,,,,,0,92.9570,1.3509,33.3022,1.4844,,,,
1454,0,27.1161,0.8203,31.2408,1.1484,,,,,0,20.2120,0.5535,23.5378,1.1250,,,,,0,64.2548,1.1152,42.5039,1.5938,,,,
1455,0,22.5155,0.6641,28.6064,1.5000,,,,,0,18.7708,0.5771,27.3148,1.2500,,,,,0,67.7930,1.1094,38.6177,1.7188,,,,
1456,0,36.3536,0.8398,26.9812,1.1250,,,,,0,18.9552,0.5469,22.1698,0.9375,,,,,0,77.1399,1.2129,36.2027,1.5000,,,,
1457,0,30.7389,0.8438,31.1405,1.3125,,,,,0,24.5071,0.6660,24.6473,1.2500,,,,,0,69.5715,1.1895,37.3788,1.5156,,,,
1458,0,38.9948,0.9434,33.2702,1.5000,,,,,0,19.3488,0.5312,22.8853,1.0625,,,,,0,66.2190,1.1172,35.0789,1.5625,,,,
1459,0,25.4945,0.6719,26.3531,1.2031,,,,,0,21.4960,0.5742,20.0424,0.7812,,,,,0,69.4394,1.0938,37.6994,1.7500,,,,
1460,0,27.2559,0.7756,29.2958,1.0000,,,,,0,19.6404,0.5869,20.4400,0.7500,,,,,0,71.6157,1.1641,39.5868,1.8125,,,,
1461,0,27.8247,0.8164,30.7288,1.3750,,,,,0,20.0659,0.5469,23.5943,0.9375,,,,,0,60.2561,1.0938,33.0702,1.7500,,,,
1462,0,30.6833,0.8145,27.3813,1.5000,,,,,0,19.9204,0.5312,24.0481,1.1250,,,,,0,71.1122,1.0430,32.7588,1.4375,,,,
1463,0,22.7119,0.6797,28.6280,1.3125,,,,,0,18.4535,0.6006,23.3630,0.8750,,,,,0,51.7314,0.9082,38.0314,1.6875,,,,
1464,0,29.3650,0.8438,25.5429,1.0625,,,,,0,23.4493,0.6406,20.9779,1.1250,,,,,0,63.7927,1.1250,44.4489,2.1953,,,,
1465,0,23.2980,0.6875,32.5315,1.6875,,,,,0,22.4093,0.7188,22.6857,1.2500,,,,,0,42.0944,0.9844,41.9706,2.0000,,,,
1466,0,45.0275,0.9141,32.3942,1.3594,,,,,0,28.5485,0.7656,21.9509,1.1094,,,,,0,50.2459,1.1250,52.4869,2.4844,,,,
1467,0,23.1349,0.6406,33.6121,1.5625,,,,,0,25.2539,0.7188,24.9932,1.0000,,,,,0,49.4944,1.1250,64.2430,3.2656,,,,
1468,0,27.0577,0.6562,29.8738,1.4375,,,,,0,31.1485,0.7812,24.8850,1.1250,,,,,0,57.4520,1.2031,53.1233,2.5781,,,,
1469,0,25.2248,0.6406,32.8135,1.6875,,,,,0,23.0080,0.6953,23.9477,0.9844,,,,,0,50.1324,1.1953,45.2481,2.1719,,,,
1470,0,34.0859,0.6724,35.6203,2.0312,,,,,0,23.6327,0.6719,24.1342,1.0312,,,,,0,45.1695,1.1094,45.6402,2.0000,,,,
1471,0,24.8402,0.6797,35.6239,1.4062,,,,,0,26.0756,0.7656,27.6443,1.1855,,,,,0,44.2859,1.0469,64.3498,2.5625,,,,
1472,0,38.3922,0.8398,37.5243,1.5000,,,,,0,19.8652,0.6250,22.7868,1.0156,,,,,0,30.4019,0.9219,47.7701,2.4688,,,,
1473,0,23.8495,0.7363,36.9555,1.5957,,,,,0,24.0556,0.7812,25.5169,1.1250,,,,,0,32.6452,1.0625,51.0470,2.1250,,,,
1474,0,43.9863,1.0859,38.3145,1.6875,,,,,0,22.8698,0.7188,25.0346,1.1172,,,,,0,31.1529,0.8359,48.4067,2.3125,,,,
1475,0,40.3112,1.0078,39.4262,1.5625,,,,,0,19.9323,0.5625,24.0352,1.2500,,,,,0,31.9689,0.8496,51.8155,2.1875,,,,
1476,0,37.0321,0.9375,36.0631,1.9375,,,,,0,23.0020,0.6562,20.8292,0.7500,,,,,0,33.8151,0.8672,47.3080,2.1250,,,,
1477,0,27.4237,0.7891,34.1306,1.7500,,,,,0,26.8928,0.7070,18.9703,0.7500,,,,,0,44.1219,0.9375,50.7500,3.8125,,,,
1478,0,25.0354,0.7969,43.0765,2.1172,,,,,0,27.8565,0.7031,24.2395,1.2500,,,,,0,45.5784,1.1406,55.7578,3.8750,,,,
1479,0,53.2486,0.9766,34.7633,1.3750,,,,,0,30.5735,0.7344,23.2292,1.0000,,,,,0,51.7612,1.1250,62.1213,3.6875,,,,
1480,0,24.2206,0.7266,38.0003,1.6562,,,,,0,27.0533,0.6875,24.2186,1.3125,,,,,0,67.3924,1.0938,59.3955,3.0625,,,,
1481,0,39.9890,0.7988,34.7250,1.4062,,,,,0,24.9950,0.6562,23.2179,1.3750,,,,,0,55.5135,1.0781,56.5912,2.8750,,,,
1482,0,40.6728,0.8828,36.8532,2.2500,,,,,0,34.8929,0.8359,26.4853,1.1250,,,,,0,52.5308,1.0938,48.7678,2.9375,,,,
1483,0,25.0702,0.8359,34.3580,1.4062,,,,,0,24.5340,0.6641,25.1722,1.0000,,,,,0,47.8644,1.0469,47.0464,3.0000,,,,
1484,0,26.5598,0.7578,34.9142,2.0000,,,,,0,22.0269,0.6172,25.6889,1.0469,,,,,0,54.3209,1.0625,48.3547,2.8125,,,,
1485,0,26.5752,0.8438,39.5529,1.7188,,,,,0,22.9243,0.5938,24.7195,1.1250,,,,,0,50.2611,0.9688,51.8677,2.6250,,,,
1486,0,60.2837,1.1289,37.4154,1.6250,,,,,0,23.7431,0.5820,24.4446,1.2500,,,,,0,47.0858,0.9688,55.7606,2.6250,,,,
1487,0,23.4415,0.7422,33.2487,1.5000,,,,,0,23.6808,0.5469,27.2897,1.0000,,,,,0,40.2945,0.9834,48.7664,2.6562,,,,
1488,0,25.9362,0.6797,35.1121,1.6875,,,,,0,33.0353,0.7109,23.0608,0.8203,,,,,0,60.7189,1.1348,47.9511,2.1875,,,,
1489,0,35.4274,0.8594,30.6791,1.1250,,,,,0,19.6465,0.5859,20.9473,0.8750,,,,,0,64.2174,1.1172,41.2345,2.0156,,,,
1490,0,24.2238,0.7188,37.7537,1.4375,,,,,0,20.0241,0.5859,20.2315,0.8750,,,,,0,61.7007,1.1406,36.9390,1.7500,,,,
1491,0,23.8422,0.7274,32.0756,1.4023,,,,,0,22.0361,0.6113,24.3944,0.8750,,,,,0,74.4536,1.2207,43.6867,1.9609,,,,
1492,0,32.2803,0.8398,31.3342,1.1709,,,,,0,22.2953,0.6044,23.8146,1.2500,,,,,0,64.6962,1.0781,33.3879,1.2500,,,,
1493,0,28.8403,0.8516,37.5929,2.1250,,,,,0,19.5898,0.5820,26.3344,1.1250,,,,,0,75.1497,1.1562,37.9188,1.7188,,,,
1494,0,35.7318,0.8242,31.4366,1.5000,,,,,0,23.0238,0.6693,22.0269,1.0000,,,,,0,67.7125,1.1888,37.3449,1.6250,,,,
1495,0,24.8029,0.7656,30.1622,1.6875,,,,,0,20.7619,0.6035,23.0460,0.9375,,,,,0,61.1412,1.1660,35.9654,1.3125,,,,
1496,0,29.8980,0.8184,26.6242,1.1875,,,,,0,21.6587,0.6172,22.3255,1.0625,,,,,0,79.1262,1.2812,33.6290,1.1406,,,,
1497,0,22.3523,0.6406,25.7625,0.9375,,,,,0,20.0275,0.6191,21.9226,0.9688,,,,,0,70.9801,1.1914,32.7541,1.1953,,,,
1498,0,54.5335,1.1299,27.2927,1.2500,,,,,0,21.2802,0.6094,20.8296,1.0000,,,,,0,54.9402,1.0938,29.5138,1.1250,,,,
1499,0,34.2519,0.7656,29.3961,1.0625,,,,,0,19.0813,0.5469,23.8481,0.9531,,,,,0,47.3733,0.9609,30.9980,1.2344,,,,
