frame,fp8_diverged,fp8_text_l2,fp8_text_maxabs,fp8_audio_l2,fp8_audio_maxabs,fp8_rms,fp8_click,fp8_centroid_hz,fp8_flatness,w8a16_diverged,w8a16_text_l2,w8a16_text_maxabs,w8a16_audio_l2,w8a16_audio_maxabs,w8a16_rms,w8a16_click,w8a16_centroid_hz,w8a16_flatness,nvfp4ffn-w8a16_diverged,nvfp4ffn-w8a16_text_l2,nvfp4ffn-w8a16_text_maxabs,nvfp4ffn-w8a16_audio_l2,nvfp4ffn-w8a16_audio_maxabs,nvfp4ffn-w8a16_rms,nvfp4ffn-w8a16_click,nvfp4ffn-w8a16_centroid_hz,nvfp4ffn-w8a16_flatness
0,,,,,,,,,,,,,,,,,,,,,,,,,,,
1,,,,,,,,,,,,,,,,,,,,,,,,,,,
2,0,58.8658,1.4766,79.6482,3.6250,,,,,0,81.2293,1.4531,51.6927,3.1250,,,,,0,301.0423,4.1250,169.3315,9.0000,,,,
3,0,48.2578,1.2578,72.3918,3.3750,,,,,0,51.3071,0.8906,46.9148,2.1875,,,,,0,179.8291,3.2812,150.2837,6.6875,,,,
4,0,59.4649,1.4375,84.4895,3.8594,,,,,0,31.7604,0.8125,72.3292,4.0000,,,,,0,167.0491,3.0156,163.0883,6.3672,,,,
5,0,69.4959,1.2500,67.5186,4.3438,,,,,0,53.5715,0.9219,71.7012,5.7500,,,,,0,74.2802,2.3750,140.3067,5.8267,,,,
6,0,53.9207,1.0938,56.9448,2.8750,,,,,0,25.7123,0.6250,57.6598,3.2500,,,,,0,121.4257,2.3760,124.2852,5.3438,,,,
7,0,59.9212,1.4062,77.5237,3.9766,,,,,0,37.3939,1.1719,58.3578,2.7500,,,,,0,104.9117,3.9688,138.6060,7.2500,,,,
8,0,41.1567,0.8750,41.1506,1.6250,,,,,0,29.2187,0.6875,26.2310,1.0000,,,,,0,96.6883,2.0000,76.0183,3.2188,,,,
9,0,36.6585,0.8750,28.8809,1.1719,,,,,0,22.6366,0.5625,19.1432,0.5938,,,,,0,67.9999,1.4219,42.6963,1.7500,,,,
10,0,43.8536,0.7656,30.8666,1.2422,,,,,0,28.6168,0.5312,19.6010,0.6250,,,,,0,59.8081,1.1562,57.9135,2.2722,,,,
11,0,53.4861,1.1562,29.8407,1.3750,,,,,0,27.5810,0.6875,31.1596,2.1719,,,,,0,94.1612,1.8438,64.6392,3.3594,,,,
12,0,46.5391,0.9375,33.1859,1.3125,,,,,0,25.3934,0.5312,18.8819,0.6250,,,,,0,34.2059,0.7812,57.6132,2.5469,,,,
13,0,60.4757,1.0625,25.6459,0.8750,,,,,0,28.7306,0.5781,18.7872,0.6465,,,,,0,40.0751,0.7734,49.9092,2.2188,,,,
14,0,57.6548,1.1250,29.4615,1.0781,,,,,0,25.9510,0.6875,17.4631,0.5312,,,,,0,64.7036,1.6934,48.6696,1.7188,,,,
15,0,64.5699,1.5000,31.4673,1.1562,,,,,0,44.8347,1.0156,22.5274,0.8750,,,,,0,65.6028,1.5605,57.0778,2.1172,,,,
16,0,77.3841,1.6875,32.9256,1.0312,,,,,0,47.4159,1.0938,22.1346,1.1250,,,,,0,65.8501,1.7429,63.9616,2.4375,,,,
17,0,32.1262,0.7812,30.8033,1.0625,,,,,0,56.6630,0.8750,20.3404,0.7812,,,,,0,86.6169,1.7734,52.1771,2.0312,,,,
18,0,32.3742,0.8750,29.0708,1.0625,,,,,0,37.9760,0.7812,19.1859,0.8125,,,,,0,63.9740,1.0938,41.6858,1.8438,,,,
19,0,43.9755,1.1094,30.6537,1.0625,,,,,0,27.2221,0.6562,20.2701,0.7188,,,,,0,58.4250,1.1875,46.6069,1.6562,,,,
20,0,27.1205,0.8125,26.0501,0.9531,,,,,0,32.9649,0.7500,20.1072,0.8535,,,,,0,51.2585,1.1250,41.5135,1.5332,,,,
21,0,69.7285,1.0938,32.2256,1.0000,,,,,0,21.6427,0.6094,19.6177,0.6875,,,,,0,32.5428,0.7812,44.5191,1.9688,,,,
22,0,23.3186,0.6094,25.6696,0.8750,,,,,0,19.5849,0.5000,24.1532,0.8828,,,,,0,29.2991,0.7188,49.0419,2.4375,,,,
23,0,62.6283,0.9922,27.7252,0.8750,,,,,0,17.3286,0.4141,22.9818,1.0078,,,,,0,30.5795,0.7344,64.4703,2.9062,,,,
24,0,47.7487,1.0000,26.5591,0.9375,,,,,0,19.3481,0.4688,21.1636,0.8164,,,,,0,33.7797,0.7856,40.5654,1.6250,,,,
25,0,71.8190,1.8125,36.2871,1.5781,,,,,0,44.1060,1.1250,22.8680,1.0000,,,,,0,56.9796,1.4062,49.1148,2.3125,,,,
26,0,39.9483,0.8281,28.3120,1.5000,,,,,0,18.0480,0.5156,17.5304,0.8750,,,,,0,39.7762,1.0625,41.6026,1.9375,,,,
27,0,33.3451,0.8125,28.2988,1.0625,,,,,0,19.0444,0.4688,16.3864,0.6250,,,,,0,40.3981,1.2812,39.3094,1.5000,,,,
28,0,47.9681,0.9141,37.2854,1.2412,,,,,0,17.5987,0.5625,19.7564,0.7500,,,,,0,44.9764,0.8828,45.1402,1.9062,,,,
29,0,32.6032,0.8750,26.5813,0.8750,,,,,0,22.6222,0.5312,18.9443,0.7188,,,,,0,33.5248,0.9375,42.4825,1.8750,,,,
30,0,27.6781,0.6875,32.0890,1.0469,,,,,0,18.8025,0.6367,19.0306,0.6250,,,,,0,39.7244,0.8713,50.9380,1.8203,,,,
31,0,23.7658,0.5938,32.4606,1.2812,,,,,0,17.4845,0.5000,19.2935,0.6875,,,,,0,31.0106,0.8750,47.5037,1.9062,,,,
32,0,22.0539,0.5312,28.3314,0.8750,,,,,0,14.8937,0.3750,17.9689,0.6250,,,,,0,30.8790,0.8047,45.2206,2.0312,,,,
33,0,35.5780,0.7812,33.6298,1.3750,,,,,0,21.6425,0.5312,21.4540,0.7500,,,,,0,34.6999,1.0000,41.0277,1.7500,,,,
34,0,41.4010,0.9375,37.0322,1.1875,,,,,0,20.9860,0.5625,22.2362,0.8750,,,,,0,33.7319,0.8711,48.6466,2.2812,,,,
35,0,26.2380,0.7656,33.5658,1.1875,,,,,0,20.2362,0.5938,23.7182,0.9375,,,,,0,40.7104,1.0938,43.7920,1.6875,,,,
36,0,45.4772,1.0312,27.6407,1.0000,,,,,0,22.4515,0.6250,20.9833,0.6875,,,,,0,29.3280,0.7812,43.7637,1.6562,,,,
37,0,29.3631,0.8594,28.8136,0.9062,,,,,0,22.8045,0.6562,21.4056,0.7812,,,,,0,35.5035,0.9531,48.8757,2.0977,,,,
38,0,23.1660,0.7656,28.3535,0.9375,,,,,0,20.4650,0.5781,21.2206,0.7500,,,,,0,35.3725,1.0156,41.5885,1.3438,,,,
39,0,22.3397,0.6484,33.6796,1.5000,,,,,0,23.6554,0.6025,20.6649,0.8750,,,,,0,33.2042,0.9844,49.8703,1.6406,,,,
40,0,24.4063,0.6094,27.8097,1.0000,,,,,0,20.1693,0.5830,20.2031,1.1250,,,,,0,43.8755,1.1016,32.0503,1.6133,,,,
41,0,28.4647,0.7422,21.9294,0.8438,,,,,0,21.5469,0.5863,18.6387,1.1250,,,,,0,38.5785,0.8906,29.3058,1.6562,,,,
42,0,24.9065,0.7031,24.3094,1.2812,,,,,0,25.5860,0.7031,17.8683,1.1875,,,,,0,35.1428,0.7969,38.9924,2.1875,,,,
43,0,23.9104,0.7812,28.8795,1.4375,,,,,0,21.4041,0.6250,18.7003,1.5312,,,,,0,32.5047,0.8438,43.3565,1.6406,,,,
44,0,29.8801,0.7344,27.6446,1.2500,,,,,0,22.7515,0.6875,22.3813,1.7812,,,,,0,32.5171,0.9375,40.4170,1.8818,,,,
45,0,25.2036,0.7578,21.4618,1.2500,,,,,0,26.4390,0.7656,16.7029,1.3906,,,,,0,31.6014,0.8906,51.4920,3.7500,,,,
46,0,23.1715,0.6719,24.8259,1.0000,,,,,0,21.6433,0.6562,19.5690,1.3125,,,,,0,33.9938,0.8594,41.1285,2.0938,,,,
47,0,24.0308,0.6875,22.5854,0.8906,,,,,0,23.3173,0.7188,17.1051,1.2500,,,,,0,31.1510,0.9844,34.6169,1.8438,,,,
48,0,23.9405,0.7656,23.8799,1.6250,,,,,0,26.1222,0.7969,17.3124,0.8750,,,,,0,30.9944,0.9688,33.6110,1.7500,,,,
49,0,24.6072,0.7031,28.4331,1.2500,,,,,0,21.9147,0.7188,16.6010,0.8750,,,,,0,32.1351,0.9531,32.1525,1.6250,,,,
50,0,23.0686,0.7734,28.5783,1.3750,,,,,0,21.0592,0.7188,17.2497,0.7500,,,,,0,31.6369,0.9688,31.6055,1.4062,,,,
51,0,54.1164,1.0234,22.5060,1.2500,,,,,0,21.2048,0.6875,15.9583,0.8750,,,,,0,34.1206,0.8750,61.4695,3.0938,,,,
52,0,28.5870,0.7031,26.5772,2.4375,,,,,0,22.2441,0.5938,15.9584,1.0000,,,,,0,31.2216,0.7656,35.4722,1.9375,,,,
53,0,29.8927,0.8438,22.8084,0.7656,,,,,0,27.0996,0.7656,15.4372,0.7500,,,,,0,36.3770,0.8906,34.2416,2.6250,,,,
54,0,51.2294,1.1094,24.2420,1.0625,,,,,0,28.0433,0.7812,15.2213,0.7500,,,,,0,38.2672,0.7969,34.7327,2.7500,,,,
55,0,29.5125,0.7031,24.3156,0.9375,,,,,0,25.8365,0.7188,15.4577,0.6250,,,,,0,37.4397,0.7812,38.0273,1.9375,,,,
56,0,32.6182,0.8438,27.1857,1.2500,,,,,0,29.2564,0.7344,16.6850,1.0000,,,,,0,34.7256,0.7656,33.1123,1.5039,,,,
57,0,26.4350,0.7578,23.3352,0.9375,,,,,0,27.2300,0.6875,16.3513,0.7500,,,,,0,37.2354,0.7500,37.5106,1.6328,,,,
58,0,27.2257,0.7578,25.9807,0.8594,,,,,0,25.5834,0.6719,16.3784,0.7500,,,,,0,44.5866,0.8711,38.9042,1.5312,,,,
59,0,40.1558,0.8984,24.3176,1.2500,,,,,0,30.6871,0.7188,16.2278,0.8125,,,,,0,49.8112,0.9219,37.1905,1.5000,,,,
60,0,24.4304,0.6719,22.7762,0.9375,,,,,0,26.2907,0.6562,16.4176,0.9375,,,,,0,41.6854,0.8477,36.9463,1.4219,,,,
61,0,24.1782,0.6641,22.6711,1.1250,,,,,0,35.5537,0.7656,17.0282,0.7500,,,,,0,35.1964,0.8906,36.5123,1.6875,,,,
62,0,27.1524,0.7578,23.5316,1.0312,,,,,0,30.0519,0.6797,15.8538,0.7500,,,,,0,37.2132,0.8750,35.5948,1.3633,,,,
63,0,30.2828,0.8750,24.4950,1.6250,,,,,0,27.6822,0.6875,17.7956,1.0000,,,,,0,56.0801,0.9453,40.3256,2.0938,,,,
64,0,23.2663,0.7031,18.6864,1.0312,,,,,0,24.3430,0.6229,15.6342,0.8750,,,,,0,42.1900,0.8750,32.7325,2.1250,,,,
65,0,33.8356,0.8164,18.6202,0.8125,,,,,0,20.1043,0.6016,14.5853,0.8750,,,,,0,39.4649,0.8613,30.2946,2.1250,,,,
66,0,21.8364,0.6289,21.9842,0.9375,,,,,0,21.2002,0.6289,15.3029,0.8750,,,,,0,32.4664,0.7617,30.8388,1.8125,,,,
67,0,23.4007,0.6646,21.0630,1.1250,,,,,0,21.4979,0.6406,16.1078,0.8750,,,,,0,39.5371,0.8259,30.6250,2.1250,,,,
68,0,27.4580,0.8516,21.6902,1.5000,,,,,0,21.0947,0.6152,16.5738,0.9375,,,,,0,31.7057,0.8750,29.0210,1.8125,,,,
69,0,48.2238,0.9395,17.7001,1.0000,,,,,0,22.1062,0.6602,15.9248,0.7500,,,,,0,31.6138,0.8633,25.5026,1.8125,,,,
70,0,25.8573,0.6816,18.2612,0.9062,,,,,0,20.9590,0.6104,16.4862,0.7500,,,,,0,30.6904,0.8105,22.8638,1.6250,,,,
71,0,23.4756,0.7461,21.1505,1.1250,,,,,0,21.4724,0.6250,16.2250,0.8125,,,,,0,30.9381,0.8047,21.6981,1.4375,,,,
72,0,22.5982,0.7422,20.8124,1.0625,,,,,0,20.9362,0.6094,16.1860,0.8125,,,,,0,30.0266,0.8047,23.6485,2.0000,,,,
73,0,23.8887,0.6875,21.1616,0.9062,,,,,0,20.0593,0.5879,16.9324,0.6562,,,,,0,31.6925,0.7832,25.7515,1.5000,,,,
74,0,35.2359,0.8828,18.1366,1.0000,,,,,0,20.1444,0.5938,17.3311,0.9375,,,,,0,37.4866,0.8018,25.0203,1.4375,,,,
75,0,34.8739,0.8789,19.8806,0.8750,,,,,0,20.7549,0.6094,15.6500,0.8125,,,,,0,31.4586,0.7559,21.3154,1.3125,,,,
76,0,22.8855,0.7598,19.3886,0.8125,,,,,0,22.9530,0.7188,13.9925,0.5312,,,,,0,31.4744,0.8242,30.9385,1.8125,,,,
77,0,23.3845,0.7812,19.8376,1.1250,,,,,0,21.8313,0.6719,14.3303,1.0000,,,,,0,42.7398,0.9395,28.0292,1.0703,,,,
78,0,32.6118,0.8281,24.0504,1.1250,,,,,0,20.2682,0.6328,13.4408,0.5625,,,,,0,32.2439,0.8984,29.6072,1.5469,,,,
79,0,28.1681,0.8164,24.2108,1.0625,,,,,0,26.5986,0.8438,16.9230,0.8750,,,,,0,30.7032,1.0000,31.3734,1.6250,,,,
80,0,22.6361,0.6953,24.1347,1.3125,,,,,0,23.3726,0.7734,15.9422,0.6875,,,,,0,31.9451,1.0391,35.4807,2.1250,,,,
81,0,26.3528,0.8672,23.3875,1.6875,,,,,0,22.0510,0.7031,15.1567,0.6562,,,,,0,30.4647,1.0156,35.3843,1.8750,,,,
82,0,25.6846,0.8594,23.6576,1.5000,,,,,0,20.3403,0.6484,15.8897,0.6875,,,,,0,31.9733,0.8672,33.2653,1.8750,,,,
83,0,38.1935,0.8789,22.9770,1.2500,,,,,0,22.5303,0.7031,16.7618,0.6406,,,,,0,33.5230,1.0156,33.9115,2.3750,,,,
84,0,23.7242,0.8125,21.6829,0.9375,,,,,0,24.0665,0.7031,15.3433,0.7031,,,,,0,31.9825,0.8438,28.1136,1.0938,,,,
85,0,22.7113,0.7148,21.4100,0.9062,,,,,0,20.6413,0.6484,16.3835,0.7500,,,,,0,30.0509,0.8828,27.2255,1.1250,,,,
86,0,30.2643,0.9160,24.2053,1.0000,,,,,0,23.7106,0.6953,15.4596,0.7500,,,,,0,31.4275,0.8203,28.6149,1.2500,,,,
87,0,21.9422,0.6328,23.2543,1.3906,,,,,0,24.2610,0.6797,15.6598,0.8125,,,,,0,29.9378,0.8516,28.0885,1.3750,,,,
88,0,38.8616,0.9102,22.1909,1.2500,,,,,0,22.4822,0.6797,16.2118,0.7500,,,,,0,41.3435,0.9067,41.3549,2.1250,,,,
89,0,28.0717,0.7344,23.7958,2.1250,,,,,0,22.1919,0.5869,15.6655,1.0000,,,,,0,30.9279,0.7197,41.0605,3.3750,,,,
90,0,32.3512,0.8750,23.0220,1.0156,,,,,0,27.1105,0.6562,16.3330,0.7500,,,,,0,40.5762,0.8125,35.8789,1.2500,,,,
91,0,25.5116,0.7656,22.3460,1.0000,,,,,0,25.9865,0.6875,16.7859,0.6250,,,,,0,33.9913,0.7832,32.5805,1.3750,,,,
92,0,25.3180,0.6875,24.2759,1.0000,,,,,0,30.4827,0.7031,18.8225,0.8750,,,,,0,33.9686,0.9062,39.6380,1.7500,,,,
93,0,24.2743,0.6719,24.3780,1.2500,,,,,0,31.1182,0.7188,18.0539,0.7500,,,,,0,32.9840,0.8125,32.3949,1.1562,,,,
94,0,40.4547,0.8516,23.6739,1.0312,,,,,0,32.6797,0.7188,17.7531,0.7500,,,,,0,34.8153,0.8750,37.5184,2.1250,,,,
95,0,40.6098,0.8984,25.8769,1.1875,,,,,0,33.5936,0.7070,18.7327,0.7500,,,,,0,32.0747,0.7852,41.7045,2.0000,,,,
96,0,28.6992,0.8125,26.7519,1.3125,,,,,0,28.6685,0.6953,18.6564,0.7500,,,,,0,65.7545,1.0352,44.3969,2.0195,,,,
97,0,25.8342,0.6094,30.8519,1.0859,,,,,0,40.1637,0.7656,21.0526,0.7812,,,,,0,38.1088,0.8398,52.5186,2.0000,,,,
98,0,25.9586,0.6387,23.4064,1.0625,,,,,0,33.0330,0.6846,18.7750,0.8438,,,,,0,33.8960,0.7584,45.4320,1.9043,,,,
99,0,35.2819,0.7749,27.8218,1.5000,,,,,0,40.8027,0.7246,16.4690,0.9688,,,,,0,37.9909,0.9238,46.1380,2.2417,,,,
100,0,24.8569,0.7031,24.1177,1.2500,,,,,0,40.6476,0.7324,16.9105,0.7031,,,,,0,39.3692,1.0312,43.2945,2.3750,,,,
101,0,27.6251,0.8516,24.8242,1.5000,,,,,0,22.2918,0.5977,19.2335,0.8125,,,,,0,40.0257,0.9766,42.0476,2.1250,,,,
102,0,23.7552,0.7734,21.9032,1.3125,,,,,0,23.8126,0.6289,15.8628,0.6250,,,,,0,34.1606,0.8691,31.0441,1.6250,,,,
103,0,37.8974,0.8633,21.3299,1.1875,,,,,0,20.3808,0.5752,14.6985,0.6875,,,,,0,30.2231,0.8027,28.7753,1.2500,,,,
104,0,25.1942,0.8984,23.2237,1.1875,,,,,0,19.7711,0.6191,14.6837,0.6875,,,,,0,29.3970,0.8027,30.4011,1.6250,,,,
105,0,21.7905,0.7383,24.2414,1.1562,,,,,0,19.6222,0.5548,16.3468,0.6875,,,,,0,31.0130,0.7762,26.9243,1.3750,,,,
106,0,27.2469,0.8223,21.5791,1.0625,,,,,0,19.3785,0.5703,14.7181,0.8125,,,,,0,36.8090,0.8145,27.7050,1.6250,,,,
107,0,44.3321,0.8359,22.6017,1.1055,,,,,0,19.4004,0.5874,14.7603,0.7500,,,,,0,27.9324,0.6797,23.7288,1.5000,,,,
108,0,21.8749,0.6719,18.9092,1.0312,,,,,0,19.2497,0.5995,14.8972,0.7500,,,,,0,28.3037,0.6854,23.0936,1.1250,,,,
109,0,29.0402,0.7803,19.5731,1.3750,,,,,0,22.8042,0.5840,14.3138,0.7305,,,,,0,34.8695,0.7734,21.5475,1.1250,,,,
110,0,40.3199,0.9695,23.0990,1.1914,,,,,0,20.4859,0.5742,15.2635,0.8438,,,,,0,31.4028,0.7793,22.6282,1.0938,,,,
111,0,21.4943,0.6279,20.1388,1.0000,,,,,0,19.8386,0.5527,14.9591,0.7500,,,,,0,29.9771,0.7646,23.2180,1.2500,,,,
112,0,23.2319,0.6992,21.3764,1.0625,,,,,0,19.3100,0.5469,15.4243,0.6875,,,,,0,31.5876,0.7578,21.6241,1.4375,,,,
113,0,41.3221,0.8789,23.8194,1.5454,,,,,0,19.1528,0.5361,14.5750,0.8750,,,,,0,29.5696,0.7217,24.8637,1.4062,,,,
114,0,25.3835,0.7148,19.6161,1.4141,,,,,0,19.4000,0.5869,12.8682,0.5625,,,,,0,30.4656,0.8750,24.8880,1.2500,,,,
115,0,27.1951,0.7969,23.1900,1.3125,,,,,0,20.0504,0.6016,14.2982,0.8750,,,,,0,30.3711,1.0000,30.1055,1.4492,,,,
116,0,44.4382,1.0156,20.9068,1.2500,,,,,0,21.2341,0.6328,14.3938,0.7500,,,,,0,30.0245,1.1250,29.7437,1.2344,,,,
117,0,23.5500,0.6562,21.3568,1.3867,,,,,0,23.9649,0.7031,14.7642,0.7500,,,,,0,31.4072,0.9219,39.3912,1.8633,,,,
118,0,22.0636,0.6152,19.5536,1.1875,,,,,0,29.5755,0.7266,15.2723,0.6875,,,,,0,32.9591,0.9297,35.4223,2.0625,,,,
119,0,21.1384,0.6094,21.1541,1.8125,,,,,0,20.9180,0.6250,14.0575,0.5938,,,,,0,30.0887,0.8359,29.1358,1.1250,,,,
120,0,24.8250,0.7422,21.8796,1.0312,,,,,0,22.8108,0.6406,15.7082,0.9375,,,,,0,30.1337,0.9062,27.7939,1.7344,,,,
121,0,26.7500,0.7168,23.0356,1.3438,,,,,0,21.9848,0.6562,14.5023,0.6562,,,,,0,37.1035,0.9844,31.2157,1.4531,,,,
122,0,27.9070,0.8008,19.3013,0.8750,,,,,0,19.8652,0.6084,14.6763,0.6562,,,,,0,29.0386,0.8828,27.6555,1.2812,,,,
123,0,27.3631,0.7734,24.5130,1.3750,,,,,0,25.8500,0.6875,15.2414,0.7500,,,,,0,29.1933,0.8906,29.1340,1.2344,,,,
124,0,27.1850,0.6797,23.1736,0.9688,,,,,0,22.7206,0.6289,16.0181,0.8125,,,,,0,30.8822,0.8516,28.4636,1.4688,,,,
125,0,30.0910,0.6440,24.4709,1.0625,,,,,0,28.9186,0.6914,15.6911,0.9375,,,,,0,32.1781,0.8750,29.7897,1.1562,,,,
126,0,24.3383,0.7031,19.8152,0.8750,,,,,0,22.0503,0.6328,18.4731,1.2500,,,,,0,38.2813,0.8594,43.2146,2.2500,,,,
127,0,24.2418,0.8125,21.5028,1.3125,,,,,0,25.0736,0.6445,17.6714,0.7812,,,,,0,40.0447,0.9062,34.6123,2.4375,,,,
128,0,24.7763,0.7969,22.7156,1.1875,,,,,0,26.0914,0.6250,15.3484,0.6250,,,,,0,32.4247,0.8750,26.6667,1.2500,,,,
129,0,27.2443,0.7734,24.0541,1.0000,,,,,0,21.8164,0.5938,18.4017,0.8750,,,,,0,31.2955,0.7500,47.8468,2.0000,,,,
130,0,34.5362,0.9141,28.9722,1.3750,,,,,0,27.7878,0.7031,18.6766,0.8125,,,,,0,35.0295,0.8281,51.1184,2.0000,,,,
131,0,25.4782,0.8828,28.9253,1.2656,,,,,0,27.3882,0.6562,18.1326,0.6875,,,,,0,31.6314,0.7812,52.2896,2.1875,,,,
132,0,25.6300,0.7969,24.0451,0.9688,,,,,0,29.0242,0.6797,17.0844,0.6250,,,,,0,30.2491,0.7500,42.6957,1.7812,,,,
133,0,24.7434,0.7227,24.9853,1.1250,,,,,0,36.4444,0.7344,20.7791,0.8125,,,,,0,31.0613,0.7500,58.1724,2.3750,,,,
134,0,25.6032,0.6797,24.9538,1.0625,,,,,0,38.0890,0.7314,17.2072,0.6250,,,,,0,30.5162,0.7500,52.7174,2.0137,,,,
135,0,27.7692,0.7148,27.5748,1.6875,,,,,0,31.8349,0.6621,18.0115,0.6562,,,,,0,31.8359,0.7549,53.9194,2.0000,,,,
136,0,35.9609,0.7734,32.3653,1.6250,,,,,0,29.9645,0.6270,17.7385,0.6875,,,,,0,31.2753,0.7305,50.2610,3.0000,,,,
137,0,22.7274,0.5312,29.3391,1.1875,,,,,0,36.5009,0.6797,16.0847,0.8125,,,,,0,48.8391,0.9951,38.5697,1.8750,,,,
138,0,23.0661,0.7422,20.3396,1.0312,,,,,0,22.9775,0.5742,15.8028,1.0000,,,,,0,39.3609,0.9297,34.5396,1.1680,,,,
139,0,34.7230,0.7969,20.4239,0.9062,,,,,0,22.6923,0.6543,15.0825,0.6406,,,,,0,46.0751,1.0000,30.4374,1.8750,,,,
140,0,21.8219,0.6118,20.8434,0.9141,,,,,0,18.8314,0.5425,15.6997,0.6875,,,,,0,32.6932,0.9375,31.3015,1.7500,,,,
141,0,21.1865,0.6133,19.5118,1.1875,,,,,0,19.2686,0.5586,14.5264,0.6250,,,,,0,28.4618,0.8750,29.5569,2.1250,,,,
142,0,23.6093,0.6238,21.8969,0.8750,,,,,0,18.8028,0.5298,14.2659,0.6250,,,,,0,36.4090,0.8477,26.9096,1.2969,,,,
143,0,22.8705,0.6523,25.1240,1.2275,,,,,0,19.7913,0.6270,15.8844,0.7500,,,,,0,31.9224,0.7715,24.7220,1.5625,,,,
144,0,23.8770,0.7689,21.1870,1.0000,,,,,0,19.6558,0.6416,16.2265,1.0000,,,,,0,28.0962,0.7500,33.5470,2.3750,,,,
145,0,22.5788,0.7344,20.5946,1.1250,,,,,0,18.9913,0.5947,16.6053,1.1250,,,,,0,32.4252,0.7822,22.7766,1.6875,,,,
146,0,44.1354,1.0176,19.2956,1.1250,,,,,0,18.7044,0.5498,16.8606,1.0000,,,,,0,27.1471,0.6602,20.7329,1.0625,,,,
147,0,21.2260,0.6973,19.7126,1.1250,,,,,0,18.3922,0.5742,15.2952,1.0000,,,,,0,27.6719,0.6992,23.0838,1.4375,,,,
148,0,26.5539,0.7627,18.2173,1.0000,,,,,0,17.8502,0.5417,14.6549,0.9375,,,,,0,26.4073,0.7023,24.0579,1.3750,,,,
149,0,23.6537,0.6836,19.0208,0.8125,,,,,0,17.5383,0.5039,14.3485,0.8750,,,,,0,26.9844,0.6572,22.5840,1.5625,,,,
150,0,34.5570,0.7520,21.2271,0.8125,,,,,0,20.4704,0.6157,16.5449,1.0000,,,,,0,27.5387,0.6719,23.2902,1.5000,,,,
151,0,22.9411,0.6250,24.7239,1.0625,,,,,0,19.7679,0.6475,16.6446,1.0000,,,,,0,31.2032,1.1250,21.1883,1.1250,,,,
152,0,27.2024,0.7344,20.6783,0.9531,,,,,0,18.9486,0.5815,16.4300,1.3750,,,,,0,51.1384,1.0625,33.9187,1.6562,,,,
153,0,33.5442,0.8594,20.5855,0.6875,,,,,0,18.5984,0.5234,14.7149,1.0625,,,,,0,33.5158,1.1250,29.3272,1.2988,,,,
154,0,23.1384,0.6289,18.3047,0.6523,,,,,0,20.0489,0.6172,13.1609,0.5625,,,,,0,33.4548,0.8828,33.4816,2.0938,,,,
155,0,30.5951,0.8750,19.3949,0.8750,,,,,0,18.8632,0.5674,15.6185,0.6875,,,,,0,30.3850,1.0000,34.8697,1.3281,,,,
156,0,28.6055,0.8281,19.4511,0.7988,,,,,0,19.5612,0.6094,16.1455,0.6562,,,,,0,30.6636,0.8203,34.2736,1.2500,,,,
157,0,37.4284,0.8984,18.8845,0.8125,,,,,0,18.8803,0.5928,16.9575,0.8125,,,,,0,30.4772,0.7500,31.4799,1.1250,,,,
158,0,56.1709,1.1211,20.4887,0.8750,,,,,0,18.5880,0.5601,16.7199,0.7500,,,,,0,32.6316,0.7549,28.5192,1.0625,,,,
159,0,38.4301,0.9141,24.7272,0.8438,,,,,0,18.3836,0.5353,19.5527,0.9375,,,,,0,29.5974,0.7656,32.6727,1.3750,,,,
160,0,21.0358,0.5859,22.4358,1.2422,,,,,0,18.3056,0.5898,17.8330,0.6875,,,,,0,29.7566,0.7344,29.9524,1.1250,,,,
161,0,22.2126,0.7058,24.7011,0.8438,,,,,0,19.0695,0.5332,19.0919,0.8125,,,,,0,27.7945,0.7656,30.7976,1.1250,,,,
162,0,39.6393,0.9252,26.7172,1.1250,,,,,0,18.7411,0.5273,19.8626,1.0000,,,,,0,27.9781,0.7031,31.5128,1.2188,,,,
163,0,25.7882,0.9062,24.4321,1.0000,,,,,0,19.6211,0.5952,18.2477,0.7500,,,,,0,41.2988,0.8789,39.6406,1.4648,,,,
164,0,24.9004,0.6797,29.3281,1.3125,,,,,0,21.7216,0.5977,21.9894,0.7500,,,,,0,31.6528,0.7656,45.9313,1.7500,,,,
165,0,23.7869,0.7031,33.5586,1.3750,,,,,0,25.7531,0.6250,20.0547,0.8750,,,,,0,30.9068,0.8594,47.2377,1.8750,,,,
166,0,41.9220,0.8672,43.4990,2.6250,,,,,0,32.6575,0.7148,22.2604,0.7969,,,,,0,29.1804,0.7812,58.8143,2.5000,,,,
167,0,27.0238,0.6875,39.8489,2.0000,,,,,0,34.4061,0.6953,23.5048,0.9219,,,,,0,43.2571,0.9062,56.9237,2.2969,,,,
168,0,39.2290,1.0078,37.5564,1.2500,,,,,0,31.9616,0.6719,23.2397,1.0938,,,,,0,31.6385,0.7857,57.7858,2.0312,,,,
169,0,36.8941,0.8438,39.9440,1.6250,,,,,0,35.3775,0.7383,23.3379,1.0000,,,,,0,31.1975,0.7725,60.0791,2.7188,,,,
170,0,24.7138,0.7031,34.9842,1.4375,,,,,0,30.4229,0.6758,22.5490,1.0000,,,,,0,27.9301,0.6631,59.0386,2.6250,,,,
171,0,37.6672,0.8047,42.2609,1.7500,,,,,0,27.9901,0.6465,25.3055,1.0156,,,,,0,28.3851,0.6719,74.2618,3.1250,,,,
172,0,33.5213,0.9062,44.0702,1.6250,,,,,0,37.3273,0.6953,24.0827,1.0000,,,,,0,30.2211,0.7607,55.1739,2.1562,,,,
173,0,38.9644,0.8125,39.8103,1.6875,,,,,0,28.2058,0.6211,22.8065,1.0625,,,,,0,31.2908,0.7461,62.1050,2.2500,,,,
174,0,36.0405,0.7070,42.5020,1.6250,,,,,0,30.9337,0.6289,22.1241,0.8750,,,,,0,28.4864,0.7031,55.2561,2.3750,,,,
175,0,27.7670,0.7422,31.4056,1.1250,,,,,0,32.4927,0.6094,20.7990,0.8438,,,,,0,36.6220,0.8516,50.3610,1.8750,,,,
176,0,24.0904,0.7227,30.9973,1.1094,,,,,0,20.3727,0.5625,22.6075,1.1250,,,,,0,30.8165,0.8047,46.6810,1.9375,,,,
177,0,33.3519,0.8682,32.3429,1.2500,,,,,0,19.2786,0.5820,19.6811,0.7500,,,,,0,28.8368,0.7036,43.9946,2.5625,,,,
178,0,24.2140,0.6738,33.4699,1.2500,,,,,0,21.7377,0.6260,23.3509,0.8750,,,,,0,32.2700,0.8438,36.2461,1.5000,,,,
179,0,24.6293,0.7754,32.9750,1.1562,,,,,0,20.4083,0.6094,21.3286,0.9062,,,,,0,27.0387,0.6484,36.0624,1.3750,,,,
180,0,23.7562,0.8076,35.6293,1.5625,,,,,0,18.2543,0.5338,24.3924,0.9375,,,,,0,38.2494,0.8665,35.9718,1.6250,,,,
181,0,33.3729,0.7773,31.8101,1.3125,,,,,0,19.0158,0.5879,26.0406,1.1875,,,,,0,45.8503,0.8926,34.4879,1.9375,,,,
182,0,29.9292,0.8750,32.6027,1.5469,,,,,0,19.4814,0.6113,21.5653,0.8750,,,,,0,29.7342,0.7441,33.6153,1.8750,,,,
183,0,24.5548,0.6680,33.1752,1.9375,,,,,0,18.8005,0.5625,23.0205,1.0625,,,,,0,28.4658,0.7383,34.0315,1.9688,,,,
184,0,31.1324,0.7344,32.0828,1.0625,,,,,0,18.5612,0.5879,22.9685,0.8750,,,,,0,34.4472,0.7598,31.7523,1.7500,,,,
185,0,27.8479,0.7148,34.3622,1.3340,,,,,0,18.3613,0.5859,23.8973,1.0625,,,,,0,35.7178,0.8105,38.0865,2.0000,,,,
186,0,33.7023,0.8105,31.6698,1.3750,,,,,0,18.3602,0.5195,22.6019,1.0938,,,,,0,29.4480,0.7402,36.0474,2.0000,,,,
187,0,31.9736,0.8027,37.3312,1.5000,,,,,0,20.0195,0.5059,25.3215,1.1250,,,,,0,30.0240,0.7158,37.8954,1.6875,,,,
188,0,32.3631,0.8147,34.8475,1.8125,,,,,0,21.4244,0.6875,21.4662,0.9375,,,,,0,26.5746,0.6641,47.5595,2.5000,,,,
189,0,24.0024,0.7656,36.2378,2.1250,,,,,0,19.8177,0.5859,24.9530,1.3438,,,,,0,40.3999,0.8750,46.4149,2.5000,,,,
190,0,41.7320,0.8984,38.2096,1.7500,,,,,0,18.7271,0.5820,22.0052,0.9688,,,,,0,31.1789,0.9062,40.7212,1.5000,,,,
191,0,35.3875,0.8594,32.3822,1.2500,,,,,0,19.9378,0.5547,24.2190,1.0938,,,,,0,28.9027,0.8125,40.8558,1.6562,,,,
192,0,28.4803,0.8047,31.9719,1.3438,,,,,0,21.3521,0.6250,24.1018,1.0156,,,,,0,30.4369,0.7969,46.4709,1.7969,,,,
193,0,23.2650,0.6211,32.6609,1.3395,,,,,0,23.2191,0.6172,25.1924,0.9688,,,,,0,28.9666,0.7891,49.2488,2.2188,,,,
194,0,26.6684,0.7744,36.4334,1.2344,,,,,0,19.4146,0.5775,26.0319,1.0312,,,,,0,27.1326,0.7344,45.3516,2.0156,,,,
195,0,21.6287,0.6406,32.5082,1.3125,,,,,0,20.3376,0.5938,27.5305,1.0938,,,,,0,27.1948,0.7188,44.5200,1.7578,,,,
196,0,25.1136,0.7422,31.5056,1.2500,,,,,0,19.9679,0.6094,27.6161,1.1250,,,,,0,32.1241,0.7812,45.6308,1.9375,,,,
197,0,32.1147,0.8145,37.2084,1.6250,,,,,0,19.1143,0.5814,27.4771,1.0000,,,,,0,28.6369,0.7734,43.1904,1.8281,,,,
198,0,22.0826,0.6328,35.1769,1.2500,,,,,0,23.7691,0.6016,25.7365,1.0312,,,,,0,27.6656,0.7891,45.4215,1.8672,,,,
199,0,25.2101,0.6836,33.5361,1.5000,,,,,0,18.7002,0.5918,25.5474,1.1875,,,,,0,32.3734,0.6982,43.3828,1.8525,,,,
200,0,39.7920,0.8281,31.6769,1.2188,,,,,0,20.9237,0.6470,25.4691,1.1250,,,,,0,31.3580,0.7148,46.1811,1.7812,,,,
201,0,25.4456,0.7656,34.1954,1.4844,,,,,0,20.4359,0.6562,26.3474,1.3125,,,,,0,32.6954,0.7832,67.4998,3.0000,,,,
202,0,26.9229,0.7891,34.3915,1.6094,,,,,0,24.0853,0.5859,22.7362,1.2500,,,,,0,55.8826,0.9551,46.4607,1.8750,,,,
203,0,34.4971,0.7422,39.8874,1.9375,,,,,0,35.3943,0.6953,21.4386,0.8750,,,,,0,48.4737,0.9688,43.1024,1.8750,,,,
204,0,25.6604,0.6953,40.6914,2.0000,,,,,0,27.6751,0.6484,20.3212,0.7500,,,,,0,30.9031,0.7812,55.0468,2.3125,,,,
205,0,23.7642,0.7188,39.6735,1.6875,,,,,0,37.6395,0.7578,21.4359,1.2500,,,,,0,44.1158,0.8887,51.5776,2.5156,,,,
206,0,41.9453,0.9844,44.5343,3.1094,,,,,0,31.6082,0.7031,21.9649,1.0000,,,,,0,42.5079,0.8926,47.9004,2.3594,,,,
207,0,58.0699,1.1250,43.7546,2.9062,,,,,0,27.9059,0.6797,23.8994,1.0000,,,,,0,28.7252,0.7102,54.1489,2.5859,,,,
208,0,43.0920,0.9531,42.8019,1.6484,,,,,0,28.5412,0.6406,22.5127,0.9375,,,,,0,29.5122,0.7275,62.9049,2.6562,,,,
209,0,26.5256,0.7188,39.4571,1.6211,,,,,0,30.5565,0.6602,22.3949,0.7500,,,,,0,33.1873,0.7969,60.3784,2.9375,,,,
210,0,23.6723,0.7031,37.2728,1.6250,,,,,0,28.4463,0.6172,22.3303,0.8750,,,,,0,29.5613,0.7051,58.6272,2.8125,,,,
211,0,26.4153,0.7188,37.3946,2.0000,,,,,0,26.8192,0.5977,23.0157,0.9297,,,,,0,29.0561,0.6846,59.6909,2.6875,,,,
212,0,22.6409,0.5742,42.4905,2.0000,,,,,0,36.5679,0.6562,21.7216,1.0000,,,,,0,35.6498,0.8672,54.3880,1.8750,,,,
213,0,48.3425,0.9219,31.3177,1.2500,,,,,0,32.3952,0.7344,22.2613,0.9375,,,,,0,47.3381,1.0078,52.5837,2.5000,,,,
214,0,24.2835,0.7344,32.7548,1.8125,,,,,0,20.1203,0.5781,19.8699,0.7188,,,,,0,34.9485,0.8047,43.4866,1.5469,,,,
215,0,25.6064,0.7183,30.2664,1.1250,,,,,0,20.2418,0.6201,21.8475,1.0000,,,,,0,29.6514,0.7734,34.3032,1.5625,,,,
216,0,33.4075,0.8613,27.7982,1.0000,,,,,0,18.9719,0.6309,22.2793,1.1875,,,,,0,35.2108,0.8438,34.4888,1.6406,,,,
217,0,48.1157,1.0264,34.6996,1.3750,,,,,0,18.5613,0.5527,21.1628,0.7500,,,,,0,31.7573,0.7959,36.6914,1.8125,,,,
218,0,44.9261,0.9061,34.3129,1.6875,,,,,0,18.0574,0.5234,20.2232,0.8750,,,,,0,48.2737,0.9285,29.0536,1.2500,,,,
219,0,32.8283,0.7930,31.6762,1.3750,,,,,0,19.4447,0.5997,24.0112,1.1094,,,,,0,35.9204,0.8308,31.8009,1.5000,,,,
220,0,26.4453,0.6523,30.9700,1.7129,,,,,0,19.5271,0.5527,18.4868,0.7031,,,,,0,29.2024,0.7109,29.8748,1.3750,,,,
221,0,25.8966,0.7598,38.0746,1.7500,,,,,0,18.7895,0.5850,19.8992,0.8750,,,,,0,38.3573,0.8672,32.4557,1.5000,,,,
222,0,36.9015,0.8594,27.7490,1.1406,,,,,0,18.6704,0.5977,17.7134,0.7500,,,,,0,46.9376,0.9639,30.7473,1.4062,,,,
223,0,22.0214,0.7588,29.0671,1.3750,,,,,0,18.3539,0.5508,18.5752,0.8828,,,,,0,31.3460,0.7812,28.5548,1.4375,,,,
224,0,22.1600,0.6562,28.0647,2.5000,,,,,0,19.7886,0.5336,19.1118,1.0000,,,,,0,34.9494,0.8081,29.0404,1.2656,,,,
225,0,23.7662,0.7021,30.4824,1.3750,,,,,0,18.2367,0.5977,21.2121,1.1816,,,,,0,26.4326,0.5977,43.9995,2.2578,,,,
226,0,20.6747,0.5469,33.4452,1.5000,,,,,0,18.0397,0.6250,26.3836,1.2969,,,,,0,27.9109,0.6719,48.8735,2.0625,,,,
227,0,23.3499,0.7266,27.9073,1.0625,,,,,0,18.6679,0.6172,22.2435,0.8750,,,,,0,39.1572,0.8984,33.8238,1.3438,,,,
228,0,23.7632,0.7656,31.8018,1.2500,,,,,0,18.8003,0.5771,21.4645,1.0312,,,,,0,34.6488,0.8594,38.8106,1.7500,,,,
229,0,29.7472,0.7734,28.0262,1.5000,,,,,0,22.9922,0.6016,18.6589,0.7656,,,,,0,40.5497,0.9238,50.3394,2.1250,,,,
230,0,30.5798,0.7852,33.4966,1.2812,,,,,0,20.2996,0.5547,20.0612,1.1250,,,,,0,34.1734,0.8828,43.5834,1.7500,,,,
231,0,32.5896,0.7578,35.4012,1.5625,,,,,0,22.8445,0.6328,23.9498,0.9375,,,,,0,32.1550,0.7969,41.6070,1.6406,,,,
232,0,26.2780,0.7158,29.2693,1.1250,,,,,0,18.7851,0.5891,19.9078,0.8125,,,,,0,29.4002,0.6719,40.3508,1.8848,,,,
233,0,26.4336,0.7227,32.3852,1.5938,,,,,0,18.5919,0.5884,20.8747,0.8164,,,,,0,28.8073,0.7031,40.5448,2.0000,,,,
234,0,24.4331,0.7188,33.6120,1.6562,,,,,0,18.9971,0.5547,19.2288,0.8359,,,,,0,29.1018,0.6934,41.2222,2.1250,,,,
235,0,25.9836,0.8027,35.3498,1.7500,,,,,0,19.2527,0.5890,20.3553,0.8125,,,,,0,32.6014,0.6953,42.7038,2.5000,,,,
236,0,37.2177,0.8752,37.7269,1.5000,,,,,0,20.8996,0.5664,20.2680,0.8125,,,,,0,32.3451,0.7891,44.1721,2.2500,,,,
237,0,24.8373,0.6875,32.5999,1.2812,,,,,0,19.5157,0.5273,20.6997,0.7500,,,,,0,42.5339,0.7969,42.0625,1.9844,,,,
238,0,40.7398,0.8438,34.5139,1.4062,,,,,0,19.9521,0.6172,23.7087,1.0000,,,,,0,47.2491,0.9238,59.5548,2.4414,,,,
239,0,43.0146,0.9766,41.3207,1.6875,,,,,0,23.4381,0.5977,20.7924,0.9375,,,,,0,29.9668,0.7344,52.7025,2.4609,,,,
240,0,27.8673,0.7656,47.8826,2.3125,,,,,0,24.0426,0.6016,20.8978,0.7500,,,,,0,32.2246,0.8125,45.7253,2.2500,,,,
241,0,26.4691,0.7734,53.4882,1.9922,,,,,0,31.4091,0.6797,22.1236,0.9062,,,,,0,32.2697,0.8125,41.8125,2.0000,,,,
242,0,29.8311,0.8125,44.6436,1.6250,,,,,0,33.7593,0.7031,21.8816,0.7812,,,,,0,48.2697,0.9980,41.8403,2.0063,,,,
243,0,25.1806,0.7812,37.7322,1.4375,,,,,0,27.8708,0.6719,23.1384,1.2500,,,,,0,40.6208,0.8496,61.7637,2.2920,,,,
244,0,23.9671,0.7266,44.8934,1.7500,,,,,0,43.8367,0.8516,21.4779,0.7500,,,,,0,45.0106,0.9688,54.0204,2.8906,,,,
245,0,23.2673,0.6562,42.3640,2.2500,,,,,0,30.0748,0.7266,22.2495,1.0000,,,,,0,29.5172,0.6523,56.8675,2.7344,,,,
246,0,22.8745,0.6250,38.5067,1.7500,,,,,0,31.3510,0.6914,24.2505,1.0000,,,,,0,32.8441,0.7676,59.6952,2.6406,,,,
247,0,25.1895,0.7500,42.7803,1.7734,,,,,0,29.2135,0.6680,23.4063,0.8750,,,,,0,29.6114,0.7213,53.5035,2.5312,,,,
248,0,42.1229,0.8672,47.2333,2.0000,,,,,0,35.1164,0.7266,23.6239,0.9375,,,,,0,34.1129,0.7891,65.6412,2.8906,,,,
249,0,41.4506,0.8203,37.5660,1.6250,,,,,0,40.2807,0.7148,22.3719,0.8750,,,,,0,32.5237,0.8438,51.5522,2.0000,,,,
250,0,28.6374,0.6328,32.3911,1.9375,,,,,0,34.4916,0.6289,22.6482,0.8750,,,,,0,36.9073,0.8965,51.3771,2.1250,,,,
251,0,26.3486,0.7578,31.0570,1.4375,,,,,0,22.4163,0.6094,24.3972,0.9062,,,,,0,31.7966,0.8672,41.0681,1.4160,,,,
252,0,33.6784,0.8984,29.0391,1.2500,,,,,0,19.5448,0.5859,21.3515,1.1875,,,,,0,30.4969,0.8203,45.7476,1.8750,,,,
253,0,36.3587,0.8379,28.5239,1.3125,,,,,0,19.0339,0.5796,21.3293,0.9375,,,,,0,31.1775,0.7852,35.8432,1.4688,,,,
254,0,50.9552,0.8281,39.2955,1.6250,,,,,0,19.2255,0.6060,19.8944,0.9062,,,,,0,28.4960,0.7402,37.9481,1.8125,,,,
255,0,31.3392,0.8633,43.7290,1.9375,,,,,0,20.3241,0.5664,19.7457,1.0625,,,,,0,36.2130,0.8721,36.1574,1.8750,,,,
256,0,33.9391,0.7871,28.6027,1.5000,,,,,0,18.7429,0.5835,24.7944,1.4375,,,,,0,48.4504,0.9395,32.1918,1.2656,,,,
257,0,26.9610,0.7852,35.1483,1.5625,,,,,0,19.2079,0.5938,18.6059,0.6562,,,,,0,26.9316,0.7285,35.2787,1.5312,,,,
258,0,22.1753,0.6523,31.4850,1.0625,,,,,0,18.6374,0.5830,17.8792,0.6875,,,,,0,27.9165,0.7344,31.2843,1.2188,,,,
259,0,23.9275,0.6152,34.6600,1.6406,,,,,0,18.3542,0.5630,18.8060,1.0625,,,,,0,42.3267,0.9219,28.3523,1.1250,,,,
260,0,41.3733,1.1045,37.0519,1.4219,,,,,0,18.3911,0.5508,18.4593,0.7500,,,,,0,37.8638,0.8965,33.1641,1.4922,,,,
261,0,39.5020,0.9301,26.0925,1.0625,,,,,0,18.3068,0.5605,16.2200,0.6562,,,,,0,25.8473,0.6875,25.8935,1.0000,,,,
262,0,20.1207,0.5742,29.2976,1.2812,,,,,0,19.1020,0.5190,20.6531,0.9062,,,,,0,29.5569,0.6992,39.3891,1.8438,,,,
263,0,64.0505,1.0078,32.9565,1.2656,,,,,0,17.9958,0.5859,20.3232,0.7500,,,,,0,28.2876,0.7461,47.4776,1.9839,,,,
264,0,23.0780,0.7734,30.3802,1.1875,,,,,0,19.3359,0.6758,18.9099,0.9688,,,,,0,41.9664,0.9297,39.1234,1.6094,,,,
265,0,64.4103,1.0703,30.0761,1.3750,,,,,0,19.5024,0.6445,25.6756,1.1875,,,,,0,28.8831,0.7500,41.6511,1.9531,,,,
266,0,27.9849,0.8047,31.2700,1.5000,,,,,0,20.1845,0.5859,20.0544,0.8125,,,,,0,30.8035,0.7891,36.4326,1.4922,,,,
267,0,37.4681,1.0234,29.5522,1.1406,,,,,0,21.6574,0.5938,18.9577,0.7422,,,,,0,31.2996,0.8086,42.5990,1.7734,,,,
268,0,23.5920,0.7266,33.5325,1.2070,,,,,0,20.1408,0.5713,19.5107,0.7109,,,,,0,29.1536,0.7656,46.7326,2.5000,,,,
269,0,27.3513,0.6406,35.0246,2.0312,,,,,0,20.3184,0.5625,20.0601,0.8242,,,,,0,27.8360,0.7188,40.6946,1.8750,,,,
270,0,40.3415,0.9453,32.9812,1.3125,,,,,0,19.2971,0.5713,20.5824,0.8535,,,,,0,29.5143,0.6719,43.1103,2.0547,,,,
271,0,25.3616,0.7734,33.4446,2.0000,,,,,0,19.0735,0.5864,21.2418,0.8809,,,,,0,30.1955,0.7344,41.6767,2.0000,,,,
272,0,22.3465,0.6250,35.3433,2.0000,,,,,0,19.4061,0.5928,20.3971,0.8516,,,,,0,30.8605,0.7656,39.4875,1.9082,,,,
273,0,35.8887,0.7637,28.3370,1.1094,,,,,0,18.8532,0.5757,20.6488,0.8125,,,,,0,36.0615,0.7539,41.6534,2.0000,,,,
274,0,39.8050,0.7812,36.1209,1.9375,,,,,0,18.5442,0.5352,20.7974,0.9375,,,,,0,36.6198,0.7734,45.2364,2.4141,,,,
275,0,31.4799,0.7266,31.0834,1.4062,,,,,0,19.3128,0.6182,21.1565,0.8828,,,,,0,32.6242,0.7070,51.9589,2.6250,,,,
276,0,35.2124,0.9824,34.9448,1.5469,,,,,0,20.8369,0.6108,22.8952,1.0000,,,,,0,31.5667,0.7471,57.4241,2.5000,,,,
277,0,42.9065,1.0391,36.0292,1.5000,,,,,0,28.2162,0.6094,21.4280,1.0000,,,,,0,49.1722,0.8926,47.1766,2.1250,,,,
278,0,24.2233,0.6953,31.3951,1.4414,,,,,0,32.7218,0.7266,21.6689,1.0000,,,,,0,36.2926,0.8750,40.9352,2.1250,,,,
279,0,25.3784,0.6719,42.9787,2.0000,,,,,0,30.1697,0.6641,22.7849,1.4375,,,,,0,35.7876,0.8750,46.2719,2.0625,,,,
280,0,27.3881,0.7656,36.7146,2.0000,,,,,0,26.6211,0.6328,22.2472,1.2500,,,,,0,48.0118,0.9883,49.2897,2.0000,,,,
281,0,40.5940,0.8672,42.7166,1.9375,,,,,0,29.2021,0.6641,21.5795,1.0625,,,,,0,44.3992,0.9775,43.7382,1.6875,,,,
282,0,23.4909,0.6016,37.2419,1.7500,,,,,0,27.0655,0.6797,21.1147,1.1250,,,,,0,33.1657,0.8613,40.0784,1.8125,,,,
283,0,24.7924,0.7344,38.1379,1.5625,,,,,0,27.0855,0.6523,20.7110,0.8125,,,,,0,36.4073,0.8750,48.9415,1.9688,,,,
284,0,24.5133,0.7500,37.1400,1.7812,,,,,0,23.1980,0.6016,23.3760,1.3125,,,,,0,34.9091,0.8594,51.5334,2.2500,,,,
285,0,27.4198,0.7500,35.4503,1.3750,,,,,0,25.9896,0.6172,24.2136,1.3750,,,,,0,34.2998,0.7969,47.6719,1.9727,,,,
286,0,45.5417,0.9453,38.6652,1.5000,,,,,0,21.6122,0.5625,23.3215,1.1250,,,,,0,29.3181,0.7656,52.3108,1.8750,,,,
287,0,28.1445,0.6101,37.8654,1.8438,,,,,0,31.8170,0.6396,20.6726,0.9375,,,,,0,41.9340,0.9248,41.3711,2.5000,,,,
288,0,42.5808,0.9375,31.2068,1.5000,,,,,0,26.7360,0.6660,19.4928,0.7812,,,,,0,36.4121,0.9688,38.7002,1.7500,,,,
289,0,22.9591,0.7188,38.7881,2.6250,,,,,0,20.7724,0.6289,17.7362,0.9375,,,,,0,31.7801,0.8594,36.2270,1.5312,,,,
290,0,21.9208,0.6699,27.4124,1.0000,,,,,0,18.4261,0.5547,17.9916,1.0000,,,,,0,29.2256,0.7656,33.9143,1.7500,,,,
291,0,22.8430,0.7285,28.4266,1.3750,,,,,0,18.6306,0.5486,19.0910,0.8750,,,,,0,36.4981,0.9062,37.8616,1.7188,,,,
292,0,24.5719,0.7539,30.0088,1.5000,,,,,0,18.2415,0.5508,21.5281,1.0625,,,,,0,29.6746,0.7764,40.3954,2.2344,,,,
293,0,37.6731,0.8447,31.4362,1.7500,,,,,0,18.0759,0.5547,20.1938,1.0000,,,,,0,38.8365,0.8936,30.2881,1.1953,,,,
294,0,23.1082,0.7070,23.9261,1.0625,,,,,0,20.5345,0.6035,20.1453,1.0625,,,,,0,36.2913,0.9038,30.1067,1.1250,,,,
295,0,25.8533,0.6758,25.9080,1.0000,,,,,0,19.3316,0.5884,20.4848,1.3750,,,,,0,27.2422,0.7578,26.6428,1.0938,,,,
296,0,25.0002,0.6719,28.8811,1.3125,,,,,0,18.5952,0.5586,18.6088,1.0000,,,,,0,30.9599,0.8516,29.3892,1.1250,,,,
297,0,41.1439,0.8318,36.6532,2.2500,,,,,0,18.5026,0.5664,19.5606,1.1250,,,,,0,38.3756,0.9062,28.9468,1.1875,,,,
298,0,27.8615,0.8164,28.7149,1.6250,,,,,0,18.2730,0.5381,19.1636,1.0000,,,,,0,28.7001,0.7734,27.5032,1.2500,,,,
299,0,25.6800,0.6299,27.7502,1.2500,,,,,0,19.8725,0.5391,19.8237,1.1250,,,,,0,28.8612,0.7422,30.2093,1.6875,,,,
300,0,23.0412,0.6426,30.1469,1.5625,,,,,0,18.7170,0.6250,20.9218,0.8750,,,,,0,26.3144,0.6025,29.3288,1.3750,,,,
301,0,27.5349,0.7422,30.4088,1.3125,,,,,0,18.2417,0.6250,21.4111,1.1250,,,,,0,27.2332,0.6733,45.8518,2.1250,,,,
302,0,26.8540,0.8906,29.8351,1.7344,,,,,0,20.4524,0.6367,21.0122,0.9688,,,,,0,35.5500,0.8516,38.6925,1.5625,,,,
303,0,65.9366,1.1367,31.8171,1.5000,,,,,0,21.2975,0.6094,19.0732,0.7422,,,,,0,39.6667,0.9219,42.1888,1.8438,,,,
304,0,24.9445,0.7344,35.0350,1.5000,,,,,0,22.6199,0.6406,20.2463,1.0000,,,,,0,44.1173,1.0156,50.8069,2.2500,,,,
305,0,31.2057,0.7539,36.6494,1.6250,,,,,0,22.6073,0.6172,23.4449,1.0625,,,,,0,37.4805,0.9375,45.8157,2.1250,,,,
306,0,49.0412,0.9766,29.5017,1.1250,,,,,0,19.4803,0.6074,25.7557,1.3750,,,,,0,33.8606,0.7354,38.5130,1.8125,,,,
307,0,27.7714,0.7988,34.6290,1.8750,,,,,0,22.1807,0.6016,24.8759,1.0000,,,,,0,32.7300,0.8906,45.5219,2.0938,,,,
308,0,45.4751,1.0176,32.0708,1.5312,,,,,0,22.6755,0.6250,24.0585,1.0000,,,,,0,53.0220,1.0625,60.9306,2.5625,,,,
309,0,31.3683,0.7744,34.1000,1.8125,,,,,0,19.9740,0.5806,23.7359,1.2500,,,,,0,32.8802,0.8359,40.8521,1.8750,,,,
310,0,22.9054,0.6719,35.0462,1.3750,,,,,0,21.6690,0.6172,24.4647,1.1250,,,,,0,31.9256,0.8516,41.3330,1.7500,,,,
311,0,46.4320,0.9062,36.6431,1.5000,,,,,0,21.2034,0.5820,23.2569,1.1250,,,,,0,33.9321,0.8125,44.9968,2.0234,,,,
312,0,26.1863,0.7656,34.8000,1.3906,,,,,0,18.8480,0.5449,24.3375,1.1562,,,,,0,33.3649,0.7656,46.0695,2.0000,,,,
313,0,37.1034,0.9365,34.8615,1.5254,,,,,0,19.6070,0.6181,19.5104,0.8750,,,,,0,38.6264,0.8720,56.3337,2.7500,,,,
314,0,24.5360,0.7031,32.0898,2.0000,,,,,0,22.4136,0.6074,21.3420,1.2500,,,,,0,35.9684,0.8594,47.3770,2.0000,,,,
315,0,33.2621,0.8438,41.8387,2.3750,,,,,0,34.0401,0.6797,23.0086,1.1875,,,,,0,39.9964,0.9219,48.9425,2.2500,,,,
316,0,28.9609,0.9219,34.3376,1.6875,,,,,0,31.8327,0.6914,21.5232,0.8750,,,,,0,36.7531,0.8594,49.2980,2.3125,,,,
317,0,25.8952,0.6992,33.1026,1.4375,,,,,0,30.4766,0.6719,23.4894,1.0625,,,,,0,51.2938,1.0156,42.4210,1.7500,,,,
318,0,40.9104,0.9453,35.3653,1.4062,,,,,0,33.4107,0.7266,23.4641,1.1250,,,,,0,47.9555,1.0039,39.9837,1.5312,,,,
319,0,26.4300,0.6719,33.0412,1.5000,,,,,0,33.2482,0.7344,22.9645,1.1875,,,,,0,49.2508,1.0234,38.0904,1.6250,,,,
320,0,28.5359,0.6880,32.8399,1.2871,,,,,0,25.3672,0.6367,22.2700,0.8750,,,,,0,39.2105,0.8926,47.6898,1.6875,,,,
321,0,26.8322,0.7266,36.4067,1.5000,,,,,0,33.9190,0.7490,22.5897,1.0000,,,,,0,47.3383,1.0000,47.7287,1.6250,,,,
322,0,26.7493,0.6172,38.2058,1.6250,,,,,0,27.9753,0.6523,22.8000,1.0000,,,,,0,55.1373,1.0312,38.8252,1.5000,,,,
323,0,48.7819,0.9609,34.8177,1.5312,,,,,0,26.5653,0.6406,22.0161,1.1875,,,,,0,36.8316,0.8945,41.9408,1.5000,,,,
324,0,40.9919,0.7773,33.3223,1.3750,,,,,0,25.6942,0.6191,23.1323,1.0000,,,,,0,38.3123,0.9902,48.2806,1.8750,,,,
325,0,22.9507,0.5508,32.4767,1.3281,,,,,0,38.3304,0.6641,20.5527,0.7500,,,,,0,49.0635,1.0361,45.5487,2.2500,,,,
326,0,65.9671,1.1104,28.4001,1.2500,,,,,0,24.5496,0.6641,20.6310,1.1250,,,,,0,33.7249,0.8633,42.4021,1.7500,,,,
327,0,23.8980,0.7598,29.9670,1.5400,,,,,0,20.4589,0.5859,18.8360,1.0000,,,,,0,34.0730,0.9141,36.7586,1.5938,,,,
328,0,49.7866,0.9531,28.8505,1.3125,,,,,0,21.2238,0.6279,20.0607,1.0625,,,,,0,33.6581,0.8574,33.1515,1.1250,,,,
329,0,25.4401,0.6680,30.7505,1.8750,,,,,0,20.3669,0.5942,20.1357,0.8750,,,,,0,31.2071,0.7969,32.9119,1.3438,,,,
330,0,20.8908,0.6289,30.1476,1.3125,,,,,0,18.0266,0.5503,23.8528,1.1250,,,,,0,43.3040,0.9721,32.0907,1.6875,,,,
331,0,22.5948,0.7109,25.7682,1.0000,,,,,0,18.3143,0.5427,21.5615,0.8750,,,,,0,53.2349,1.0469,31.5040,1.4375,,,,
332,0,30.0385,0.8945,28.6050,1.2344,,,,,0,19.9917,0.6270,23.1122,1.1250,,,,,0,27.7062,0.7559,32.3655,1.3438,,,,
333,0,47.8050,0.8867,30.9976,1.1562,,,,,0,18.7338,0.5723,22.1918,1.2500,,,,,0,29.7833,0.7734,30.0289,1.1875,,,,
334,0,54.6901,1.1074,33.8563,1.5938,,,,,0,18.9920,0.6204,20.8942,1.0000,,,,,0,38.0652,0.8696,30.5568,1.0938,,,,
335,0,24.7468,0.7012,24.8420,1.1875,,,,,0,19.0025,0.6240,21.9740,0.8750,,,,,0,35.5384,0.8867,28.6363,1.1875,,,,
336,0,22.0028,0.6025,23.6621,1.1250,,,,,0,18.1663,0.5430,21.8729,1.2500,,,,,0,27.5901,0.7734,28.4707,1.3125,,,,
337,0,29.4702,0.6992,26.0722,1.0938,,,,,0,18.0437,0.5176,24.3180,1.1562,,,,,0,36.5285,0.8018,31.5888,1.5625,,,,
338,0,34.4739,0.7500,33.4417,1.3125,,,,,0,18.0272,0.5938,23.0744,1.0000,,,,,0,30.4480,0.7705,37.0421,1.7500,,,,
339,0,30.9208,0.8047,29.7209,1.2188,,,,,0,20.8475,0.6367,21.6318,1.0625,,,,,0,40.5917,0.8828,32.9356,1.6094,,,,
340,0,22.1839,0.6562,31.8722,1.2422,,,,,0,20.3140,0.6172,21.6106,1.0000,,,,,0,38.9145,0.9224,36.6458,1.3750,,,,
341,0,24.0834,0.7109,34.8275,1.5000,,,,,0,24.4503,0.6719,22.0563,0.8750,,,,,0,37.5844,0.9219,40.1614,1.6875,,,,
342,0,23.2505,0.6562,27.6962,1.7500,,,,,0,21.8188,0.6250,19.7452,0.8750,,,,,0,27.9817,0.6875,47.3397,2.5156,,,,
343,0,47.7730,0.9238,35.1372,1.5625,,,,,0,23.5237,0.6328,24.1110,1.1875,,,,,0,33.0357,0.9062,43.2839,1.9062,,,,
344,0,39.5115,0.9141,33.7315,1.5000,,,,,0,21.4597,0.5938,23.6798,0.9761,,,,,0,30.9067,0.7500,39.8410,1.8750,,,,
345,0,33.1976,0.7617,29.0754,1.3125,,,,,0,21.9710,0.6094,21.5072,0.9141,,,,,0,32.4694,0.8438,57.0372,2.4219,,,,
346,0,31.5656,0.7734,31.4712,1.1094,,,,,0,20.9685,0.6094,19.3919,0.7500,,,,,0,37.8404,0.8203,34.8910,1.5625,,,,
347,0,26.2664,0.6172,28.7982,1.2188,,,,,0,20.1931,0.5625,21.7388,1.0625,,,,,0,32.8899,0.7188,43.6734,2.1250,,,,
348,0,32.3867,0.8477,37.3601,2.0000,,,,,0,22.2854,0.6016,20.6544,1.1250,,,,,0,32.2431,0.7578,43.2728,2.1250,,,,
349,0,46.8588,0.7930,37.7647,1.4531,,,,,0,25.0362,0.5938,22.3865,1.1250,,,,,0,43.2384,0.8018,47.1432,1.9375,,,,
350,0,35.1283,0.9453,32.8584,1.3125,,,,,0,19.0380,0.5708,22.4949,1.0000,,,,,0,37.8470,0.7578,45.6320,2.5000,,,,
351,0,36.6726,0.9766,30.4659,1.2500,,,,,0,22.3737,0.5859,19.3980,0.7500,,,,,0,32.2326,0.7754,55.3737,2.5000,,,,
352,0,27.9172,0.8047,32.4243,1.5000,,,,,0,32.3701,0.6875,19.0121,0.8750,,,,,0,45.6292,0.8809,43.8870,3.0000,,,,
353,0,23.9310,0.6797,31.9166,1.6250,,,,,0,26.2088,0.6250,22.7558,1.0000,,,,,0,32.3210,0.8438,45.0019,2.3750,,,,
354,0,26.0697,0.6328,36.3714,1.6250,,,,,0,24.1168,0.6016,21.2774,0.9375,,,,,0,37.3550,0.8750,48.9694,2.1802,,,,
355,0,23.1304,0.6953,37.2540,2.5000,,,,,0,28.6327,0.6562,23.2373,1.4375,,,,,0,64.9423,1.1016,53.5829,2.4375,,,,
356,0,25.3710,0.8203,36.3917,1.8750,,,,,0,34.2486,0.7266,22.6040,0.9375,,,,,0,57.1115,1.0625,48.0889,2.1250,,,,
357,0,24.0672,0.6484,33.2385,1.8125,,,,,0,28.3752,0.7109,22.2303,1.1250,,,,,0,39.6180,0.9531,39.9258,1.7500,,,,
358,0,37.3209,0.9062,33.5611,1.5000,,,,,0,28.0315,0.6484,21.1173,0.9727,,,,,0,40.3647,0.8984,41.4342,1.5000,,,,
359,0,22.4342,0.6367,34.2460,1.4062,,,,,0,23.4328,0.6096,22.6732,1.1875,,,,,0,44.5456,0.9766,44.8488,1.5625,,,,
360,0,30.0534,0.8125,34.4605,1.7500,,,,,0,32.9978,0.6953,23.3657,1.2500,,,,,0,54.1648,1.0059,43.6424,1.6406,,,,
361,0,27.7190,0.6953,38.5795,1.6250,,,,,0,23.0152,0.5938,22.9239,1.0000,,,,,0,37.5940,0.8906,50.4733,2.0000,,,,
362,0,28.4120,0.6797,33.1904,2.1875,,,,,0,35.1984,0.6562,21.0754,0.8330,,,,,0,50.7153,1.0234,42.0479,2.0000,,,,
363,0,46.3762,0.8906,27.5421,1.2500,,,,,0,29.2630,0.7031,20.3800,1.0000,,,,,0,42.8351,0.9688,40.8377,1.7500,,,,
364,0,39.0576,0.9199,24.2067,1.4375,,,,,0,21.4985,0.6328,18.1510,0.7891,,,,,0,35.1751,0.8359,34.6486,1.5000,,,,
365,0,23.7287,0.7188,29.4962,1.5000,,,,,0,18.6471,0.5400,18.7107,0.9062,,,,,0,33.0447,0.8516,36.4165,1.7500,,,,
366,0,32.8551,0.8444,34.5917,1.7500,,,,,0,19.9850,0.5752,19.7428,0.7500,,,,,0,45.0214,0.9766,33.4424,1.4219,,,,
367,0,57.9691,1.0625,35.0936,1.5625,,,,,0,18.3663,0.5742,25.4978,0.9375,,,,,0,28.5491,0.7852,48.4354,2.2500,,,,
368,0,28.1684,0.6602,31.6696,1.1250,,,,,0,18.2760,0.5723,23.4575,1.1250,,,,,0,42.3693,0.9219,34.4819,1.6250,,,,
369,0,39.8054,0.9570,31.1415,1.4727,,,,,0,22.3275,0.6094,22.9739,1.0625,,,,,0,42.2189,0.9785,32.2450,1.3125,,,,
370,0,21.9518,0.6504,27.0693,0.9951,,,,,0,20.1530,0.5645,22.1681,1.0000,,,,,0,30.3223,0.8203,28.3512,1.1094,,,,
371,0,36.5209,0.8252,27.4614,1.5000,,,,,0,18.7416,0.5679,21.2170,1.1250,,,,,0,42.8905,0.9688,31.8918,1.2500,,,,
372,0,21.8996,0.6328,31.3015,1.3906,,,,,0,18.5692,0.6104,22.3884,1.0625,,,,,0,46.9990,0.9846,29.6852,1.4375,,,,
373,0,43.8069,1.0332,37.5277,1.7500,,,,,0,19.2508,0.5483,22.7320,1.1250,,,,,0,37.0697,0.8984,29.0089,1.1016,,,,
374,0,50.3154,1.0879,31.7950,1.4375,,,,,0,19.5747,0.5596,26.5013,1.3750,,,,,0,31.5896,0.7559,31.9062,1.5625,,,,
375,0,35.2719,0.8691,31.7586,1.1875,,,,,0,17.4261,0.5625,22.9433,1.1250,,,,,0,29.5894,0.7383,29.2642,1.2969,,,,
376,0,20.9292,0.6094,29.0599,1.7500,,,,,0,18.9717,0.6473,21.1754,0.8125,,,,,0,28.4353,0.7534,43.0987,1.9375,,,,
377,0,25.5218,0.7500,26.4593,1.1875,,,,,0,22.2018,0.6250,22.5373,1.0156,,,,,0,37.4406,0.8750,37.9585,1.4062,,,,
378,0,21.9811,0.6426,27.2962,1.1250,,,,,0,25.6514,0.6562,21.5682,0.8750,,,,,0,47.6718,1.0469,44.8327,2.2500,,,,
379,0,23.3487,0.6953,33.9863,1.4570,,,,,0,23.3190,0.6250,23.1906,1.0000,,,,,0,43.5605,0.9844,55.8843,3.3750,,,,
380,0,34.2126,0.7891,30.9051,1.8125,,,,,0,29.5246,0.7031,23.8524,0.8750,,,,,0,39.9044,1.0078,46.9791,2.1250,,,,
381,0,36.0220,0.8223,29.6503,1.2031,,,,,0,21.5723,0.6016,23.2216,0.9443,,,,,0,29.8727,0.7656,39.3253,1.7500,,,,
382,0,24.7621,0.7344,34.9481,1.2539,,,,,0,21.8658,0.5781,24.6033,1.0938,,,,,0,30.8716,0.7500,41.7631,1.6562,,,,
383,0,31.1842,0.7930,33.2491,1.6875,,,,,0,20.4033,0.5703,25.8579,1.1250,,,,,0,29.1935,0.8125,45.4129,2.0625,,,,
384,0,43.0813,0.9805,32.0277,2.3125,,,,,0,19.9845,0.5830,24.2677,1.1250,,,,,0,38.2477,0.7969,42.9019,1.7500,,,,
385,0,24.8767,0.6323,34.9989,1.7500,,,,,0,18.9946,0.5654,23.5039,1.0000,,,,,0,34.5831,0.7266,42.4761,1.6875,,,,
386,0,38.2797,0.8828,31.5820,1.3438,,,,,0,22.0122,0.5781,25.1832,1.1875,,,,,0,37.2062,0.7891,46.9019,1.9375,,,,
387,0,30.3270,0.7295,30.2151,1.1562,,,,,0,18.3703,0.5518,24.8659,1.3125,,,,,0,40.0651,0.7656,45.7924,2.2500,,,,
388,0,48.4429,1.0000,38.0291,1.8750,,,,,0,19.4948,0.5846,19.6769,0.8750,,,,,0,38.0586,0.8385,56.4531,2.5078,,,,
389,0,43.7375,0.9453,36.2999,1.7500,,,,,0,23.4955,0.5938,20.7053,1.1250,,,,,0,34.6451,0.8594,49.3171,2.1250,,,,
390,0,34.8425,0.9375,41.9124,2.5000,,,,,0,23.2930,0.5898,21.3268,0.8750,,,,,0,30.6195,0.7969,52.6716,2.5000,,,,
391,0,23.9189,0.6328,40.2281,1.8750,,,,,0,24.9852,0.6133,20.2720,0.8125,,,,,0,31.5658,0.7783,50.5099,2.4375,,,,
392,0,24.5769,0.7109,32.4760,1.6250,,,,,0,26.1385,0.6094,22.0811,1.0000,,,,,0,44.8359,0.9375,40.7924,1.7734,,,,
393,0,23.0103,0.6875,36.0830,1.5625,,,,,0,28.6469,0.6875,20.9525,0.9375,,,,,0,42.5134,0.9756,40.3803,2.0625,,,,
394,0,27.4487,0.7070,42.9498,1.8750,,,,,0,35.5530,0.7422,22.5248,1.2500,,,,,0,44.6684,1.0000,44.8005,1.9375,,,,
395,0,25.0507,0.6797,36.4987,1.3750,,,,,0,25.5845,0.6328,22.7684,1.2500,,,,,0,30.0638,0.7588,52.8507,2.7500,,,,
396,0,29.8149,0.7617,42.6625,2.1875,,,,,0,25.5096,0.6250,21.0466,1.0625,,,,,0,33.8594,0.8320,51.8472,2.5000,,,,
397,0,24.3153,0.5938,37.3155,1.8125,,,,,0,24.8058,0.6328,24.0944,1.2500,,,,,0,35.7486,0.8730,38.3521,1.4375,,,,
398,0,30.4630,0.7500,40.3377,2.0000,,,,,0,32.1032,0.7109,21.9894,1.2500,,,,,0,31.9714,0.8574,41.2554,1.9375,,,,
399,0,52.5380,0.8867,37.9143,1.8750,,,,,0,23.7201,0.5918,22.6020,0.9219,,,,,0,30.4156,0.8828,49.2002,1.8750,,,,
400,0,27.3729,0.6250,33.9831,1.4375,,,,,0,32.4731,0.6177,22.9554,0.7500,,,,,0,51.0431,1.0654,48.6148,2.3750,,,,
401,0,38.8092,0.8516,33.0733,1.6250,,,,,0,22.6031,0.6172,22.8477,0.8784,,,,,0,34.1423,0.8555,44.5613,1.6250,,,,
402,0,26.1565,0.8223,28.9615,1.2500,,,,,0,21.7247,0.6562,18.5519,0.8750,,,,,0,31.9071,0.8281,35.4993,1.5781,,,,
403,0,21.9204,0.6318,32.1068,1.3125,,,,,0,19.1335,0.5919,21.8045,1.1250,,,,,0,37.3937,0.8779,32.7106,1.1875,,,,
404,0,23.9323,0.6992,33.7930,1.4375,,,,,0,19.8689,0.5645,22.2921,1.0625,,,,,0,32.9984,0.8145,35.5383,1.5000,,,,
405,0,40.9579,0.8467,36.0550,1.3125,,,,,0,18.7797,0.5278,24.5679,1.2500,,,,,0,43.2320,0.9312,33.0055,1.3125,,,,
406,0,35.3202,0.7852,32.3667,1.2812,,,,,0,18.4715,0.5464,24.2636,1.1875,,,,,0,52.3048,1.0137,32.8612,1.3125,,,,
407,0,62.8455,1.0996,33.9544,1.3212,,,,,0,19.7556,0.5781,25.7585,1.2500,,,,,0,29.9631,0.8057,35.1331,1.3281,,,,
408,0,33.2628,0.8242,29.1695,1.1875,,,,,0,20.6430,0.6235,25.1450,1.5000,,,,,0,28.8031,0.7578,30.9961,1.3125,,,,
409,0,27.4001,0.7480,31.6632,1.3125,,,,,0,21.0207,0.5693,21.0303,1.1250,,,,,0,45.3825,0.9956,31.6012,1.2500,,,,
410,0,44.1539,0.8672,28.4781,1.5000,,,,,0,18.9880,0.5645,23.9414,1.1250,,,,,0,46.0668,0.9692,29.1851,1.4375,,,,
411,0,23.2753,0.7207,25.6661,1.3750,,,,,0,18.4809,0.5742,23.5481,1.3750,,,,,0,30.9789,0.8145,26.2802,1.3750,,,,
412,0,20.7667,0.6279,30.2067,1.3750,,,,,0,18.3720,0.5166,24.1386,1.1250,,,,,0,40.9613,0.8496,33.2678,1.5391,,,,
413,0,23.0342,0.5781,33.3913,1.3750,,,,,0,18.4643,0.6035,21.7711,1.0000,,,,,0,30.6514,0.7412,34.3420,1.3438,,,,
414,0,23.1669,0.7578,27.2295,1.2500,,,,,0,21.3996,0.6211,22.1060,0.9375,,,,,0,44.0052,0.9297,40.2078,2.2500,,,,
415,0,26.2416,0.7305,28.0949,1.2500,,,,,0,25.8833,0.6875,19.0847,1.1250,,,,,0,38.9272,0.9600,35.6326,1.5312,,,,
416,0,25.4282,0.7070,30.8648,1.5000,,,,,0,23.3445,0.6406,22.7658,1.1250,,,,,0,43.7410,0.9902,43.0428,2.3750,,,,
417,0,22.0786,0.6250,32.5201,1.4531,,,,,0,27.2884,0.7031,22.6920,1.2500,,,,,0,31.7751,0.7734,54.2116,3.0000,,,,
418,0,46.5072,0.9102,33.8698,1.7500,,,,,0,24.0346,0.6250,23.7305,1.2500,,,,,0,32.4120,0.8438,45.6506,1.8281,,,,
419,0,26.7896,0.7715,35.7584,1.5000,,,,,0,19.7579,0.5781,24.5569,1.1250,,,,,0,31.1896,0.8594,44.8661,1.7656,,,,
420,0,22.1946,0.6172,31.6818,1.5625,,,,,0,27.4399,0.6719,23.9515,1.1250,,,,,0,31.3257,0.8125,42.3697,2.1250,,,,
421,0,41.0172,0.8477,34.1183,1.6250,,,,,0,23.3805,0.6094,26.3610,1.1250,,,,,0,28.5396,0.7500,43.2524,1.6875,,,,
422,0,27.5421,0.7109,38.5811,2.0625,,,,,0,21.8003,0.5938,23.1518,1.0000,,,,,0,33.9114,0.7656,42.3298,1.6875,,,,
423,0,35.5642,0.8555,36.7915,1.3828,,,,,0,21.6438,0.6016,24.2735,1.3750,,,,,0,37.6391,0.7734,46.9703,2.1250,,,,
424,0,48.4594,0.8594,40.3864,1.7031,,,,,0,18.6258,0.5234,27.2632,1.6250,,,,,0,40.9427,0.7883,47.7220,2.5000,,,,
425,0,26.0967,0.7500,34.6470,1.3125,,,,,0,18.5111,0.5566,23.9969,1.2500,,,,,0,35.0570,0.6875,49.8257,2.3750,,,,
426,0,52.8104,1.0488,36.4390,1.6250,,,,,0,21.9547,0.6055,21.3591,1.0000,,,,,0,29.6372,0.7227,53.2319,2.1875,,,,
427,0,25.0724,0.7344,30.2108,1.1250,,,,,0,23.6465,0.5938,20.0524,0.7500,,,,,0,47.7663,0.8906,45.3670,2.8750,,,,
428,0,29.7181,0.8281,35.7854,1.4375,,,,,0,27.5477,0.6719,23.1554,1.1250,,,,,0,39.5959,0.9062,49.6173,2.3125,,,,
429,0,25.1125,0.6641,38.9011,1.9062,,,,,0,25.5219,0.6289,20.9096,1.0000,,,,,0,45.5023,0.9688,53.8671,2.3750,,,,
430,0,26.7566,0.7969,39.4956,1.8750,,,,,0,29.3618,0.7031,25.3134,1.3125,,,,,0,66.9431,1.1299,55.0775,2.5000,,,,
431,0,27.6610,0.7266,41.4223,2.7500,,,,,0,27.3604,0.6758,23.1445,1.0625,,,,,0,53.5781,1.0391,47.0089,2.2500,,,,
432,0,60.8655,1.1953,41.7072,2.3750,,,,,0,25.2483,0.6523,23.3812,1.1250,,,,,0,37.5462,0.9189,42.9815,1.9375,,,,
433,0,43.1688,0.9336,33.1258,1.3594,,,,,0,30.6485,0.7266,22.1237,1.0312,,,,,0,38.0569,0.9141,44.0845,1.6875,,,,
434,0,22.7381,0.6641,34.8770,1.9375,,,,,0,30.6465,0.7197,21.8740,1.0000,,,,,0,48.0523,1.0391,44.7180,1.5625,,,,
435,0,28.3356,0.7969,30.8512,1.5000,,,,,0,27.8900,0.6562,21.8972,1.0000,,,,,0,45.0609,0.9375,43.9904,2.0000,,,,
436,0,23.7858,0.7344,35.3166,1.6699,,,,,0,26.5504,0.6445,22.6527,0.8809,,,,,0,36.7446,0.8906,51.6900,2.0000,,,,
437,0,22.3107,0.6172,30.8784,1.4062,,,,,0,25.9245,0.5859,22.5347,0.8828,,,,,0,42.3640,0.9629,42.6175,2.0000,,,,
438,0,30.5720,0.7656,29.4489,1.2500,,,,,0,27.1739,0.6875,21.0646,1.0000,,,,,0,40.8614,0.9375,44.1547,1.8750,,,,
439,0,33.9145,0.8906,32.4402,1.5625,,,,,0,22.8717,0.6328,17.2704,0.8438,,,,,0,39.2367,0.8984,35.3792,1.7500,,,,
440,0,58.4195,0.9980,29.9670,1.1875,,,,,0,18.6213,0.5352,19.0788,0.7812,,,,,0,34.7024,0.8613,35.9674,2.0000,,,,
441,0,23.6776,0.6523,24.6143,0.9180,,,,,0,20.3737,0.5781,21.0149,0.9531,,,,,0,45.9886,0.9883,36.0699,1.4756,,,,
442,0,21.7548,0.6973,29.8409,1.3750,,,,,0,20.1005,0.5537,23.1009,1.3750,,,,,0,35.5803,0.8750,37.2142,1.8750,,,,
443,0,24.4343,0.7031,27.3718,1.0469,,,,,0,18.1388,0.5713,22.6909,1.0625,,,,,0,42.6910,0.9280,33.3229,1.8125,,,,
444,0,24.3711,0.7734,27.9253,1.4688,,,,,0,19.0157,0.5703,24.4127,1.1250,,,,,0,42.8129,0.9912,31.9653,1.2500,,,,
445,0,37.8061,0.8867,31.9106,1.5000,,,,,0,19.1612,0.5547,21.4151,0.8906,,,,,0,30.2408,0.8359,30.6534,1.3125,,,,
446,0,46.2319,1.0156,30.3173,1.2422,,,,,0,18.8088,0.5723,22.0961,1.1250,,,,,0,41.3838,0.9375,34.1065,1.2500,,,,
447,0,25.6395,0.7734,28.8298,1.2500,,,,,0,20.0815,0.5566,22.3777,1.1875,,,,,0,46.8983,0.9824,31.9291,1.3438,,,,
448,0,32.2932,0.8203,31.2260,1.2812,,,,,0,18.9636,0.5979,23.8108,1.1250,,,,,0,32.2594,0.8438,28.5660,1.1250,,,,
449,0,21.3465,0.6357,28.5590,1.3750,,,,,0,18.8661,0.5400,25.3987,1.5000,,,,,0,31.7086,0.8281,30.4883,1.3672,,,,
450,0,21.9502,0.6260,25.9964,0.9688,,,,,0,18.2789,0.5625,25.3229,1.1875,,,,,0,34.2644,0.8047,34.0310,1.6250,,,,
451,0,23.6992,0.7148,30.4667,1.5000,,,,,0,18.8462,0.6680,26.2730,1.1250,,,,,0,29.7926,0.8115,47.2395,1.8438,,,,
452,0,29.0161,0.8438,31.9180,1.5000,,,,,0,20.0869,0.6680,22.5583,0.8555,,,,,0,42.6185,0.9844,45.3667,2.3750,,,,
453,0,26.3722,0.7578,31.1279,1.5000,,,,,0,23.8117,0.6406,21.2154,1.0000,,,,,0,40.9009,0.9844,48.5711,2.9375,,,,
454,0,30.1868,0.8672,31.6991,1.2812,,,,,0,27.9339,0.7188,22.9048,1.3750,,,,,0,53.2090,1.1094,61.6426,3.8750,,,,
455,0,33.3051,0.8398,28.2578,1.1602,,,,,0,21.8033,0.6250,24.5912,1.0078,,,,,0,35.4398,0.9375,50.1472,2.5000,,,,
456,0,34.8026,0.8594,39.7216,1.8750,,,,,0,27.3802,0.7129,34.8294,1.7188,,,,,0,43.2007,0.8750,42.5362,2.2500,,,,
457,0,47.3176,0.9512,31.2392,1.2812,,,,,0,20.8430,0.5781,25.6113,1.1250,,,,,0,31.2991,0.8750,45.3850,1.7500,,,,
458,0,25.9855,0.6328,35.2725,2.2500,,,,,0,23.6245,0.6406,25.4303,1.3125,,,,,0,30.0485,0.8750,48.3632,2.2812,,,,
459,0,26.7816,0.7656,33.9461,1.5625,,,,,0,18.8264,0.5969,22.4904,1.0000,,,,,0,35.5603,0.9375,43.4452,1.6875,,,,
460,0,25.4097,0.7383,31.7857,1.5312,,,,,0,21.4781,0.6172,24.9523,0.9375,,,,,0,32.9824,0.7500,44.5998,1.6875,,,,
461,0,32.9105,0.7734,36.9024,1.5156,,,,,0,22.9755,0.6016,26.0893,1.3750,,,,,0,34.9898,0.8047,48.0360,2.0000,,,,
462,0,35.0486,0.8633,46.1311,2.0034,,,,,0,20.3659,0.5781,23.9962,1.3750,,,,,0,37.9252,0.7344,46.3163,2.3750,,,,
463,0,23.1017,0.6797,36.0779,1.8125,,,,,0,22.0557,0.6250,20.0091,0.7656,,,,,0,30.8951,0.7383,54.2080,2.3906,,,,
464,0,30.7962,0.8203,37.4479,1.3750,,,,,0,33.3877,0.7031,21.5487,1.3750,,,,,0,47.4496,1.0037,49.6098,2.2500,,,,
465,0,25.8530,0.6562,40.4252,2.1250,,,,,0,26.7179,0.6343,22.4358,1.1250,,,,,0,38.6039,0.8906,58.1551,2.8750,,,,
466,0,25.6174,0.7969,36.2261,1.5625,,,,,0,25.6840,0.6641,22.6297,1.0000,,,,,0,36.3210,0.8750,52.4128,2.6250,,,,
467,0,24.9983,0.7734,40.1305,1.4375,,,,,0,28.9084,0.6602,21.5607,0.9375,,,,,0,53.8185,1.0391,42.5460,2.5625,,,,
468,0,42.3240,1.0312,35.9631,1.7500,,,,,0,29.1087,0.6719,22.8503,1.0000,,,,,0,41.5566,0.9385,41.6445,2.3750,,,,
469,0,34.1239,0.8828,36.2641,1.5625,,,,,0,29.6910,0.7031,22.9625,1.1250,,,,,0,44.9769,0.9951,47.0438,2.6250,,,,
470,0,34.9720,0.7109,47.7008,2.1875,,,,,0,29.7371,0.7070,22.2861,0.8438,,,,,0,43.7308,0.9434,52.3396,2.3750,,,,
471,0,34.8249,0.8750,38.3673,1.5000,,,,,0,26.5933,0.6719,22.6916,1.1250,,,,,0,44.3792,0.9648,49.4692,2.5000,,,,
472,0,39.4963,0.9492,35.3255,1.6250,,,,,0,28.0733,0.6797,25.9757,1.5000,,,,,0,43.7914,0.9609,41.4472,1.9375,,,,
473,0,28.9162,0.8438,30.8957,1.7500,,,,,0,23.0154,0.6172,21.7832,1.0000,,,,,0,37.0465,0.9287,41.8755,2.0625,,,,
474,0,29.3391,0.6855,37.7063,1.2812,,,,,0,22.6206,0.5879,22.8581,0.8750,,,,,0,33.4544,0.9961,46.8138,2.0000,,,,
475,0,23.9539,0.6289,38.8511,1.6250,,,,,0,30.5778,0.6331,25.0331,0.8750,,,,,0,50.6876,1.0048,48.8005,2.3750,,,,
476,0,35.4828,0.8125,33.2114,1.2500,,,,,0,23.0859,0.6484,23.0828,1.1250,,,,,0,38.6960,0.9258,50.0706,1.8750,,,,
477,0,24.3681,0.7422,28.1223,1.2500,,,,,0,23.8703,0.6328,17.5296,0.7812,,,,,0,48.7302,1.0625,36.2079,1.5625,,,,
478,0,44.9214,0.9688,29.1063,1.2617,,,,,0,18.8806,0.5210,20.2609,0.7812,,,,,0,38.4616,0.8916,34.6231,1.1875,,,,
479,0,21.9757,0.6406,34.3563,1.8750,,,,,0,20.8879,0.5684,21.0938,1.0000,,,,,0,35.9803,0.8438,37.6991,1.6250,,,,
480,0,29.4257,0.8438,29.7110,1.2500,,,,,0,19.2430,0.5547,21.3116,1.0000,,,,,0,40.5660,0.9248,32.8545,1.5625,,,,
481,0,21.5268,0.7109,27.3666,1.2188,,,,,0,18.9001,0.5391,22.9102,1.1250,,,,,0,49.4055,0.9922,35.0077,1.5625,,,,
482,0,61.0577,1.0786,33.3685,1.2812,,,,,0,20.8610,0.6074,24.1707,0.8750,,,,,0,31.5681,0.8477,38.0054,1.4375,,,,
483,0,22.1787,0.7344,30.8026,1.2188,,,,,0,18.8293,0.5654,21.5321,1.1250,,,,,0,30.2520,0.7656,30.2796,1.3125,,,,
484,0,31.2616,0.8281,27.6338,1.1875,,,,,0,18.7621,0.5508,20.9516,1.0625,,,,,0,50.5261,1.0195,32.2654,1.1875,,,,
485,0,55.3326,1.0703,30.0269,1.7188,,,,,0,19.6466,0.6367,22.3014,1.0625,,,,,0,37.4624,0.9414,32.0275,1.4375,,,,
486,0,57.8683,1.0527,30.5398,1.6250,,,,,0,18.8199,0.5322,20.1807,1.2500,,,,,0,30.9702,0.8223,28.0523,1.2500,,,,
487,0,65.8436,1.0312,34.3894,1.5000,,,,,0,17.7839,0.5469,26.1886,1.1875,,,,,0,39.0818,0.8340,32.9622,1.5000,,,,
488,0,20.1464,0.5469,34.3964,1.1875,,,,,0,17.7721,0.5781,25.9714,1.2500,,,,,0,37.6141,0.8369,39.0388,1.5684,,,,
489,0,47.4417,0.8672,28.0412,1.4375,,,,,0,25.0406,0.6797,24.8155,1.1084,,,,,0,49.0939,0.9932,38.1310,1.6406,,,,
490,0,27.4298,0.8203,30.7279,1.1875,,,,,0,21.5667,0.6328,23.2001,1.2500,,,,,0,41.4936,0.9980,38.5997,1.6875,,,,
491,0,28.7822,0.8984,30.3301,1.1875,,,,,0,23.3782,0.6250,25.0788,0.9688,,,,,0,42.1729,1.0039,41.9668,1.8125,,,,
492,0,39.3502,0.7656,33.8810,1.7656,,,,,0,22.8028,0.6562,23.9789,1.1250,,,,,0,33.6637,0.8047,48.1334,2.1875,,,,
493,0,32.4104,0.7969,31.2956,1.5000,,,,,0,25.1657,0.6406,24.5738,1.1250,,,,,0,35.1229,0.9062,45.8501,1.8750,,,,
494,0,21.5682,0.6406,30.0902,1.6719,,,,,0,19.2620,0.6072,25.4036,1.2422,,,,,0,31.6247,0.7812,41.1957,1.8281,,,,
495,0,45.5696,0.8984,34.1369,1.5312,,,,,0,22.6290,0.5938,23.1715,1.0312,,,,,0,33.5142,0.7969,42.0038,1.9688,,,,
496,0,23.9703,0.7422,27.3522,1.3125,,,,,0,20.0966,0.5781,21.2957,0.8125,,,,,0,33.0745,0.8750,41.3281,1.9219,,,,
497,0,26.3822,0.7188,30.2061,1.3125,,,,,0,22.9155,0.6094,22.4133,0.8750,,,,,0,32.8227,0.7812,41.3287,1.8486,,,,
498,0,35.8952,0.7734,37.8162,2.3750,,,,,0,19.3089,0.5425,23.1935,1.0000,,,,,0,36.5454,0.8516,41.7596,1.7969,,,,
499,0,36.4988,0.7510,33.8386,1.5000,,,,,0,18.6850,0.5312,22.8356,1.0625,,,,,0,42.6450,0.8750,43.4807,1.9375,,,,
500,0,24.3991,0.7266,32.4388,1.5625,,,,,0,19.5775,0.5625,21.5071,0.9375,,,,,0,34.9656,0.7549,53.3709,2.5000,,,,
501,0,34.4150,0.7812,34.5248,1.9375,,,,,0,25.0753,0.6562,21.5253,0.7812,,,,,0,30.7169,0.8027,53.4437,2.6250,,,,
502,0,25.5156,0.8281,33.7393,1.3906,,,,,0,26.4666,0.6484,20.3642,1.2500,,,,,0,49.5956,0.9375,46.4774,2.5000,,,,
503,0,25.3631,0.8281,37.9926,2.0000,,,,,0,31.5576,0.7500,21.7392,1.0000,,,,,0,43.4195,0.9688,48.3013,2.7500,,,,
504,0,24.4338,0.7031,29.9232,1.2812,,,,,0,25.8939,0.6641,21.5037,0.9375,,,,,0,44.0041,0.9531,47.0252,2.6250,,,,
505,0,34.6859,1.0391,36.4689,1.8125,,,,,0,31.3036,0.7422,22.9290,1.0625,,,,,0,61.4409,1.0881,50.1387,2.3125,,,,
506,0,24.0257,0.7109,33.0119,1.5000,,,,,0,25.4705,0.6406,22.7765,0.9258,,,,,0,54.0730,1.0703,44.2598,2.2500,,,,
507,0,36.2943,0.8672,35.3675,1.6875,,,,,0,32.5894,0.7773,23.9665,1.0000,,,,,0,49.9340,1.0703,41.3836,2.1250,,,,
508,0,26.7644,0.7656,32.8725,1.6250,,,,,0,26.4603,0.6992,20.6962,0.8750,,,,,0,39.2256,0.9297,42.9346,1.6250,,,,
509,0,24.3834,0.7031,38.9143,1.5195,,,,,0,24.5902,0.6660,22.4722,1.0000,,,,,0,49.9341,1.0625,43.2822,1.7500,,,,
510,0,23.7595,0.6562,34.3364,1.6875,,,,,0,22.3045,0.5938,23.2165,1.0625,,,,,0,45.8214,0.9521,43.0809,1.6250,,,,
511,0,23.8007,0.6719,34.5236,1.5000,,,,,0,22.0821,0.5898,22.3279,0.9150,,,,,0,36.2946,0.8984,48.1235,2.1250,,,,
512,0,35.8572,0.8223,31.6627,1.3750,,,,,0,25.1079,0.5586,23.8355,1.0291,,,,,0,39.7799,0.9199,42.1886,2.1250,,,,
513,0,84.2271,1.2031,25.8484,1.1562,,,,,0,23.3850,0.6172,21.9219,0.9375,,,,,0,39.0322,0.9111,42.6504,1.8750,,,,
514,0,24.2876,0.6758,32.0423,1.5000,,,,,0,21.0199,0.6328,17.0704,0.7812,,,,,0,50.6306,1.0078,34.4020,1.7500,,,,
515,0,23.4193,0.7461,27.9076,1.4375,,,,,0,18.7755,0.5596,17.5146,0.7500,,,,,0,37.3698,0.8926,34.5964,2.2500,,,,
516,0,26.4032,0.7515,30.4229,1.4102,,,,,0,21.5567,0.5957,21.7977,0.8750,,,,,0,53.1896,1.0391,37.0904,1.5684,,,,
517,0,26.6849,0.7217,32.1033,1.1250,,,,,0,22.7948,0.6055,23.4701,1.2500,,,,,0,37.7512,0.8843,37.7699,1.7500,,,,
518,0,22.4985,0.6953,31.3575,1.1875,,,,,0,19.0193,0.5859,21.3942,1.1250,,,,,0,47.3073,0.9701,34.2611,1.9375,,,,
519,0,30.5852,0.8154,27.3356,1.4375,,,,,0,19.7857,0.5508,21.1874,1.0625,,,,,0,44.1497,1.0157,31.6573,1.1836,,,,
520,0,45.1339,1.0078,31.8096,1.3750,,,,,0,19.2170,0.5850,22.7526,1.0000,,,,,0,36.7710,0.8906,28.6234,1.2500,,,,
521,0,26.6204,0.7891,30.1466,1.3750,,,,,0,19.1195,0.5430,22.4980,1.1250,,,,,0,47.8302,1.0000,31.0970,1.1641,,,,
522,0,52.5485,0.9990,30.2090,1.1875,,,,,0,18.9414,0.5967,23.4433,1.1875,,,,,0,51.2266,1.0762,29.9320,1.2188,,,,
523,0,28.4383,0.7383,29.2682,1.3750,,,,,0,18.9395,0.5826,21.8038,1.1250,,,,,0,32.9863,0.8829,28.1805,1.0625,,,,
524,0,101.3279,1.5508,33.4734,1.6250,,,,,0,18.9196,0.5894,23.9146,1.3750,,,,,0,33.7325,0.8164,29.7576,1.3750,,,,
525,0,37.0700,0.8561,34.6894,1.3125,,,,,0,17.7071,0.5723,23.9440,1.1250,,,,,0,35.0393,0.8047,31.8177,1.6250,,,,
526,0,39.9952,0.9648,29.7542,1.3750,,,,,0,19.5127,0.6836,22.0202,0.8125,,,,,0,29.6775,0.8125,40.9208,1.6250,,,,
527,0,27.6189,0.8828,28.7207,1.6250,,,,,0,20.5145,0.6562,24.4118,1.0156,,,,,0,39.2453,0.9316,45.7033,2.7188,,,,
528,0,24.0196,0.7266,26.5313,1.3750,,,,,0,26.0179,0.6719,20.8335,1.2500,,,,,0,50.9055,1.1016,36.3474,1.5938,,,,
529,0,28.7638,0.8516,39.7552,1.8750,,,,,0,25.8006,0.6719,23.0321,1.5000,,,,,0,53.4552,1.1437,63.1264,4.0000,,,,
530,0,22.2595,0.6523,28.7460,1.3750,,,,,0,24.6253,0.6719,24.3521,1.1250,,,,,0,40.3685,0.9844,50.4821,2.3125,,,,
531,0,23.7362,0.7129,28.8520,1.1875,,,,,0,23.7229,0.6641,23.9601,1.0000,,,,,0,30.6400,0.7969,43.7312,1.9375,,,,
532,0,41.9872,0.9570,39.3482,2.0625,,,,,0,21.2908,0.5703,23.3410,1.1250,,,,,0,32.0499,0.9375,44.3221,1.8750,,,,
533,0,60.2043,1.1953,50.0038,2.9258,,,,,0,20.1535,0.6104,24.1244,1.1250,,,,,0,35.0774,1.0000,48.9197,2.1250,,,,
534,0,24.9279,0.6310,40.6989,2.3750,,,,,0,24.9954,0.6562,26.8633,1.0957,,,,,0,33.3259,0.9375,46.2058,1.7500,,,,
535,0,40.3234,0.9727,45.4747,1.9375,,,,,0,21.3222,0.6094,24.4193,1.0000,,,,,0,34.9780,0.8125,46.2240,1.9375,,,,
536,0,35.0769,0.8213,42.0036,1.8750,,,,,0,19.5099,0.5625,24.7229,1.0625,,,,,0,37.1887,0.8379,46.8302,2.0000,,,,
537,0,36.5498,0.8633,39.4636,1.5625,,,,,0,20.1178,0.5723,25.9692,1.5000,,,,,0,47.5824,0.8477,46.4928,2.3750,,,,
538,0,24.3055,0.8203,41.2519,1.7500,,,,,0,20.2088,0.5859,20.7822,0.8281,,,,,0,33.0198,0.8281,55.0930,2.1406,,,,
539,0,27.2074,0.8125,33.8038,1.5625,,,,,0,27.5620,0.6562,21.8451,1.3750,,,,,0,37.4754,0.8784,48.1634,2.2500,,,,
540,0,26.1021,0.6719,33.4422,1.2500,,,,,0,30.9213,0.7188,22.4218,1.1250,,,,,0,40.7038,0.9844,56.9529,2.6875,,,,
541,0,23.8252,0.6875,45.8837,2.2500,,,,,0,23.2233,0.6641,22.2438,1.0000,,,,,0,29.9739,0.8125,55.0918,2.6250,,,,
542,0,26.9530,0.7969,38.5089,1.6250,,,,,0,23.4668,0.6289,23.8188,1.3125,,,,,0,46.5645,0.9844,44.6281,2.3750,,,,
543,0,41.7488,1.0234,45.5958,1.8750,,,,,0,31.5403,0.7188,24.2008,1.0625,,,,,0,43.1259,0.9600,39.9857,2.7500,,,,
544,0,27.2226,0.7891,34.7356,1.7500,,,,,0,30.7092,0.7266,23.1309,1.1250,,,,,0,45.9854,1.0312,42.0778,2.3125,,,,
545,0,27.6744,0.8398,39.7181,1.7188,,,,,0,22.3308,0.6367,22.1485,0.8750,,,,,0,31.3156,0.7891,51.6879,2.1250,,,,
546,0,24.0337,0.6641,40.0284,2.2500,,,,,0,26.1197,0.6484,21.9574,0.8750,,,,,0,47.4107,1.0273,45.9054,1.8750,,,,
547,0,31.0192,0.7500,35.5028,1.8750,,,,,0,26.4194,0.6484,24.4361,1.0000,,,,,0,48.1239,0.9766,40.6841,1.8125,,,,
548,0,30.8296,0.7656,33.1383,1.5000,,,,,0,25.2208,0.6250,20.6158,1.0000,,,,,0,40.0153,0.9385,41.3411,2.0625,,,,
549,0,23.0439,0.6562,36.5880,2.0000,,,,,0,25.1674,0.6074,22.8560,0.8125,,,,,0,38.4168,1.0430,53.0723,2.2500,,,,
550,0,24.8950,0.6104,36.2218,2.5000,,,,,0,30.4178,0.6600,24.6900,0.9121,,,,,0,61.6889,1.1445,52.2670,2.5000,,,,
551,0,68.2776,1.2383,37.3637,1.8750,,,,,0,21.8307,0.6172,24.1290,0.9619,,,,,0,40.2213,0.9648,47.2309,1.8799,,,,
552,0,26.5836,0.8438,27.3649,1.2500,,,,,0,24.9566,0.6641,19.6368,1.2500,,,,,0,41.7969,0.9844,41.2569,1.6250,,,,
553,0,24.7250,0.6953,28.9531,1.1250,,,,,0,20.1020,0.6013,22.6790,0.9062,,,,,0,43.1238,0.9424,36.0346,1.3750,,,,
554,0,26.4211,0.8691,33.8550,1.5625,,,,,0,19.5681,0.5530,21.9299,1.3750,,,,,0,34.2928,0.8750,38.4924,1.7500,,,,
555,0,24.8623,0.7390,30.0970,1.1875,,,,,0,18.4068,0.5586,23.0504,1.2500,,,,,0,43.6588,0.9434,34.9512,1.5000,,,,
556,0,38.3295,0.8789,31.8376,1.2500,,,,,0,18.7311,0.5430,21.0066,1.0625,,,,,0,60.1544,1.0723,34.7657,1.4375,,,,
557,0,23.3631,0.7656,36.1608,1.8125,,,,,0,19.6783,0.6270,23.1201,1.1250,,,,,0,35.7430,0.9395,36.5435,1.3125,,,,
558,0,24.6881,0.7656,33.2508,1.5000,,,,,0,19.2014,0.5781,22.3729,1.5000,,,,,0,32.1692,0.8125,29.3966,1.2500,,,,
559,0,32.8740,0.7539,28.7261,1.0469,,,,,0,18.9218,0.5970,22.7992,1.1250,,,,,0,51.8598,1.0391,32.6480,1.3750,,,,
560,0,59.7613,1.1504,38.2074,1.4062,,,,,0,19.7695,0.6279,24.4121,1.1250,,,,,0,48.2261,1.0352,29.9441,1.2188,,,,
561,0,40.2811,0.9922,26.0482,1.2500,,,,,0,19.8287,0.5615,19.3709,1.0000,,,,,0,32.5899,0.8613,27.1117,1.2500,,,,
562,0,42.4337,0.7871,25.8918,1.2500,,,,,0,17.7616,0.5078,24.5222,0.9375,,,,,0,45.2533,0.9136,33.0738,1.6797,,,,
563,0,31.9171,0.7148,28.2144,1.3750,,,,,0,18.7282,0.6162,25.9314,1.3125,,,,,0,36.0110,0.8379,39.1344,1.5547,,,,
564,0,68.8169,1.1875,27.3688,1.1875,,,,,0,22.8148,0.6484,28.4288,1.3750,,,,,0,44.8628,0.9688,41.3077,1.6719,,,,
565,0,27.1764,0.8359,27.0004,1.7500,,,,,0,26.5096,0.6953,22.9810,1.1250,,,,,0,44.8992,1.0625,42.6667,1.5938,,,,
566,0,25.2535,0.7969,30.4368,1.1875,,,,,0,26.5560,0.6719,25.4897,0.9087,,,,,0,53.8275,1.1660,44.8362,2.1875,,,,
567,0,23.8842,0.6523,30.5886,1.5625,,,,,0,22.4218,0.6406,22.8929,1.0000,,,,,0,32.8828,0.7812,50.9056,2.3750,,,,
568,0,47.5061,0.9609,39.6811,2.4082,,,,,0,26.3655,0.6562,25.6321,1.2812,,,,,0,34.7643,0.8906,47.4757,2.0000,,,,
569,0,34.8993,0.7344,31.4732,1.4062,,,,,0,22.3366,0.6094,23.3341,0.8750,,,,,0,32.3553,0.8125,42.3559,2.1562,,,,
570,0,23.2935,0.7031,31.0456,1.6250,,,,,0,19.8152,0.5664,24.4911,1.0938,,,,,0,38.8203,0.9062,60.8699,2.7031,,,,
571,0,30.5852,0.7734,27.1276,1.1562,,,,,0,20.8117,0.5938,22.1967,1.0000,,,,,0,33.2103,0.8438,39.8862,1.7812,,,,
572,0,21.1808,0.6641,33.5526,1.2734,,,,,0,28.6145,0.6875,20.2720,1.0000,,,,,0,28.5169,0.7285,41.4974,1.7656,,,,
573,0,51.5976,1.0469,37.3265,2.1250,,,,,0,20.2054,0.5605,23.2595,1.5000,,,,,0,33.1795,0.7520,47.9779,2.5625,,,,
574,0,39.6715,0.8320,34.2925,1.3750,,,,,0,20.3480,0.5781,23.4787,1.3750,,,,,0,49.1475,0.9277,49.7108,2.2500,,,,
575,0,30.7558,0.8750,33.6197,1.4609,,,,,0,20.3239,0.5840,21.0451,0.8750,,,,,0,33.0481,0.8389,48.4294,2.0000,,,,
576,0,23.0054,0.6914,33.0266,1.1875,,,,,0,23.6607,0.6367,19.3204,0.6250,,,,,0,29.8540,0.7666,48.0922,2.2188,,,,
577,0,30.4618,0.7578,44.0327,2.2500,,,,,0,26.6761,0.6406,18.5096,1.0000,,,,,0,43.8069,0.8750,46.7768,2.7500,,,,
578,0,24.1813,0.7734,40.9903,1.7812,,,,,0,28.7574,0.6875,22.7627,1.0000,,,,,0,34.4216,0.8750,52.5524,2.8750,,,,
579,0,22.9683,0.6484,35.7630,1.7500,,,,,0,27.4564,0.6562,21.0286,1.0625,,,,,0,49.4092,1.0312,57.8897,2.7500,,,,
580,0,37.3342,0.8672,45.9137,2.2500,,,,,0,31.8172,0.7422,24.2428,1.3125,,,,,0,61.7306,1.0983,54.8635,2.5000,,,,
581,0,54.5822,1.0156,34.5883,1.5938,,,,,0,25.3684,0.6484,24.6124,1.1875,,,,,0,48.6563,1.0156,47.4473,2.3125,,,,
582,0,25.1129,0.7109,34.9595,1.7500,,,,,0,28.2009,0.7070,23.9760,1.0508,,,,,0,48.4830,1.0625,41.8593,2.1250,,,,
583,0,28.1038,0.8125,33.8347,1.8125,,,,,0,24.9453,0.6758,21.7912,1.0000,,,,,0,41.4424,0.9609,41.8560,1.8750,,,,
584,0,25.3544,0.6719,37.1048,1.7500,,,,,0,24.1753,0.6328,23.7068,0.9814,,,,,0,55.0828,1.1035,44.2376,1.7500,,,,
585,0,55.6803,1.0742,36.0223,1.5000,,,,,0,24.8785,0.6328,22.9083,1.0625,,,,,0,54.4526,1.0098,43.3892,1.7500,,,,
586,0,23.2082,0.6875,34.7867,1.3633,,,,,0,20.8898,0.5684,22.7895,0.9121,,,,,0,39.0753,0.9492,48.0045,2.1250,,,,
587,0,31.0259,0.7480,29.8261,1.4375,,,,,0,26.5226,0.5762,24.4830,1.0000,,,,,0,37.2798,0.9023,43.2248,1.9375,,,,
588,0,28.3820,0.8281,30.4231,1.3125,,,,,0,27.0292,0.6650,22.0307,1.1250,,,,,0,52.7409,1.0356,43.5735,1.9375,,,,
589,0,32.0691,0.9219,27.6154,1.1875,,,,,0,22.3859,0.6328,18.0276,0.8750,,,,,0,49.3376,1.0312,37.0929,1.7500,,,,
590,0,26.2550,0.5938,26.2134,1.0469,,,,,0,18.8193,0.5424,18.3314,0.9375,,,,,0,40.9132,0.9258,37.4392,2.2500,,,,
591,0,42.4559,0.8530,26.1278,0.9375,,,,,0,19.1822,0.5488,22.4531,1.1250,,,,,0,50.3849,1.0430,39.0323,1.5898,,,,
592,0,30.0838,0.7734,37.7694,1.5625,,,,,0,19.2209,0.5430,23.5669,1.5000,,,,,0,42.7646,0.8984,39.0474,1.6250,,,,
593,0,28.0476,0.7266,32.3079,1.4688,,,,,0,17.9880,0.5488,22.4611,1.0625,,,,,0,48.8324,0.9834,34.7308,1.6875,,,,
594,0,22.3009,0.6924,26.7740,1.1172,,,,,0,19.3463,0.5732,22.4011,0.8750,,,,,0,46.2140,1.0251,35.2324,1.2500,,,,
595,0,56.6984,1.0703,31.2626,1.1875,,,,,0,19.5777,0.5625,22.2292,1.0000,,,,,0,35.4699,0.8906,31.8026,1.5000,,,,
596,0,22.2963,0.6973,22.8329,1.0000,,,,,0,18.9969,0.5786,21.4038,1.1250,,,,,0,49.1885,1.0312,32.1734,1.1562,,,,
597,0,41.5924,0.8867,29.4027,1.1875,,,,,0,18.9341,0.5781,23.7719,1.3125,,,,,0,55.8965,1.1328,32.4819,1.3750,,,,
598,0,30.8542,0.8750,29.7880,1.2031,,,,,0,20.8569,0.5684,22.1658,1.2500,,,,,0,45.8674,1.0459,31.0552,1.2500,,,,
599,0,40.4138,0.9062,26.6879,1.0625,,,,,0,18.6432,0.5391,24.5005,1.2500,,,,,0,39.5169,0.8809,34.2416,1.4785,,,,
600,0,20.9460,0.6289,31.5886,1.6250,,,,,0,17.4475,0.5254,24.6773,1.0625,,,,,0,42.3291,0.9023,38.0744,1.8750,,,,
601,0,23.0862,0.7422,33.2500,1.4375,,,,,0,19.2868,0.6680,24.1601,1.0625,,,,,0,35.0619,0.8755,48.5390,1.7109,,,,
602,0,26.1878,0.8438,33.5180,1.6875,,,,,0,20.7669,0.6641,23.8635,1.0000,,,,,0,40.5196,0.9492,40.5929,1.5000,,,,
603,0,22.2062,0.6641,35.2240,1.9531,,,,,0,22.7849,0.6172,21.9997,1.1250,,,,,0,47.9612,1.0898,50.9745,2.8125,,,,
604,0,42.6726,1.0000,31.2470,1.4375,,,,,0,32.4927,0.7500,22.6878,1.0000,,,,,0,68.4870,1.2598,62.1617,3.5000,,,,
605,0,22.2218,0.7188,30.9977,1.5000,,,,,0,25.6832,0.7031,22.7638,1.1250,,,,,0,40.2354,1.0000,48.8755,1.9375,,,,
606,0,30.8180,0.6934,30.2049,1.1562,,,,,0,32.2219,0.7344,23.2266,1.0000,,,,,0,32.9819,0.8594,42.9353,1.7188,,,,
607,0,28.0363,0.7773,28.3460,1.0312,,,,,0,21.3244,0.5781,24.4999,0.9453,,,,,0,32.0826,0.9375,43.8518,1.7812,,,,
608,0,29.7223,0.6758,38.3412,1.4609,,,,,0,20.2843,0.5674,24.0778,1.0625,,,,,0,34.2438,1.0000,53.0751,2.1250,,,,
609,0,46.4991,1.0625,53.3625,2.8125,,,,,0,34.2289,0.7656,31.1544,1.4609,,,,,0,33.2297,0.9375,44.9545,2.0625,,,,
610,0,27.9011,0.7891,37.1951,1.5625,,,,,0,24.2535,0.6250,24.1991,1.1250,,,,,0,33.1434,0.7812,47.5718,2.0312,,,,
611,0,26.4100,0.6946,30.5030,1.1562,,,,,0,19.3163,0.5703,23.8654,1.0781,,,,,0,34.4878,0.8340,48.5737,2.1875,,,,
612,0,23.9979,0.6565,42.4399,2.0938,,,,,0,18.9234,0.5273,23.6316,1.2500,,,,,0,42.8292,0.8032,44.6355,2.1250,,,,
613,0,25.4428,0.7949,34.8543,1.2656,,,,,0,19.8165,0.5552,21.1293,1.0000,,,,,0,31.7132,0.7656,54.5970,2.1875,,,,
614,0,35.1345,1.0625,37.6831,2.1562,,,,,0,26.3177,0.6406,21.6610,1.1250,,,,,0,40.6482,0.9531,53.6663,2.7500,,,,
615,0,25.2526,0.7812,41.2070,2.0312,,,,,0,26.9302,0.6562,20.8383,0.8750,,,,,0,31.8172,0.9062,63.8120,3.1250,,,,
616,0,25.7091,0.7109,44.8274,2.1250,,,,,0,20.4824,0.6094,22.1686,1.0000,,,,,0,30.5342,0.8438,56.9034,2.8125,,,,
617,0,40.3145,0.9062,33.8048,1.5000,,,,,0,25.7572,0.6211,23.3460,0.9375,,,,,0,47.6780,0.9844,44.3308,2.1875,,,,
618,0,32.4833,0.8516,42.9973,2.2500,,,,,0,31.2698,0.7031,23.2334,1.1250,,,,,0,40.2208,0.9102,42.7067,2.5625,,,,
619,0,26.5920,0.7734,30.6803,1.6250,,,,,0,22.3451,0.6133,21.8390,1.1250,,,,,0,38.8632,0.9688,40.1111,2.0000,,,,
620,0,29.0193,0.7031,40.7450,1.6250,,,,,0,25.5121,0.6484,24.8784,1.1094,,,,,0,34.8020,0.8438,48.8337,2.1250,,,,
621,0,34.1540,0.8672,35.8351,1.6250,,,,,0,25.2725,0.6738,22.0930,0.8750,,,,,0,42.9420,0.9863,47.6557,2.1250,,,,
622,0,30.3919,0.7500,37.5559,1.6875,,,,,0,31.1695,0.6973,23.5514,1.0625,,,,,0,49.0111,0.9785,38.3887,1.6875,,,,
623,0,46.7841,0.9375,33.1719,1.4375,,,,,0,31.9043,0.6953,21.1113,0.9375,,,,,0,41.7876,0.9746,42.2997,2.1250,,,,
624,0,22.4986,0.6172,35.6807,2.2188,,,,,0,29.3715,0.6621,24.1028,1.0000,,,,,0,41.2807,1.0781,43.8003,2.0000,,,,
625,0,25.6000,0.6172,31.6624,1.7500,,,,,0,28.2180,0.6211,24.2525,1.0938,,,,,0,52.6954,1.0703,48.4866,2.5000,,,,
626,0,42.7760,0.9141,34.4845,1.8750,,,,,0,26.7756,0.6562,22.4135,0.8809,,,,,0,46.0909,1.0117,46.0825,2.1543,,,,
627,0,40.3311,1.0952,33.2505,1.3438,,,,,0,20.1902,0.5898,19.1693,1.0000,,,,,0,42.9875,0.9922,37.8601,1.5000,,,,
628,0,41.4122,1.0444,35.6967,1.5625,,,,,0,21.7004,0.6098,22.3796,1.1250,,,,,0,54.2295,1.0630,37.1387,1.4375,,,,
629,0,54.6889,1.0261,29.7432,1.3125,,,,,0,20.1725,0.5537,22.5638,1.1250,,,,,0,40.8169,0.9453,40.1604,1.7500,,,,
630,0,37.4755,0.9180,32.3865,1.3750,,,,,0,18.4825,0.5356,24.2115,1.2500,,,,,0,47.5999,1.0078,36.2794,1.5000,,,,
631,0,35.7122,0.9023,27.7087,1.3125,,,,,0,18.6177,0.5608,22.9001,1.0000,,,,,0,63.8590,1.1084,35.4221,1.4844,,,,
632,0,35.1609,0.9805,33.2919,1.3828,,,,,0,19.4998,0.5850,23.3445,0.9062,,,,,0,29.8570,0.8486,36.2816,1.3750,,,,
633,0,29.3075,0.7891,31.9893,1.4062,,,,,0,19.6080,0.5742,22.0684,0.8750,,,,,0,36.6400,0.8828,29.5298,1.2500,,,,
634,0,29.2380,0.8330,32.2352,1.4375,,,,,0,19.1820,0.5991,20.0665,1.0625,,,,,0,54.2588,1.0625,32.9635,1.4688,,,,
635,0,21.9067,0.6797,29.6572,1.2500,,,,,0,20.5167,0.6670,23.0753,1.0312,,,,,0,48.4829,1.0586,30.3719,1.2500,,,,
636,0,22.8793,0.6719,29.2953,1.1094,,,,,0,20.4306,0.5684,20.2215,0.8125,,,,,0,34.9331,0.9043,27.1392,1.1250,,,,
637,0,54.5386,1.0605,35.5382,1.7710,,,,,0,17.8998,0.5469,24.8117,1.0000,,,,,0,48.0374,0.9307,32.9262,1.5938,,,,
638,0,22.6462,0.6641,41.2966,1.8594,,,,,0,18.2657,0.5938,24.0343,1.3125,,,,,0,38.4558,0.8633,39.5771,2.1562,,,,
639,0,24.0053,0.7891,32.6793,1.5781,,,,,0,24.9772,0.6562,22.5679,1.2500,,,,,0,45.3644,0.9688,42.7017,2.1250,,,,
640,0,56.4508,1.0859,33.1618,1.3125,,,,,0,22.7641,0.6406,24.6976,1.8750,,,,,0,40.9792,1.0225,44.3194,2.0625,,,,
641,0,29.1294,0.7734,32.3654,1.5312,,,,,0,23.9013,0.6406,25.6933,1.1875,,,,,0,48.3408,1.1035,54.0107,2.3750,,,,
642,0,24.3313,0.7891,33.5972,1.6562,,,,,0,22.8579,0.6562,23.2162,1.1250,,,,,0,35.9507,0.8750,52.4699,2.3047,,,,
643,0,25.2241,0.8164,31.9871,1.6025,,,,,0,28.8839,0.6797,26.7336,1.3438,,,,,0,41.1521,1.0000,47.5464,2.0625,,,,
644,0,25.1017,0.7383,29.9618,1.7500,,,,,0,23.4402,0.5938,26.7632,1.1797,,,,,0,33.2229,0.9375,44.3608,2.2031,,,,
645,0,55.9931,1.0859,32.8715,1.5000,,,,,0,20.3478,0.5625,24.7040,1.0312,,,,,0,34.8688,1.0000,43.8625,2.0938,,,,
646,0,23.2182,0.6328,32.2457,1.8750,,,,,0,24.1161,0.6562,24.4314,1.0898,,,,,0,33.0101,0.9375,45.8793,2.0469,,,,
647,0,24.3964,0.7500,28.4479,1.2188,,,,,0,21.2680,0.6250,23.6418,1.0312,,,,,0,34.3054,0.9062,45.2761,2.0312,,,,
648,0,28.4684,0.7949,33.0219,2.1406,,,,,0,24.0562,0.6484,24.0687,1.0000,,,,,0,33.5213,0.8828,43.5689,2.0312,,,,
649,0,22.7613,0.7148,30.6911,1.3750,,,,,0,19.0619,0.5508,24.4818,1.0000,,,,,0,36.2084,0.7812,45.5738,2.0000,,,,
650,0,33.3063,0.8750,39.2864,1.6250,,,,,0,20.5362,0.5645,22.1527,0.9062,,,,,0,34.4991,0.8145,50.4598,2.1562,,,,
651,0,43.8354,1.0156,35.6232,1.4102,,,,,0,27.0625,0.6855,22.8677,0.8125,,,,,0,33.0689,0.8613,54.6271,2.5625,,,,
652,0,30.9678,0.7734,29.6810,1.7500,,,,,0,34.0137,0.7422,18.5867,0.8750,,,,,0,48.5195,0.9297,46.0117,2.6250,,,,
653,0,27.9155,0.7422,32.0231,1.2500,,,,,0,32.4839,0.7578,22.6937,1.1250,,,,,0,50.8482,1.0000,54.0070,2.7500,,,,
654,0,28.1515,0.6797,46.5547,1.9785,,,,,0,32.2752,0.7344,24.6797,1.3750,,,,,0,46.2912,1.0000,59.5026,2.7500,,,,
655,0,23.9052,0.7188,32.4556,1.1875,,,,,0,27.8177,0.7031,23.1799,1.1875,,,,,0,63.6800,1.0859,53.4993,2.6875,,,,
656,0,23.9998,0.7188,39.0762,1.8125,,,,,0,30.9669,0.7109,23.7885,1.0625,,,,,0,63.9700,1.1641,48.2518,2.7500,,,,
657,0,28.2594,0.7656,33.8076,1.3125,,,,,0,29.3200,0.7461,23.1591,1.1250,,,,,0,47.9896,1.0859,41.1653,2.1250,,,,
658,0,25.4664,0.7188,29.2117,1.5000,,,,,0,26.7072,0.6914,21.8483,0.8750,,,,,0,45.3701,1.0156,42.0686,2.0625,,,,
659,0,31.4274,0.7891,40.0867,2.1875,,,,,0,22.0546,0.6191,23.3873,1.1250,,,,,0,54.4750,1.0938,42.8785,1.8750,,,,
660,0,26.1058,0.7500,34.3068,1.5312,,,,,0,32.3084,0.7109,23.0648,0.9375,,,,,0,61.8075,1.1113,42.6874,1.8750,,,,
661,0,24.0273,0.6992,34.5302,1.9375,,,,,0,24.9262,0.6094,22.6754,0.9014,,,,,0,45.7787,1.0000,47.3854,2.0000,,,,
662,0,20.3651,0.5820,35.1175,1.3633,,,,,0,24.8645,0.5566,24.1473,0.9053,,,,,0,39.8415,0.9512,43.4223,2.1250,,,,
663,0,39.6906,0.9219,28.6307,1.5000,,,,,0,26.0797,0.6514,22.8813,1.0000,,,,,0,48.3428,1.0002,45.3925,2.0000,,,,
664,0,50.9104,0.9609,28.7299,1.5000,,,,,0,20.8214,0.6016,18.0908,0.7500,,,,,0,49.4385,1.0234,37.5513,1.7500,,,,
665,0,51.6236,0.9009,27.1944,1.1250,,,,,0,18.8751,0.5228,19.2426,0.8125,,,,,0,42.5264,0.9844,38.6202,2.2500,,,,
666,0,51.0378,0.9668,32.9574,1.3750,,,,,0,19.4798,0.5825,21.8115,1.2500,,,,,0,53.7090,1.0977,41.7137,1.5000,,,,
667,0,22.1052,0.6465,31.8945,1.6250,,,,,0,23.1623,0.6150,24.3252,1.1250,,,,,0,45.8302,0.9683,39.7469,1.8125,,,,
668,0,21.4441,0.6602,33.6630,1.3125,,,,,0,18.6305,0.5293,20.9551,0.9375,,,,,0,52.0132,1.0332,34.5960,2.0625,,,,
669,0,30.0884,0.7930,29.3921,1.2344,,,,,0,22.6068,0.6055,23.3588,0.9062,,,,,0,52.4311,1.0891,33.2912,1.1914,,,,
670,0,24.1166,0.6406,28.2970,1.1875,,,,,0,20.7521,0.6055,21.0344,1.1250,,,,,0,38.4539,0.9453,31.8891,1.2500,,,,
671,0,37.9563,0.8594,31.9315,1.6875,,,,,0,21.7562,0.6152,21.8800,1.4375,,,,,0,54.3649,1.0938,32.6131,1.2500,,,,
672,0,35.1320,0.8828,29.1118,1.3125,,,,,0,19.2660,0.5527,22.1507,1.1250,,,,,0,50.3962,1.0820,31.8857,1.3750,,,,
673,0,38.8287,0.9414,28.5820,1.3750,,,,,0,19.2917,0.5967,23.9865,1.2500,,,,,0,38.9199,0.9688,33.2977,1.3750,,,,
674,0,38.0964,0.8015,26.6613,1.1250,,,,,0,19.5551,0.5664,23.6312,1.1875,,,,,0,38.7933,0.9141,31.4718,1.3672,,,,
675,0,25.8333,0.7051,28.2043,0.9375,,,,,0,17.8122,0.5781,25.1668,1.2500,,,,,0,38.5780,0.8398,36.0338,1.6250,,,,
676,0,33.2293,0.8398,28.2346,1.1250,,,,,0,18.9227,0.6543,23.3451,1.0625,,,,,0,36.1103,0.8691,47.6869,1.7500,,,,
677,0,23.9236,0.7031,36.7495,1.8125,,,,,0,22.3339,0.6406,21.6623,0.9062,,,,,0,46.6646,0.9844,39.4025,1.4062,,,,
678,0,24.6867,0.8672,30.1266,1.5625,,,,,0,21.3851,0.6094,23.5593,1.3750,,,,,0,48.4837,1.0674,54.3257,3.0625,,,,
679,0,22.9879,0.6875,27.6378,1.2500,,,,,0,26.7874,0.7188,22.2413,1.0000,,,,,0,63.2268,1.1824,59.9800,3.3125,,,,
680,0,26.1921,0.8516,28.3407,1.1250,,,,,0,25.9937,0.6875,24.2857,1.0000,,,,,0,39.1006,0.9531,48.3322,2.0625,,,,
681,0,24.0659,0.6875,28.5323,1.2500,,,,,0,31.9883,0.7344,25.0626,1.0000,,,,,0,33.4462,0.8594,44.3504,1.7578,,,,
682,0,29.4654,0.7266,32.3176,1.5625,,,,,0,25.4327,0.6562,24.9747,1.1250,,,,,0,32.7931,0.9375,44.8283,2.1250,,,,
683,0,22.5093,0.6562,36.6288,2.3750,,,,,0,23.0168,0.6250,24.3349,1.0625,,,,,0,32.0310,1.0000,48.0601,1.8750,,,,
684,0,21.7833,0.6172,41.4870,1.8750,,,,,0,68.8134,1.0859,47.2341,2.0000,,,,,0,32.2025,0.9375,48.3335,1.8750,,,,
685,0,21.7121,0.6094,39.8594,1.8125,,,,,0,34.8350,0.7969,25.8972,1.2500,,,,,0,33.0007,0.7949,46.3098,2.0000,,,,
686,0,22.6568,0.6953,33.0746,1.6875,,,,,0,23.6291,0.6250,27.3306,1.3750,,,,,0,33.6699,0.8438,49.7597,2.1250,,,,
687,0,35.9003,0.8828,40.5806,1.7500,,,,,0,19.4788,0.5625,28.1661,1.3750,,,,,0,42.7293,0.7930,47.2012,2.3125,,,,
688,0,37.2188,0.9609,34.7060,1.5000,,,,,0,22.8255,0.6250,20.6357,0.7656,,,,,0,32.4868,0.8047,54.0344,2.3750,,,,
689,0,35.1995,0.8828,35.6511,1.5625,,,,,0,30.1270,0.6719,22.0838,1.0000,,,,,0,42.0655,0.9531,50.6764,2.7500,,,,
690,0,29.5915,0.7500,41.0287,2.0000,,,,,0,36.3266,0.7500,22.8173,0.8750,,,,,0,36.1551,0.9531,64.2742,3.1875,,,,
691,0,25.9225,0.8750,53.1476,2.3125,,,,,0,27.1035,0.6875,22.3178,1.0000,,,,,0,33.7346,0.8906,58.2446,2.8750,,,,
692,0,24.6594,0.7969,46.9437,2.4688,,,,,0,34.9358,0.7539,22.2412,1.1875,,,,,0,54.8927,1.0312,48.3879,2.9375,,,,
693,0,38.5197,0.8281,38.0168,1.8125,,,,,0,32.4337,0.7266,23.1635,0.8750,,,,,0,42.9155,0.9473,44.4247,3.0625,,,,
694,0,24.6970,0.7266,35.4822,1.7500,,,,,0,29.0731,0.7070,23.0599,1.1875,,,,,0,45.5548,1.0469,43.2138,2.6875,,,,
695,0,37.8049,0.8828,38.0931,2.0000,,,,,0,24.0289,0.6367,22.7340,0.8906,,,,,0,35.6656,0.8750,50.5171,2.0000,,,,
696,0,23.9863,0.6797,35.7632,1.5000,,,,,0,26.2424,0.6875,23.1975,1.0000,,,,,0,51.4411,1.0547,47.3162,2.0000,,,,
697,0,24.2363,0.7109,26.9535,1.1562,,,,,0,38.3365,0.7812,22.2975,1.0000,,,,,0,52.6083,1.0098,39.5125,1.7500,,,,
698,0,31.9898,0.8438,33.5171,1.3125,,,,,0,33.3821,0.7109,24.4069,0.9902,,,,,0,47.0026,1.0166,47.7316,2.1875,,,,
699,0,23.9221,0.6631,33.3863,1.3125,,,,,0,26.9974,0.6523,22.2792,0.7812,,,,,0,37.9718,1.0547,43.7323,2.2500,,,,
700,0,24.3764,0.5938,39.0865,1.4922,,,,,0,28.7536,0.6265,24.6715,1.0176,,,,,0,55.6725,1.1016,47.8731,2.3750,,,,
701,0,25.9015,0.6875,30.3529,1.5625,,,,,0,26.1998,0.6719,24.1426,1.0625,,,,,0,47.1249,1.0000,48.3311,2.2959,,,,
702,0,30.0688,0.9492,28.5086,1.1250,,,,,0,22.2369,0.6484,19.3808,0.9062,,,,,0,44.9397,1.0547,38.1712,1.5312,,,,
703,0,38.9333,0.9043,32.9010,1.2248,,,,,0,19.3060,0.5557,21.3703,1.1250,,,,,0,59.7642,1.1152,37.6393,1.5312,,,,
704,0,21.5863,0.6133,28.6509,1.2500,,,,,0,23.3858,0.5911,22.0828,1.1250,,,,,0,43.3072,0.9766,41.1500,1.5625,,,,
705,0,23.0392,0.6836,33.1483,1.5000,,,,,0,21.5505,0.5869,24.1672,1.1250,,,,,0,52.9534,1.0391,36.6127,1.7500,,,,
706,0,29.8206,0.8984,34.3815,1.2500,,,,,0,18.6332,0.5664,22.6487,0.9844,,,,,0,57.8636,1.0605,34.9241,1.5625,,,,
707,0,24.4329,0.6953,30.3729,1.3125,,,,,0,19.7010,0.5908,22.9615,1.0000,,,,,0,31.2932,0.8604,40.2036,1.5000,,,,
708,0,22.5002,0.7109,28.7236,1.3438,,,,,0,20.4973,0.5859,23.5644,1.1250,,,,,0,36.7390,0.8682,29.6047,1.2500,,,,
709,0,49.6410,0.9824,23.9559,1.0312,,,,,0,18.8856,0.5554,21.1226,1.1250,,,,,0,54.2266,1.0383,31.8514,1.1328,,,,
710,0,32.7120,0.8125,30.5495,1.3750,,,,,0,18.7930,0.6191,24.4085,1.0781,,,,,0,49.7709,1.0508,31.2876,1.4688,,,,
711,0,33.7955,0.8125,31.1402,1.1250,,,,,0,18.9146,0.5322,20.9910,1.1250,,,,,0,37.5801,0.9062,28.9343,1.3125,,,,
712,0,27.3039,0.6875,32.2457,1.5000,,,,,0,19.0982,0.5254,24.8675,1.1250,,,,,0,54.6469,0.9746,35.1170,1.8359,,,,
713,0,29.5961,0.6328,30.8921,1.3359,,,,,0,17.8239,0.5605,26.1258,1.3750,,,,,0,39.0217,0.8672,41.2300,2.4062,,,,
714,0,25.5850,0.7578,25.5194,1.3594,,,,,0,25.7172,0.7031,22.8713,1.5625,,,,,0,46.3074,0.9990,44.3743,2.6562,,,,
715,0,25.2753,0.8594,26.5146,1.2500,,,,,0,21.2439,0.6250,22.4613,1.5000,,,,,0,39.1239,1.0078,40.2157,1.8828,,,,
716,0,34.3106,0.8203,31.9340,1.3594,,,,,0,28.2792,0.7344,24.2406,1.5000,,,,,0,52.3032,1.1309,54.1440,3.6250,,,,
717,0,22.3738,0.6875,34.0167,1.6250,,,,,0,27.2182,0.7500,25.8303,1.7500,,,,,0,33.3501,0.8125,58.5313,3.2500,,,,
718,0,57.1959,1.2109,29.7829,1.3125,,,,,0,28.9121,0.7188,23.6565,1.1250,,,,,0,42.9380,1.0156,51.4769,2.2812,,,,
719,0,23.0740,0.6719,28.1580,1.1250,,,,,0,24.4211,0.7031,26.9395,1.1250,,,,,0,32.2224,0.8594,48.2615,2.3750,,,,
720,0,25.2348,0.6875,39.6022,1.9375,,,,,0,29.3020,0.6875,24.6225,1.1250,,,,,0,38.8858,0.9375,51.5793,2.0000,,,,
721,0,30.9529,0.8438,35.8290,1.4375,,,,,0,28.5628,0.6719,21.5499,0.8906,,,,,0,33.1927,0.8906,44.5530,1.9688,,,,
722,0,23.8644,0.6094,42.8166,2.0625,,,,,0,22.2108,0.5938,24.0468,1.1250,,,,,0,31.4633,0.8281,48.1943,2.3750,,,,
723,0,21.9196,0.6484,36.4478,1.8750,,,,,0,20.4164,0.6094,24.0986,1.0000,,,,,0,32.0772,0.7812,48.0854,2.3125,,,,
724,0,32.8316,0.6914,33.1676,1.5000,,,,,0,23.5722,0.6484,24.4830,1.3750,,,,,0,34.7888,0.7500,47.7490,2.6250,,,,
725,0,25.6431,0.7344,36.5185,1.5000,,,,,0,19.4527,0.5352,23.0525,1.1250,,,,,0,31.4387,0.7991,50.7320,2.3125,,,,
726,0,40.1091,0.8966,33.8498,1.3125,,,,,0,26.3016,0.6680,20.7483,0.7500,,,,,0,30.6705,0.8320,48.5452,2.1875,,,,
727,0,32.8699,1.0000,32.9356,1.3281,,,,,0,27.1600,0.6719,19.6788,0.7500,,,,,0,48.8258,0.9062,47.1577,2.8750,,,,
728,0,55.2232,1.0078,33.1217,1.1250,,,,,0,24.8373,0.6562,24.1783,1.3750,,,,,0,47.2396,1.0938,53.8116,3.2500,,,,
729,0,30.8647,0.8359,37.4590,1.9062,,,,,0,23.4030,0.6328,22.0498,1.0000,,,,,0,44.0412,0.9688,60.6738,3.1250,,,,
730,0,27.0283,0.8047,39.5259,1.7031,,,,,0,36.4629,0.7891,24.4201,1.3750,,,,,0,74.0596,1.2031,60.0780,3.1250,,,,
731,0,54.1887,1.1094,41.8518,1.7188,,,,,0,21.6780,0.5781,23.2650,1.3125,,,,,0,58.8931,1.0859,50.9950,3.2500,,,,
732,0,26.5562,0.7891,32.7197,1.2500,,,,,0,26.8307,0.7031,23.2458,0.8750,,,,,0,51.9897,1.1094,44.9029,2.6250,,,,
733,0,34.7611,0.9375,37.0053,1.5625,,,,,0,25.6763,0.6758,21.7273,0.8750,,,,,0,47.7990,1.0391,41.5969,2.3125,,,,
734,0,23.1815,0.7031,33.9721,2.0000,,,,,0,24.8016,0.6484,22.9689,1.1250,,,,,0,58.8780,1.1484,43.5558,2.2500,,,,
735,0,23.6876,0.7188,38.5133,1.5625,,,,,0,27.7604,0.6641,23.0541,1.1250,,,,,0,58.4171,1.0518,43.9817,1.8750,,,,
736,0,36.7180,0.8281,33.4190,1.2188,,,,,0,22.5221,0.5781,22.4122,0.9180,,,,,0,46.2260,1.0078,50.5101,2.1250,,,,
737,0,26.6729,0.7109,35.6879,1.3125,,,,,0,30.7844,0.6152,24.3465,0.9482,,,,,0,37.0628,0.9395,43.3750,2.2500,,,,
738,0,30.2422,0.7812,33.4653,1.5000,,,,,0,25.1669,0.6445,23.3596,1.0625,,,,,0,45.0410,0.9688,46.0259,1.9375,,,,
739,0,37.7064,0.8125,32.2027,1.5000,,,,,0,22.7297,0.6406,17.7045,0.7500,,,,,0,51.9330,1.0391,38.8052,1.6484,,,,
740,0,41.3041,0.9688,31.3835,1.4062,,,,,0,19.4621,0.5830,18.8674,0.8750,,,,,0,44.7081,0.9805,37.9961,2.0000,,,,
741,0,42.7444,0.8145,32.1400,1.6875,,,,,0,22.2359,0.5947,21.3123,1.0000,,,,,0,59.2094,1.1250,40.7632,1.5781,,,,
742,0,28.3441,0.8223,31.7948,1.1250,,,,,0,18.6618,0.5781,25.2294,1.3750,,,,,0,38.9372,0.8848,41.2088,1.8125,,,,
743,0,31.0049,0.8789,30.6541,1.1875,,,,,0,18.4796,0.5469,23.1074,1.1250,,,,,0,52.4874,0.9834,36.1211,2.1250,,,,
744,0,40.0553,1.0156,32.2431,1.7500,,,,,0,21.5118,0.6055,21.6208,0.8750,,,,,0,63.2440,1.1755,34.1390,1.3750,,,,
745,0,25.0638,0.6875,31.7727,1.0938,,,,,0,20.8339,0.6055,21.4408,0.9375,,,,,0,38.5040,0.9062,31.1197,1.2656,,,,
746,0,25.7852,0.8125,28.7484,1.2500,,,,,0,19.9647,0.5645,21.4037,1.1250,,,,,0,57.6483,1.0938,33.0919,1.1055,,,,
747,0,44.4417,0.9180,29.8560,1.3125,,,,,0,19.0795,0.6035,22.5874,1.1250,,,,,0,55.0339,1.1191,33.6676,1.3672,,,,
748,0,23.3172,0.7148,26.9243,1.4375,,,,,0,21.0740,0.6411,22.2572,1.1250,,,,,0,40.2950,0.9844,31.1277,1.1562,,,,
749,0,24.1947,0.8040,29.1219,1.2500,,,,,0,18.9907,0.5557,23.8814,1.1250,,,,,0,45.9783,0.9648,31.1139,1.1602,,,,
750,0,21.6923,0.7119,27.8098,1.4375,,,,,0,22.3959,0.6641,28.1637,1.3750,,,,,0,34.6346,0.8125,37.3626,1.8750,,,,
751,0,21.5639,0.6016,27.2711,1.1602,,,,,0,19.2162,0.6816,23.0253,1.1250,,,,,0,41.7602,0.9297,45.3806,1.6938,,,,
752,0,24.3433,0.8125,33.5432,1.7500,,,,,0,20.5032,0.6875,22.9683,0.9658,,,,,0,39.0514,0.8867,40.9957,1.4375,,,,
753,0,22.4487,0.6719,29.4906,1.5625,,,,,0,22.8824,0.6094,20.8468,1.0188,,,,,0,43.4848,1.0088,49.7273,2.5312,,,,
754,0,28.1497,0.6797,30.1462,1.1875,,,,,0,32.6394,0.7969,22.3854,0.8125,,,,,0,61.2268,1.1895,58.1682,3.0625,,,,
755,0,28.9621,0.7617,30.2493,1.5000,,,,,0,29.1794,0.7344,23.5870,0.8750,,,,,0,45.8810,1.0469,51.1205,1.9688,,,,
756,0,48.0908,0.9219,37.6932,1.5625,,,,,0,34.9413,0.7812,24.9177,1.0000,,,,,0,38.6186,0.9531,42.3393,1.7188,,,,
757,0,21.6336,0.6328,35.4238,1.3750,,,,,0,26.1410,0.6797,26.0313,1.1250,,,,,0,33.1037,0.8750,44.0664,2.0000,,,,
758,0,59.7360,1.1406,35.4154,1.7070,,,,,0,19.9042,0.5762,25.2176,1.0938,,,,,0,31.8602,0.9375,47.4900,1.8750,,,,
759,0,33.2105,0.8359,37.1083,1.5000,,,,,0,27.7917,0.7344,25.0447,1.0698,,,,,0,33.0482,0.9375,49.0980,2.1250,,,,
760,0,22.2821,0.6445,31.7472,1.5000,,,,,0,26.4024,0.7031,22.7863,1.1250,,,,,0,32.2443,0.8125,46.4512,2.0625,,,,
761,0,25.3095,0.5950,33.9420,1.9375,,,,,0,24.8708,0.6562,24.9615,1.1094,,,,,0,32.4448,0.8594,47.0993,2.1250,,,,
762,0,26.5485,0.6328,37.4331,1.5000,,,,,0,18.7367,0.5703,25.5783,1.5000,,,,,0,38.5620,0.7500,46.7376,2.3750,,,,
763,0,34.4250,0.9219,37.7160,1.6875,,,,,0,22.8121,0.6211,20.9315,0.7500,,,,,0,34.6763,0.8203,56.0575,2.1875,,,,
764,0,39.9488,1.1250,35.1407,1.5000,,,,,0,27.3214,0.6484,21.1864,1.2500,,,,,0,41.7617,0.9326,53.5136,2.7500,,,,
765,0,26.8290,0.7969,43.0597,2.1875,,,,,0,29.1516,0.7188,22.8475,1.0000,,,,,0,36.5037,0.9688,64.1498,3.1250,,,,
766,0,25.1779,0.7266,42.2753,2.1250,,,,,0,26.4514,0.7070,22.0444,1.0625,,,,,0,38.6223,0.9531,61.8366,3.0000,,,,
767,0,33.4635,0.9062,37.7033,1.5938,,,,,0,22.7056,0.5938,24.4157,1.1250,,,,,0,47.8791,0.9688,48.8735,2.8125,,,,
768,0,23.9101,0.7031,36.0370,1.5000,,,,,0,25.4682,0.6484,23.0774,0.9375,,,,,0,45.4981,0.9688,42.8598,3.1250,,,,
769,0,53.4464,1.1172,33.2705,1.6250,,,,,0,29.5074,0.7070,22.9379,1.0625,,,,,0,54.2889,1.1406,42.6758,2.6250,,,,
770,0,50.1767,0.9219,39.4512,1.7734,,,,,0,21.9835,0.6367,23.4233,0.9688,,,,,0,36.7948,0.9297,52.6007,2.0000,,,,
771,0,28.8857,0.8594,33.0688,1.5000,,,,,0,23.0039,0.6250,21.1994,0.8750,,,,,0,47.5869,1.0234,45.4630,1.8750,,,,
772,0,23.7093,0.7500,31.0167,1.6250,,,,,0,34.1572,0.7344,24.1008,0.9062,,,,,0,54.7107,1.0078,40.0509,1.6875,,,,
773,0,29.7126,0.7266,35.6384,1.5625,,,,,0,26.0776,0.6328,22.8035,1.0000,,,,,0,40.2642,0.9492,41.9747,2.0000,,,,
774,0,32.6874,0.7441,36.2362,1.6875,,,,,0,27.2540,0.6328,23.6028,1.0000,,,,,0,38.5564,1.0781,44.0365,2.0000,,,,
775,0,35.8236,0.8350,32.6696,1.7500,,,,,0,35.0989,0.6749,24.1313,0.9678,,,,,0,61.6223,1.1602,46.4465,2.6250,,,,
776,0,54.7393,1.0469,31.4758,1.6250,,,,,0,24.1114,0.6484,23.5988,1.1875,,,,,0,56.1821,1.1025,50.1149,2.1875,,,,
777,0,25.6644,0.7656,27.2503,1.5000,,,,,0,24.4409,0.6875,19.0093,0.8750,,,,,0,52.7592,1.1172,35.6379,1.5000,,,,
778,0,24.1023,0.7227,27.0370,1.2188,,,,,0,20.2720,0.5898,21.2616,0.9062,,,,,0,54.0094,1.0762,36.6185,1.5625,,,,
779,0,57.2294,1.0215,34.3223,1.6250,,,,,0,19.1476,0.5532,23.0331,1.2500,,,,,0,41.1120,0.9297,40.3473,1.8750,,,,
780,0,25.0463,0.7188,29.6321,1.2500,,,,,0,19.9063,0.5555,23.4694,1.2500,,,,,0,49.8407,1.0000,34.7582,1.5625,,,,
781,0,23.3173,0.7266,28.0184,1.0625,,,,,0,18.7511,0.5454,24.0994,1.0625,,,,,0,68.4722,1.1406,35.4355,1.7188,,,,
782,0,24.7249,0.7188,31.3769,1.2188,,,,,0,20.1930,0.5801,22.9502,1.0312,,,,,0,36.2772,0.9580,37.6434,1.3125,,,,
783,0,27.2029,0.8594,25.2720,1.1875,,,,,0,20.1570,0.6230,23.4891,1.3750,,,,,0,35.3707,0.8594,30.9785,1.3125,,,,
784,0,49.6989,1.0645,35.5949,1.3125,,,,,0,19.1201,0.5540,22.0344,1.0000,,,,,0,59.2273,1.0988,32.1586,1.1250,,,,
785,0,36.3654,0.8789,29.5313,1.4688,,,,,0,18.6028,0.6045,23.6712,1.1250,,,,,0,62.2200,1.1543,31.1704,1.3438,,,,
786,0,23.6398,0.8008,28.5542,1.1250,,,,,0,23.0630,0.6067,20.9705,1.0000,,,,,0,49.4028,1.0457,29.9491,1.1875,,,,
787,0,21.5548,0.6484,31.0998,1.3438,,,,,0,20.6845,0.5576,26.9096,1.0938,,,,,0,59.0457,0.9927,38.5834,1.9141,,,,
788,0,41.8641,0.9258,28.5861,1.2188,,,,,0,18.5428,0.5977,23.5110,1.1250,,,,,0,37.5774,0.8555,38.8950,1.9062,,,,
789,0,27.3744,0.7031,32.3907,1.5000,,,,,0,22.1185,0.6406,22.7418,1.0625,,,,,0,46.0086,1.0156,49.5133,2.7188,,,,
790,0,22.8364,0.6797,33.3913,2.2500,,,,,0,25.5592,0.7031,24.1305,0.9844,,,,,0,44.6671,1.0430,51.8246,2.3750,,,,
791,0,25.5764,0.7422,29.8043,1.2500,,,,,0,33.0683,0.7812,22.0778,1.0000,,,,,0,56.3476,1.1562,65.5391,3.8086,,,,
792,0,24.5064,0.7109,36.3784,2.0000,,,,,0,26.0258,0.7500,23.9506,1.0625,,,,,0,37.1417,0.9219,79.3291,4.2188,,,,
793,0,36.2642,1.0078,30.1004,1.3750,,,,,0,29.1100,0.7344,25.5519,1.0625,,,,,0,49.2633,1.1172,57.9363,2.8750,,,,
794,0,39.0509,0.9688,29.3463,1.2500,,,,,0,23.3735,0.6328,24.8988,1.1250,,,,,0,34.8558,0.9297,47.4000,2.1250,,,,
795,0,29.6249,0.7812,28.5728,1.5000,,,,,0,27.9823,0.6719,22.8598,1.0000,,,,,0,35.4989,0.9688,45.1977,2.1250,,,,
796,0,21.6572,0.6797,32.5567,1.5000,,,,,0,22.1528,0.6406,21.7084,0.8750,,,,,0,35.3899,1.0625,46.3758,2.2500,,,,
797,0,21.2691,0.6152,32.3760,1.7500,,,,,0,20.6351,0.5781,21.4285,0.8438,,,,,0,33.6128,0.8750,46.6019,2.5000,,,,
798,0,27.4453,0.7695,33.6993,1.7500,,,,,0,22.9286,0.6484,23.2989,1.1250,,,,,0,33.8089,0.8984,46.7383,2.1250,,,,
799,0,23.7933,0.7617,42.7952,2.5625,,,,,0,23.5518,0.6328,25.5391,0.9688,,,,,0,35.6408,1.0000,50.8473,1.9688,,,,
800,0,21.3737,0.6562,40.3408,1.6484,,,,,0,20.7708,0.5918,22.7671,0.8750,,,,,0,36.9789,0.9756,59.0524,3.1250,,,,
801,0,38.5197,0.9078,35.1520,1.3594,,,,,0,23.1502,0.6562,22.9915,1.0000,,,,,0,31.3006,0.8047,53.4572,2.9375,,,,
802,0,27.0737,0.8750,41.4048,2.1562,,,,,0,33.1742,0.7656,19.8293,0.8750,,,,,0,49.2785,0.9688,49.4498,3.0000,,,,
803,0,40.4393,0.8516,30.6026,1.5000,,,,,0,21.1338,0.6172,22.2352,0.8896,,,,,0,42.2837,1.0000,51.5496,3.2500,,,,
804,0,59.7854,1.0977,30.9080,1.3750,,,,,0,35.4608,0.7930,22.5576,1.0000,,,,,0,57.3297,1.1094,51.5092,2.9375,,,,
805,0,51.2016,1.0742,40.4446,2.1250,,,,,0,26.0070,0.6797,23.0818,1.1875,,,,,0,64.0072,1.1250,53.5701,2.6250,,,,
806,0,48.6557,0.9609,35.3247,1.5625,,,,,0,26.9028,0.6641,22.3403,1.0000,,,,,0,65.6451,1.1797,46.9117,2.7500,,,,
807,0,27.6684,0.7578,35.5897,1.5000,,,,,0,23.5642,0.6719,22.6545,1.2500,,,,,0,49.9997,1.0938,42.2754,2.2500,,,,
808,0,25.0305,0.7578,35.7571,1.8750,,,,,0,27.4857,0.7031,22.3222,1.0000,,,,,0,54.0380,1.0938,41.9340,2.0625,,,,
809,0,32.0331,0.8711,34.3332,1.7812,,,,,0,32.0362,0.7324,22.3327,1.1250,,,,,0,61.8682,1.1699,43.7411,2.1250,,,,
810,0,23.3537,0.6719,32.8808,1.1875,,,,,0,27.1619,0.6406,22.8576,0.9375,,,,,0,54.8625,1.0200,42.3859,2.2500,,,,
811,0,26.6259,0.7695,36.4580,2.2500,,,,,0,27.7431,0.6445,23.3480,0.9597,,,,,0,48.7222,1.0273,48.6807,2.2500,,,,
812,0,48.5866,0.8555,31.4724,1.2819,,,,,0,30.5249,0.6289,24.9409,1.0000,,,,,0,39.5777,0.9727,44.0839,2.2188,,,,
813,0,26.7112,0.6875,30.7484,1.2500,,,,,0,30.7065,0.7109,23.1918,0.9375,,,,,0,50.7730,1.0354,44.2356,2.0625,,,,
814,0,23.3932,0.6953,25.1390,1.0938,,,,,0,24.4744,0.6484,19.7602,0.7500,,,,,0,59.0280,1.0703,37.6510,1.7500,,,,
815,0,23.2378,0.6328,27.4747,1.1719,,,,,0,20.8154,0.6133,18.2282,0.8750,,,,,0,42.3605,0.9453,36.6701,2.5000,,,,
816,0,31.2233,0.8477,28.7719,1.0625,,,,,0,21.4529,0.5977,22.7100,1.0000,,,,,0,63.4409,1.1719,39.8837,1.4688,,,,
817,0,35.9518,0.7949,30.7520,1.3125,,,,,0,19.4817,0.5508,23.4493,1.2500,,,,,0,49.8091,1.0000,40.3625,1.8750,,,,
818,0,21.6131,0.6406,27.3843,1.2578,,,,,0,19.3583,0.5234,21.3155,1.0000,,,,,0,54.6545,1.0361,33.5564,1.8750,,,,
819,0,45.8000,1.0195,31.8553,1.6562,,,,,0,23.7505,0.6094,22.9900,1.0625,,,,,0,65.4825,1.1948,34.2141,1.3125,,,,
820,0,26.0124,0.7383,32.8609,1.2090,,,,,0,21.6239,0.6064,20.3487,0.8750,,,,,0,38.4086,0.8984,30.3729,1.1250,,,,
821,0,26.3405,0.9062,34.0035,1.2754,,,,,0,21.0673,0.5889,22.9297,1.3125,,,,,0,62.8944,1.1562,34.1738,1.0938,,,,
822,0,22.9215,0.6621,27.5326,1.0625,,,,,0,19.0693,0.5840,23.2967,1.1875,,,,,0,54.9741,1.1191,32.2433,1.3281,,,,
823,0,33.8315,0.7383,27.5860,1.0355,,,,,0,19.4474,0.5566,21.9637,1.1875,,,,,0,46.6598,1.0938,32.0303,1.2500,,,,
824,0,26.4884,0.7207,25.4957,1.4375,,,,,0,19.8402,0.5762,24.8988,1.2500,,,,,0,52.1880,1.0391,31.7681,1.2500,,,,
825,0,28.2182,0.7500,34.8031,1.5000,,,,,0,21.0309,0.6562,26.7770,1.3125,,,,,0,39.7167,0.8867,37.4912,1.7500,,,,
826,0,61.2267,1.0469,32.6595,2.2500,,,,,0,18.8217,0.6387,24.3155,1.0625,,,,,0,43.5883,0.9629,47.3060,1.6094,,,,
827,0,42.6183,1.0234,32.8421,1.8125,,,,,0,20.7091,0.6875,22.6986,0.8203,,,,,0,39.8098,0.9141,44.8556,2.4219,,,,
828,0,52.5284,1.0391,36.9195,1.8242,,,,,0,22.6401,0.6406,22.9266,1.1250,,,,,0,38.8926,0.9780,57.8081,3.2500,,,,
829,0,33.1839,0.7188,30.3615,1.2500,,,,,0,28.4304,0.7344,23.0769,1.0000,,,,,0,64.5042,1.1971,61.4683,3.5234,,,,
830,0,25.0632,0.7891,36.0431,2.2500,,,,,0,25.2195,0.6875,24.1553,1.0000,,,,,0,39.1483,0.9844,48.8354,1.9062,,,,
831,0,31.4459,0.8711,32.0697,1.8125,,,,,0,28.0305,0.6875,24.0982,0.9375,,,,,0,34.6780,0.9102,43.8428,1.8750,,,,
832,0,25.6002,0.6875,32.5573,1.4062,,,,,0,24.9436,0.6719,24.2341,0.8750,,,,,0,33.9049,1.0000,44.1193,2.0000,,,,
833,0,29.7695,0.7266,42.2415,1.9375,,,,,0,22.5232,0.6094,22.9834,0.8750,,,,,0,33.5776,1.0000,48.0979,1.8750,,,,
834,0,25.7436,0.7773,37.7486,1.5781,,,,,0,19.2651,0.6057,22.7055,0.9844,,,,,0,32.7071,1.0625,46.4952,2.3125,,,,
835,0,24.2829,0.6328,37.0354,1.6875,,,,,0,26.0350,0.6953,22.7326,0.8906,,,,,0,32.3659,0.8750,46.6421,2.0625,,,,
836,0,27.0951,0.8203,37.7853,1.8750,,,,,0,24.5218,0.6719,24.5291,1.1250,,,,,0,33.7859,0.9062,47.8787,2.2500,,,,
837,0,28.6378,0.7188,36.5663,1.8125,,,,,0,19.0024,0.5234,25.7354,1.5000,,,,,0,37.5891,1.0000,47.0578,2.1250,,,,
838,0,22.9757,0.7266,38.9246,1.5312,,,,,0,21.4192,0.6094,20.0027,0.8750,,,,,0,34.2480,0.8066,56.3106,2.1875,,,,
839,0,26.2429,0.7109,30.9581,2.0000,,,,,0,28.9351,0.6699,20.8737,1.1250,,,,,0,44.8963,0.9468,52.8032,2.5000,,,,
840,0,39.3483,0.7812,38.2619,1.9375,,,,,0,22.0065,0.5938,22.9723,1.0000,,,,,0,41.0981,1.0312,66.0640,3.3750,,,,
841,0,34.6428,0.8359,40.3384,2.0312,,,,,0,27.3361,0.7109,22.6728,1.0000,,,,,0,36.5521,0.8672,59.0177,2.8750,,,,
842,0,27.7309,0.7500,36.7099,1.3750,,,,,0,29.6393,0.7031,22.0880,0.8281,,,,,0,56.1618,1.0312,45.0045,3.1250,,,,
843,0,23.7490,0.7344,34.2307,1.8750,,,,,0,22.4272,0.6250,23.1806,1.0625,,,,,0,48.2040,0.9944,47.4675,3.0625,,,,
844,0,36.3749,0.9297,36.9513,1.7500,,,,,0,27.8141,0.7070,24.2918,1.1250,,,,,0,57.7959,1.1719,45.5634,3.0625,,,,
845,0,25.5649,0.7969,33.2005,1.5000,,,,,0,20.7687,0.6172,24.0713,1.0625,,,,,0,36.3433,0.8750,50.9839,2.2500,,,,
846,0,32.7787,0.8672,37.5490,2.0938,,,,,0,21.0369,0.6172,22.9248,0.8750,,,,,0,47.6020,1.0391,47.3874,2.1250,,,,
847,0,29.9977,0.8750,36.1176,1.3750,,,,,0,27.0761,0.6797,23.4136,1.0000,,,,,0,48.1400,0.9883,39.9099,1.9375,,,,
848,0,37.8330,0.9297,34.0092,1.2500,,,,,0,26.6457,0.6250,21.9776,0.9375,,,,,0,46.0130,0.9932,40.5832,2.0000,,,,
849,0,28.1514,0.7109,36.3785,1.4375,,,,,0,22.0558,0.5918,24.1892,1.1875,,,,,0,36.4781,1.0723,43.7367,2.0000,,,,
850,0,26.9948,0.7070,34.8415,2.0000,,,,,0,29.4043,0.6362,24.4155,1.0625,,,,,0,62.0844,1.1641,45.9684,2.5000,,,,
851,0,23.5067,0.6875,34.1833,1.3125,,,,,0,24.4556,0.6562,23.5694,0.8750,,,,,0,60.9186,1.1406,49.0534,2.0195,,,,
852,0,25.9563,0.7812,27.4635,1.0781,,,,,0,20.5865,0.6094,18.7074,0.7500,,,,,0,52.4323,1.0781,37.7679,1.5469,,,,
853,0,44.2164,1.0674,30.2145,1.3125,,,,,0,20.2632,0.5742,21.1908,1.0000,,,,,0,61.2912,1.1367,37.6355,1.4375,,,,
854,0,49.3622,1.0566,34.3891,1.4453,,,,,0,20.4592,0.5618,21.3840,1.1250,,,,,0,45.8362,1.0156,38.9461,1.5625,,,,
855,0,59.8151,1.0469,33.0428,1.5000,,,,,0,19.0185,0.5421,23.3891,1.0000,,,,,0,55.5370,1.0781,34.8322,1.5000,,,,
856,0,22.5151,0.6797,30.8886,1.2500,,,,,0,18.8519,0.5293,24.4564,1.1875,,,,,0,66.0322,1.1084,34.1656,1.5938,,,,
857,0,83.7768,1.3320,41.0730,2.1562,,,,,0,20.0797,0.5752,24.3268,0.8750,,,,,0,42.9210,1.0059,39.4473,1.3750,,,,
858,0,31.5378,0.9023,30.2717,1.6250,,,,,0,19.9530,0.5938,25.1659,1.3750,,,,,0,42.7593,0.9414,30.3768,1.3438,,,,
859,0,22.3478,0.6191,28.3112,1.0625,,,,,0,20.1069,0.5771,20.3950,0.8750,,,,,0,64.9680,1.1484,32.7731,1.1250,,,,
860,0,26.0432,0.8320,26.6196,1.3750,,,,,0,19.2417,0.5576,22.9136,0.9844,,,,,0,63.8017,1.2070,32.0849,1.4375,,,,
861,0,22.5602,0.6992,27.0521,1.1250,,,,,0,19.5611,0.5469,20.4172,1.1250,,,,,0,41.2314,0.9844,28.8095,1.0625,,,,
862,0,25.8187,0.6699,30.9017,1.2031,,,,,0,17.9368,0.5312,26.9407,1.0625,,,,,0,54.6998,0.9602,38.6479,2.0703,,,,
863,0,23.0757,0.6719,34.5172,1.3906,,,,,0,17.9840,0.5415,26.4871,1.4844,,,,,0,40.4544,0.8906,41.5128,2.3281,,,,
864,0,33.8217,0.8750,28.0562,1.1875,,,,,0,25.1273,0.6875,22.8362,0.8750,,,,,0,39.4680,0.9688,46.6470,2.5625,,,,
865,0,24.8742,0.7344,28.1264,1.5625,,,,,0,27.7483,0.6875,20.9909,0.9062,,,,,0,37.5987,0.9746,52.3365,2.7500,,,,
866,0,40.9724,0.9453,33.0113,1.3750,,,,,0,28.5053,0.7188,20.7527,0.8438,,,,,0,55.5763,1.1562,65.6793,3.9062,,,,
867,0,25.4507,0.7188,35.9556,1.5625,,,,,0,26.1688,0.7031,24.1790,1.3750,,,,,0,36.0138,0.8906,61.2206,3.4375,,,,
868,0,24.7170,0.7031,35.6048,1.5938,,,,,0,32.0113,0.7344,24.6203,1.1250,,,,,0,45.6459,1.1094,56.8726,2.7500,,,,
869,0,34.8152,0.8711,39.3049,2.0703,,,,,0,24.4289,0.6562,25.2153,1.1562,,,,,0,39.4240,1.0000,48.0663,2.2500,,,,
870,0,34.0643,0.8750,49.3617,2.3438,,,,,0,24.6154,0.6719,27.7878,1.2031,,,,,0,40.2510,1.1250,55.2390,2.2500,,,,
871,0,23.3552,0.6758,34.8867,1.6875,,,,,0,24.7337,0.6562,24.0475,1.1875,,,,,0,34.8756,1.0625,46.3836,2.1250,,,,
872,0,35.2136,0.7812,39.4765,1.7500,,,,,0,20.7130,0.6250,23.4235,0.9688,,,,,0,34.1318,0.8750,48.5784,2.3750,,,,
873,0,25.9100,0.7500,38.4134,2.0000,,,,,0,19.9597,0.5508,23.4680,1.0000,,,,,0,36.1716,0.8945,49.8107,2.5000,,,,
874,0,23.4151,0.7197,39.3780,1.5938,,,,,0,19.1473,0.5547,25.0996,1.5000,,,,,0,37.1923,0.8750,47.7249,2.6250,,,,
875,0,44.6927,0.9141,43.2531,1.7500,,,,,0,23.2483,0.6094,21.5789,1.1250,,,,,0,35.7474,0.9375,50.9787,2.3750,,,,
876,0,25.6318,0.8047,32.1001,1.1953,,,,,0,21.8867,0.6328,21.3119,0.7500,,,,,0,31.1122,0.8125,48.9166,2.2500,,,,
877,0,25.2384,0.7188,32.1063,1.9375,,,,,0,30.0713,0.7148,18.5510,0.7500,,,,,0,56.7624,1.0469,47.2553,3.0625,,,,
878,0,26.0644,0.6406,38.2193,1.6562,,,,,0,26.4419,0.6953,25.2700,1.2500,,,,,0,41.3700,0.9531,58.0831,3.3750,,,,
879,0,29.1592,0.6953,35.0995,1.3750,,,,,0,26.1473,0.6914,24.6828,1.0625,,,,,0,42.3856,0.9375,50.6299,2.8750,,,,
880,0,24.8538,0.7500,33.3269,1.6875,,,,,0,31.0166,0.7656,25.0236,1.3125,,,,,0,67.0443,1.1406,56.6010,2.8750,,,,
881,0,24.9394,0.6797,35.4805,1.4688,,,,,0,22.4923,0.5938,23.0681,1.1250,,,,,0,57.1843,1.1406,51.1889,2.8750,,,,
882,0,35.8358,0.8750,31.7093,1.5000,,,,,0,31.2538,0.7578,22.5786,1.0000,,,,,0,55.4196,1.1562,45.2443,2.8125,,,,
883,0,25.1964,0.7500,37.4045,2.0000,,,,,0,27.0987,0.7031,24.8363,1.0000,,,,,0,55.7987,1.1172,48.1202,2.3750,,,,
884,0,25.8244,0.6406,37.3375,1.7109,,,,,0,23.7417,0.6270,23.0382,1.1875,,,,,0,63.0762,1.2285,44.7041,2.6250,,,,
885,0,24.0569,0.6719,33.3660,2.0000,,,,,0,33.5303,0.6953,22.8869,1.2500,,,,,0,60.5827,1.0664,42.8672,1.8750,,,,
886,0,30.5102,0.8750,36.2327,1.8750,,,,,0,21.3094,0.5801,26.3885,1.1797,,,,,0,46.4966,1.0215,52.9513,2.3750,,,,
887,0,29.0235,0.5752,41.5593,1.8750,,,,,0,25.7203,0.5781,28.0261,1.0625,,,,,0,41.7283,0.9844,50.7817,2.2500,,,,
888,0,41.4923,0.9844,32.3464,1.7500,,,,,0,25.1997,0.6367,25.1121,0.9375,,,,,0,55.1324,1.0925,46.7662,2.2500,,,,
889,0,29.9500,0.9062,30.6730,1.7500,,,,,0,20.1896,0.5938,18.0986,1.0000,,,,,0,58.7810,1.1094,43.7445,1.9375,,,,
890,0,61.1770,0.9229,31.7448,1.5000,,,,,0,19.5753,0.5742,18.3469,0.8750,,,,,0,55.2174,1.1045,35.7142,2.0000,,,,
891,0,45.8017,0.9348,37.3552,1.7439,,,,,0,19.6885,0.5596,21.1823,1.0625,,,,,0,61.4305,1.1836,38.1647,1.3906,,,,
892,0,51.1083,1.0107,44.5352,1.9414,,,,,0,19.4420,0.5557,26.3475,1.4688,,,,,0,49.7672,1.0010,47.4478,2.4062,,,,
893,0,21.8529,0.6445,36.7530,1.7656,,,,,0,18.5302,0.5625,23.5929,1.0625,,,,,0,53.0196,1.0186,39.8141,2.2812,,,,
894,0,29.0024,0.7695,31.1506,1.2812,,,,,0,20.8462,0.5762,24.2656,1.0000,,,,,0,62.8380,1.1876,40.2716,1.6250,,,,
895,0,47.5993,1.1172,41.5976,1.3750,,,,,0,19.8749,0.5796,22.6523,1.0625,,,,,0,36.9720,0.8984,35.0110,1.5625,,,,
896,0,25.2870,0.7969,30.2919,1.5293,,,,,0,19.6666,0.5479,20.7972,1.0000,,,,,0,58.7643,1.0938,36.5534,1.4375,,,,
897,0,22.1316,0.6562,38.3942,1.8125,,,,,0,19.2123,0.5859,23.8021,1.1875,,,,,0,56.7868,1.1504,44.1017,1.8750,,,,
898,0,31.9727,0.7969,31.6280,2.0000,,,,,0,20.3458,0.6196,21.3975,0.8125,,,,,0,45.8845,1.0312,31.3845,1.2500,,,,
899,0,31.1722,0.9575,29.0101,1.2500,,,,,0,18.7487,0.5615,22.5625,0.8750,,,,,0,46.1593,0.9995,33.7260,1.3750,,,,
900,0,37.7128,0.8535,30.3122,1.3125,,,,,0,20.5900,0.6328,23.8180,1.0000,,,,,0,43.2606,0.9141,33.0321,1.4375,,,,
901,0,28.6401,0.6665,35.9616,1.8125,,,,,0,18.8396,0.6250,21.5029,0.8984,,,,,0,44.8315,0.9902,43.9350,1.7500,,,,
902,0,29.3756,0.9062,30.0521,1.2500,,,,,0,23.6417,0.6719,23.1404,1.0625,,,,,0,45.0408,0.9688,43.9004,1.8438,,,,
903,0,26.3680,0.7852,32.0403,1.5000,,,,,0,24.8820,0.6719,21.6362,1.0391,,,,,0,48.9994,1.0605,45.3939,2.0000,,,,
904,0,32.0519,0.8320,32.8103,1.3125,,,,,0,22.0358,0.6562,23.8077,0.9688,,,,,0,64.4439,1.2046,54.9054,2.5156,,,,
905,0,31.0489,0.8867,29.8705,1.7500,,,,,0,27.5376,0.7188,23.4249,0.8984,,,,,0,39.3530,1.0156,48.4786,1.9375,,,,
906,0,24.5742,0.7266,33.9748,1.8125,,,,,0,28.5673,0.7031,24.5047,0.9585,,,,,0,36.0774,0.9531,43.2636,1.7656,,,,
907,0,30.7135,0.8086,30.9448,1.3125,,,,,0,26.5372,0.6562,26.5225,1.0293,,,,,0,38.7855,1.0000,45.1136,2.0000,,,,
908,0,29.4270,0.8438,31.8022,1.5000,,,,,0,20.1273,0.5938,25.4020,1.1523,,,,,0,34.4338,1.0000,45.4709,2.0000,,,,
909,0,23.7736,0.6641,32.7288,1.1562,,,,,0,19.9154,0.5807,22.4057,0.9219,,,,,0,34.3951,1.0000,46.2826,2.0000,,,,
910,0,41.0853,0.9336,37.3581,1.4375,,,,,0,19.9890,0.5938,23.1473,0.9531,,,,,0,33.0494,0.8125,47.2270,2.0000,,,,
911,0,30.2627,0.6670,37.3730,1.6133,,,,,0,22.1057,0.6250,25.8183,1.0000,,,,,0,33.4945,0.8906,49.5606,2.2500,,,,
912,0,26.8776,0.7188,39.0860,1.8750,,,,,0,18.9540,0.5469,26.1270,1.5000,,,,,0,42.7539,0.8750,49.5325,2.5000,,,,
913,0,23.4665,0.6758,37.8606,1.4375,,,,,0,22.3833,0.6406,22.0174,1.0000,,,,,0,32.5619,0.7930,57.8776,2.3750,,,,
914,0,26.6739,0.8594,36.9346,1.5625,,,,,0,32.1688,0.7344,22.7292,1.5000,,,,,0,45.0693,0.9688,53.0733,2.3750,,,,
915,0,25.6008,0.7344,44.6552,2.3125,,,,,0,27.7464,0.6947,24.5737,1.2500,,,,,0,41.2104,1.0000,64.9213,3.2500,,,,
916,0,26.3824,0.7539,41.2762,1.8750,,,,,0,22.7678,0.6602,23.2985,1.0000,,,,,0,34.8820,0.8281,60.5629,2.9375,,,,
917,0,23.7395,0.7031,36.5258,1.1875,,,,,0,33.0452,0.7695,23.2589,0.9375,,,,,0,58.5599,1.0703,47.6411,3.1250,,,,
918,0,23.4636,0.7500,36.8031,1.7344,,,,,0,32.3982,0.7344,23.4628,1.1875,,,,,0,42.8434,0.9424,44.5455,3.3750,,,,
919,0,32.1950,0.7578,38.2156,1.6094,,,,,0,26.9357,0.6875,22.6156,1.0625,,,,,0,57.1647,1.1797,43.8977,3.0000,,,,
920,0,26.8122,0.7734,35.1000,1.7500,,,,,0,24.5011,0.6914,25.4108,1.0000,,,,,0,40.7421,0.9219,52.2200,2.5625,,,,
921,0,23.0618,0.6875,42.3456,1.8750,,,,,0,23.9273,0.6289,21.1414,0.8750,,,,,0,49.0221,1.0586,51.5766,2.6250,,,,
922,0,24.3678,0.7500,39.1854,2.0000,,,,,0,35.1473,0.7422,22.5959,1.0625,,,,,0,52.0007,1.0469,41.2542,2.1875,,,,
923,0,36.2422,0.9062,38.9743,1.8750,,,,,0,29.3332,0.6562,26.2076,1.0098,,,,,0,53.3420,1.0918,48.0408,2.1133,,,,
924,0,41.8015,0.8662,37.1681,1.3828,,,,,0,27.9512,0.6465,23.6038,0.9688,,,,,0,44.0998,1.1504,44.4056,2.5000,,,,
925,0,33.3388,0.6797,37.9287,1.5000,,,,,0,30.7109,0.6618,23.2806,0.9375,,,,,0,62.1655,1.2031,46.3170,2.3750,,,,
926,0,25.0677,0.7578,29.2557,1.1875,,,,,0,21.3957,0.6328,22.4526,0.8984,,,,,0,58.4585,1.1055,51.0767,2.1797,,,,
927,0,50.8079,1.0586,32.3647,1.2500,,,,,0,23.0876,0.6680,20.7291,1.0000,,,,,0,49.9065,1.0859,38.7067,1.5625,,,,
928,0,37.9118,0.9727,35.4061,2.0000,,,,,0,19.9472,0.5781,21.5395,0.7812,,,,,0,63.5187,1.1523,37.3308,1.3906,,,,
929,0,22.3131,0.6094,35.2139,1.6235,,,,,0,20.9455,0.5811,25.8367,1.3750,,,,,0,48.0015,1.0391,44.1787,1.8750,,,,
930,0,29.6641,0.8164,36.7762,1.7422,,,,,0,18.7945,0.5674,25.0991,1.1875,,,,,0,52.8197,1.0391,37.7862,1.6406,,,,
931,0,23.5157,0.7266,32.3328,1.6875,,,,,0,20.8847,0.5820,23.2279,1.1250,,,,,0,77.1985,1.2246,35.5079,1.3750,,,,
932,0,24.4989,0.7383,37.9109,2.1875,,,,,0,21.4153,0.6016,27.1239,1.6875,,,,,0,38.4802,0.9863,40.4931,1.7812,,,,
933,0,67.5049,1.1914,42.2506,2.0625,,,,,0,19.7520,0.5537,22.3863,1.1250,,,,,0,38.8724,0.9102,33.5074,1.4688,,,,
934,0,30.2233,0.7480,31.5459,1.1484,,,,,0,21.5372,0.6124,21.7323,0.9062,,,,,0,67.6184,1.1788,39.2937,1.8438,,,,
935,0,38.6742,0.8906,37.2569,1.5000,,,,,0,20.1206,0.6426,21.2958,1.0000,,,,,0,55.7877,1.1309,37.8614,1.6250,,,,
936,0,40.8398,1.0410,34.7631,1.6250,,,,,0,19.0691,0.5420,23.2056,1.2500,,,,,0,43.1805,0.9941,34.1341,1.3750,,,,
937,0,21.8324,0.7109,33.0985,1.6250,,,,,0,18.5472,0.5703,22.5398,0.9062,,,,,0,50.8939,0.9551,46.9182,2.2500,,,,
938,0,36.8954,0.7896,32.1644,1.4629,,,,,0,18.0671,0.5498,20.8122,0.7500,,,,,0,38.1957,0.8789,34.7384,1.1719,,,,
939,0,23.0902,0.7031,33.2994,1.3125,,,,,0,23.8719,0.6562,24.1170,1.5000,,,,,0,44.6144,1.0156,51.3430,2.5625,,,,
940,0,26.7740,0.7344,28.1925,1.3750,,,,,0,25.5590,0.6875,22.5812,0.9297,,,,,0,41.8683,1.0039,47.5460,2.2500,,,,
941,0,24.1164,0.7188,34.5370,1.6250,,,,,0,28.1077,0.7031,24.1168,0.8984,,,,,0,51.6089,1.1147,54.0328,2.4922,,,,
942,0,25.6278,0.7969,36.7101,2.1250,,,,,0,33.2117,0.8281,24.5758,1.2031,,,,,0,38.6661,0.9375,64.2716,3.1406,,,,
943,0,26.7984,0.7188,31.7501,2.5000,,,,,0,31.6717,0.7656,24.8335,0.9844,,,,,0,46.7079,1.1250,50.7637,2.2656,,,,
944,0,21.9850,0.6250,36.0399,1.7500,,,,,0,23.2071,0.6250,25.8278,1.0938,,,,,0,34.9081,0.9375,48.3828,2.2500,,,,
945,0,26.7116,0.7500,44.2078,1.7949,,,,,0,31.8677,0.7500,28.8354,1.4375,,,,,0,44.7427,1.0625,56.5119,2.2812,,,,
946,0,23.8913,0.7656,36.9490,1.5312,,,,,0,26.0380,0.6719,23.4576,1.0312,,,,,0,36.4557,1.0938,45.2292,1.8125,,,,
947,0,38.3223,0.9473,36.8353,1.8750,,,,,0,21.3544,0.6250,25.6871,0.9688,,,,,0,31.9891,0.9375,49.4390,2.2500,,,,
948,0,62.5083,0.9922,33.2251,1.3125,,,,,0,20.4026,0.6250,25.8752,1.1250,,,,,0,33.4972,0.8750,47.5973,2.3750,,,,
949,0,23.8703,0.6709,31.9595,1.4102,,,,,0,22.4779,0.6250,25.2101,1.2500,,,,,0,34.2956,0.8750,47.4930,2.5000,,,,
950,0,24.2864,0.6484,35.4270,1.8750,,,,,0,18.9898,0.5605,22.8372,1.2500,,,,,0,35.4652,0.9062,50.8082,2.3750,,,,
951,0,22.7208,0.7109,32.4925,2.2500,,,,,0,21.7223,0.6328,21.2205,0.8125,,,,,0,31.9382,0.8516,51.4429,2.4375,,,,
952,0,41.7873,0.7812,35.2629,1.6250,,,,,0,34.3041,0.7812,19.0832,0.8125,,,,,0,55.3806,1.0000,49.5538,3.1250,,,,
953,0,28.2476,0.7578,35.5545,1.7500,,,,,0,24.3116,0.6719,25.9825,1.3750,,,,,0,49.3862,1.0781,55.6469,3.5625,,,,
954,0,43.4901,0.8984,36.1607,1.4531,,,,,0,23.6073,0.6719,25.2774,1.2500,,,,,0,49.6506,1.0469,62.7411,3.3750,,,,
955,0,24.3927,0.6719,40.0044,1.8125,,,,,0,27.9402,0.7188,23.1999,0.8203,,,,,0,67.0790,1.1343,57.8222,3.1875,,,,
956,0,36.3408,0.7891,43.5415,1.8750,,,,,0,21.8089,0.6016,23.9493,0.9609,,,,,0,58.8164,1.1250,51.5804,3.0000,,,,
957,0,44.7488,0.8984,44.9393,2.1875,,,,,0,20.6130,0.6172,22.3459,1.2500,,,,,0,48.5105,1.0781,50.0821,2.8750,,,,
958,0,43.4304,0.8906,38.2444,1.6250,,,,,0,25.9470,0.7188,23.0614,1.0000,,,,,0,48.9410,1.0391,46.1598,2.8125,,,,
959,0,31.3647,0.6953,41.0830,2.0000,,,,,0,28.5486,0.6914,22.6618,0.7812,,,,,0,66.7257,1.2227,56.2136,2.8750,,,,
960,0,37.5279,0.7652,40.2476,1.7500,,,,,0,27.5882,0.6484,23.4039,0.8877,,,,,0,59.9331,1.0776,47.8905,2.3750,,,,
961,0,23.4399,0.6523,40.1657,1.5625,,,,,0,20.8939,0.5938,24.2515,1.0146,,,,,0,49.3310,1.0312,55.2978,2.7500,,,,
962,0,48.0755,0.8281,39.5372,1.8750,,,,,0,22.0749,0.5332,28.4200,1.1250,,,,,0,38.3265,0.9375,49.1230,2.3750,,,,
963,0,32.5253,0.8789,32.6020,1.6250,,,,,0,25.0307,0.6660,23.7165,0.8867,,,,,0,57.1366,1.1208,45.7082,2.1250,,,,
964,0,26.7379,0.7734,28.3740,1.2617,,,,,0,20.8720,0.6172,18.4395,1.0000,,,,,0,66.5743,1.1484,40.6193,1.8125,,,,
965,0,28.1382,0.6758,27.5755,1.3125,,,,,0,19.6859,0.5718,20.6762,1.1250,,,,,0,53.6263,1.0898,37.0887,2.0000,,,,
966,0,48.7491,1.0532,33.8129,1.2188,,,,,0,20.6265,0.5928,21.8068,1.0625,,,,,0,73.3861,1.2695,38.9653,1.5938,,,,
967,0,31.4541,0.8242,34.3886,1.1875,,,,,0,18.8764,0.5913,26.5432,1.4062,,,,,0,54.0476,1.0405,48.9052,2.4727,,,,
968,0,21.1512,0.6406,33.0649,1.9062,,,,,0,18.7376,0.5586,22.6696,1.1250,,,,,0,63.8395,1.1191,40.1394,2.3125,,,,
969,0,25.8508,0.6719,35.5274,1.4375,,,,,0,26.9137,0.6875,23.0851,0.8750,,,,,0,73.7421,1.2798,40.4767,1.5781,,,,
970,0,60.9482,1.1602,39.1299,1.8750,,,,,0,19.7680,0.5566,21.8488,0.8750,,,,,0,44.3252,0.9609,36.4443,1.6250,,,,
971,0,41.0152,0.8799,30.0069,1.3125,,,,,0,19.9972,0.5664,21.4627,0.9375,,,,,0,68.4990,1.1875,37.7881,1.6250,,,,
972,0,25.4007,0.8086,33.5564,1.5312,,,,,0,19.4239,0.6016,20.9091,1.0000,,,,,0,66.3993,1.2227,43.0502,1.7500,,,,
973,0,23.0085,0.6641,31.5438,1.4375,,,,,0,19.4408,0.5918,21.5991,0.8750,,,,,0,49.8786,1.1094,33.1195,1.4375,,,,
974,0,23.0685,0.7686,36.3660,1.2500,,,,,0,19.2397,0.5626,24.3153,1.2500,,,,,0,43.9436,0.9750,43.2195,1.8438,,,,
975,0,27.9820,0.8750,31.7124,1.5000,,,,,0,24.7457,0.6797,24.8564,1.1250,,,,,0,38.6163,0.9082,37.0161,1.5625,,,,
976,0,34.7729,0.8027,29.8087,1.1250,,,,,0,19.0271,0.6421,22.9382,0.9375,,,,,0,46.4809,0.9883,46.0445,1.6250,,,,
977,0,27.5993,0.7031,32.2928,1.2500,,,,,0,21.7804,0.6406,23.1582,1.0000,,,,,0,40.1023,0.9062,44.1220,1.7500,,,,
978,0,24.8278,0.7461,34.7645,1.6250,,,,,0,26.8182,0.6875,21.7518,1.0352,,,,,0,46.7326,1.0449,44.6878,2.0625,,,,
979,0,22.2569,0.6367,31.1249,1.3750,,,,,0,33.0890,0.7812,22.2164,0.9062,,,,,0,59.8544,1.1273,51.4096,2.2949,,,,
980,0,22.2813,0.7188,30.7600,1.8750,,,,,0,24.1488,0.6562,26.1076,1.2500,,,,,0,47.3390,1.0938,44.9967,1.9219,,,,
981,0,24.8375,0.7266,34.8600,1.5000,,,,,0,23.9083,0.6250,26.3403,1.1836,,,,,0,39.0333,0.9844,44.2128,1.9062,,,,
982,0,39.1515,0.8359,30.2259,1.3438,,,,,0,26.0909,0.6484,25.2576,1.0000,,,,,0,37.3416,1.0000,45.3533,2.0000,,,,
983,0,29.3286,0.7695,34.1484,1.4375,,,,,0,22.5897,0.6562,24.2361,0.9844,,,,,0,39.7633,1.0625,46.7437,1.8750,,,,
984,0,21.5494,0.6016,33.8628,1.5312,,,,,0,21.5616,0.6250,22.3491,0.8750,,,,,0,32.5899,1.0000,47.3329,2.0000,,,,
985,0,24.2973,0.7344,36.4149,2.1250,,,,,0,24.2251,0.6641,24.6208,1.0156,,,,,0,31.6778,0.8359,48.5556,2.0625,,,,
986,0,23.3970,0.6875,35.4866,1.7500,,,,,0,27.1258,0.7031,24.7101,1.0000,,,,,0,33.6729,0.9375,48.7161,2.1250,,,,
987,0,55.6982,1.1094,39.4012,1.7500,,,,,0,19.6314,0.6094,26.9082,1.5000,,,,,0,35.9344,0.8750,50.8452,2.5625,,,,
988,0,25.5080,0.7852,35.6216,1.3887,,,,,0,22.3194,0.6250,20.7276,0.7500,,,,,0,33.4013,0.8125,56.0242,2.3750,,,,
989,0,26.2552,0.7734,34.5225,1.3594,,,,,0,27.0894,0.7031,22.5987,1.5000,,,,,0,39.6330,0.9219,53.9547,2.7500,,,,
990,0,24.8938,0.7344,51.5033,2.9062,,,,,0,29.7759,0.7166,23.7699,1.1250,,,,,0,43.6597,0.9844,64.3474,3.3125,,,,
991,0,44.9147,1.0156,38.5139,1.5625,,,,,0,28.9824,0.7461,22.7177,1.0000,,,,,0,41.3504,0.9844,60.7518,2.8125,,,,
992,0,25.7126,0.7969,33.6026,1.3750,,,,,0,30.6481,0.7266,25.6592,1.0625,,,,,0,57.3024,1.0625,46.4806,3.2500,,,,
993,0,25.5049,0.7422,39.8491,2.0625,,,,,0,22.1384,0.6172,24.0833,1.0000,,,,,0,48.1927,0.9878,47.4152,2.7500,,,,
994,0,27.2115,0.6797,33.2894,1.3750,,,,,0,26.0385,0.6836,22.4079,1.1875,,,,,0,56.9947,1.1406,43.8467,3.0000,,,,
995,0,27.5808,0.8281,44.4196,2.3750,,,,,0,23.1495,0.6562,22.4701,0.9099,,,,,0,46.2332,0.9922,51.9951,2.3750,,,,
996,0,40.3685,0.8906,37.9437,1.5625,,,,,0,21.9058,0.6367,22.4491,0.8125,,,,,0,46.1552,1.0117,44.8515,2.1250,,,,
997,0,39.9379,0.8906,40.3959,1.6875,,,,,0,31.6330,0.7109,23.9701,0.9531,,,,,0,59.8775,1.0781,41.4622,2.1250,,,,
998,0,26.4780,0.7812,36.1956,1.6250,,,,,0,34.1711,0.6875,21.6865,1.0625,,,,,0,57.7118,1.1025,41.9096,2.0000,,,,
999,0,30.1035,0.6748,32.1758,2.0000,,,,,0,21.9263,0.5703,25.0279,1.0000,,,,,0,42.4301,1.1172,43.3164,2.1250,,,,
1000,0,36.1999,0.7969,37.2615,1.5938,,,,,0,30.0449,0.6524,24.6006,1.0625,,,,,0,64.6922,1.1914,43.3713,2.2500,,,,
1001,0,33.1571,0.7344,29.3257,1.1250,,,,,0,21.9955,0.6250,25.0196,0.9375,,,,,0,57.4542,1.0859,47.7359,2.1953,,,,
1002,0,45.2354,1.0565,26.2960,1.3125,,,,,0,22.7861,0.6484,20.0609,0.8750,,,,,0,49.1343,1.0625,36.7241,1.5469,,,,
1003,0,35.3958,0.8613,30.2774,1.2500,,,,,0,19.6747,0.5381,23.1047,1.0000,,,,,0,64.1485,1.1641,40.5885,1.9375,,,,
1004,0,29.9190,0.6562,31.7711,1.1250,,,,,0,21.4661,0.5938,21.0330,1.0000,,,,,0,55.8822,1.1250,39.7537,1.7500,,,,
1005,0,74.1034,1.0820,34.9475,1.3906,,,,,0,22.6601,0.6182,21.5374,1.1250,,,,,0,62.6720,1.1406,35.3591,1.6875,,,,
1006,0,22.7673,0.7188,31.6390,1.4375,,,,,0,19.0111,0.5508,26.0060,1.2500,,,,,0,75.5671,1.1768,34.2135,1.5781,,,,
1007,0,22.4576,0.6797,30.7404,1.4062,,,,,0,20.7393,0.6055,24.2836,1.3438,,,,,0,43.4153,0.9961,36.4130,1.3125,,,,
1008,0,36.8414,0.9531,30.1284,1.5000,,,,,0,19.8949,0.5820,23.4609,1.2500,,,,,0,41.5689,0.9531,31.1835,1.3125,,,,
1009,0,23.8363,0.7500,27.5687,1.0625,,,,,0,23.4006,0.6211,21.1917,1.0000,,,,,0,74.5560,1.2080,32.2767,1.1250,,,,
1010,0,25.7775,0.7383,35.3121,1.5938,,,,,0,18.7725,0.5625,21.7373,0.8750,,,,,0,64.4258,1.1602,31.2505,1.2812,,,,
1011,0,24.9150,0.7451,28.5152,1.0000,,,,,0,18.9424,0.5635,20.3608,1.0625,,,,,0,45.3167,0.9951,29.5724,1.2812,,,,
1012,0,29.8018,0.7715,29.7467,1.3047,,,,,0,18.2856,0.5000,24.6027,1.0000,,,,,0,56.9394,0.9679,36.3163,1.7578,,,,
1013,0,23.1215,0.6484,31.1895,1.3730,,,,,0,18.2390,0.5474,24.2241,1.1250,,,,,0,46.0952,0.9336,41.0046,1.5938,,,,
1014,0,35.2371,0.8594,36.1432,1.7188,,,,,0,24.5865,0.6719,25.9063,1.0000,,,,,0,46.9893,1.0625,44.8367,1.7344,,,,
1015,0,34.6122,0.8828,28.3683,1.6875,,,,,0,27.4773,0.7188,22.3417,1.1250,,,,,0,44.2632,1.0234,44.5399,1.7031,,,,
1016,0,38.7505,0.9062,30.6840,2.0312,,,,,0,26.3016,0.6875,22.4659,0.8750,,,,,0,54.5294,1.1521,49.6896,2.9375,,,,
1017,0,23.9381,0.6641,38.5785,1.9375,,,,,0,25.8029,0.7344,23.4525,1.1250,,,,,0,48.4591,1.1094,52.4452,2.9375,,,,
1018,0,42.9565,0.9648,33.2873,1.4644,,,,,0,26.8939,0.7188,25.0188,1.2500,,,,,0,39.8143,1.0312,44.7574,1.9375,,,,
1019,0,23.5162,0.7344,32.5081,1.5312,,,,,0,23.6869,0.6719,25.6644,1.2500,,,,,0,37.0771,0.9688,54.8081,3.0000,,,,
1020,0,30.3348,0.8281,33.9829,1.6250,,,,,0,24.7808,0.6406,25.6952,1.2500,,,,,0,32.4532,0.9375,55.0220,2.3125,,,,
1021,0,23.3120,0.7344,36.1268,1.8750,,,,,0,22.3756,0.6406,23.1570,1.0000,,,,,0,34.2159,1.0312,45.8165,2.2500,,,,
1022,0,26.3793,0.7109,33.1031,1.5000,,,,,0,22.5852,0.6484,21.5058,1.0000,,,,,0,32.6199,0.8828,48.1000,2.3125,,,,
1023,0,25.0227,0.6602,40.0019,1.8125,,,,,0,26.4963,0.7344,23.1229,0.9844,,,,,0,35.1416,0.9688,46.7067,2.1875,,,,
1024,0,47.5424,0.9258,38.9976,1.8750,,,,,0,26.1306,0.6953,23.5543,1.2500,,,,,0,35.4481,0.8750,46.7215,2.3750,,,,
1025,0,22.7522,0.6738,36.4247,1.5312,,,,,0,19.8682,0.5859,21.7574,1.0000,,,,,0,34.6499,0.9080,50.3872,2.2812,,,,
1026,0,26.3066,0.8047,33.2022,1.5000,,,,,0,27.9599,0.7031,21.5311,0.7656,,,,,0,31.9515,0.8594,48.9632,2.2500,,,,
1027,0,25.7596,0.7344,32.9675,1.5000,,,,,0,37.2716,0.7891,19.0192,0.8750,,,,,0,57.0581,1.0469,48.7795,3.0000,,,,
1028,0,36.5677,0.8438,36.3297,1.7500,,,,,0,31.3984,0.7812,25.4920,1.0000,,,,,0,49.6369,1.1094,56.9876,3.4375,,,,
1029,0,37.1592,0.8516,32.2018,1.3125,,,,,0,28.3745,0.7461,23.8578,1.0000,,,,,0,49.5734,1.0547,51.4792,3.1250,,,,
1030,0,45.9824,1.0625,35.1224,1.3125,,,,,0,33.4388,0.7656,23.2235,1.0625,,,,,0,63.4984,1.1172,53.3022,2.8750,,,,
1031,0,23.4851,0.6797,32.3358,1.2832,,,,,0,24.0523,0.6328,24.4908,1.0000,,,,,0,60.5493,1.1172,47.5695,2.9375,,,,
1032,0,29.8076,0.8047,35.4373,1.3438,,,,,0,33.1927,0.8047,23.0593,1.2500,,,,,0,50.5248,1.1250,45.9981,2.4375,,,,
1033,0,24.6878,0.7188,37.2560,2.1250,,,,,0,27.5065,0.7227,21.8695,0.8125,,,,,0,50.2680,1.0938,42.0667,2.4375,,,,
1034,0,34.2995,0.8359,35.6295,1.5000,,,,,0,29.8554,0.7266,23.1136,0.8750,,,,,0,64.6880,1.2109,43.9955,2.5000,,,,
1035,0,25.0475,0.7500,33.5648,1.4531,,,,,0,25.6083,0.6484,22.5200,1.0000,,,,,0,66.3750,1.1328,43.3458,2.2500,,,,
1036,0,25.2823,0.7891,39.4837,1.6875,,,,,0,24.6294,0.6289,22.4082,0.9375,,,,,0,50.4824,1.0684,48.6676,2.0000,,,,
1037,0,23.5578,0.5781,33.5346,1.2891,,,,,0,23.8900,0.5439,24.1829,1.0000,,,,,0,36.9756,0.9219,43.3555,2.2500,,,,
1038,0,32.3403,0.8125,26.4326,1.5000,,,,,0,29.3584,0.6953,23.2613,0.9375,,,,,0,57.1126,1.1431,45.1889,2.0625,,,,
1039,0,23.9203,0.7656,29.5576,1.3594,,,,,0,22.2955,0.6484,19.4063,0.8750,,,,,0,66.9269,1.1719,37.9316,1.7500,,,,
1040,0,32.0457,0.6445,28.9633,1.2969,,,,,0,19.1753,0.5771,18.3681,0.7188,,,,,0,51.6421,1.0547,35.7921,2.2500,,,,
1041,0,25.8672,0.7471,28.4704,1.6875,,,,,0,20.9130,0.5947,21.5647,0.8750,,,,,0,67.1941,1.2266,42.1035,1.6250,,,,
1042,0,23.6066,0.6719,31.5625,1.3750,,,,,0,20.1447,0.5664,24.7460,1.3750,,,,,0,52.8294,1.0312,40.6782,1.8750,,,,
1043,0,21.1155,0.6406,33.1763,1.5000,,,,,0,18.3629,0.5469,21.3344,1.2500,,,,,0,66.7762,1.1221,35.1626,2.0625,,,,
1044,0,24.6395,0.6797,26.5688,1.1875,,,,,0,20.5257,0.5723,22.8206,1.0000,,,,,0,60.4115,1.1501,33.7607,1.3125,,,,
1045,0,23.7361,0.7500,32.7563,1.5000,,,,,0,19.9568,0.5615,20.6495,0.9375,,,,,0,46.2660,0.9922,30.6243,1.2500,,,,
1046,0,22.4142,0.6270,30.2351,1.5000,,,,,0,23.5823,0.6609,22.6492,1.3125,,,,,0,74.1338,1.2429,32.9630,1.1562,,,,
1047,0,29.8868,0.8008,25.3365,1.0000,,,,,0,19.6509,0.5576,22.8894,1.1250,,,,,0,66.9804,1.1875,30.9112,1.3438,,,,
1048,0,29.5749,0.7656,33.5632,1.2500,,,,,0,19.6126,0.5894,23.4772,1.3125,,,,,0,54.2197,1.1484,31.5784,1.1250,,,,
1049,0,24.4967,0.7461,27.3505,1.2188,,,,,0,20.3663,0.6045,25.0197,1.1562,,,,,0,45.4233,0.9656,30.6669,1.1250,,,,
1050,0,22.0206,0.6016,28.5482,1.1406,,,,,0,20.5899,0.6328,25.8614,1.1250,,,,,0,43.8274,0.9238,34.2066,1.6250,,,,
1051,0,38.2124,0.8418,37.1149,1.2812,,,,,0,19.3236,0.6514,24.6037,1.1250,,,,,0,45.7103,0.9727,44.8518,1.6582,,,,
1052,0,51.0063,1.1406,35.0670,1.7500,,,,,0,23.5931,0.6562,22.1207,0.9531,,,,,0,50.1533,0.9922,41.2407,1.7188,,,,
1053,0,51.4716,1.0469,33.7197,1.3281,,,,,0,27.4830,0.6953,22.4889,1.1250,,,,,0,53.8204,1.1040,56.9237,3.0625,,,,
1054,0,24.5709,0.7109,27.5037,1.6250,,,,,0,31.0438,0.7812,21.9382,0.9219,,,,,0,59.5991,1.1504,57.8664,3.0312,,,,
1055,0,24.2686,0.6719,27.7318,1.1875,,,,,0,31.6843,0.7500,24.1426,1.0000,,,,,0,48.2146,1.0781,51.5195,2.0156,,,,
1056,0,31.9699,0.8047,36.6410,1.9375,,,,,0,28.5713,0.7031,27.0067,1.0781,,,,,0,42.9560,1.0312,43.0818,1.8125,,,,
1057,0,22.2485,0.6328,31.5107,1.8750,,,,,0,26.2188,0.6641,23.0960,0.8906,,,,,0,39.1121,1.0000,43.2119,2.1250,,,,
1058,0,31.9870,0.8711,38.9242,1.6250,,,,,0,25.1592,0.6250,23.9659,0.9375,,,,,0,37.1096,1.0000,48.2583,2.0625,,,,
1059,0,38.7075,0.8555,38.0323,1.6250,,,,,0,24.3092,0.6406,22.7034,0.8750,,,,,0,40.0212,1.0156,47.8619,2.1875,,,,
1060,0,44.6772,0.8340,31.3088,1.7832,,,,,0,23.1852,0.6953,22.7596,1.0000,,,,,0,32.4761,0.8672,46.7509,2.1250,,,,
1061,0,25.2209,0.7578,37.2776,1.5449,,,,,0,20.3339,0.6406,23.6581,1.1250,,,,,0,32.4781,0.8750,46.8092,2.1875,,,,
1062,0,25.9245,0.7559,39.8366,1.9688,,,,,0,19.2106,0.5781,26.7912,1.5000,,,,,0,39.3447,0.7812,49.6518,2.3750,,,,
1063,0,21.9192,0.6953,35.3978,2.7500,,,,,0,24.4841,0.7031,21.0774,1.0000,,,,,0,34.2909,0.8047,56.3308,2.2988,,,,
1064,0,26.3708,0.8125,35.0896,1.6875,,,,,0,28.2833,0.7031,22.0909,1.3750,,,,,0,43.3367,0.9375,54.2468,2.6875,,,,
1065,0,24.6114,0.7188,42.6238,1.8750,,,,,0,27.9122,0.7188,23.5928,0.8750,,,,,0,39.3193,1.0469,63.1823,3.0625,,,,
1066,0,30.2946,0.7578,38.5762,1.8750,,,,,0,26.5676,0.7031,22.7081,0.8750,,,,,0,37.3404,0.9531,60.7733,2.8125,,,,
1067,0,24.2702,0.6797,35.6101,1.6250,,,,,0,24.6432,0.6797,21.9869,0.8750,,,,,0,57.6503,1.0547,49.8339,3.3125,,,,
1068,0,33.6591,0.9531,36.3724,1.6875,,,,,0,28.8105,0.7188,22.8274,1.0625,,,,,0,50.1144,1.0254,45.2799,3.1875,,,,
1069,0,45.6679,0.9062,32.6244,1.6250,,,,,0,24.9478,0.6836,22.3066,1.0625,,,,,0,53.5334,1.1328,44.3196,2.6250,,,,
1070,0,53.5581,1.0273,38.0043,1.6875,,,,,0,21.7966,0.6719,23.2223,0.9922,,,,,0,44.3468,1.0156,53.4059,2.3750,,,,
1071,0,25.9827,0.6719,42.3151,1.9375,,,,,0,23.0363,0.6484,21.8251,0.8750,,,,,0,51.9399,1.0938,47.7438,2.3750,,,,
1072,0,54.4725,1.1094,35.5175,1.7500,,,,,0,29.5737,0.6992,23.5930,0.8438,,,,,0,60.7601,1.0898,41.3765,2.1250,,,,
1073,0,38.9241,0.8438,37.9771,2.0000,,,,,0,32.1418,0.6953,21.5585,1.0000,,,,,0,57.5647,1.0986,41.4466,2.1250,,,,
1074,0,26.2448,0.7578,36.2842,1.7656,,,,,0,22.4393,0.5732,24.3317,1.0000,,,,,0,43.0756,1.0986,44.9103,2.2500,,,,
1075,0,30.5948,0.7969,35.7111,1.4688,,,,,0,32.2832,0.6914,23.6005,1.0000,,,,,0,69.1711,1.2773,45.3324,2.3750,,,,
1076,0,53.4878,1.0312,32.2943,1.5000,,,,,0,23.2301,0.6270,23.9928,0.8906,,,,,0,66.7437,1.1953,51.4025,2.0781,,,,
1077,0,29.9021,0.7969,27.6790,1.1211,,,,,0,20.6575,0.6211,18.5339,0.8750,,,,,0,50.8036,1.0703,37.7929,1.5781,,,,
1078,0,22.8780,0.6094,33.9643,1.3125,,,,,0,20.3383,0.5752,21.5345,0.8750,,,,,0,66.2821,1.1953,39.6129,1.9375,,,,
1079,0,59.5915,1.1452,34.4734,1.3359,,,,,0,19.1792,0.5476,21.9262,1.1250,,,,,0,46.5666,1.0156,38.3398,1.6250,,,,
1080,0,23.8370,0.7031,34.2630,1.5000,,,,,0,18.7782,0.5533,23.7990,1.2500,,,,,0,59.1650,1.0781,36.1855,1.7500,,,,
1081,0,57.5700,1.1641,32.3707,1.1875,,,,,0,19.0277,0.5381,22.5258,1.0625,,,,,0,71.7250,1.1660,35.5000,1.7500,,,,
1082,0,27.6081,0.8750,30.7743,1.4453,,,,,0,20.7205,0.5781,24.9260,1.1562,,,,,0,49.1533,1.0625,39.2261,1.3750,,,,
1083,0,41.5666,0.9375,25.4008,1.0625,,,,,0,20.7262,0.6074,23.0391,1.2500,,,,,0,55.4994,1.0859,30.2500,1.2344,,,,
1084,0,40.7325,0.9414,28.0164,1.7500,,,,,0,19.3032,0.5469,20.6621,0.9375,,,,,0,71.4927,1.1914,32.6388,1.1875,,,,
1085,0,64.6364,1.1289,29.6961,1.2500,,,,,0,19.3410,0.6436,22.0152,0.8750,,,,,0,69.4888,1.2148,31.4130,1.2500,,,,
1086,0,28.9843,0.8867,36.3080,1.6250,,,,,0,19.7967,0.5859,20.3533,1.0625,,,,,0,45.3379,1.0137,27.9205,1.0625,,,,
1087,0,33.6720,0.7969,29.3971,1.4746,,,,,0,17.8543,0.5156,25.1562,1.0000,,,,,0,64.9267,1.0535,36.8895,1.5938,,,,
1088,0,21.5682,0.6260,29.3435,1.1250,,,,,0,18.1878,0.5488,23.6259,1.1250,,,,,0,44.2754,0.9326,41.3697,2.1250,,,,
1089,0,65.1433,1.0938,27.5988,1.0742,,,,,0,20.5856,0.6562,23.3502,1.0625,,,,,0,42.5352,1.0156,48.5336,2.5312,,,,
1090,0,32.1661,1.0000,31.2857,1.7500,,,,,0,23.3847,0.6875,24.1469,1.3750,,,,,0,39.6193,0.9648,55.0914,2.6562,,,,
1091,0,25.7788,0.8867,34.7026,1.3750,,,,,0,29.2151,0.7031,20.8593,0.8906,,,,,0,55.0674,1.1127,65.2559,3.7480,,,,
1092,0,37.2947,0.9922,41.4806,1.8750,,,,,0,27.6461,0.7500,24.1089,0.8438,,,,,0,46.9122,1.0781,86.0227,5.0625,,,,
1093,0,25.8161,0.7773,34.2234,1.3750,,,,,0,28.7021,0.7500,25.6724,1.1250,,,,,0,55.2595,1.1875,57.7533,3.0000,,,,
1094,0,25.5252,0.7578,33.4904,1.7500,,,,,0,25.8350,0.6797,24.6078,0.9688,,,,,0,39.7916,0.9844,46.6204,2.0000,,,,
1095,0,23.2955,0.7031,35.0610,1.5000,,,,,0,29.0779,0.7344,22.4510,0.8750,,,,,0,43.3176,1.0312,46.0690,1.7500,,,,
1096,0,32.4485,0.8203,35.9163,1.7500,,,,,0,23.7880,0.6641,22.0319,0.8438,,,,,0,39.4088,1.0000,46.2248,1.8750,,,,
1097,0,27.1100,0.7383,33.6278,1.4492,,,,,0,24.0725,0.6719,21.1814,0.7676,,,,,0,33.9969,0.9219,46.5460,2.1250,,,,
1098,0,23.5922,0.7266,31.5044,1.5625,,,,,0,27.2931,0.7188,24.6227,1.0000,,,,,0,34.2657,0.9531,48.7533,2.1250,,,,
1099,0,23.0563,0.7451,30.9985,1.3848,,,,,0,25.1542,0.7031,23.9186,0.8594,,,,,0,36.5169,0.9375,50.9361,2.0938,,,,
1100,0,42.3624,1.0625,41.6638,1.8750,,,,,0,18.9915,0.5234,24.1093,0.9062,,,,,0,36.7239,0.9839,59.1951,2.8750,,,,
1101,0,41.5283,0.9014,35.9912,1.8750,,,,,0,29.0791,0.7266,22.4101,0.8750,,,,,0,31.1605,0.8047,52.4714,2.8125,,,,
1102,0,26.3323,0.7031,35.1979,2.1250,,,,,0,26.4161,0.6797,20.5655,0.9375,,,,,0,47.1861,0.9297,52.6439,3.4375,,,,
1103,0,25.5033,0.8438,30.4921,1.9375,,,,,0,23.8477,0.6641,25.8407,1.5000,,,,,0,51.0572,1.1094,58.4150,3.9375,,,,
1104,0,23.1689,0.6719,36.3303,1.5586,,,,,0,23.7217,0.6641,24.7030,1.3750,,,,,0,51.4581,1.0469,61.4827,3.3125,,,,
1105,0,25.3044,0.7500,43.3295,2.0000,,,,,0,28.8339,0.7266,23.0705,1.3125,,,,,0,68.0056,1.1719,58.9563,3.0625,,,,
1106,0,24.5129,0.6641,36.2334,1.7500,,,,,0,24.8400,0.6562,22.1028,1.1875,,,,,0,60.0807,1.1562,53.1312,3.2500,,,,
1107,0,26.8314,0.7109,33.8293,1.2188,,,,,0,22.6586,0.6641,24.9178,1.1250,,,,,0,49.7334,1.0938,47.4352,2.8125,,,,
1108,0,42.3117,0.9453,37.1589,2.4375,,,,,0,22.4303,0.6484,22.3201,0.7754,,,,,0,50.5566,1.0938,41.6816,2.6250,,,,
1109,0,29.2418,0.8125,37.7618,1.5625,,,,,0,28.0490,0.7246,22.6915,1.0000,,,,,0,64.2810,1.2324,45.4581,2.5000,,,,
1110,0,39.0432,1.0078,36.8779,1.9375,,,,,0,21.2750,0.5938,24.5048,1.0000,,,,,0,60.0695,1.0703,44.3577,2.0000,,,,
1111,0,26.8960,0.6562,32.7570,1.6875,,,,,0,22.9940,0.5938,23.1183,0.9375,,,,,0,48.3045,1.0234,46.3383,2.1250,,,,
1112,0,41.8282,0.7676,33.7799,1.3594,,,,,0,20.6117,0.5098,30.5592,1.3750,,,,,0,41.4750,0.9863,46.9478,2.3750,,,,
1113,0,30.4231,0.8750,30.6806,1.3750,,,,,0,28.1133,0.6758,23.8378,1.0000,,,,,0,59.3443,1.1562,45.6411,2.3125,,,,
1114,0,43.4835,0.9922,30.9642,1.3750,,,,,0,21.2055,0.6172,19.2172,0.7500,,,,,0,63.8059,1.1406,40.1902,1.7812,,,,
1115,0,85.9827,1.3472,30.2792,1.3438,,,,,0,19.5680,0.5496,18.7741,0.8750,,,,,0,58.8902,1.1562,36.4519,2.2500,,,,
1116,0,22.3676,0.6758,29.6985,1.2188,,,,,0,19.5172,0.5708,21.3379,1.1250,,,,,0,67.9815,1.2344,42.5029,1.5000,,,,
1117,0,24.4798,0.7031,33.3281,1.3750,,,,,0,19.6509,0.5615,22.0950,1.2500,,,,,0,49.3267,0.9883,40.7534,2.0000,,,,
1118,0,29.4656,0.7578,30.2602,1.9688,,,,,0,18.6453,0.5508,20.8725,1.0625,,,,,0,64.0892,1.0723,34.8908,2.0625,,,,
1119,0,23.3135,0.7080,31.1852,1.2891,,,,,0,26.1826,0.7070,23.3877,1.0000,,,,,0,70.6936,1.2393,34.1265,1.3125,,,,
1120,0,23.0800,0.6953,26.4655,1.2188,,,,,0,20.2233,0.5957,20.7389,0.8750,,,,,0,49.3587,1.0312,30.8690,1.2500,,,,
1121,0,27.2019,0.6953,28.1831,1.0547,,,,,0,21.2355,0.6177,22.1339,1.1875,,,,,0,73.9907,1.2344,32.7794,1.0938,,,,
1122,0,26.4218,0.7500,32.9194,1.5000,,,,,0,20.8369,0.5898,23.3828,1.3125,,,,,0,70.7604,1.2461,32.0929,1.2812,,,,
1123,0,26.9480,0.8984,33.1459,1.3750,,,,,0,19.5141,0.5820,24.9212,1.3125,,,,,0,52.9665,1.1094,32.2371,1.2500,,,,
1124,0,22.5990,0.7031,30.1318,1.0469,,,,,0,19.2777,0.5428,25.9778,1.2500,,,,,0,50.6568,1.0259,31.0463,1.1250,,,,
1125,0,20.3756,0.5829,30.2119,1.2500,,,,,0,19.9711,0.6172,25.3036,1.0625,,,,,0,45.2562,0.9316,37.1056,1.8125,,,,
1126,0,39.2118,0.8428,30.5135,1.2500,,,,,0,19.4946,0.6758,24.4144,1.1250,,,,,0,43.1957,0.9336,45.4389,1.6094,,,,
1127,0,29.5216,0.8750,34.9735,1.4375,,,,,0,20.8068,0.6953,22.8342,0.8537,,,,,0,41.9772,0.9219,49.6004,2.9814,,,,
1128,0,48.2111,1.0547,41.7572,2.2344,,,,,0,24.2448,0.6250,25.7818,2.1250,,,,,0,49.2505,1.0591,53.3149,3.3750,,,,
1129,0,31.5648,0.9141,33.0668,1.6875,,,,,0,27.8064,0.7031,22.3145,1.1250,,,,,0,66.7523,1.1875,68.6151,4.0000,,,,
1130,0,23.4975,0.6875,34.9823,1.8750,,,,,0,23.1584,0.6719,24.4419,0.9375,,,,,0,44.5834,1.0625,49.9425,2.0938,,,,
1131,0,33.4326,0.8594,35.5812,1.4709,,,,,0,26.1233,0.6875,25.1281,1.2500,,,,,0,36.1569,0.9688,43.7083,1.8125,,,,
1132,0,34.4584,0.8516,35.1511,1.3984,,,,,0,26.4257,0.6875,24.2903,1.0469,,,,,0,36.3630,0.9531,45.4866,2.0000,,,,
1133,0,28.9553,0.6953,55.9503,2.6250,,,,,0,69.6315,1.1836,45.3040,1.5625,,,,,0,36.7367,0.9844,44.8549,1.8750,,,,
1134,0,25.4063,0.7734,41.1839,1.7969,,,,,0,23.0341,0.6406,29.0229,1.5020,,,,,0,31.7902,0.8750,49.3954,2.2500,,,,
1135,0,23.8789,0.6875,35.7449,2.0000,,,,,0,21.0330,0.6250,30.2744,1.1875,,,,,0,32.5302,0.8906,48.9294,2.0938,,,,
1136,0,22.9388,0.6377,36.3004,2.1250,,,,,0,26.9676,0.7656,26.9089,1.1250,,,,,0,32.6797,0.9219,49.1565,2.1250,,,,
1137,0,23.3228,0.6870,41.4310,1.9883,,,,,0,22.6513,0.6719,27.8087,1.3125,,,,,0,34.8205,0.8750,49.9903,2.2500,,,,
1138,0,22.5698,0.6406,35.8827,1.7500,,,,,0,21.4658,0.6250,22.8051,1.0000,,,,,0,34.7779,0.8281,56.1724,2.3125,,,,
1139,0,35.4932,0.8125,31.7018,1.1250,,,,,0,30.0901,0.7188,23.1612,1.2500,,,,,0,41.9113,0.9219,54.6649,2.7500,,,,
1140,0,31.8680,0.8750,37.7079,2.0000,,,,,0,25.1602,0.6719,23.1301,1.0000,,,,,0,40.9510,1.0469,64.8925,3.2500,,,,
1141,0,22.3006,0.6328,39.5816,2.3125,,,,,0,27.8689,0.7422,23.7839,1.0000,,,,,0,40.3471,1.0156,63.1484,2.8125,,,,
1142,0,35.2331,0.8906,36.3931,1.3750,,,,,0,26.0840,0.6797,24.1115,1.0000,,,,,0,53.9646,1.0469,49.6559,3.5625,,,,
1143,0,31.3315,0.8516,32.5455,1.6875,,,,,0,25.0429,0.6562,23.0610,1.2500,,,,,0,45.1004,0.9744,48.6004,3.5000,,,,
1144,0,31.1910,0.8594,42.2806,1.7500,,,,,0,31.0727,0.7422,25.7408,1.3750,,,,,0,68.0813,1.2500,53.5577,3.1875,,,,
1145,0,28.5597,0.7422,40.6360,1.8750,,,,,0,23.2809,0.6680,24.4252,1.0000,,,,,0,42.2509,0.9297,59.6162,3.0625,,,,
1146,0,22.5369,0.6875,39.7214,1.7500,,,,,0,25.9575,0.6875,22.2532,1.0000,,,,,0,57.2771,1.1484,52.5887,2.6250,,,,
1147,0,29.7717,0.7024,40.2108,1.8125,,,,,0,29.8918,0.7266,23.3594,0.8750,,,,,0,63.0242,1.1406,42.8863,2.0625,,,,
1148,0,24.7860,0.7578,36.9697,1.6680,,,,,0,29.0553,0.6797,21.7684,0.8750,,,,,0,53.0072,1.0547,42.5709,2.3750,,,,
1149,0,51.2957,0.9541,33.1750,1.3750,,,,,0,20.1727,0.5933,24.5430,1.0000,,,,,0,39.6772,1.0508,44.2265,2.0000,,,,
1150,0,25.7249,0.6660,41.3758,1.6680,,,,,0,26.3995,0.6470,26.8140,0.9062,,,,,0,60.1311,1.1875,49.7417,2.2500,,,,
1151,0,47.0830,0.9844,31.2189,1.4141,,,,,0,23.9618,0.6562,22.4650,0.8125,,,,,0,64.3911,1.1836,51.9724,2.0234,,,,
1152,0,28.5178,0.7383,28.6644,1.2500,,,,,0,20.3557,0.5938,18.7330,0.8125,,,,,0,56.0344,1.1016,37.0943,1.7812,,,,
1153,0,56.3157,1.0703,37.8588,1.6875,,,,,0,20.1930,0.5508,21.3288,0.8750,,,,,0,64.8550,1.1797,38.5626,1.6250,,,,
1154,0,36.5550,0.9141,33.2518,1.1367,,,,,0,19.1463,0.5599,21.8466,1.2500,,,,,0,48.1052,1.0312,38.8961,1.7500,,,,
1155,0,30.2794,0.6406,33.2525,1.7500,,,,,0,19.1630,0.5452,23.7516,1.3750,,,,,0,56.7228,1.0625,34.8871,1.5625,,,,
1156,0,24.0366,0.8047,27.5730,1.0938,,,,,0,19.3123,0.5547,23.1092,1.1875,,,,,0,82.0606,1.2383,35.1280,1.7031,,,,
1157,0,46.6665,1.0938,32.5456,1.2188,,,,,0,21.3241,0.6221,23.9716,1.1875,,,,,0,42.4107,0.9902,37.4752,1.3438,,,,
1158,0,22.8647,0.6250,28.6342,1.3438,,,,,0,19.9263,0.5649,24.3487,1.2500,,,,,0,51.5913,1.0625,30.9141,1.3125,,,,
1159,0,41.3324,1.0371,27.5312,1.5000,,,,,0,19.5370,0.5693,21.2835,1.0625,,,,,0,75.8654,1.1953,32.4243,1.1094,,,,
1160,0,45.5613,0.9727,28.4398,1.1250,,,,,0,18.8484,0.5781,22.2412,0.8750,,,,,0,74.3885,1.2695,31.2025,1.2500,,,,
1161,0,24.4583,0.8164,29.0237,1.3125,,,,,0,19.2788,0.5654,22.1195,1.0625,,,,,0,47.7803,1.0469,29.0632,1.1875,,,,
1162,0,34.9242,0.7981,33.4014,1.4375,,,,,0,18.6240,0.5391,26.2988,1.0625,,,,,0,58.5124,0.9756,38.1422,1.6562,,,,
1163,0,42.2293,0.8906,33.8804,1.4375,,,,,0,18.0710,0.5630,26.9175,1.4375,,,,,0,43.7670,0.9404,43.1553,2.4062,,,,
1164,0,24.8789,0.8438,25.9724,1.0000,,,,,0,23.1928,0.6562,24.3739,1.5312,,,,,0,51.7888,1.1094,49.3197,3.2656,,,,
1165,0,24.4904,0.7266,29.6179,1.6875,,,,,0,27.3343,0.7344,25.5690,2.0000,,,,,0,43.6694,1.0332,46.0515,2.2812,,,,
1166,0,25.5110,0.6172,35.4982,1.8750,,,,,0,28.2593,0.7344,23.8603,1.2500,,,,,0,49.4724,1.1000,58.5125,3.2500,,,,
1167,0,23.0781,0.7188,34.7251,2.0000,,,,,0,26.3867,0.7812,24.4992,1.5000,,,,,0,39.9789,1.0469,61.7039,3.3750,,,,
1168,0,33.8609,0.8281,28.7798,1.5625,,,,,0,29.4395,0.7500,25.3524,1.1250,,,,,0,64.7594,1.2812,50.7624,2.3750,,,,
1169,0,43.7315,0.8789,34.6283,1.4688,,,,,0,22.6862,0.6406,26.5029,1.0000,,,,,0,41.7342,1.0469,48.3725,2.1250,,,,
1170,0,42.7286,0.9844,35.9183,1.7500,,,,,0,31.5405,0.7500,22.9291,1.0156,,,,,0,57.7736,1.1016,54.2976,2.0938,,,,
1171,0,22.1835,0.6680,34.8517,1.8750,,,,,0,27.2151,0.7031,24.1196,0.9844,,,,,0,42.1037,1.0312,47.4727,1.8672,,,,
1172,0,37.8970,0.8359,31.7992,1.5000,,,,,0,23.6718,0.6641,23.1228,0.9219,,,,,0,31.7918,0.8359,49.9028,2.1562,,,,
1173,0,25.0899,0.7461,39.2519,1.6250,,,,,0,23.3330,0.6641,23.8975,1.0469,,,,,0,34.2838,0.9297,49.1529,2.1875,,,,
1174,0,26.7648,0.7803,40.8085,2.0000,,,,,0,23.6976,0.6797,24.8599,1.3750,,,,,0,35.8540,0.9375,46.3562,2.2500,,,,
1175,0,22.9174,0.6719,40.4171,1.8125,,,,,0,20.7984,0.5840,22.8737,1.1250,,,,,0,36.2883,0.9678,49.2438,2.1875,,,,
1176,0,28.6258,0.6211,31.5342,1.5000,,,,,0,26.4620,0.7109,20.9050,0.7188,,,,,0,38.1618,0.9766,46.2410,2.2500,,,,
1177,0,27.9637,0.7656,34.1271,1.3281,,,,,0,27.6504,0.7031,21.0540,0.8125,,,,,0,53.6755,1.0469,48.4008,3.2500,,,,
1178,0,27.8069,0.7969,35.2289,1.3750,,,,,0,32.5279,0.8125,26.5224,1.5000,,,,,0,51.6208,1.1250,55.8362,3.6875,,,,
1179,0,23.1471,0.6641,34.9246,1.3750,,,,,0,28.1551,0.7109,23.5212,1.1250,,,,,0,53.9835,1.0781,60.7842,3.4375,,,,
1180,0,24.0330,0.7500,43.2533,2.0938,,,,,0,23.8396,0.6875,26.4959,1.4375,,,,,0,64.5890,1.1484,61.6218,3.3125,,,,
1181,0,34.9320,0.8359,42.5143,2.0312,,,,,0,22.9653,0.6406,24.0898,1.1875,,,,,0,54.6975,1.1016,52.5687,3.0625,,,,
1182,0,39.6658,0.9141,40.6640,1.5156,,,,,0,26.2973,0.7266,24.7745,1.0000,,,,,0,53.9572,1.1406,48.0267,2.8125,,,,
1183,0,23.9673,0.7344,38.0072,1.4180,,,,,0,22.6128,0.6641,24.4166,1.0000,,,,,0,59.0434,1.1328,47.9034,2.6875,,,,
1184,0,24.3035,0.6641,38.2116,1.9375,,,,,0,25.5098,0.6855,23.0723,0.9375,,,,,0,66.6338,1.2559,46.2626,2.5000,,,,
1185,0,25.0967,0.7578,35.8257,2.1250,,,,,0,27.1121,0.6484,23.6410,0.9375,,,,,0,63.9764,1.1211,44.9761,2.1250,,,,
1186,0,23.1833,0.7188,39.8203,1.8125,,,,,0,25.1842,0.6172,24.5506,1.0000,,,,,0,48.5140,1.0469,49.6888,2.0000,,,,
1187,0,24.4653,0.6221,38.9162,1.5234,,,,,0,21.6633,0.5518,25.4856,1.0000,,,,,0,36.5939,0.9141,42.3369,2.1250,,,,
1188,0,27.1736,0.7969,31.3651,1.5000,,,,,0,34.9706,0.7422,23.9988,0.9688,,,,,0,62.8667,1.1670,48.5658,2.5000,,,,
1189,0,51.2837,0.9609,32.7081,1.4375,,,,,0,21.6297,0.6328,19.5238,1.0000,,,,,0,66.2245,1.1484,44.0124,2.0000,,,,
1190,0,24.3534,0.7773,30.4964,1.3906,,,,,0,20.4779,0.5957,19.1655,0.9062,,,,,0,59.4342,1.1602,35.7746,1.7500,,,,
1191,0,28.8838,0.8691,31.3103,1.2969,,,,,0,24.2495,0.6465,20.9772,1.0000,,,,,0,75.9763,1.3125,40.1931,1.5469,,,,
1192,0,34.7627,0.8984,41.9521,1.9023,,,,,0,19.6108,0.5605,27.3027,1.2500,,,,,0,58.0783,1.1016,47.7487,2.4062,,,,
1193,0,24.9795,0.7852,35.7554,1.7500,,,,,0,19.4553,0.5298,26.1214,1.5000,,,,,0,71.6396,1.1875,42.5225,2.6875,,,,
1194,0,23.0092,0.6953,35.6788,1.7188,,,,,0,24.1555,0.6680,22.4749,0.9844,,,,,0,69.5758,1.2383,39.8481,1.5625,,,,
1195,0,36.2616,0.8516,41.6272,1.5039,,,,,0,20.2589,0.5859,21.8364,1.0938,,,,,0,56.6406,1.1250,36.6610,1.6250,,,,
1196,0,36.3959,0.8833,31.8293,1.1641,,,,,0,21.4691,0.5977,20.8669,1.0000,,,,,0,72.2318,1.2031,36.6213,1.4375,,,,
1197,0,70.9372,1.2070,31.5387,1.5625,,,,,0,19.3255,0.5996,22.4531,1.2500,,,,,0,68.8886,1.2188,34.6598,1.5625,,,,
1198,0,34.9278,0.8291,32.3874,1.2695,,,,,0,19.5131,0.5828,20.5004,1.0000,,,,,0,52.9685,1.1094,31.1137,1.4688,,,,
1199,0,22.8415,0.7393,33.5155,1.9375,,,,,0,19.3052,0.5596,21.1130,0.8750,,,,,0,56.6967,1.0859,32.3195,1.5000,,,,
1200,0,20.3423,0.5977,36.2924,2.0625,,,,,0,20.9719,0.6562,25.0322,1.3750,,,,,0,50.8241,0.9824,32.9417,1.3125,,,,
1201,0,22.0098,0.6055,28.3052,1.4375,,,,,0,21.8896,0.7129,22.0454,0.8750,,,,,0,48.2166,0.9922,44.2117,1.6250,,,,
1202,0,25.3181,0.8281,35.7125,2.0000,,,,,0,21.0505,0.6797,23.4503,0.8828,,,,,0,43.9348,0.9688,50.3536,2.4688,,,,
1203,0,26.4503,0.8047,32.4729,1.5000,,,,,0,27.2565,0.7344,22.3528,1.0508,,,,,0,50.0991,1.0708,48.7256,2.1250,,,,
1204,0,25.0118,0.6719,32.2769,1.6250,,,,,0,25.3653,0.6875,23.8159,1.0000,,,,,0,59.5695,1.1387,56.2263,2.5938,,,,
1205,0,22.9664,0.7578,33.8098,1.6562,,,,,0,26.2780,0.7344,25.0578,0.9766,,,,,0,53.7939,1.1562,48.3902,2.0312,,,,
1206,0,39.0373,0.8984,34.7288,2.3125,,,,,0,26.7053,0.7656,26.3483,1.0977,,,,,0,39.0538,0.9844,43.9214,1.8750,,,,
1207,0,24.9660,0.8242,36.1324,3.0000,,,,,0,24.3746,0.6484,26.3679,1.0234,,,,,0,38.0929,1.0000,47.1633,2.0000,,,,
1208,0,26.0077,0.7188,34.8490,1.5312,,,,,0,23.4572,0.6562,25.7853,1.0625,,,,,0,40.1386,1.0000,47.7007,2.0000,,,,
1209,0,39.2449,0.8438,34.1285,1.4844,,,,,0,22.0839,0.6719,24.0346,1.0781,,,,,0,35.7288,0.9688,47.5056,1.9375,,,,
1210,0,49.8327,0.8984,33.5934,1.3750,,,,,0,22.9066,0.7109,24.5760,1.0000,,,,,0,31.7619,0.9141,48.3696,2.1250,,,,
1211,0,26.6005,0.8008,37.5936,1.7188,,,,,0,24.4928,0.6875,24.3144,0.9844,,,,,0,32.8688,0.9375,47.2432,1.9375,,,,
1212,0,27.6748,0.7812,33.4578,1.5312,,,,,0,21.0360,0.6250,26.9444,1.5000,,,,,0,32.7046,0.8438,47.8366,2.1250,,,,
1213,0,25.5278,0.7227,37.3768,1.5625,,,,,0,22.1921,0.6250,21.8936,0.8750,,,,,0,32.3012,0.7969,52.7885,2.3125,,,,
1214,0,28.7488,0.8125,33.8003,1.4375,,,,,0,23.0791,0.6250,22.5927,1.2500,,,,,0,39.5377,0.9141,56.1484,2.8750,,,,
1215,0,25.0910,0.7578,39.6394,2.1562,,,,,0,23.3946,0.6680,23.6957,1.1250,,,,,0,34.5147,0.9531,65.1592,3.1875,,,,
1216,0,24.4710,0.7656,37.2540,1.8125,,,,,0,22.1687,0.6602,23.3285,0.8750,,,,,0,46.5627,1.0469,65.6311,3.1875,,,,
1217,0,26.8268,0.7734,37.6937,2.0000,,,,,0,24.3627,0.6719,23.2336,0.8750,,,,,0,60.1158,1.1250,50.0576,3.5625,,,,
1218,0,24.1240,0.7031,36.9451,1.7500,,,,,0,27.4017,0.6875,22.9113,1.0625,,,,,0,53.1973,1.0435,48.4579,3.6250,,,,
1219,0,24.4548,0.6875,38.8830,2.2500,,,,,0,30.0553,0.7344,26.3604,1.5000,,,,,0,59.8262,1.2031,53.8460,3.0000,,,,
1220,0,44.2510,0.9453,36.6818,1.5391,,,,,0,20.2862,0.6523,23.6551,0.8438,,,,,0,40.9786,0.9453,56.9061,2.6250,,,,
1221,0,23.3705,0.6719,47.5435,1.8125,,,,,0,21.8870,0.6094,23.6526,0.8125,,,,,0,59.2338,1.1562,51.9542,2.3750,,,,
1222,0,59.2766,1.0781,33.2080,1.3750,,,,,0,30.5682,0.7305,24.9369,1.1250,,,,,0,69.0608,1.1914,45.0437,2.3750,,,,
1223,0,62.1852,1.1172,48.8228,2.0000,,,,,0,24.1272,0.6172,27.0167,1.1875,,,,,0,51.4461,1.0776,48.6105,2.5625,,,,
1224,0,36.1040,0.8203,37.1546,1.6875,,,,,0,19.6972,0.5908,24.4066,0.9746,,,,,0,43.9683,1.1406,45.1374,2.2500,,,,
1225,0,23.2070,0.7109,41.4896,1.5938,,,,,0,30.4007,0.6465,27.6712,1.2500,,,,,0,61.9391,1.2188,48.3664,2.3750,,,,
1226,0,23.3495,0.6445,33.5710,1.4688,,,,,0,27.0727,0.6953,25.4420,0.9219,,,,,0,68.6130,1.2344,50.1282,1.9844,,,,
1227,0,71.3746,1.2463,34.5013,1.9062,,,,,0,20.6746,0.6250,21.2273,1.2500,,,,,0,54.7130,1.1406,41.0569,1.5781,,,,
1228,0,44.7751,0.9180,31.6282,1.4062,,,,,0,23.2129,0.6050,23.0702,1.0625,,,,,0,71.5162,1.2734,46.1595,2.0625,,,,
1229,0,49.5417,0.9657,37.5485,1.6094,,,,,0,21.6827,0.5826,22.6823,0.8750,,,,,0,56.3722,1.1094,44.6161,2.0938,,,,
1230,0,30.6386,0.7344,41.9002,1.9375,,,,,0,19.1169,0.5430,23.8164,1.1250,,,,,0,59.4097,1.0781,45.4103,2.3438,,,,
1231,0,31.8650,0.8047,33.4644,1.8438,,,,,0,22.2651,0.6055,25.4684,1.3750,,,,,0,85.5792,1.2559,37.7817,1.7812,,,,
1232,0,24.7016,0.7031,35.0058,1.4375,,,,,0,21.9089,0.6191,23.9920,1.4375,,,,,0,50.9808,1.0684,40.2372,1.7812,,,,
1233,0,26.9565,0.7891,33.2758,1.3711,,,,,0,20.0153,0.5664,21.8634,0.8125,,,,,0,44.5490,0.9531,35.2152,1.6562,,,,
1234,0,24.4854,0.6953,33.4016,1.2734,,,,,0,20.0140,0.5598,20.1227,0.7500,,,,,0,70.9083,1.1875,39.4354,1.8438,,,,
1235,0,40.6735,1.0000,38.5724,2.1250,,,,,0,19.0171,0.5918,22.5400,1.1250,,,,,0,73.0038,1.2461,38.2621,1.6562,,,,
1236,0,25.9720,0.8164,36.2264,1.2344,,,,,0,19.9091,0.5693,25.1350,1.6875,,,,,0,53.6100,1.1016,38.5190,1.6406,,,,
1237,0,21.6887,0.6377,35.0152,1.7188,,,,,0,18.4510,0.5625,23.5315,1.0000,,,,,0,61.4303,1.0166,47.2470,2.1504,,,,
1238,0,21.4309,0.6191,32.6830,1.6182,,,,,0,18.6863,0.5984,24.0329,1.1250,,,,,0,46.3508,0.9755,49.8002,2.3125,,,,
1239,0,26.5666,0.7500,30.7816,1.2188,,,,,0,26.4977,0.7031,22.2501,1.0234,,,,,0,48.3848,1.1250,53.5019,2.7344,,,,
1240,0,30.1052,0.7812,30.4186,1.4375,,,,,0,26.5187,0.7031,22.7615,1.0469,,,,,0,45.4282,1.0312,52.6644,2.8906,,,,
1241,0,31.5535,0.8125,37.1431,1.6250,,,,,0,26.8023,0.7031,23.0710,1.0000,,,,,0,48.4028,1.0889,56.3540,2.9688,,,,
1242,0,31.0525,0.8281,34.1256,2.0000,,,,,0,26.2467,0.7500,25.4622,1.0312,,,,,0,47.6519,1.0625,75.0755,3.9805,,,,
1243,0,28.6455,0.6719,33.8482,1.5000,,,,,0,26.2736,0.7188,26.6642,1.0625,,,,,0,54.1787,1.2188,54.5715,2.3750,,,,
1244,0,31.6805,0.7812,34.3870,1.3398,,,,,0,26.2319,0.6875,25.1000,0.9688,,,,,0,41.4319,1.0312,49.6505,1.8750,,,,
1245,0,22.6702,0.6641,31.4093,1.3438,,,,,0,25.2521,0.6875,24.3804,0.9688,,,,,0,36.4623,0.9531,46.2898,1.9375,,,,
1246,0,22.5525,0.6250,32.1299,1.2500,,,,,0,26.2611,0.7031,23.8240,0.9062,,,,,0,38.4437,1.0312,47.0022,2.1250,,,,
1247,0,35.9576,0.8555,34.3945,1.3359,,,,,0,20.4393,0.6094,22.6715,0.8125,,,,,0,35.5936,0.9844,49.6483,2.4375,,,,
1248,0,24.3946,0.7227,33.7354,1.5742,,,,,0,28.6478,0.7422,22.8117,0.8750,,,,,0,34.9197,0.9766,47.1086,2.2500,,,,
1249,0,23.1368,0.6163,35.0419,1.3281,,,,,0,21.5159,0.6484,23.5869,0.8750,,,,,0,34.4920,0.9141,50.3473,2.2500,,,,
1250,0,35.7667,0.8594,37.4911,1.8789,,,,,0,19.1054,0.5408,21.6998,0.7500,,,,,0,33.9571,0.8848,59.2839,2.8750,,,,
1251,0,27.5062,0.8125,32.1835,1.3438,,,,,0,25.1638,0.6875,22.5822,0.9688,,,,,0,31.5032,0.8125,50.1333,2.7500,,,,
1252,0,26.2493,0.6797,31.5422,1.5000,,,,,0,34.9615,0.7812,19.9753,0.9375,,,,,0,57.2001,1.0625,48.6859,3.2500,,,,
1253,0,24.0654,0.7109,34.8164,1.9375,,,,,0,22.6661,0.6719,27.0113,1.3750,,,,,0,48.8113,1.1562,55.4069,3.7500,,,,
1254,0,46.1506,1.0000,38.0632,1.7500,,,,,0,23.9663,0.6953,24.8327,1.1250,,,,,0,50.0074,1.0781,59.3962,3.1875,,,,
1255,0,28.1384,0.7578,54.1952,2.6250,,,,,0,22.6743,0.6562,25.6768,1.3125,,,,,0,61.9597,1.1016,60.2669,3.2500,,,,
1256,0,29.4469,0.7656,35.5549,1.8125,,,,,0,25.6375,0.6406,22.7307,1.1250,,,,,0,60.2307,1.1406,52.7207,3.1250,,,,
1257,0,34.4412,0.8828,36.0039,1.5938,,,,,0,29.0615,0.7734,22.7565,1.2500,,,,,0,53.9106,1.1406,47.3456,2.8750,,,,
1258,0,34.2983,0.8438,38.2479,1.5000,,,,,0,26.0625,0.7031,24.5938,0.8750,,,,,0,62.4339,1.1719,47.7981,2.7500,,,,
1259,0,39.9204,0.8359,32.8904,1.3750,,,,,0,26.7457,0.7227,21.7118,0.7812,,,,,0,68.2166,1.3008,46.9084,2.7500,,,,
1260,0,42.3928,0.8828,39.4842,1.8750,,,,,0,23.9866,0.6328,25.5483,1.1250,,,,,0,52.3794,1.0156,45.2904,2.3750,,,,
1261,0,23.5633,0.6641,35.4583,1.9219,,,,,0,22.9502,0.5996,23.9025,0.9062,,,,,0,43.8419,1.0156,48.6388,2.0000,,,,
1262,0,25.6677,0.6727,39.0012,1.6484,,,,,0,25.4271,0.5586,28.6268,1.1016,,,,,0,40.6291,0.9297,48.8959,2.0000,,,,
1263,0,39.6482,0.9062,32.7424,1.8125,,,,,0,24.5828,0.6328,24.9522,0.9375,,,,,0,53.3305,1.0898,46.3909,2.1875,,,,
1264,0,41.0458,0.8906,30.4317,1.1875,,,,,0,21.1767,0.6484,18.8665,1.1250,,,,,0,69.0152,1.1797,42.8636,1.9375,,,,
1265,0,21.9279,0.6641,30.7472,1.5469,,,,,0,24.1500,0.6548,21.1668,0.8125,,,,,0,53.4185,1.0864,38.0552,2.2500,,,,
1266,0,27.9326,0.6523,34.0692,1.4062,,,,,0,19.4433,0.5596,21.2067,1.0000,,,,,0,72.7152,1.2852,45.6941,2.0625,,,,
1267,0,32.2728,0.7090,31.8644,1.2852,,,,,0,18.9430,0.5859,25.2761,1.5000,,,,,0,52.0710,1.0020,41.3001,2.1250,,,,
1268,0,25.1561,0.7617,29.9135,1.2031,,,,,0,22.3216,0.5625,20.6966,1.1250,,,,,0,71.8387,1.1406,35.8251,2.0625,,,,
1269,0,22.7180,0.7031,26.5490,1.0625,,,,,0,21.3867,0.6055,23.9415,1.3125,,,,,0,76.6792,1.2900,34.6726,1.3750,,,,
1270,0,33.4031,0.9297,32.9582,1.5283,,,,,0,21.5857,0.6338,21.5196,1.0000,,,,,0,54.5731,1.0322,30.6160,1.2500,,,,
1271,0,29.1541,0.7812,26.4736,1.0312,,,,,0,20.6087,0.5781,22.8232,1.3125,,,,,0,65.6114,1.1719,32.6472,1.1250,,,,
1272,0,29.7942,0.6758,27.8305,1.1250,,,,,0,19.8221,0.6211,22.6815,1.3125,,,,,0,65.2778,1.1719,31.7679,1.2812,,,,
1273,0,65.7412,1.1172,29.9426,1.2500,,,,,0,21.8008,0.6487,21.2291,1.1250,,,,,0,47.6019,1.0781,32.5340,1.1250,,,,
1274,0,23.1442,0.6816,24.9434,1.2188,,,,,0,19.6544,0.5986,26.6028,1.1875,,,,,0,42.1246,0.9375,31.1315,1.2812,,,,
1275,0,22.0738,0.5664,30.4494,1.2031,,,,,0,17.9722,0.5703,25.9647,1.2500,,,,,0,45.3274,0.9355,37.0529,1.6250,,,,
1276,0,51.6762,1.1016,32.3817,1.3594,,,,,0,19.5157,0.6680,24.8448,1.1250,,,,,0,50.1884,1.0098,46.3395,1.8125,,,,
1277,0,24.8193,0.8828,34.6366,1.6250,,,,,0,21.7515,0.6406,21.7651,0.9453,,,,,0,46.3926,0.9844,45.5163,1.8438,,,,
1278,0,27.3456,0.7344,38.7967,2.0000,,,,,0,27.9902,0.6719,22.4857,1.0996,,,,,0,47.4325,1.0298,52.3525,2.6875,,,,
1279,0,24.6289,0.6250,31.5929,1.8750,,,,,0,24.9383,0.6875,22.9961,0.9219,,,,,0,57.7118,1.0781,56.6978,2.8281,,,,
1280,0,38.5008,0.9688,37.6504,1.6719,,,,,0,32.8464,0.7656,24.5591,1.0000,,,,,0,57.2310,1.1875,51.3264,2.0938,,,,
1281,0,25.1924,0.7188,35.3437,1.6562,,,,,0,24.7742,0.6719,25.5594,1.0000,,,,,0,44.0404,1.0625,43.5286,1.7656,,,,
1282,0,27.7894,0.7188,33.6817,1.6250,,,,,0,21.6377,0.6094,26.6602,1.1250,,,,,0,36.0548,1.0000,46.0687,2.0000,,,,
1283,0,38.0640,0.8672,55.5692,2.6250,,,,,0,25.7058,0.6875,25.7658,1.0000,,,,,0,35.7793,0.9219,56.4629,2.1250,,,,
1284,0,26.5903,0.7852,39.2561,2.0000,,,,,0,22.8804,0.6719,23.5890,1.0938,,,,,0,32.1532,0.8906,47.5376,2.2812,,,,
1285,0,26.9556,0.6641,36.0876,1.8750,,,,,0,21.1787,0.6562,23.6928,1.0000,,,,,0,32.3378,0.7969,46.5710,2.0781,,,,
1286,0,25.4980,0.6562,36.3743,2.2500,,,,,0,24.1012,0.7109,25.1501,0.8906,,,,,0,33.5040,0.9766,48.8290,2.1875,,,,
1287,0,28.5738,0.6670,36.8332,1.6797,,,,,0,19.6616,0.5781,25.6639,1.3750,,,,,0,35.5296,0.8281,48.8081,2.0938,,,,
1288,0,23.4367,0.7227,39.3343,2.3125,,,,,0,21.1709,0.6719,20.4926,0.8438,,,,,0,32.6263,0.8125,53.8315,2.2500,,,,
1289,0,27.5104,0.7578,33.4493,1.5000,,,,,0,29.2575,0.7168,22.9030,1.2500,,,,,0,43.0849,0.9531,57.0559,3.1250,,,,
1290,0,27.3062,0.8203,38.0900,2.0625,,,,,0,25.9803,0.7080,22.3553,1.1250,,,,,0,41.8419,1.0625,63.6883,3.2500,,,,
1291,0,32.5684,0.7344,38.3707,1.3750,,,,,0,23.3753,0.7148,23.9276,1.1250,,,,,0,39.8993,0.9688,61.2113,2.9375,,,,
1292,0,24.4546,0.6406,36.6957,1.5000,,,,,0,26.3435,0.7070,22.5421,0.9375,,,,,0,56.3272,1.0781,51.6878,3.4375,,,,
1293,0,39.2189,0.8438,43.9085,2.0000,,,,,0,27.6008,0.7031,22.6588,0.8750,,,,,0,54.8944,1.0703,49.5539,3.5625,,,,
1294,0,38.0922,0.8711,35.9900,1.6250,,,,,0,25.8344,0.6836,23.5733,1.2500,,,,,0,67.7679,1.2734,55.7953,3.3125,,,,
1295,0,24.9273,0.7109,44.6305,2.0000,,,,,0,28.1063,0.7461,23.7389,0.7930,,,,,0,61.9362,1.1484,58.2353,2.8125,,,,
1296,0,54.2813,0.9727,43.7179,2.1250,,,,,0,23.1958,0.6719,22.9671,0.9375,,,,,0,63.1852,1.2031,47.5023,2.6250,,,,
1297,0,71.9379,1.1985,39.7937,1.9375,,,,,0,22.8931,0.6328,26.4603,1.3125,,,,,0,62.2659,1.1328,45.7977,2.2500,,,,
1298,0,25.8001,0.7969,37.6553,1.7188,,,,,0,26.2013,0.6250,24.5230,1.0000,,,,,0,56.1744,1.0819,43.0725,2.1250,,,,
1299,0,22.6959,0.6621,34.8618,1.3125,,,,,0,22.7680,0.5859,24.1611,0.9385,,,,,0,49.0207,1.1641,55.2656,2.7500,,,,
1300,0,21.5940,0.5938,35.2114,1.2812,,,,,0,28.0452,0.6250,24.5232,0.7812,,,,,0,57.6580,1.1484,45.1339,2.1250,,,,
1301,0,26.6917,0.6953,43.7205,1.9375,,,,,0,20.2245,0.5859,24.4457,0.9688,,,,,0,58.6968,1.1562,50.3711,2.0156,,,,
1302,0,55.7845,1.1665,30.4350,1.5625,,,,,0,22.0235,0.6602,22.2690,1.2500,,,,,0,55.4143,1.1016,41.5084,1.6406,,,,
1303,0,46.8891,1.1211,36.7352,1.8125,,,,,0,19.8990,0.5850,22.4538,0.8750,,,,,0,77.6752,1.2656,40.0337,1.4062,,,,
1304,0,41.1684,0.9556,39.3501,1.5820,,,,,0,20.0783,0.5469,26.1082,1.2500,,,,,0,53.1290,1.0547,46.4856,2.0000,,,,
1305,0,46.9869,1.0059,39.7520,1.6250,,,,,0,21.1666,0.5809,27.8058,1.4375,,,,,0,64.3135,1.1016,43.6143,2.3125,,,,
1306,0,24.1924,0.6953,33.3431,1.5000,,,,,0,19.1946,0.5415,26.1282,1.4375,,,,,0,80.5699,1.2363,36.3755,1.7188,,,,
1307,0,24.5750,0.7734,37.8408,1.8125,,,,,0,20.4059,0.5889,25.3011,1.5000,,,,,0,48.3735,1.0762,40.7314,1.9062,,,,
1308,0,37.7537,0.8672,36.2941,1.6406,,,,,0,20.6287,0.5928,22.7454,1.0000,,,,,0,50.3040,1.0312,35.6840,1.5000,,,,
1309,0,37.0464,0.7656,31.1297,1.1250,,,,,0,19.7212,0.5674,20.2644,0.8125,,,,,0,69.5806,1.1753,40.5009,1.8750,,,,
1310,0,41.9087,0.8730,36.7164,1.5000,,,,,0,19.5517,0.5488,22.6360,0.8750,,,,,0,75.1544,1.2734,36.7777,1.6875,,,,
1311,0,33.7478,0.8320,31.7357,1.5000,,,,,0,22.3498,0.6064,20.0071,0.8750,,,,,0,50.5998,1.0566,28.7782,1.2500,,,,
1312,0,47.6594,1.0416,34.4322,2.0000,,,,,0,18.3618,0.5039,26.6680,1.3750,,,,,0,62.3076,1.0166,37.2889,1.6875,,,,
1313,0,29.6527,0.7500,32.1473,1.3640,,,,,0,18.6822,0.6182,24.0017,1.2500,,,,,0,40.4254,0.9340,44.3128,2.8750,,,,
1314,0,29.5581,0.9688,32.3676,1.6250,,,,,0,25.9784,0.7031,25.0699,0.9688,,,,,0,45.1317,1.0625,56.6842,2.9844,,,,
1315,0,23.2256,0.6875,39.3863,1.7812,,,,,0,24.2746,0.6719,21.6869,1.0156,,,,,0,33.4184,0.8906,49.3395,2.4688,,,,
1316,0,25.4028,0.7188,30.3709,1.3750,,,,,0,24.7087,0.6484,25.5684,1.0000,,,,,0,50.3201,1.0664,52.7051,2.4453,,,,
1317,0,36.8821,0.9062,36.2457,1.3750,,,,,0,29.9246,0.7812,26.1183,1.1250,,,,,0,42.6152,1.0312,64.2252,3.3750,,,,
1318,0,25.4074,0.7031,32.7523,1.7500,,,,,0,22.4331,0.6719,24.8961,1.0000,,,,,0,48.7927,1.1406,47.0995,2.2031,,,,
1319,0,24.1620,0.5977,29.4502,1.4375,,,,,0,23.2858,0.6641,28.0083,1.1250,,,,,0,36.6225,0.9688,48.8717,2.0938,,,,
1320,0,66.5159,1.2109,41.6719,1.8438,,,,,0,24.0477,0.6875,24.9878,1.1562,,,,,0,43.0587,1.1875,53.0378,2.0312,,,,
1321,0,53.0560,1.1719,38.2654,1.6250,,,,,0,21.9889,0.6875,23.6532,1.0469,,,,,0,36.8688,1.0000,44.4525,1.8125,,,,
1322,0,26.7626,0.7344,42.7008,1.6875,,,,,0,21.7245,0.6250,23.8800,0.9844,,,,,0,33.0407,0.8750,47.6912,2.0000,,,,
1323,0,30.2107,0.7422,31.2366,1.5000,,,,,0,22.7713,0.6641,25.3388,1.0312,,,,,0,32.7211,0.9141,47.6665,2.0625,,,,
1324,0,42.7561,0.9746,39.1883,1.9277,,,,,0,22.1115,0.6875,24.5562,1.1250,,,,,0,33.8950,0.9141,45.9853,2.2500,,,,
1325,0,35.2294,0.8906,40.7437,1.7500,,,,,0,20.7604,0.6406,22.5266,0.9375,,,,,0,36.0588,0.9443,48.7987,2.2500,,,,
1326,0,25.7369,0.6719,38.9550,2.7500,,,,,0,26.1600,0.6992,21.4138,0.8008,,,,,0,31.5376,0.8359,46.9100,1.9375,,,,
1327,0,24.7992,0.7422,37.0607,1.7500,,,,,0,32.9658,0.7637,18.9513,0.6875,,,,,0,58.9166,1.0781,48.2864,3.1875,,,,
1328,0,25.2708,0.7578,38.0726,1.6250,,,,,0,21.7319,0.6328,26.9751,1.3750,,,,,0,51.5328,1.1719,58.2475,3.5000,,,,
1329,0,60.6812,1.0703,41.4360,2.1250,,,,,0,23.4537,0.6797,23.4354,1.0000,,,,,0,41.0465,1.0156,49.9719,3.1875,,,,
1330,0,31.4781,0.8750,36.5648,1.6250,,,,,0,23.9085,0.6797,22.8759,1.2500,,,,,0,58.3216,1.0859,51.4102,2.8750,,,,
1331,0,30.6429,0.7422,34.7285,1.9219,,,,,0,22.3948,0.6328,23.0328,1.0625,,,,,0,60.9695,1.1719,48.7027,3.3750,,,,
1332,0,31.5202,0.8125,36.8580,1.8125,,,,,0,22.3018,0.6719,23.9428,1.0000,,,,,0,49.2959,1.1250,46.4993,3.0625,,,,
1333,0,43.4820,0.8281,33.2757,1.4375,,,,,0,22.0761,0.6562,22.6545,0.8896,,,,,0,48.3378,1.1016,41.6584,3.0000,,,,
1334,0,32.2774,0.8125,32.6115,1.1875,,,,,0,21.3075,0.6172,21.6182,1.0625,,,,,0,57.4695,1.1641,44.1409,2.5000,,,,
1335,0,22.7648,0.6641,40.5888,2.0000,,,,,0,22.3875,0.5938,26.2432,1.0107,,,,,0,60.1352,1.0820,50.8622,2.6250,,,,
1336,0,58.7741,1.0742,42.4729,1.5781,,,,,0,22.1560,0.5742,24.8515,1.0039,,,,,0,48.1695,1.0312,54.6492,2.8750,,,,
1337,0,37.2769,0.7617,43.1236,1.6875,,,,,0,26.1913,0.5742,28.2915,1.0625,,,,,0,42.7646,1.0234,51.5443,2.7500,,,,
1338,0,55.5324,1.1133,32.4914,1.5000,,,,,0,23.7068,0.6504,22.8043,0.8750,,,,,0,59.9809,1.1562,47.7562,2.2500,,,,
1339,0,35.9254,0.8984,31.8748,1.5000,,,,,0,20.3376,0.6250,20.4448,1.1250,,,,,0,72.9893,1.2031,42.9030,1.9375,,,,
1340,0,23.5203,0.7188,26.2939,1.0625,,,,,0,21.3165,0.6104,19.9738,1.0000,,,,,0,59.2160,1.1467,35.9863,2.2500,,,,
1341,0,22.3818,0.5977,29.1837,1.1875,,,,,0,19.5713,0.5703,21.3147,1.0625,,,,,0,74.2834,1.2773,38.4245,1.3281,,,,
1342,0,22.2401,0.6562,36.8660,1.9062,,,,,0,19.1218,0.5659,27.3861,1.1875,,,,,0,49.2131,1.0156,49.1596,2.5645,,,,
1343,0,22.9898,0.6758,37.2511,1.4531,,,,,0,19.1361,0.5391,24.4229,1.2188,,,,,0,70.0576,1.1367,42.1687,2.5938,,,,
1344,0,25.2029,0.7422,35.3319,1.3457,,,,,0,20.3080,0.5703,24.8476,1.1562,,,,,0,69.7022,1.2300,41.2210,1.6562,,,,
1345,0,24.9821,0.7109,33.1145,1.6758,,,,,0,20.2265,0.5596,22.6962,1.1875,,,,,0,56.3936,1.0625,38.0920,1.5938,,,,
1346,0,24.4738,0.7109,32.0752,1.4141,,,,,0,21.7252,0.6094,21.8174,1.1250,,,,,0,77.0937,1.2373,38.8008,1.6875,,,,
1347,0,34.8352,0.7773,25.9248,1.1250,,,,,0,20.0841,0.6133,21.5604,1.1250,,,,,0,61.9532,1.1602,35.5346,1.5000,,,,
1348,0,27.4878,0.8252,28.2393,1.3750,,,,,0,20.1273,0.6167,20.9466,1.0000,,,,,0,56.9303,1.1719,31.2915,1.3125,,,,
1349,0,45.3541,1.0154,30.2247,1.1055,,,,,0,19.6118,0.5868,24.4197,1.1875,,,,,0,51.2702,1.0391,32.1465,1.3750,,,,
1350,0,35.2397,0.9297,29.2996,1.3335,,,,,0,23.5955,0.6562,25.7537,1.4375,,,,,0,47.0768,0.9688,34.5117,1.5000,,,,
1351,0,23.9626,0.7031,33.4259,1.3398,,,,,0,19.2323,0.6145,22.0387,0.9375,,,,,0,48.2265,1.0098,43.1441,1.7812,,,,
1352,0,35.3482,0.9688,36.2790,2.0000,,,,,0,24.2398,0.6875,22.6040,1.1250,,,,,0,42.1163,0.9531,45.0916,1.9375,,,,
1353,0,38.9626,0.9844,50.2200,2.3750,,,,,0,31.9417,0.7656,21.5469,0.9375,,,,,0,54.3619,1.1057,45.9658,2.2500,,,,
1354,0,24.0330,0.6406,32.5311,1.4375,,,,,0,26.0100,0.7031,21.9562,0.8750,,,,,0,57.9622,1.0938,53.2295,2.4062,,,,
1355,0,26.6861,0.6328,32.5528,2.0000,,,,,0,25.5923,0.7344,25.6228,1.0938,,,,,0,49.2925,1.0781,46.5015,1.9844,,,,
1356,0,63.1292,1.1680,36.0639,1.6250,,,,,0,25.8250,0.7031,25.6798,1.1250,,,,,0,43.0673,1.0625,45.2216,1.8906,,,,
1357,0,64.2671,1.2031,34.9777,1.5000,,,,,0,24.5348,0.6562,26.2624,1.2031,,,,,0,35.3269,1.0625,45.6298,1.8750,,,,
1358,0,31.1635,0.7734,39.9557,2.1250,,,,,0,24.8558,0.6562,23.8491,1.0000,,,,,0,35.6967,0.9375,48.2367,1.8750,,,,
1359,0,24.2282,0.8203,36.8740,1.6562,,,,,0,22.2026,0.6250,23.4226,0.9688,,,,,0,32.3170,0.9375,48.8917,2.3125,,,,
1360,0,29.7513,0.8203,32.2014,1.5000,,,,,0,25.8531,0.7188,23.1301,0.9844,,,,,0,32.1823,0.9062,47.3903,2.1094,,,,
1361,0,47.5998,1.0078,39.4805,1.9375,,,,,0,21.0359,0.6875,23.2344,0.8750,,,,,0,35.1139,1.0156,47.1334,2.0625,,,,
1362,0,45.6369,0.9688,43.4889,2.2500,,,,,0,19.5943,0.6250,25.2856,1.2500,,,,,0,33.3206,0.7812,48.1125,2.1250,,,,
1363,0,42.1315,0.9531,34.8620,1.3750,,,,,0,20.8203,0.6719,20.7823,0.8281,,,,,0,32.2813,0.7656,52.3780,2.1875,,,,
1364,0,24.6035,0.8203,34.9426,1.5000,,,,,0,23.9562,0.6562,23.2535,1.5000,,,,,0,43.3025,0.9766,52.6393,2.6250,,,,
1365,0,27.9511,0.8594,36.7686,1.8125,,,,,0,27.0110,0.7080,21.4067,0.8750,,,,,0,37.1186,1.0312,63.8639,3.1250,,,,
1366,0,23.5402,0.7266,42.4486,2.2188,,,,,0,23.3420,0.6797,23.7004,1.0000,,,,,0,41.9226,1.0000,58.6510,2.7500,,,,
1367,0,38.1959,0.7656,40.9659,1.6250,,,,,0,22.2784,0.6406,25.6659,1.1875,,,,,0,54.5552,1.0938,49.0549,3.5000,,,,
1368,0,27.6791,0.8281,38.3819,1.6250,,,,,0,28.5318,0.7266,23.0451,1.0000,,,,,0,50.7550,1.0156,43.3668,3.5000,,,,
1369,0,29.0095,0.8906,37.5746,2.1250,,,,,0,27.1337,0.7266,23.2727,1.1875,,,,,0,66.1286,1.2969,43.9784,3.0000,,,,
1370,0,24.2853,0.6797,35.3115,1.5938,,,,,0,25.3878,0.7070,22.3231,0.8750,,,,,0,46.6864,1.0156,50.1830,2.5000,,,,
1371,0,25.7854,0.6484,33.4551,2.2500,,,,,0,22.0475,0.6172,24.3634,1.0000,,,,,0,57.0295,1.0938,49.5433,2.7500,,,,
1372,0,26.2907,0.7969,37.7470,1.6562,,,,,0,27.8410,0.7031,23.3506,0.9375,,,,,0,59.6693,1.1328,42.4813,2.0000,,,,
1373,0,39.3861,0.8828,36.6485,1.6250,,,,,0,26.4670,0.6250,20.9225,0.7500,,,,,0,48.5183,1.0173,40.3632,2.0000,,,,
1374,0,59.9156,1.1230,39.3227,1.6250,,,,,0,25.7533,0.6074,23.6103,0.9375,,,,,0,42.9290,1.0996,44.2535,2.1250,,,,
1375,0,35.8284,0.7988,43.7461,1.6875,,,,,0,25.5530,0.6025,26.4269,0.8984,,,,,0,65.2997,1.2383,51.7899,2.1250,,,,
1376,0,33.0867,0.8516,35.0810,1.4062,,,,,0,21.2663,0.6172,23.0446,0.7812,,,,,0,67.7111,1.2461,50.1218,2.0156,,,,
1377,0,42.3379,1.0039,32.4651,1.5000,,,,,0,21.8405,0.6641,22.0748,1.3750,,,,,0,56.1668,1.1250,40.8605,1.6406,,,,
1378,0,37.9917,0.9121,34.6840,1.3438,,,,,0,20.5650,0.5703,21.5252,0.9062,,,,,0,68.9596,1.1875,40.8506,1.7500,,,,
1379,0,45.9582,0.9570,29.1991,1.1250,,,,,0,19.6515,0.5508,21.3696,1.1250,,,,,0,46.6393,1.0234,39.9071,1.8750,,,,
1380,0,56.0569,0.9570,34.1980,1.3750,,,,,0,20.5526,0.5541,23.7281,1.2500,,,,,0,69.0530,1.1562,35.7851,1.8125,,,,
1381,0,24.9397,0.6719,28.5010,1.1875,,,,,0,18.9210,0.5449,23.8738,1.3125,,,,,0,84.8307,1.2344,34.1758,1.6250,,,,
1382,0,49.5444,1.0293,32.4691,1.1875,,,,,0,21.3620,0.6172,25.6947,1.4375,,,,,0,55.0749,1.1016,35.3739,1.2500,,,,
1383,0,39.3133,0.8828,33.6660,1.5000,,,,,0,20.2705,0.5850,24.7861,1.4375,,,,,0,56.5386,1.0938,29.5801,1.1250,,,,
1384,0,37.5341,0.9277,29.3557,1.1875,,,,,0,19.6964,0.5576,21.0353,1.1250,,,,,0,79.5525,1.2812,32.4840,1.1094,,,,
1385,0,36.5148,0.8594,28.1839,1.1250,,,,,0,19.2709,0.6035,24.0240,1.0000,,,,,0,79.2620,1.2852,32.9041,1.3750,,,,
1386,0,30.8679,0.7231,30.7098,1.0625,,,,,0,19.8343,0.5981,22.2934,1.1250,,,,,0,42.0354,0.9648,29.4986,1.2500,,,,
1387,0,21.8538,0.6416,26.6330,1.1250,,,,,0,18.5060,0.5547,25.2342,1.0625,,,,,0,66.3202,1.0454,36.5043,1.6406,,,,
1388,0,22.5548,0.6094,29.7684,1.3750,,,,,0,18.0531,0.5782,27.8023,1.6094,,,,,0,45.0512,0.9219,42.9454,2.3125,,,,
1389,0,36.1461,0.8047,22.7405,1.0000,,,,,0,22.7709,0.6406,21.7102,0.8750,,,,,0,50.4819,1.1250,47.0527,2.1562,,,,
1390,0,23.7619,0.7031,27.8994,1.4727,,,,,0,27.5288,0.7031,24.6114,1.0000,,,,,0,42.2063,0.9805,54.4014,2.8125,,,,
1391,0,40.0744,0.8750,30.5864,1.4688,,,,,0,26.8455,0.6719,20.1772,0.8984,,,,,0,47.4970,1.0420,61.5705,3.5469,,,,
1392,0,25.2671,0.6562,35.7507,1.8125,,,,,0,27.4108,0.7031,24.0574,1.0000,,,,,0,49.5358,1.0938,83.5934,5.5000,,,,
1393,0,43.2879,1.0547,31.4692,1.8750,,,,,0,28.3548,0.7500,24.5502,1.0000,,,,,0,52.3168,1.1875,56.5237,3.0000,,,,
1394,0,52.6935,0.8711,33.9520,1.4062,,,,,0,23.7451,0.6562,25.8118,1.1250,,,,,0,43.7258,1.0469,50.4069,2.1250,,,,
1395,0,36.7441,0.8906,35.2148,2.2500,,,,,0,24.1742,0.6719,24.3888,0.9688,,,,,0,41.1248,1.0000,49.3848,1.9375,,,,
1396,0,35.7527,0.8438,33.3612,1.5000,,,,,0,25.5496,0.7109,21.9273,0.8750,,,,,0,35.0663,0.9375,48.1862,2.1875,,,,
1397,0,33.7913,0.8906,36.9877,1.5000,,,,,0,23.7579,0.6719,21.4687,0.7500,,,,,0,33.4737,0.9375,48.6173,2.3125,,,,
1398,0,24.7880,0.7539,34.5707,2.7500,,,,,0,23.2328,0.6641,23.5849,1.0000,,,,,0,32.7689,0.9297,48.2741,2.1875,,,,
1399,0,40.1067,0.8047,34.5260,1.3281,,,,,0,24.6604,0.6641,23.8710,0.8750,,,,,0,33.3007,0.8281,51.9280,2.1875,,,,
1400,0,30.5452,0.7227,37.3839,1.7500,,,,,0,19.5191,0.5625,23.5642,0.8750,,,,,0,37.0710,0.9824,60.8086,2.8750,,,,
1401,0,22.4157,0.6484,34.9849,3.0000,,,,,0,20.9380,0.6250,23.1507,0.8750,,,,,0,31.7572,0.8281,51.4896,2.8750,,,,
1402,0,27.9579,0.8203,30.3502,1.3750,,,,,0,31.6271,0.7578,19.8748,0.8125,,,,,0,53.6948,1.0469,49.5947,3.5000,,,,
1403,0,28.4920,0.8750,44.3328,1.9844,,,,,0,25.8469,0.7188,28.4691,1.5000,,,,,0,42.3340,1.0312,56.2706,3.3750,,,,
1404,0,63.8752,1.0898,34.9077,1.5625,,,,,0,26.5986,0.7109,23.4797,1.0625,,,,,0,48.3737,1.1094,51.8671,3.5625,,,,
1405,0,24.1402,0.6562,36.2911,1.6250,,,,,0,23.3141,0.6641,23.8342,1.1250,,,,,0,60.0637,1.1250,52.8690,3.1250,,,,
1406,0,38.1745,0.8711,32.1566,1.7812,,,,,0,26.4175,0.6875,23.6852,1.0176,,,,,0,61.9850,1.1875,50.4599,3.1250,,,,
1407,0,26.3050,0.6875,37.8557,1.7188,,,,,0,24.2985,0.7266,23.4420,1.0000,,,,,0,48.1785,1.0781,43.9930,2.3750,,,,
1408,0,26.2076,0.6875,33.9090,1.3750,,,,,0,21.3670,0.6484,23.2140,0.9082,,,,,0,50.5661,1.1016,42.0446,2.6250,,,,
1409,0,31.9642,0.7656,35.1428,1.5312,,,,,0,21.6023,0.6250,22.6550,0.8125,,,,,0,65.1291,1.2188,45.0025,2.7500,,,,
1410,0,53.9944,1.1016,36.0761,2.0625,,,,,0,25.2800,0.6523,22.6962,0.8750,,,,,0,65.6277,1.1523,44.2715,2.3750,,,,
1411,0,24.0898,0.7539,36.6112,1.9375,,,,,0,21.7529,0.5928,24.8576,0.9688,,,,,0,41.4149,0.9160,46.2094,2.1250,,,,
1412,0,31.8098,0.8311,35.8233,1.3125,,,,,0,21.5827,0.5400,25.9421,1.0000,,,,,0,36.0090,0.9023,42.7732,2.3125,,,,
1413,0,25.5269,0.8125,28.8220,1.8750,,,,,0,27.0357,0.6641,24.5541,1.0625,,,,,0,65.3157,1.1719,45.1305,2.1875,,,,
1414,0,32.7772,0.7188,28.3912,1.0625,,,,,0,20.7048,0.6328,18.5466,0.7500,,,,,0,63.0993,1.1426,37.3612,1.6094,,,,
1415,0,28.6200,0.8545,27.5917,0.8750,,,,,0,19.8588,0.5623,18.7252,0.8750,,,,,0,52.6492,1.0864,35.8163,2.2500,,,,
1416,0,27.5565,0.7520,31.4918,1.3691,,,,,0,20.2989,0.6035,20.4625,1.0000,,,,,0,74.8054,1.2891,40.4900,1.7500,,,,
1417,0,23.1070,0.6523,40.2304,1.7500,,,,,0,19.3171,0.5527,28.0200,1.4375,,,,,0,56.4496,1.0625,50.5123,2.6562,,,,
1418,0,25.6544,0.8184,34.9809,1.7627,,,,,0,21.0671,0.5742,23.4067,1.1250,,,,,0,77.3814,1.1914,32.6914,1.5000,,,,
1419,0,53.0214,0.9785,37.5569,1.7812,,,,,0,20.6438,0.5977,21.5099,1.1250,,,,,0,78.7450,1.3152,33.7893,1.3750,,,,
1420,0,25.5182,0.6489,30.8505,1.4844,,,,,0,20.8386,0.6055,21.4183,1.1875,,,,,0,56.9458,1.1406,32.8953,1.5625,,,,
1421,0,23.3143,0.6562,39.4245,2.3394,,,,,0,20.8016,0.5713,20.3783,1.3750,,,,,0,80.8588,1.2812,33.5995,1.2500,,,,
1422,0,23.3932,0.7109,34.7651,1.6875,,,,,0,19.6533,0.5635,21.3137,1.2500,,,,,0,67.9537,1.2344,33.5291,1.3750,,,,
1423,0,23.1644,0.7188,31.8839,1.3145,,,,,0,19.8099,0.6064,19.5778,1.0625,,,,,0,56.7789,1.1406,29.5053,1.3438,,,,
1424,0,33.0531,0.7520,29.1612,1.3750,,,,,0,19.2602,0.5420,22.0631,1.0625,,,,,0,57.9470,1.1172,32.8327,1.5938,,,,
1425,0,23.4117,0.6875,27.2048,1.1875,,,,,0,19.9408,0.6094,23.3985,1.1875,,,,,0,47.4637,0.9824,32.4082,1.2734,,,,
1426,0,34.2269,0.7734,31.1053,1.6250,,,,,0,19.2968,0.6650,21.4984,0.9375,,,,,0,56.0848,1.0508,44.4623,1.7188,,,,
1427,0,26.7758,0.7812,46.1722,2.8750,,,,,0,22.4287,0.6328,22.5408,1.1113,,,,,0,52.1018,1.0312,46.5818,2.0312,,,,
1428,0,25.7620,0.7656,35.2120,1.6250,,,,,0,26.4832,0.7344,22.3482,0.8828,,,,,0,51.9051,1.0938,48.0576,2.4375,,,,
1429,0,23.2907,0.6484,31.5461,1.5312,,,,,0,28.5873,0.7500,23.9096,0.9219,,,,,0,58.0594,1.1094,52.3596,2.3594,,,,
1430,0,61.4774,1.1035,34.4227,1.2500,,,,,0,23.1362,0.6562,27.7898,1.1641,,,,,0,46.8898,1.0781,48.0125,2.0625,,,,
1431,0,31.4923,0.6973,36.8017,1.5312,,,,,0,26.8281,0.7188,24.6445,1.0000,,,,,0,43.3742,1.0469,43.4456,1.8750,,,,
1432,0,27.1733,0.6157,34.5104,1.7500,,,,,0,23.5116,0.6406,25.7584,1.0781,,,,,0,36.2204,0.9375,44.2710,1.8281,,,,
1433,0,22.9807,0.6875,39.0149,1.6250,,,,,0,27.3950,0.7344,27.0509,1.2188,,,,,0,39.4829,1.0625,49.8574,2.1250,,,,
1434,0,22.3393,0.6211,34.9878,1.3906,,,,,0,23.3047,0.6562,24.4383,1.0469,,,,,0,33.8959,0.9375,48.3620,2.1562,,,,
1435,0,22.0613,0.6133,30.0098,1.3281,,,,,0,19.5798,0.5781,24.8737,0.9141,,,,,0,31.8414,0.9062,47.6226,2.0625,,,,
1436,0,57.0530,1.0117,38.4343,1.6562,,,,,0,21.1962,0.6641,25.1133,1.0000,,,,,0,32.9517,0.9609,47.7246,1.9688,,,,
1437,0,59.4358,1.0234,43.1452,2.0000,,,,,0,20.1053,0.6797,27.9607,1.6250,,,,,0,35.3304,0.8438,51.0965,2.2500,,,,
1438,0,24.9419,0.7656,33.0503,1.7500,,,,,0,23.1855,0.7188,21.7532,0.7656,,,,,0,32.6724,0.7891,52.6041,2.0625,,,,
1439,0,28.2060,0.8906,30.6466,1.3125,,,,,0,26.6055,0.7031,22.1104,1.1250,,,,,0,40.2363,0.9375,54.8397,2.9375,,,,
1440,0,27.3370,0.8281,33.7139,1.8125,,,,,0,25.2076,0.6875,23.8235,1.0000,,,,,0,38.0867,1.0625,62.9196,3.2500,,,,
1441,0,22.3119,0.6719,36.4034,1.5938,,,,,0,25.2332,0.7148,22.9100,1.0000,,,,,0,39.0779,0.9844,61.5979,2.8125,,,,
1442,0,30.9316,0.8125,33.7971,1.4062,,,,,0,21.7043,0.6328,22.5432,0.9375,,,,,0,53.4471,1.0781,52.0016,3.5625,,,,
1443,0,24.4262,0.6875,52.1036,2.1992,,,,,0,27.0117,0.6953,23.4051,0.9375,,,,,0,48.2457,0.9878,50.9410,3.4375,,,,
1444,0,29.6333,0.7891,39.2399,1.8750,,,,,0,26.5833,0.7344,23.5690,1.0625,,,,,0,60.7894,1.2344,46.8671,2.8750,,,,
1445,0,29.8900,0.8828,36.5785,1.9375,,,,,0,23.0020,0.6758,24.2687,1.0000,,,,,0,43.5048,1.0000,54.3620,2.2500,,,,
1446,0,30.5351,0.7109,35.9483,1.7500,,,,,0,24.2326,0.7070,22.9652,0.9297,,,,,0,57.4835,1.1758,49.3922,2.6250,,,,
1447,0,31.6580,0.8281,35.6905,1.5625,,,,,0,27.8402,0.6953,24.6262,0.9375,,,,,0,58.5252,1.1094,43.4631,2.0000,,,,
1448,0,26.7968,0.6846,36.4268,1.2500,,,,,0,24.6297,0.6250,21.8652,0.7908,,,,,0,60.6536,1.1206,41.9286,2.2500,,,,
1449,0,38.9121,0.7969,37.6883,1.8750,,,,,0,20.8557,0.5767,22.9672,1.0000,,,,,0,39.4477,1.0625,44.3149,2.2500,,,,
1450,0,30.7915,0.7031,40.2614,1.7500,,,,,0,30.4188,0.6631,26.8323,1.0566,,,,,0,65.2992,1.2344,52.7772,2.1250,,,,
1451,0,27.5305,0.7031,35.9145,1.4375,,,,,0,21.5321,0.5938,22.5205,0.8438,,,,,0,63.8911,1.1953,52.1860,2.0156,,,,
1452,0,26.0136,0.7051,28.9090,1.3125,,,,,0,24.1236,0.7188,18.6147,0.8750,,,,,0,59.9098,1.1562,38.3799,1.5312,,,,
1453,0,33.3019,0.9141,38.8254,1.9375,,,,,0,19.7156,0.5566,22.4661,1.1250,,,,,0,82.8634,1.3516,39.4344,1.8125,,,,
1454,0,28.1626,0.7734,38.3168,1.5625,,,,,0,21.4748,0.5898,22.0544,1.2500,,,,,0,57.7421,1.1406,41.6752,2.0000,,,,
1455,0,52.1240,0.9775,35.3003,1.5938,,,,,0,18.8060,0.5545,23.5830,1.1250,,,,,0,61.1591,1.0859,34.4864,1.6250,,,,
1456,0,22.7414,0.6953,25.7224,1.1250,,,,,0,20.1919,0.5703,23.1509,1.1250,,,,,0,83.2071,1.2227,35.3455,1.8438,,,,
1457,0,40.9907,1.0078,38.4628,1.5000,,,,,0,22.0853,0.6211,24.8678,1.0625,,,,,0,53.8144,1.0938,39.7674,1.5000,,,,
1458,0,25.8842,0.6602,35.7295,1.8750,,,,,0,20.0892,0.5776,24.4201,1.1250,,,,,0,54.5677,1.0625,30.1482,1.1719,,,,
1459,0,23.6965,0.7734,27.6464,1.3594,,,,,0,19.5682,0.5537,23.2131,1.1875,,,,,0,81.6702,1.2891,32.6712,1.0859,,,,
1460,0,42.8516,0.8320,29.3081,1.3242,,,,,0,19.1707,0.6348,22.0243,1.0000,,,,,0,81.2726,1.2891,31.9593,1.1562,,,,
1461,0,29.9851,0.8799,30.0524,1.2500,,,,,0,19.0650,0.5713,20.7657,1.0938,,,,,0,48.4620,1.0293,28.7303,1.0625,,,,
1462,0,34.3500,0.8281,34.3677,1.3438,,,,,0,18.1831,0.5547,28.3570,1.1250,,,,,0,60.5516,1.0088,39.9433,1.7188,,,,
1463,0,24.3264,0.6953,29.4331,1.2578,,,,,0,18.3338,0.5988,26.6854,1.3125,,,,,0,49.3276,1.0060,41.5985,2.1562,,,,
1464,0,31.4188,0.8438,27.6061,1.5625,,,,,0,23.0250,0.6406,21.0971,1.0625,,,,,0,50.2989,1.1406,49.7539,2.4062,,,,
1465,0,24.2127,0.6426,31.6792,1.5000,,,,,0,29.0560,0.7656,23.9801,1.0469,,,,,0,41.4793,1.0156,53.2757,2.7500,,,,
1466,0,26.8290,0.8281,30.6727,1.3125,,,,,0,26.7196,0.7188,23.8700,1.6250,,,,,0,48.5489,1.0625,60.9124,3.6875,,,,
1467,0,25.9518,0.7422,28.4201,1.5000,,,,,0,21.3554,0.6719,25.2542,1.6250,,,,,0,39.0155,0.9844,67.6433,4.2500,,,,
1468,0,23.0910,0.8203,29.7341,2.0000,,,,,0,24.6245,0.7188,24.7641,1.1250,,,,,0,51.6308,1.1875,53.4864,2.5000,,,,
1469,0,23.1048,0.7539,33.6159,1.5000,,,,,0,20.1395,0.5625,26.9869,1.1250,,,,,0,35.6089,0.9531,51.8021,2.3438,,,,
1470,0,64.3061,1.4062,52.2055,2.4414,,,,,0,25.6431,0.7188,25.4340,1.1875,,,,,0,42.8079,1.0000,54.5930,2.1562,,,,
1471,0,28.7678,0.8984,42.3431,1.8477,,,,,0,26.1607,0.6562,22.9180,1.0156,,,,,0,34.4339,0.9062,47.9928,2.1250,,,,
1472,0,27.8730,0.6904,43.7990,2.7500,,,,,0,27.0102,0.6953,22.6248,0.9844,,,,,0,31.3699,0.8516,50.3581,2.1250,,,,
1473,0,25.9929,0.6602,34.4843,1.5625,,,,,0,22.7324,0.7031,24.0605,1.1250,,,,,0,33.0801,0.9531,48.0602,2.1250,,,,
1474,0,60.1199,1.1628,39.1098,2.0625,,,,,0,23.1743,0.6797,23.5600,1.2500,,,,,0,32.6811,0.8984,47.0809,2.2500,,,,
1475,0,22.3936,0.6406,38.9310,1.5156,,,,,0,19.0242,0.5781,22.5971,1.0625,,,,,0,34.7672,0.9062,50.1140,2.1875,,,,
1476,0,53.6471,1.0898,38.9385,2.5000,,,,,0,22.3259,0.6406,20.1881,0.7500,,,,,0,31.3228,0.8203,47.8724,2.0000,,,,
1477,0,32.7631,0.7422,35.6715,1.7500,,,,,0,33.9018,0.7734,20.3156,0.8125,,,,,0,48.8729,1.0156,50.7908,3.6250,,,,
1478,0,27.6425,0.8594,31.3641,1.6250,,,,,0,29.4293,0.7500,24.8397,1.0000,,,,,0,47.0185,1.1562,53.8462,3.6250,,,,
1479,0,59.3305,1.0703,35.7355,1.5000,,,,,0,24.0129,0.6953,22.2907,0.8750,,,,,0,44.4924,1.0312,50.9704,3.2500,,,,
1480,0,27.2046,0.6641,34.7084,1.3105,,,,,0,27.4414,0.7344,23.1253,1.0625,,,,,0,66.8260,1.1719,52.3106,3.0000,,,,
1481,0,27.2790,0.7109,36.8641,2.2500,,,,,0,21.6951,0.5938,23.3248,1.0000,,,,,0,59.3566,1.1484,48.9462,3.0000,,,,
1482,0,29.2707,0.7969,35.4758,1.8125,,,,,0,22.4661,0.7031,23.2118,1.0000,,,,,0,46.9515,1.0625,44.5903,2.3750,,,,
1483,0,26.0078,0.7266,36.6001,1.8750,,,,,0,20.7306,0.6172,23.0136,0.9375,,,,,0,49.3649,1.0859,41.9102,2.3750,,,,
1484,0,30.8670,0.7891,38.3664,1.5000,,,,,0,20.9443,0.6289,25.2981,1.0000,,,,,0,70.8866,1.2773,46.4955,2.6875,,,,
1485,0,24.4395,0.6562,39.9044,1.7969,,,,,0,22.2950,0.5938,26.3518,1.0566,,,,,0,62.3590,1.1094,52.0692,2.3750,,,,
1486,0,24.6659,0.7266,38.8551,1.6250,,,,,0,24.0345,0.6016,24.9546,1.0020,,,,,0,48.3570,1.0391,53.5467,2.7500,,,,
1487,0,31.2311,0.8154,35.7503,1.5000,,,,,0,19.1853,0.5293,28.1569,1.0625,,,,,0,39.8719,0.9961,49.2827,2.3750,,,,
1488,0,33.4725,0.8438,35.9576,2.2500,,,,,0,25.3487,0.6406,24.9529,0.9688,,,,,0,70.9498,1.2686,48.0027,2.3125,,,,
1489,0,30.8485,0.8125,35.0547,1.6250,,,,,0,21.2194,0.6562,19.0658,1.0000,,,,,0,75.8723,1.2344,41.2921,1.8750,,,,
1490,0,40.4651,0.8701,30.8581,1.2500,,,,,0,19.6036,0.5742,20.7352,0.9375,,,,,0,61.7102,1.1797,38.9314,2.0000,,,,
1491,0,28.5377,0.8008,34.2142,1.5938,,,,,0,19.8859,0.5928,21.5313,1.1250,,,,,0,79.7794,1.3438,45.8664,1.8750,,,,
1492,0,29.6352,0.8086,34.0805,1.2637,,,,,0,18.8761,0.5718,25.6219,1.2500,,,,,0,49.7244,0.9844,40.4110,1.8750,,,,
1493,0,23.1021,0.6953,29.8543,1.0938,,,,,0,18.4518,0.5508,22.4546,1.1250,,,,,0,73.2607,1.1719,36.1671,2.1250,,,,
1494,0,22.8900,0.6641,33.4966,1.6250,,,,,0,22.0276,0.6484,24.6566,1.1250,,,,,0,83.5888,1.3350,33.6936,1.2500,,,,
1495,0,40.9653,1.0078,33.5477,1.1973,,,,,0,20.5696,0.6162,20.8117,0.8750,,,,,0,57.0467,1.1172,31.3284,1.5000,,,,
1496,0,35.4080,0.8008,29.3954,1.3125,,,,,0,20.2188,0.5649,21.2936,1.0000,,,,,0,79.1697,1.2812,31.8518,1.0625,,,,
1497,0,39.1385,0.8125,29.4122,1.5537,,,,,0,19.3815,0.5742,24.5305,1.2500,,,,,0,72.0347,1.2188,30.7317,1.3125,,,,
1498,0,28.8610,0.8906,29.3292,1.7500,,,,,0,19.8197,0.6006,23.1744,1.0625,,,,,0,59.2355,1.1719,29.7220,1.2500,,,,
1499,0,51.8508,1.0195,31.0677,1.3125,,,,,0,21.0496,0.6420,23.4606,1.0000,,,,,0,48.4081,0.9932,31.3782,1.6250,,,,
