frame,fp8_diverged,fp8_text_l2,fp8_text_maxabs,fp8_audio_l2,fp8_audio_maxabs,fp8_rms,fp8_click,fp8_centroid_hz,fp8_flatness,w8a16_diverged,w8a16_text_l2,w8a16_text_maxabs,w8a16_audio_l2,w8a16_audio_maxabs,w8a16_rms,w8a16_click,w8a16_centroid_hz,w8a16_flatness,nvfp4ffn-w8a16_diverged,nvfp4ffn-w8a16_text_l2,nvfp4ffn-w8a16_text_maxabs,nvfp4ffn-w8a16_audio_l2,nvfp4ffn-w8a16_audio_maxabs,nvfp4ffn-w8a16_rms,nvfp4ffn-w8a16_click,nvfp4ffn-w8a16_centroid_hz,nvfp4ffn-w8a16_flatness
0,,,,,,,,,,,,,,,,,,,,,,,,,,,
1,,,,,,,,,,,,,,,,,,,,,,,,,,,
2,0,58.8658,1.4766,78.8443,3.6250,,,,,0,81.2293,1.4531,51.4546,3.1250,,,,,0,301.0423,4.1250,173.7715,9.0000,,,,
3,0,64.7815,1.2266,62.0417,2.3984,,,,,0,37.0883,0.8125,47.8948,2.3125,,,,,0,152.8111,3.3750,155.8549,6.8125,,,,
4,0,90.3171,1.5938,99.2243,4.7344,,,,,0,40.8305,0.9688,60.9986,3.5000,,,,,0,131.6168,2.8594,166.1831,6.8438,,,,
5,0,122.1867,1.7188,79.6219,3.2500,,,,,0,29.1676,0.7500,55.4242,3.0000,,,,,0,96.3866,2.9531,143.7308,6.5625,,,,
6,0,102.6851,1.3750,72.7924,4.8750,,,,,0,32.4341,0.6875,51.6781,3.2500,,,,,0,88.0208,2.3594,135.1738,5.7812,,,,
7,0,96.4454,1.4062,63.8006,2.6250,,,,,0,29.9471,0.7656,52.3326,2.6250,,,,,0,109.8462,2.3477,136.2048,6.8750,,,,
8,0,93.5577,1.3906,58.0061,2.5312,,,,,0,24.5771,0.5625,40.6785,1.7773,,,,,0,145.8189,2.3750,148.5959,8.0000,,,,
9,0,110.0838,1.5312,59.6085,3.3125,,,,,0,24.5403,0.5938,42.6478,2.1250,,,,,0,106.7057,2.3125,133.5793,6.8750,,,,
10,0,102.4661,1.3750,51.6083,2.5000,,,,,0,30.6284,0.6719,43.8414,2.4375,,,,,0,170.1575,2.6094,117.5426,5.1562,,,,
11,0,62.0879,1.1094,52.4801,2.0000,,,,,0,33.9001,0.7422,38.1852,2.4375,,,,,0,157.1084,2.4219,110.3615,5.8750,,,,
12,0,47.1111,0.9688,47.8669,2.0938,,,,,0,24.4825,0.6875,43.6327,2.5000,,,,,0,106.4622,2.1562,99.2321,5.1562,,,,
13,0,64.0184,1.0156,50.5331,1.8125,,,,,0,29.4806,0.8125,40.2194,2.1250,,,,,0,75.6130,1.9141,107.7454,6.4062,,,,
14,0,43.7320,1.0000,56.1167,3.2500,,,,,0,26.8887,0.6016,31.3247,1.5000,,,,,0,67.3749,1.3438,86.1687,5.0000,,,,
15,0,28.4860,0.7812,45.0378,2.2500,,,,,0,26.7369,0.6875,25.0974,1.1875,,,,,0,57.7628,1.3125,88.9380,7.8125,,,,
16,0,25.4278,0.7188,43.0269,2.3750,,,,,0,33.2396,0.7188,29.1333,1.5625,,,,,0,43.4772,1.7812,77.4302,7.1875,,,,
17,0,26.6389,0.6562,45.1431,1.9102,,,,,0,41.0782,0.8125,31.2351,1.5625,,,,,0,50.5949,2.0000,70.6469,3.7500,,,,
18,0,50.9509,0.9688,41.5639,1.8438,,,,,0,38.8010,0.7500,29.5048,1.4062,,,,,0,61.5214,1.6250,69.0285,3.8750,,,,
19,0,70.9071,1.6875,43.6828,1.6875,,,,,0,40.4752,0.9375,43.3734,2.0000,,,,,0,84.4409,3.1406,104.3873,4.3750,,,,
20,0,71.8354,1.4062,30.5993,1.0000,,,,,0,22.9560,0.6250,18.2305,0.5625,,,,,0,52.1320,1.4062,47.0229,1.9062,,,,
21,0,46.1893,0.9375,27.3556,1.0312,,,,,0,24.8966,0.6875,17.1044,0.6250,,,,,0,71.2257,1.4219,46.0324,1.6094,,,,
22,0,50.5310,1.0625,25.9072,0.8828,,,,,0,27.4030,0.6875,18.9092,0.6406,,,,,0,60.2714,1.4688,48.3796,1.5938,,,,
23,0,44.6777,0.9375,28.7637,0.8594,,,,,0,23.6051,0.6250,20.5993,0.6328,,,,,0,72.2779,1.6865,51.8138,2.5859,,,,
24,0,60.1543,1.2188,25.8899,0.8125,,,,,0,34.6672,0.8438,19.3801,0.6250,,,,,0,59.7225,1.6592,44.8494,1.7969,,,,
25,0,68.9893,1.5312,31.7253,1.3125,,,,,0,39.1084,1.0000,19.5742,0.6250,,,,,0,54.7688,1.2031,49.7274,1.6562,,,,
26,0,26.2262,0.6641,37.3338,1.6094,,,,,0,23.9947,0.6875,25.8737,1.0000,,,,,0,54.3676,1.8125,47.5830,1.8125,,,,
27,0,36.5039,0.8281,27.0166,0.9688,,,,,0,20.9866,0.5781,19.7005,0.7500,,,,,0,118.2536,2.0571,43.4173,1.6016,,,,
28,0,40.0334,1.0000,31.5328,1.1250,,,,,0,27.0167,0.7812,19.2735,0.6602,,,,,0,38.5094,0.9531,43.3141,2.0781,,,,
29,0,35.0004,0.8906,23.8376,0.8677,,,,,0,28.9313,0.7500,17.1738,0.6250,,,,,0,44.0183,1.0625,30.5872,1.0000,,,,
30,0,23.4876,0.6250,29.5313,1.0000,,,,,0,18.9633,0.5938,19.1826,0.6094,,,,,0,31.3671,0.8125,44.6739,1.6250,,,,
31,0,27.2553,0.6562,30.8405,1.1875,,,,,0,17.7545,0.5938,32.4973,1.5625,,,,,0,29.0216,0.8750,53.1501,2.8828,,,,
32,0,36.0806,0.9453,37.9677,1.2500,,,,,0,19.3487,0.6250,23.0719,0.8750,,,,,0,40.3266,0.9375,44.0703,1.6875,,,,
33,0,28.4555,0.8203,25.6244,1.0781,,,,,0,18.3234,0.5703,19.1526,0.8750,,,,,0,35.1503,0.7715,33.7814,1.7812,,,,
34,0,24.8186,0.6748,20.8087,0.8750,,,,,0,17.9784,0.5605,15.2949,0.8125,,,,,0,35.0509,0.8203,31.2833,1.6250,,,,
35,0,20.3173,0.5664,21.0957,0.8125,,,,,0,19.5600,0.4609,15.3637,0.8125,,,,,0,45.9350,0.9141,30.9460,1.4375,,,,
36,0,21.0092,0.6016,23.1109,1.0000,,,,,0,18.3064,0.5234,16.7456,1.2500,,,,,0,49.2902,1.0234,29.2404,1.2500,,,,
37,0,23.8708,0.6895,25.1106,1.3945,,,,,0,18.0933,0.5117,17.1345,1.5625,,,,,0,38.6770,0.8477,26.6979,1.3750,,,,
38,0,21.6834,0.6641,23.6589,1.5625,,,,,0,18.1720,0.5317,17.8725,1.2500,,,,,0,49.9115,0.9629,26.1945,1.1250,,,,
39,0,30.0407,0.7930,21.9701,0.9375,,,,,0,18.4903,0.5781,15.9329,1.1250,,,,,0,31.7230,0.7656,36.9056,3.3125,,,,
40,0,25.0152,0.6790,23.9419,1.1875,,,,,0,18.5890,0.5312,15.5207,0.7500,,,,,0,42.3073,1.0000,39.5073,2.2812,,,,
41,0,25.5984,0.5977,25.8963,1.3125,,,,,0,19.2197,0.5488,14.8717,0.6562,,,,,0,43.6491,1.1250,39.7088,2.2500,,,,
42,0,43.8474,0.9531,30.9967,1.6875,,,,,0,19.1816,0.5938,14.0243,0.7500,,,,,0,37.7392,0.8750,36.7794,1.8750,,,,
43,0,21.7841,0.6875,21.8527,1.2275,,,,,0,19.1614,0.5469,13.5726,1.0312,,,,,0,34.3610,0.8750,32.9088,2.0000,,,,
44,0,21.8352,0.6709,20.5146,1.0625,,,,,0,18.7375,0.5469,15.1396,0.6250,,,,,0,33.3369,0.8281,32.3572,1.8750,,,,
45,0,22.7614,0.7100,19.5244,1.1250,,,,,0,20.3606,0.5938,13.6339,0.7500,,,,,0,32.2799,0.7656,27.8542,1.1875,,,,
46,0,41.3465,0.9390,27.8789,1.1562,,,,,0,19.1296,0.5547,14.5288,0.8125,,,,,0,36.4532,0.8438,30.4890,1.1875,,,,
47,0,48.4883,0.9336,24.4718,1.5625,,,,,0,19.0999,0.5312,15.6327,1.1875,,,,,0,32.3440,0.8125,30.3044,1.2500,,,,
48,0,22.9163,0.6934,22.6556,1.2500,,,,,0,18.7549,0.5469,15.3537,0.9375,,,,,0,32.0042,0.8281,30.1377,1.2500,,,,
49,0,31.5090,0.8875,25.4171,1.3594,,,,,0,20.3217,0.5703,17.0869,0.8125,,,,,0,42.8404,0.9277,32.6701,1.7188,,,,
50,0,43.1502,0.8242,26.0343,1.5000,,,,,0,26.8235,0.6562,20.1154,1.1875,,,,,0,53.1913,1.0283,36.4155,1.5000,,,,
51,0,28.1358,0.8389,20.0182,0.9375,,,,,0,19.8598,0.5586,18.4753,0.7500,,,,,0,39.5104,0.8711,61.7003,3.3750,,,,
52,0,27.5573,0.6406,22.3705,1.4375,,,,,0,22.4488,0.5938,15.8357,0.5742,,,,,0,44.4494,0.8750,38.4307,2.1250,,,,
53,0,23.2746,0.6445,27.6618,1.6250,,,,,0,21.7608,0.5566,12.6936,0.5762,,,,,0,55.8216,0.9570,32.2575,1.3125,,,,
54,0,23.4575,0.6680,23.3541,1.2500,,,,,0,23.5097,0.5742,14.8997,0.7500,,,,,0,55.2215,0.9766,44.3716,2.4375,,,,
55,0,24.1249,0.7344,24.9310,1.6616,,,,,0,24.1114,0.6250,15.5142,1.1250,,,,,0,57.6659,0.9590,41.9851,2.2812,,,,
56,0,24.0353,0.6250,22.7544,1.0000,,,,,0,25.2504,0.6523,16.7036,1.5000,,,,,0,55.6491,0.9219,40.0164,2.6250,,,,
57,0,42.9546,0.9175,26.0471,1.3750,,,,,0,27.6907,0.6953,16.8773,1.2500,,,,,0,47.5722,0.8906,38.0505,1.9219,,,,
58,0,25.4906,0.6475,23.2234,1.8125,,,,,0,24.1737,0.6777,15.6966,0.7500,,,,,0,49.7318,0.9062,40.8309,2.3125,,,,
59,0,49.9801,0.9023,25.3140,1.1875,,,,,0,28.4278,0.7168,17.2305,1.0000,,,,,0,66.9982,1.0229,42.6678,2.6250,,,,
60,0,41.9321,0.7500,27.7799,1.8750,,,,,0,21.7209,0.6191,17.7089,1.1250,,,,,0,63.1682,0.9766,41.5968,2.3125,,,,
61,0,28.3551,0.8242,27.5767,1.2500,,,,,0,30.8894,0.7305,17.9608,1.2500,,,,,0,42.6686,0.8359,38.8223,1.8750,,,,
62,0,30.8032,0.8750,27.4745,1.3750,,,,,0,26.0119,0.6541,17.0180,0.8750,,,,,0,44.5628,0.8928,45.9442,1.8750,,,,
63,0,42.2055,0.9492,22.1136,1.5078,,,,,0,21.4719,0.6484,16.8370,0.8750,,,,,0,59.7465,1.0723,50.2026,3.0625,,,,
64,0,28.1417,0.8906,23.2428,1.4688,,,,,0,20.0449,0.5634,17.3965,1.2500,,,,,0,41.4409,1.0000,37.5106,1.8750,,,,
65,0,21.8671,0.6250,22.5371,0.9062,,,,,0,19.3713,0.5352,15.5148,0.5312,,,,,0,49.4817,0.8750,34.0986,2.7500,,,,
66,0,51.0030,0.9922,22.8119,1.5625,,,,,0,19.5617,0.5664,15.7604,0.7500,,,,,0,39.6834,0.7500,32.7961,2.0000,,,,
67,0,30.0516,0.9180,21.7125,1.0000,,,,,0,22.9176,0.6426,17.0410,0.6562,,,,,0,47.3469,0.8770,30.6600,1.5801,,,,
68,0,28.1174,0.8750,21.1870,1.5000,,,,,0,19.2563,0.5566,14.4565,0.8750,,,,,0,34.3204,0.7319,28.4487,1.3750,,,,
69,0,62.8824,1.0293,22.7189,1.0781,,,,,0,18.7780,0.5508,14.7095,0.6250,,,,,0,38.8997,0.7764,29.4574,1.5000,,,,
70,0,29.8251,0.8750,20.7379,0.8750,,,,,0,19.9721,0.5586,16.2457,0.7188,,,,,0,34.2126,0.7339,28.6769,1.3438,,,,
71,0,26.3127,0.6963,20.0395,1.5000,,,,,0,21.0718,0.6016,16.9306,0.7109,,,,,0,32.9941,0.7158,29.4831,1.3750,,,,
72,0,49.6029,1.0234,27.7478,1.1875,,,,,0,17.8751,0.5215,15.7170,0.7500,,,,,0,36.7817,0.7695,25.6119,1.3125,,,,
73,0,29.0902,0.7930,22.7537,1.3125,,,,,0,18.0989,0.5234,17.2699,0.7500,,,,,0,30.6896,0.7051,23.6314,1.2500,,,,
74,0,29.6155,0.7217,23.4971,1.2500,,,,,0,17.9373,0.5295,16.1067,0.6250,,,,,0,31.3991,0.7162,22.5292,1.0000,,,,
75,0,27.5914,0.6880,18.9855,0.8750,,,,,0,18.8193,0.5327,16.6172,0.7500,,,,,0,38.7785,0.7891,25.1508,1.3750,,,,
76,0,38.4337,0.8878,22.0663,1.0000,,,,,0,19.1316,0.5918,17.7097,0.7812,,,,,0,30.4657,0.7480,35.7471,1.5000,,,,
77,0,26.1675,0.7695,25.5925,1.2031,,,,,0,20.6853,0.5703,16.3504,0.8750,,,,,0,31.1567,0.7305,42.0956,2.9375,,,,
78,0,22.5935,0.6484,22.4643,1.1250,,,,,0,19.4696,0.5723,15.0575,0.7500,,,,,0,29.4051,0.8750,33.2606,1.5781,,,,
79,0,22.9152,0.6406,27.7737,1.5625,,,,,0,23.8311,0.7031,16.1235,0.7500,,,,,0,32.1383,0.9531,43.4342,2.2500,,,,
80,0,27.5738,0.7637,23.0086,1.2500,,,,,0,20.2274,0.5547,17.2137,0.9375,,,,,0,29.3087,0.8828,31.5492,1.2500,,,,
81,0,26.1216,0.6646,25.7798,2.2500,,,,,0,20.2773,0.5859,16.9407,0.7500,,,,,0,29.3932,0.9297,37.2430,1.5938,,,,
82,0,28.1629,0.7031,24.0775,1.8750,,,,,0,19.7739,0.5781,16.8816,0.8750,,,,,0,29.1182,0.8750,33.2407,1.3750,,,,
83,0,56.3283,1.2500,28.3400,1.5625,,,,,0,21.4677,0.5562,20.1482,0.9375,,,,,0,35.8135,1.0449,42.8682,1.6250,,,,
84,0,25.3162,0.6758,24.8841,1.0000,,,,,0,18.9858,0.5751,18.2972,0.8750,,,,,0,30.4999,0.7656,32.1403,1.2266,,,,
85,0,39.3729,0.9956,23.6210,1.1455,,,,,0,23.7038,0.6094,17.5715,0.7500,,,,,0,29.4199,0.8594,35.2217,1.2812,,,,
86,0,32.1234,0.8457,25.6823,1.1250,,,,,0,20.3803,0.5312,16.0688,0.8750,,,,,0,30.3877,0.8906,32.0308,1.3750,,,,
87,0,27.8923,0.7734,23.8801,1.4219,,,,,0,20.0481,0.5391,16.5657,0.8750,,,,,0,32.3244,0.9141,35.8513,1.6250,,,,
88,0,33.8886,0.9141,25.8864,1.3125,,,,,0,20.5476,0.5996,21.8512,1.5000,,,,,0,43.7461,0.9531,55.1400,2.5000,,,,
89,0,45.3085,1.0308,22.5382,1.1250,,,,,0,24.2504,0.6016,16.0253,0.7812,,,,,0,30.9408,0.8247,34.8194,2.2500,,,,
90,0,25.0632,0.7031,23.0085,1.4375,,,,,0,29.8858,0.6641,14.6192,0.9297,,,,,0,40.8839,0.7998,29.5435,1.1875,,,,
91,0,45.6156,1.0449,24.2248,1.8750,,,,,0,23.4357,0.5781,16.2853,1.5000,,,,,0,49.0266,0.8890,38.3502,1.8750,,,,
92,0,38.7199,0.8672,24.5445,1.3438,,,,,0,22.3497,0.5898,18.1781,1.1250,,,,,0,37.9715,0.7841,42.5377,2.5625,,,,
93,0,27.6381,0.6992,25.7236,1.0781,,,,,0,24.0130,0.6211,19.0548,0.9375,,,,,0,48.3768,0.9062,39.7538,1.5625,,,,
94,0,27.9631,0.6953,27.5690,1.3125,,,,,0,21.2952,0.5859,19.2974,1.0000,,,,,0,35.6102,0.8125,38.2654,1.5879,,,,
95,0,36.1410,0.9121,27.8138,1.0469,,,,,0,24.9183,0.6406,18.9491,0.8750,,,,,0,43.1763,0.8594,45.2990,2.1875,,,,
96,0,59.0581,1.0859,28.5460,1.3125,,,,,0,21.9884,0.6133,18.7684,0.7871,,,,,0,78.9948,1.1084,42.6612,1.5469,,,,
97,0,79.6927,1.1406,34.9574,2.0000,,,,,0,22.4132,0.5625,19.7735,0.7500,,,,,0,60.7749,1.0039,59.6571,2.5000,,,,
98,0,24.3210,0.5625,28.0602,1.0000,,,,,0,19.9954,0.5078,17.6237,0.7500,,,,,0,61.6913,0.9727,42.6561,1.6191,,,,
99,0,20.7649,0.5938,31.9949,1.5000,,,,,0,28.5326,0.6055,18.2400,0.7500,,,,,0,32.3125,0.7734,51.9252,2.2188,,,,
100,0,31.3957,0.6941,26.5999,1.2500,,,,,0,30.5012,0.6094,17.8744,0.7344,,,,,0,34.5788,0.7891,49.5531,1.6294,,,,
101,0,26.8665,0.7812,24.1709,1.1250,,,,,0,19.9617,0.5845,18.1556,1.1875,,,,,0,53.4267,0.9824,35.9437,1.7500,,,,
102,0,26.7143,0.7266,20.7459,1.0625,,,,,0,20.4586,0.5605,16.7569,0.7188,,,,,0,35.6819,0.8662,34.2279,1.7891,,,,
103,0,22.6597,0.6270,23.4544,1.2188,,,,,0,19.7305,0.5977,17.4698,0.6875,,,,,0,28.9601,0.6992,28.7551,1.3750,,,,
104,0,29.1382,0.7188,23.6880,0.9062,,,,,0,20.2228,0.6289,18.8340,0.8125,,,,,0,26.6587,0.6660,27.6022,1.5000,,,,
105,0,46.6360,0.9316,24.8092,1.0547,,,,,0,20.2739,0.6133,18.9219,0.7500,,,,,0,28.5962,0.7031,25.0543,1.0000,,,,
106,0,29.9465,0.7422,19.9904,0.8750,,,,,0,18.9576,0.5493,20.0860,1.0000,,,,,0,32.2159,0.7988,25.2126,1.2500,,,,
107,0,44.8847,0.8613,18.2849,1.0000,,,,,0,19.6908,0.5938,16.5850,0.7500,,,,,0,26.6663,0.6562,21.9532,1.1250,,,,
108,0,20.8252,0.6621,18.5313,0.8125,,,,,0,18.3422,0.5391,16.6439,0.6875,,,,,0,27.8320,0.6807,26.2143,1.1250,,,,
109,0,35.4375,0.7949,20.4400,1.0000,,,,,0,17.8726,0.5469,19.6861,0.7812,,,,,0,30.1743,0.7500,24.9935,1.2500,,,,
110,0,22.4192,0.7002,20.1039,0.8438,,,,,0,20.3710,0.6016,18.8775,0.8750,,,,,0,27.9612,0.6797,25.0823,1.6250,,,,
111,0,20.3725,0.5557,22.8865,1.3750,,,,,0,17.8370,0.5469,19.5387,0.7500,,,,,0,29.4938,0.7344,22.7030,0.8750,,,,
112,0,20.3164,0.5938,21.7769,1.2500,,,,,0,19.2509,0.5479,18.7176,0.8750,,,,,0,29.0148,0.6270,26.2793,1.1250,,,,
113,0,24.3193,0.6035,22.1413,1.0312,,,,,0,17.1749,0.5127,19.5048,1.0000,,,,,0,38.2093,0.8281,37.2324,2.5000,,,,
114,0,21.5545,0.7051,21.1461,1.5625,,,,,0,19.1186,0.6099,14.8691,0.8750,,,,,0,33.6702,0.9326,31.8166,1.6875,,,,
115,0,26.3391,0.7383,26.8605,1.6875,,,,,0,19.4321,0.5742,16.0044,0.8750,,,,,0,29.9759,1.0000,35.0576,1.6250,,,,
116,0,36.3533,0.7617,23.5211,1.3125,,,,,0,19.9150,0.5547,15.9312,1.3125,,,,,0,29.0917,1.0000,37.3693,2.6250,,,,
117,0,24.7543,0.6484,20.0766,0.8516,,,,,0,23.6934,0.6562,17.4451,1.1250,,,,,0,28.8976,0.7969,39.0418,2.5625,,,,
118,0,42.2122,0.9277,29.1200,1.3750,,,,,0,25.1039,0.6060,18.4161,1.6250,,,,,0,27.7896,0.7500,36.1797,1.8750,,,,
119,0,27.4674,0.7188,22.2944,1.1250,,,,,0,23.3534,0.6172,16.6359,1.1875,,,,,0,34.5254,0.7812,34.6269,2.3750,,,,
120,0,41.2866,1.0303,24.9389,1.3750,,,,,0,23.1761,0.6250,19.4608,1.5000,,,,,0,28.3678,0.7422,33.4279,1.9375,,,,
121,0,32.1805,0.8457,23.5815,1.1719,,,,,0,20.2687,0.5547,18.2079,1.5625,,,,,0,27.7658,0.7734,33.3864,2.0625,,,,
122,0,21.4222,0.7539,24.4007,0.9375,,,,,0,24.4273,0.6172,16.0788,0.8750,,,,,0,34.5128,0.8828,36.0377,1.8125,,,,
123,0,26.5637,0.6094,27.6905,1.6250,,,,,0,21.3214,0.5547,17.8258,1.3750,,,,,0,29.1796,0.8438,34.5777,1.8750,,,,
124,0,21.2380,0.5664,23.0975,1.1875,,,,,0,20.0151,0.5566,15.9607,0.8750,,,,,0,30.4465,0.7969,33.0668,1.2500,,,,
125,0,59.6780,1.2773,29.0192,1.3125,,,,,0,21.5371,0.5508,17.7335,1.0000,,,,,0,31.1358,0.7344,35.6267,1.5000,,,,
126,0,24.9335,0.7285,34.3844,1.5312,,,,,0,20.4748,0.6221,21.5970,0.9375,,,,,0,45.3329,1.0000,55.3970,2.6875,,,,
127,0,28.1924,0.6836,26.0318,1.0625,,,,,0,22.4923,0.5547,17.7515,1.0000,,,,,0,43.2526,0.8906,38.0607,2.0000,,,,
128,0,23.8059,0.6562,26.0839,1.2656,,,,,0,25.2610,0.5859,17.4106,0.7500,,,,,0,29.7272,0.7500,31.0094,1.5000,,,,
129,0,23.4850,0.6562,30.8344,1.4375,,,,,0,22.8694,0.5703,18.8560,0.8750,,,,,0,45.3093,0.8516,50.5263,1.7969,,,,
130,0,24.2758,0.6562,28.5899,1.2500,,,,,0,31.6574,0.6875,18.5264,1.0000,,,,,0,29.2340,0.6875,52.4463,2.4062,,,,
131,0,32.7382,0.8750,33.8661,1.3125,,,,,0,32.0869,0.6797,22.0084,0.8750,,,,,0,29.7711,0.7500,49.1913,2.0000,,,,
132,0,27.2250,0.7656,32.3444,1.2500,,,,,0,22.4282,0.5625,20.1486,0.8750,,,,,0,30.0401,0.7578,48.0534,1.5156,,,,
133,0,23.6461,0.6094,31.5655,1.3125,,,,,0,27.1609,0.6094,20.9153,0.7812,,,,,0,31.9771,0.6953,58.4182,2.5000,,,,
134,0,62.8417,1.9375,28.2654,1.3750,,,,,0,48.5929,1.2188,21.7746,0.8125,,,,,0,60.6564,1.5000,46.1918,2.3125,,,,
135,0,39.8324,0.9375,25.3878,0.8281,,,,,0,22.1723,0.6250,19.5032,0.6250,,,,,0,55.2348,1.0625,38.7342,1.4922,,,,
136,0,66.2230,1.2500,27.1366,0.8906,,,,,0,31.0081,0.8125,20.9956,0.7500,,,,,0,38.0143,1.2031,39.0327,1.7344,,,,
137,0,23.7651,0.5625,25.3186,0.8555,,,,,0,25.9970,0.6094,19.9492,0.8564,,,,,0,27.0606,0.6250,42.3755,1.6562,,,,
138,0,59.7696,1.1250,24.8344,0.8750,,,,,0,33.1212,0.8125,21.9648,0.8203,,,,,0,45.3653,1.1250,46.8841,1.7578,,,,
139,0,26.7055,0.6719,28.2106,1.1250,,,,,0,19.7206,0.5625,25.7708,1.2969,,,,,0,29.1087,0.6719,47.7392,1.7500,,,,
140,0,50.3882,0.9141,29.4563,0.9531,,,,,0,19.3291,0.5000,23.4662,0.7500,,,,,0,44.4184,0.9219,45.3701,1.5977,,,,
141,0,63.3647,1.2188,29.5767,1.0625,,,,,0,30.7168,1.0000,21.8540,0.7969,,,,,0,57.9865,1.3906,44.0600,1.9375,,,,
142,0,59.7668,1.2188,27.4956,0.9688,,,,,0,32.9311,0.9375,19.0151,0.5625,,,,,0,67.3733,1.6250,40.5524,1.6250,,,,
143,0,88.4427,1.1992,28.9505,0.9688,,,,,0,21.1795,0.5938,38.1427,1.5312,,,,,0,102.7637,1.5859,40.5087,1.4375,,,,
144,0,38.0771,0.8359,30.6908,1.0000,,,,,0,19.9967,0.6094,25.2179,1.0859,,,,,0,29.8550,0.8281,44.2616,2.1875,,,,
145,0,31.2317,0.8594,31.4228,1.0796,,,,,0,25.8594,0.7500,24.3370,0.7578,,,,,0,55.5629,1.0312,39.9684,1.3750,,,,
146,0,30.1577,0.7656,25.4703,0.8848,,,,,0,17.5707,0.5859,19.4066,0.6875,,,,,0,47.7307,0.9688,36.9471,1.8281,,,,
147,0,24.5702,0.5781,28.8908,1.2812,,,,,0,15.8573,0.4688,21.9457,0.7617,,,,,0,27.1532,0.7188,33.1055,1.1562,,,,
148,0,21.2466,0.4785,27.9873,1.0312,,,,,0,15.7505,0.4297,31.2717,1.3076,,,,,0,31.8195,0.7109,53.1069,1.8145,,,,
149,0,49.2732,1.6875,30.0797,1.0625,,,,,0,45.8825,1.1875,22.4778,1.0000,,,,,0,60.4745,1.6250,40.9018,1.7500,,,,
150,0,39.0727,0.9531,25.6533,0.8125,,,,,0,18.2078,0.5469,18.5083,0.5859,,,,,0,31.2126,0.7764,28.8832,1.2500,,,,
151,0,57.0145,0.9844,28.2038,0.9062,,,,,0,19.9482,0.6094,24.0495,1.1680,,,,,0,28.4092,0.7656,45.5207,2.3125,,,,
152,0,33.7533,0.7812,25.4781,0.8750,,,,,0,19.4274,0.5000,18.2611,0.5625,,,,,0,31.4536,1.0312,35.8171,1.4062,,,,
153,0,24.7986,0.5625,27.4589,0.8438,,,,,0,18.7907,0.6016,21.0668,0.7500,,,,,0,32.1477,0.8555,41.4439,1.6445,,,,
154,0,46.2402,0.9844,29.4796,1.0625,,,,,0,19.9492,0.5000,19.7509,0.7031,,,,,0,40.6471,0.7969,40.7835,1.5781,,,,
155,0,25.8867,0.5312,25.6124,0.8750,,,,,0,19.7160,0.4844,19.3279,0.7344,,,,,0,28.0949,0.7188,46.3995,1.7656,,,,
156,0,22.9759,0.5000,22.8997,0.8125,,,,,0,16.5297,0.4297,17.7858,0.6875,,,,,0,31.9048,0.9062,42.8991,1.8438,,,,
157,0,37.4008,0.8750,30.7726,1.3750,,,,,0,24.5943,0.5938,19.4902,0.8125,,,,,0,33.6636,1.0000,40.1298,1.5156,,,,
158,0,54.0965,1.2812,27.3578,0.8213,,,,,0,27.3701,0.7812,20.8341,0.8672,,,,,0,86.5031,1.6094,39.0311,1.3750,,,,
159,0,62.2655,1.2500,26.6292,0.9688,,,,,0,32.9302,0.9062,24.6175,1.0000,,,,,0,33.4715,0.8438,56.1471,2.1562,,,,
160,0,32.2722,0.7031,29.7069,0.9375,,,,,0,23.9623,0.6406,22.5465,0.8750,,,,,0,41.8673,0.9062,59.0931,2.2051,,,,
161,0,28.9643,0.7701,36.3803,2.0000,,,,,0,23.9909,0.6445,19.9281,0.7812,,,,,0,34.5931,0.8828,46.7309,2.5625,,,,
162,0,24.2990,0.7812,28.8602,1.2500,,,,,0,27.7856,0.6953,17.3369,0.7500,,,,,0,32.3299,0.7109,32.2108,1.4375,,,,
163,0,46.3261,0.8867,24.3679,1.5000,,,,,0,22.3368,0.5938,16.5104,0.6562,,,,,0,33.2941,0.7500,27.5996,0.9375,,,,
164,0,44.0147,1.0156,25.1109,1.5000,,,,,0,28.8816,0.6719,14.9500,0.6562,,,,,0,32.1675,0.8828,31.8827,1.7500,,,,
165,0,22.7596,0.6719,23.5563,1.1250,,,,,0,32.1509,0.7266,16.1750,0.6250,,,,,0,31.5106,0.9219,34.7566,1.4453,,,,
166,0,24.9457,0.7227,28.2688,1.6875,,,,,0,31.3395,0.7500,16.1536,0.6562,,,,,0,33.1716,0.8125,43.4264,1.9062,,,,
167,0,33.5112,0.7500,28.5109,1.7500,,,,,0,32.6473,0.7656,21.3802,0.8750,,,,,0,42.8522,1.2812,55.1388,2.6875,,,,
168,0,28.9064,0.7461,24.3627,1.2500,,,,,0,36.3730,0.8359,19.4433,1.0000,,,,,0,34.9195,0.8438,61.2550,2.9688,,,,
169,0,23.2188,0.6875,26.6344,1.4727,,,,,0,33.9431,0.7812,20.2043,1.0000,,,,,0,36.0776,0.8750,63.6553,3.0078,,,,
170,0,39.6438,0.8945,33.6395,1.0957,,,,,0,31.5509,0.8203,18.5484,0.6562,,,,,0,34.7216,0.7578,45.1448,1.7334,,,,
171,0,24.7722,0.6875,23.8090,1.0312,,,,,0,33.2269,0.7695,16.4941,0.7500,,,,,0,33.9589,0.7578,48.7192,2.0625,,,,
172,0,37.2644,0.7500,23.5208,0.9688,,,,,0,29.5664,0.7188,16.8883,0.6250,,,,,0,34.3673,0.7344,46.6647,2.1875,,,,
173,0,29.4276,0.7031,25.2078,0.8906,,,,,0,28.3409,0.6914,16.7143,0.7500,,,,,0,36.4785,0.7441,57.7384,3.0625,,,,
174,0,27.8204,0.6328,28.2633,1.8125,,,,,0,29.4359,0.6445,17.0761,0.7500,,,,,0,36.2878,0.8281,57.6446,2.3750,,,,
175,0,26.8473,0.6406,25.0328,1.2344,,,,,0,33.2529,0.7266,17.7239,0.7500,,,,,0,42.4963,0.9531,53.9979,2.4375,,,,
176,0,24.9235,0.7012,21.9250,1.1250,,,,,0,21.6382,0.6367,16.0076,0.8750,,,,,0,34.4513,0.7500,37.2260,2.1562,,,,
177,0,27.8545,0.7734,22.0094,1.3906,,,,,0,19.5536,0.5312,14.9338,0.6250,,,,,0,31.5052,0.7712,33.9845,1.5908,,,,
178,0,35.2864,0.8577,25.0274,1.3750,,,,,0,20.7641,0.6182,15.9818,0.6719,,,,,0,40.0667,0.8252,33.7430,1.6250,,,,
179,0,45.7849,0.8159,24.8711,1.3750,,,,,0,19.7128,0.5938,16.6919,0.7188,,,,,0,32.9354,0.7236,30.7118,1.7969,,,,
180,0,40.5462,0.9888,20.9468,1.1250,,,,,0,20.3594,0.6250,16.2021,0.6250,,,,,0,31.9659,0.7363,27.3487,1.2500,,,,
181,0,29.0147,0.8145,22.3596,1.3750,,,,,0,19.9520,0.6260,14.4185,0.7500,,,,,0,33.2395,0.8691,21.6817,1.1250,,,,
182,0,34.7151,0.8613,22.4955,1.1875,,,,,0,22.3499,0.6484,14.5617,0.6250,,,,,0,30.1623,0.7466,22.5816,1.2500,,,,
183,0,44.2405,0.9062,24.7159,1.0625,,,,,0,20.0043,0.6162,14.4607,0.6250,,,,,0,31.0625,0.8438,23.3763,0.9844,,,,
184,0,21.2561,0.6309,17.4565,1.0625,,,,,0,19.7987,0.6206,14.1428,0.6250,,,,,0,33.7279,0.8750,23.3525,1.0625,,,,
185,0,23.6388,0.7080,20.4719,1.1875,,,,,0,18.7774,0.5664,14.3004,0.5713,,,,,0,30.2557,0.7773,22.9515,1.0625,,,,
186,0,23.8313,0.6982,21.2923,1.0625,,,,,0,19.3559,0.5859,15.0118,0.7344,,,,,0,30.5653,0.7773,23.2743,1.5000,,,,
187,0,19.8284,0.5625,20.6146,0.8750,,,,,0,21.2168,0.5781,15.1677,0.6406,,,,,0,33.5590,0.8535,22.6250,1.4375,,,,
188,0,23.5997,0.6172,24.6364,1.7812,,,,,0,22.6936,0.6641,17.0102,1.0000,,,,,0,28.9655,0.7905,31.8475,2.1250,,,,
189,0,29.5451,0.8936,22.7474,1.0000,,,,,0,19.8110,0.5781,16.2362,0.6250,,,,,0,30.8619,0.7910,33.7140,1.6875,,,,
190,0,42.3767,0.9023,21.9450,0.9375,,,,,0,19.5737,0.5859,15.2565,0.7500,,,,,0,31.3381,0.8672,34.0097,1.8906,,,,
191,0,29.1235,0.7817,22.1697,1.5000,,,,,0,21.6552,0.6250,15.3051,0.6250,,,,,0,32.6087,1.0234,37.4914,1.5000,,,,
192,0,38.0664,0.7314,20.9172,1.1250,,,,,0,23.6637,0.6797,16.1143,0.7500,,,,,0,39.2150,0.9766,38.2897,1.5625,,,,
193,0,21.3403,0.6602,24.7227,1.7500,,,,,0,19.9676,0.5928,17.1211,0.7500,,,,,0,30.5334,0.8125,41.2202,1.6250,,,,
194,0,26.4332,0.6562,22.6346,1.1250,,,,,0,19.8762,0.6094,16.6963,0.8750,,,,,0,30.9033,0.8672,38.0271,1.8750,,,,
195,0,21.1929,0.6418,21.5605,0.8750,,,,,0,23.2262,0.6660,16.9718,0.7188,,,,,0,32.0566,0.7734,35.6616,1.6875,,,,
196,0,21.6213,0.5977,19.8684,0.8223,,,,,0,20.4224,0.6016,15.7772,0.6797,,,,,0,32.0354,0.8438,33.7885,1.3750,,,,
197,0,34.5936,0.8789,25.8675,1.1772,,,,,0,24.6668,0.6592,15.5900,0.7500,,,,,0,31.6524,0.8516,33.1132,1.3750,,,,
198,0,28.1620,0.6997,23.1067,0.9688,,,,,0,24.9260,0.6631,14.3670,0.6250,,,,,0,34.1464,0.9648,31.6231,1.3750,,,,
199,0,65.7040,1.1074,25.0972,1.2500,,,,,0,24.8008,0.6816,13.0437,0.5625,,,,,0,71.9949,1.3125,36.5275,1.8125,,,,
200,0,24.6897,0.6943,25.9666,1.5000,,,,,0,23.3016,0.6519,13.7035,0.7656,,,,,0,36.3343,0.9219,32.4041,1.5625,,,,
201,0,24.1446,0.6484,22.5605,1.0000,,,,,0,21.1098,0.5547,15.7233,1.0000,,,,,0,31.1490,0.7998,42.2518,2.1250,,,,
202,0,29.6041,0.9141,25.5008,1.4375,,,,,0,27.1713,0.6074,16.2481,0.8125,,,,,0,37.3306,0.8501,29.8953,1.8750,,,,
203,0,36.8417,0.9121,22.7940,1.3750,,,,,0,31.4768,0.6875,14.8715,0.7812,,,,,0,31.9205,0.8398,28.8587,1.4375,,,,
204,0,31.9980,0.6719,26.8407,1.4688,,,,,0,30.6954,0.6816,16.4686,0.7500,,,,,0,31.9225,0.7344,45.6693,1.6250,,,,
205,0,22.0654,0.6562,26.6093,1.2188,,,,,0,41.8851,0.7812,18.4248,1.0625,,,,,0,35.1989,0.8789,57.1412,2.4258,,,,
206,0,29.4293,0.7383,28.5394,1.3125,,,,,0,31.8797,0.6797,18.4705,0.6562,,,,,0,42.3201,0.9785,45.2106,2.2500,,,,
207,0,45.3387,0.7891,29.4843,1.5625,,,,,0,28.6596,0.6639,18.2997,0.7500,,,,,0,30.7114,0.8281,48.1354,2.4375,,,,
208,0,22.5521,0.5156,29.2848,1.2812,,,,,0,37.1326,0.7012,21.0132,1.1250,,,,,0,30.9687,0.8086,61.9327,2.3750,,,,
209,0,26.9413,0.6201,32.5370,1.6250,,,,,0,28.0920,0.6143,18.6538,0.9062,,,,,0,30.2739,0.7266,48.7477,1.8750,,,,
210,0,25.3812,0.5957,32.8188,1.8750,,,,,0,26.0929,0.5957,17.2808,0.8750,,,,,0,30.0605,0.6885,47.1367,1.8750,,,,
211,0,26.5480,0.5352,30.3655,1.1875,,,,,0,23.1481,0.5718,17.0649,0.7500,,,,,0,30.2031,0.7109,57.8940,2.2500,,,,
212,0,38.7202,0.7031,25.1913,1.2500,,,,,0,26.2589,0.5684,19.3756,0.7500,,,,,0,36.9603,0.9336,48.9116,1.7500,,,,
213,0,29.4709,0.7676,24.5829,0.9688,,,,,0,22.7771,0.6094,22.5636,0.8125,,,,,0,52.8695,1.1250,52.2305,1.7500,,,,
214,0,30.2324,0.8184,20.8940,1.1875,,,,,0,22.6094,0.5747,15.0850,1.1250,,,,,0,28.8498,0.7666,29.2912,1.7500,,,,
215,0,23.0647,0.6646,21.6692,1.5859,,,,,0,17.8155,0.5410,15.4747,1.0625,,,,,0,29.4653,0.6875,30.2553,2.1250,,,,
216,0,41.6461,0.7734,21.5274,0.9678,,,,,0,18.9352,0.5645,16.4869,1.0000,,,,,0,29.5999,0.6777,25.1527,1.8750,,,,
217,0,32.9738,0.8379,23.5211,1.1250,,,,,0,17.6614,0.5273,16.8793,1.2500,,,,,0,29.6672,0.7539,23.8335,2.1250,,,,
218,0,38.7100,0.9971,26.0433,1.3750,,,,,0,17.2053,0.5234,16.5883,0.9375,,,,,0,31.6483,0.8125,21.1395,1.2500,,,,
219,0,20.6691,0.6514,21.2757,1.0000,,,,,0,18.9137,0.5703,15.3983,1.3125,,,,,0,31.6961,0.7744,20.7582,1.6250,,,,
220,0,23.4460,0.7793,22.7040,1.3340,,,,,0,19.6560,0.6250,15.2662,0.7500,,,,,0,27.1744,0.6895,21.6897,0.9688,,,,
221,0,33.6727,0.8867,22.1865,1.1699,,,,,0,17.7750,0.5000,15.7542,1.0000,,,,,0,34.0268,0.8594,23.8764,1.8750,,,,
222,0,20.5323,0.6162,18.5083,1.0000,,,,,0,17.7180,0.5547,15.2689,1.0000,,,,,0,27.9424,0.6816,21.9366,1.1875,,,,
223,0,24.7039,0.7109,20.7052,1.0625,,,,,0,17.7545,0.5054,16.3653,1.1250,,,,,0,31.0178,0.7617,24.0350,1.6875,,,,
224,0,22.5904,0.6152,20.6946,0.9375,,,,,0,19.6281,0.5312,15.0075,0.8125,,,,,0,33.2431,0.8399,24.2479,1.8750,,,,
225,0,21.2442,0.5938,21.8854,0.8750,,,,,0,16.6622,0.5469,15.6564,1.0000,,,,,0,27.6398,0.6899,27.7652,2.2500,,,,
226,0,24.2023,0.6680,25.3590,1.4375,,,,,0,19.2195,0.6016,16.3606,1.0625,,,,,0,28.3804,0.6738,32.2020,3.0625,,,,
227,0,27.5170,0.7656,20.8612,1.0938,,,,,0,19.3516,0.5625,15.8487,0.8750,,,,,0,43.1290,0.9062,30.4120,2.1250,,,,
228,0,19.7133,0.5312,21.2443,1.1250,,,,,0,17.6233,0.5156,13.4623,0.6875,,,,,0,32.6582,0.8438,30.5303,1.3750,,,,
229,0,21.4373,0.6328,21.6461,1.2500,,,,,0,24.9720,0.7109,14.6072,0.7500,,,,,0,37.9616,0.9688,37.7206,2.9375,,,,
230,0,20.6447,0.5977,18.5427,1.0469,,,,,0,24.1640,0.6328,13.5869,0.5156,,,,,0,29.5420,0.8125,33.5788,1.3750,,,,
231,0,21.0354,0.6016,24.3689,1.2500,,,,,0,20.1432,0.6094,13.6704,0.6250,,,,,0,29.4459,0.6465,33.4622,1.4375,,,,
232,0,22.4009,0.7811,21.8118,0.9062,,,,,0,20.0444,0.6016,13.9222,0.7500,,,,,0,28.6414,0.7188,30.0192,1.4375,,,,
233,0,20.7822,0.5703,23.6314,1.1250,,,,,0,19.5090,0.5938,13.7995,1.1250,,,,,0,30.3578,0.7344,30.3432,1.6875,,,,
234,0,23.3691,0.7188,26.0215,1.5000,,,,,0,20.6343,0.6562,13.8378,0.6250,,,,,0,29.9764,0.7500,30.7579,1.1875,,,,
235,0,45.6639,0.9858,24.3325,1.1250,,,,,0,21.0483,0.5781,14.4707,0.7500,,,,,0,30.2200,0.7188,29.7153,1.5000,,,,
236,0,21.5441,0.5903,23.8434,0.9375,,,,,0,19.3581,0.5686,13.5260,0.6875,,,,,0,32.7021,0.7578,29.5529,1.3125,,,,
237,0,21.1583,0.6304,22.2830,1.1094,,,,,0,18.4025,0.5308,14.4391,0.6875,,,,,0,33.9037,0.7812,30.2660,1.3750,,,,
238,0,24.9219,0.6875,29.0296,2.1250,,,,,0,19.4009,0.5547,18.1953,0.9941,,,,,0,51.8327,0.9863,46.1688,3.1250,,,,
239,0,58.4580,1.1328,30.1059,1.8750,,,,,0,25.7786,0.6250,15.6922,0.6094,,,,,0,29.5437,0.7188,50.4396,2.8750,,,,
240,0,34.5387,0.7852,27.9954,1.3125,,,,,0,26.7446,0.6172,17.6351,0.9062,,,,,0,28.8994,0.7109,35.1613,1.7500,,,,
241,0,44.8288,0.9805,28.0318,1.5000,,,,,0,29.2533,0.6465,17.8807,0.9375,,,,,0,31.5488,0.8086,36.1438,1.5000,,,,
242,0,22.7025,0.6855,26.8216,1.7500,,,,,0,29.1574,0.6719,15.5678,0.8125,,,,,0,36.4954,0.8711,39.1602,2.1973,,,,
243,0,43.1571,0.9844,25.4397,1.1875,,,,,0,30.9160,0.7148,16.2611,0.7500,,,,,0,38.9125,0.9551,35.5099,1.4785,,,,
244,0,24.6262,0.6523,26.4218,1.0000,,,,,0,27.2127,0.6602,16.2959,0.7500,,,,,0,38.1205,0.9258,38.5970,1.8125,,,,
245,0,26.4446,0.6094,30.3222,1.4375,,,,,0,23.7721,0.6055,17.9628,0.6875,,,,,0,35.4112,0.8438,48.6671,1.8867,,,,
246,0,20.7495,0.6172,26.3811,1.0625,,,,,0,22.7969,0.5742,18.1007,0.6250,,,,,0,30.5486,0.7734,48.7007,2.2500,,,,
247,0,38.2386,0.8828,33.7624,1.9062,,,,,0,21.4893,0.5820,20.5946,0.8887,,,,,0,36.9633,0.8281,43.8187,1.6328,,,,
248,0,64.4690,1.0430,31.1269,1.7500,,,,,0,19.7276,0.5508,18.8879,0.6875,,,,,0,40.3908,0.8096,42.2567,1.5625,,,,
249,0,23.6033,0.6187,27.9150,1.6250,,,,,0,18.0855,0.5023,17.7333,0.7500,,,,,0,30.8658,0.7178,44.7707,1.6406,,,,
250,0,41.9139,0.8164,25.9636,1.1250,,,,,0,28.8958,0.6113,17.4618,1.1250,,,,,0,42.9190,0.9062,41.2180,1.6250,,,,
251,0,23.6708,0.6777,23.8111,0.9375,,,,,0,20.2788,0.5825,17.1407,0.7500,,,,,0,31.1710,0.7422,32.1451,2.0000,,,,
252,0,52.8985,1.0234,24.9819,1.5625,,,,,0,17.9794,0.5283,16.2436,0.7812,,,,,0,32.4130,0.8574,30.0454,1.3281,,,,
253,0,22.0858,0.6740,22.7904,1.6250,,,,,0,18.6200,0.5488,16.8547,0.7500,,,,,0,28.5493,0.7026,27.0473,1.1250,,,,
254,0,23.9592,0.7687,21.9808,0.8438,,,,,0,17.7587,0.5156,18.0904,0.7500,,,,,0,28.6717,0.7031,22.3061,1.0000,,,,
255,0,45.6764,1.0225,25.1569,1.5000,,,,,0,17.6475,0.5391,17.0170,0.7500,,,,,0,29.0816,0.7373,20.7677,1.4375,,,,
256,0,37.7091,0.9736,22.7709,1.1484,,,,,0,17.5502,0.5195,18.1667,0.7500,,,,,0,32.1864,0.8418,20.9585,1.0000,,,,
257,0,26.5844,0.7808,18.9029,0.9844,,,,,0,20.4408,0.6035,18.1906,0.6875,,,,,0,27.4526,0.7085,21.4660,1.2500,,,,
258,0,21.7716,0.6499,20.7647,0.9062,,,,,0,18.7945,0.5547,16.5073,0.6250,,,,,0,31.0266,0.8008,25.3577,1.0000,,,,
259,0,43.5581,0.9438,20.9147,0.8750,,,,,0,17.7956,0.5312,16.2997,0.6406,,,,,0,31.0570,0.7832,20.7529,0.9688,,,,
260,0,21.3398,0.6084,19.7813,0.7109,,,,,0,17.1927,0.5156,17.4291,0.7500,,,,,0,28.2858,0.7148,24.3421,1.2656,,,,
261,0,24.5675,0.7749,18.8500,1.0234,,,,,0,17.3814,0.5234,16.6713,0.7500,,,,,0,30.1705,0.7734,21.3029,1.7500,,,,
262,0,19.0075,0.5283,19.0244,1.0938,,,,,0,16.6015,0.5078,15.9273,0.8750,,,,,0,33.6040,0.7646,23.7011,2.3750,,,,
263,0,24.2413,0.6875,20.0726,0.7500,,,,,0,17.0220,0.5391,17.6447,0.7500,,,,,0,26.3948,0.7015,34.0966,1.6250,,,,
264,0,21.7968,0.6719,20.2987,0.8125,,,,,0,19.1651,0.5625,14.1515,0.6250,,,,,0,32.4753,0.7852,23.2469,1.1875,,,,
265,0,20.3771,0.5391,21.1080,0.8594,,,,,0,17.4769,0.5135,14.6859,0.6250,,,,,0,27.7361,0.6875,27.6273,1.0742,,,,
266,0,33.5362,0.8594,24.5550,1.5625,,,,,0,18.8059,0.5703,13.2012,0.7500,,,,,0,28.1020,0.7500,30.1378,1.5000,,,,
267,0,44.9138,0.7715,26.0679,1.0625,,,,,0,18.1391,0.5859,13.6757,0.6250,,,,,0,29.6204,0.7422,38.6881,1.8823,,,,
268,0,25.3546,0.6250,19.5578,0.8125,,,,,0,17.7667,0.5361,14.0935,0.7500,,,,,0,26.9900,0.6565,29.3809,1.0938,,,,
269,0,26.8146,0.7617,20.7082,1.0625,,,,,0,19.9099,0.5547,15.4231,0.9375,,,,,0,30.0724,0.8125,31.8674,1.2500,,,,
270,0,22.3011,0.6445,22.7123,0.8750,,,,,0,18.1875,0.5420,15.0259,0.6875,,,,,0,32.5661,0.6953,30.5867,1.2500,,,,
271,0,33.1040,0.8086,19.5966,0.8750,,,,,0,17.5118,0.5459,15.4777,0.7500,,,,,0,26.7080,0.6758,34.2229,2.0000,,,,
272,0,20.8531,0.6797,21.9866,1.0000,,,,,0,17.7205,0.5396,15.1189,0.6875,,,,,0,30.0925,0.6719,30.4995,1.4375,,,,
273,0,21.8393,0.6094,18.5249,0.8125,,,,,0,18.0855,0.5105,15.2245,0.5117,,,,,0,31.2846,0.6533,31.2426,1.0464,,,,
274,0,21.0909,0.5898,22.5368,1.1250,,,,,0,21.3646,0.5742,16.2530,0.7500,,,,,0,33.2323,0.7324,34.0582,1.9062,,,,
275,0,20.9926,0.6562,22.7879,1.1250,,,,,0,17.6505,0.5098,16.5167,0.6250,,,,,0,33.1689,0.6846,27.1444,1.1875,,,,
276,0,22.5472,0.6875,26.4095,1.0547,,,,,0,19.4931,0.5390,20.9624,1.1562,,,,,0,31.2464,0.7578,49.9832,2.6406,,,,
277,0,38.8917,0.9922,24.3168,1.6250,,,,,0,30.8743,0.6250,15.2701,0.7500,,,,,0,59.9583,0.9688,33.4717,2.5625,,,,
278,0,22.8941,0.5938,28.1067,1.2500,,,,,0,27.6969,0.6250,15.1989,0.7500,,,,,0,35.5038,0.7969,30.3283,2.2500,,,,
279,0,22.0887,0.5938,26.6055,1.7500,,,,,0,24.5711,0.5703,17.7332,0.7500,,,,,0,35.2895,0.8594,36.2118,2.1250,,,,
280,0,24.3508,0.6719,28.2944,1.2500,,,,,0,22.4186,0.5781,17.1991,0.7500,,,,,0,35.5452,0.8281,36.6985,1.5703,,,,
281,0,25.7350,0.6719,30.7913,1.4375,,,,,0,19.6347,0.5234,16.5926,0.7500,,,,,0,37.2862,0.8428,36.8360,2.0000,,,,
282,0,21.3190,0.5703,36.1719,1.6250,,,,,0,23.2461,0.5703,17.6482,0.8750,,,,,0,29.9368,0.7812,38.4096,2.0000,,,,
283,0,27.9739,0.7031,29.2713,1.5312,,,,,0,25.7870,0.6016,17.7627,0.6250,,,,,0,30.6700,0.7803,48.2465,1.8750,,,,
284,0,36.9354,0.7812,36.7977,1.5000,,,,,0,28.0102,0.6191,18.8059,0.7500,,,,,0,30.4247,0.7539,44.9814,1.6250,,,,
285,0,20.8351,0.5469,32.9980,1.3438,,,,,0,21.5085,0.5469,19.5195,0.7500,,,,,0,28.6928,0.6875,49.6153,2.3750,,,,
286,0,42.6085,0.8984,41.0988,1.5000,,,,,0,17.1353,0.5371,21.9300,0.8125,,,,,0,28.9917,0.7012,55.2591,3.0000,,,,
287,0,41.3134,0.7188,34.2124,1.5000,,,,,0,26.9320,0.5962,20.6783,0.8750,,,,,0,38.7744,0.9849,50.7519,2.3750,,,,
288,0,28.5859,0.8530,30.6852,1.1875,,,,,0,20.3271,0.6313,20.9322,0.7734,,,,,0,36.5795,0.9062,43.9578,2.0000,,,,
289,0,28.4723,0.7656,36.1675,1.4062,,,,,0,21.1146,0.5977,21.5730,0.8750,,,,,0,32.9957,0.8242,46.6135,1.9141,,,,
290,0,22.7072,0.7809,33.1604,1.2500,,,,,0,19.0022,0.6074,22.4784,0.7500,,,,,0,34.3152,0.6621,37.4168,1.6250,,,,
291,0,32.6462,0.8601,39.5656,1.4688,,,,,0,17.3608,0.5488,23.6091,0.9375,,,,,0,27.4421,0.7109,33.5472,1.6250,,,,
292,0,25.5864,0.6748,33.1771,1.2500,,,,,0,17.1300,0.5110,26.0103,0.8750,,,,,0,34.0414,0.8242,32.9414,1.4375,,,,
293,0,35.0858,0.7920,38.8714,1.9375,,,,,0,17.2354,0.5425,23.6307,0.8281,,,,,0,32.1243,0.8359,31.3301,1.6250,,,,
294,0,39.5896,0.9941,31.4405,1.2031,,,,,0,23.4764,0.6482,23.5840,1.0000,,,,,0,27.3219,0.7388,30.3113,1.5625,,,,
295,0,20.5764,0.6699,32.6197,1.3438,,,,,0,17.9806,0.5625,22.4485,0.9062,,,,,0,27.6433,0.7427,32.5625,1.3750,,,,
296,0,46.4334,0.9141,33.6442,1.5625,,,,,0,17.8356,0.5391,24.4096,0.9375,,,,,0,34.7606,0.8135,36.1505,1.6250,,,,
297,0,35.1540,0.8755,31.9223,1.4375,,,,,0,20.2782,0.6313,22.0443,0.8125,,,,,0,28.5030,0.7207,31.7995,1.5312,,,,
298,0,25.1614,0.7344,30.8821,1.3125,,,,,0,18.3987,0.6104,23.8517,0.9375,,,,,0,31.8784,0.8047,34.5499,1.7812,,,,
299,0,26.4657,0.7793,35.8256,1.5000,,,,,0,17.0575,0.5605,24.1209,0.9375,,,,,0,29.4995,0.7500,34.5590,1.5000,,,,
300,0,64.4121,1.1133,41.9966,1.6875,,,,,0,18.0523,0.6035,22.9811,0.9688,,,,,0,25.8852,0.6680,35.6985,1.3750,,,,
301,0,23.0127,0.6953,37.4406,1.3750,,,,,0,18.4539,0.6289,23.8531,0.8750,,,,,0,27.5583,0.7734,44.6078,1.5156,,,,
302,0,30.2560,0.7500,32.5805,1.3125,,,,,0,19.0632,0.5898,23.1695,0.8750,,,,,0,37.7940,0.8984,36.1981,1.4531,,,,
303,0,31.8471,0.8499,35.6912,1.6250,,,,,0,18.4721,0.6069,21.2348,0.8750,,,,,0,34.3074,0.8423,40.9376,1.6172,,,,
304,0,24.4805,0.6211,35.0329,1.8125,,,,,0,20.3487,0.5781,20.3301,0.8750,,,,,0,54.1321,1.0830,63.4123,2.5000,,,,
305,0,45.7976,1.0371,32.7714,1.3926,,,,,0,21.6060,0.6250,22.2929,0.8750,,,,,0,45.3252,1.1875,67.1056,2.7188,,,,
306,0,24.3926,0.7930,33.2179,1.5098,,,,,0,19.1852,0.6406,21.0720,0.8545,,,,,0,31.6998,0.7695,46.6222,1.8750,,,,
307,0,36.2516,0.8906,30.9649,1.3750,,,,,0,18.0293,0.5918,20.0436,0.9160,,,,,0,32.2316,0.8516,42.0270,1.6250,,,,
308,0,24.5859,0.7285,34.3258,1.5000,,,,,0,18.6366,0.5479,20.3621,1.0142,,,,,0,29.5395,0.7734,48.9825,1.6562,,,,
309,0,33.0955,0.8867,48.1808,2.3750,,,,,0,17.9525,0.5989,20.4072,1.0107,,,,,0,30.1912,0.6758,39.9013,1.6250,,,,
310,0,21.1663,0.6641,31.0695,1.5469,,,,,0,18.4360,0.5703,19.2858,0.9434,,,,,0,30.7058,0.6738,39.4233,1.5938,,,,
311,0,23.8339,0.6670,37.8778,1.6250,,,,,0,17.5254,0.5488,19.8068,0.8945,,,,,0,39.8626,0.7844,41.8548,1.7188,,,,
312,0,27.9044,0.7285,29.3095,1.5000,,,,,0,17.5220,0.5469,19.1529,0.8125,,,,,0,36.2048,0.7656,43.3297,1.7500,,,,
313,0,29.8028,0.7266,31.3770,1.3887,,,,,0,18.5845,0.5830,19.9927,1.0000,,,,,0,44.5807,0.9629,54.8285,2.0312,,,,
314,0,23.0663,0.6953,34.1957,1.8066,,,,,0,19.9415,0.5820,25.7598,1.0000,,,,,0,39.9791,0.9219,47.8376,1.9590,,,,
315,0,22.6980,0.7734,41.0485,1.8125,,,,,0,27.0117,0.6250,21.7709,0.8125,,,,,0,40.5233,0.8535,46.2809,2.1250,,,,
316,0,24.5741,0.7188,42.4476,1.8125,,,,,0,23.7589,0.5664,22.7084,1.0000,,,,,0,36.1219,0.8018,43.6452,1.7676,,,,
317,0,28.6729,0.7500,39.6470,1.9805,,,,,0,23.1570,0.5625,23.5139,1.0000,,,,,0,49.7038,0.9818,43.4989,2.2500,,,,
318,0,23.5495,0.6250,52.4418,2.3438,,,,,0,23.8125,0.6094,23.7848,0.9375,,,,,0,53.0634,1.0327,48.4593,2.1875,,,,
319,0,26.0924,0.8125,43.8695,3.5938,,,,,0,20.5251,0.5547,20.9890,1.0000,,,,,0,63.3693,1.1113,45.9287,2.2500,,,,
320,0,46.0665,0.9062,41.0321,2.0000,,,,,0,24.1468,0.5859,21.3092,0.7500,,,,,0,49.9370,1.0098,46.6093,2.1875,,,,
321,0,23.7757,0.6406,39.6244,1.5938,,,,,0,25.2052,0.5859,21.8958,0.8750,,,,,0,45.3219,0.9346,50.1341,2.0703,,,,
322,0,42.1688,0.9062,42.5568,2.1250,,,,,0,26.6415,0.6250,23.4137,1.0000,,,,,0,36.9338,0.8369,44.2650,2.1250,,,,
323,0,42.5690,0.7266,37.3921,1.6250,,,,,0,21.6464,0.5703,23.1563,0.8750,,,,,0,29.6537,0.7349,49.2070,2.3125,,,,
324,0,20.4869,0.5508,44.1329,1.7500,,,,,0,19.6290,0.5317,22.7302,0.7500,,,,,0,36.3342,0.8438,49.2158,1.9375,,,,
325,0,42.1671,0.7656,42.6677,1.7500,,,,,0,26.3667,0.5508,23.5576,0.8750,,,,,0,50.1183,1.0703,53.5178,2.5000,,,,
326,0,35.6559,0.8008,33.7661,1.3750,,,,,0,19.9919,0.5938,24.3597,1.0625,,,,,0,34.1679,0.8047,46.4530,1.7500,,,,
327,0,22.8003,0.6094,31.1469,1.5000,,,,,0,19.1096,0.5547,20.1488,1.0684,,,,,0,35.6139,0.8516,41.7833,1.8281,,,,
328,0,30.5289,0.8127,30.3458,1.4375,,,,,0,20.7857,0.6001,20.4421,0.8125,,,,,0,27.3920,0.6719,33.9830,1.8281,,,,
329,0,24.8648,0.7676,28.0942,1.4375,,,,,0,17.8026,0.5547,21.0382,1.0625,,,,,0,34.3001,0.8496,29.4688,1.0938,,,,
330,0,68.9051,2.1250,27.8389,1.2812,,,,,0,56.8184,1.5312,31.0933,1.4688,,,,,0,82.0680,1.9062,43.0698,2.0156,,,,
331,0,27.2133,0.7812,30.2918,1.7500,,,,,0,21.7518,0.6562,25.1300,1.0000,,,,,0,54.4252,0.9062,45.4146,2.0625,,,,
332,0,28.0846,0.7188,28.2643,1.0000,,,,,0,19.0758,0.5625,19.0731,0.6875,,,,,0,27.1250,0.7188,34.0477,1.1875,,,,
333,0,25.5944,0.6562,30.2217,1.1250,,,,,0,16.9513,0.4844,18.5448,0.7188,,,,,0,27.6675,0.6562,27.3679,1.0156,,,,
334,0,42.6128,0.9062,25.9639,0.9375,,,,,0,19.9691,0.5781,20.2653,0.7881,,,,,0,26.2835,0.6719,29.2297,1.0625,,,,
335,0,42.3596,0.8281,24.5390,0.7500,,,,,0,16.0145,0.4375,19.3316,0.7305,,,,,0,24.9668,0.8281,35.8873,1.3750,,,,
336,0,19.4073,0.5469,27.5313,1.1094,,,,,0,14.9629,0.4062,19.4795,0.6641,,,,,0,22.6233,0.5938,45.2144,2.0938,,,,
337,0,30.4025,0.6875,32.0954,1.3906,,,,,0,21.4468,0.5938,19.7086,0.6289,,,,,0,39.6269,1.0000,31.7733,1.1719,,,,
338,0,26.3693,0.8438,36.2352,1.3750,,,,,0,16.6967,0.5000,19.9077,0.7188,,,,,0,28.7486,0.7891,38.6331,1.6875,,,,
339,0,23.4014,0.6562,26.6666,0.8438,,,,,0,19.5583,0.5312,22.0256,0.8359,,,,,0,37.3313,0.9922,48.7757,1.8125,,,,
340,0,24.5581,0.6250,31.1896,1.1504,,,,,0,19.8019,0.5625,20.4941,0.7344,,,,,0,71.5131,1.0625,39.0644,1.4375,,,,
341,0,35.6677,0.9688,37.0873,1.5938,,,,,0,23.6677,0.7188,22.3081,0.8125,,,,,0,33.6909,0.8438,45.6249,1.7500,,,,
342,0,46.4664,1.0781,26.1843,1.0000,,,,,0,24.3310,0.6875,19.5979,0.7188,,,,,0,49.7710,1.0156,36.8943,1.4375,,,,
343,0,49.4174,0.9141,24.7193,0.8438,,,,,0,20.7885,0.5938,20.8080,1.1875,,,,,0,46.0039,0.9609,57.7890,4.0312,,,,
344,0,33.5476,0.7500,33.3338,1.2266,,,,,0,17.2157,0.5156,20.5000,0.6875,,,,,0,25.6678,0.6797,44.6543,1.7188,,,,
345,0,22.9579,0.5391,32.8369,1.1250,,,,,0,14.8497,0.4531,18.3437,0.6875,,,,,0,22.5658,0.5312,34.4369,1.1875,,,,
346,0,21.4493,0.5312,33.3782,1.0903,,,,,0,14.3981,0.4727,24.3170,0.8750,,,,,0,24.2958,0.6250,42.4978,1.6094,,,,
347,0,20.7979,0.4844,30.9645,1.2603,,,,,0,14.5461,0.4258,24.0175,0.8281,,,,,0,21.8015,0.5312,45.3837,1.7500,,,,
348,0,18.9856,0.4375,26.7065,1.0625,,,,,0,19.5363,0.4766,18.2504,0.6875,,,,,0,22.7195,0.6016,29.3015,1.1250,,,,
349,0,54.6900,1.6250,32.3635,1.1875,,,,,0,54.4898,1.3750,23.8293,1.0625,,,,,0,61.5743,1.5000,34.7211,1.3750,,,,
350,0,20.0444,0.5254,22.3192,0.7891,,,,,0,17.5206,0.5039,16.5342,0.7812,,,,,0,27.6642,0.8125,25.4398,1.0000,,,,
351,0,23.6927,0.7031,30.3539,1.0000,,,,,0,24.0470,0.5781,20.8583,1.0000,,,,,0,30.9569,0.7891,28.8765,1.0234,,,,
352,0,26.5929,0.5938,31.9695,1.3594,,,,,0,18.2215,0.5625,22.1165,0.7803,,,,,0,32.6992,0.8125,42.7942,1.5625,,,,
353,0,43.1702,0.9219,34.4924,1.6406,,,,,0,19.9284,0.5000,28.4045,1.5859,,,,,0,41.6957,1.1094,75.8702,5.1719,,,,
354,0,25.4548,0.6250,36.3996,1.4375,,,,,0,16.4751,0.4375,19.1302,0.7500,,,,,0,28.1308,0.7500,41.0373,1.5625,,,,
355,0,22.2528,0.5000,33.2495,1.0312,,,,,0,17.2030,0.4844,20.1604,0.7188,,,,,0,32.1741,0.7656,52.7034,2.1406,,,,
356,0,39.0787,0.7422,31.8828,1.1562,,,,,0,20.8961,0.4688,22.5993,0.7344,,,,,0,40.3453,0.8672,45.5741,1.5781,,,,
357,0,25.5411,0.5938,29.7186,1.0312,,,,,0,16.6026,0.4844,24.8135,0.9375,,,,,0,40.3592,0.8906,63.3733,2.6328,,,,
358,0,69.1147,1.2969,37.0153,1.3125,,,,,0,25.4327,0.6875,18.8260,0.6719,,,,,0,30.8046,0.7188,57.4357,2.5312,,,,
359,0,26.2230,0.7969,34.5368,1.1875,,,,,0,23.1776,0.6250,21.9824,0.8984,,,,,0,47.5891,1.0469,50.4319,1.6094,,,,
360,0,28.3746,0.8438,35.0163,1.6328,,,,,0,22.5557,0.6250,21.6394,0.8750,,,,,0,41.2034,0.9531,47.6697,1.9688,,,,
361,0,43.5300,0.8555,37.4557,1.3125,,,,,0,28.1396,0.7031,24.5125,1.0000,,,,,0,58.0432,1.0938,44.4710,2.2500,,,,
362,0,21.6165,0.5938,36.3204,1.3789,,,,,0,26.2014,0.6641,22.4746,0.8750,,,,,0,49.3635,0.9922,40.1651,1.4375,,,,
363,0,46.3917,0.9160,31.5398,1.1875,,,,,0,29.6944,0.7266,20.8511,0.7500,,,,,0,28.2032,0.7578,27.9637,1.0508,,,,
364,0,39.7973,0.9570,30.9511,1.1562,,,,,0,20.5678,0.6094,19.6284,0.6875,,,,,0,45.9695,1.1016,39.3940,1.8359,,,,
365,0,27.6663,0.7109,29.4883,1.3125,,,,,0,20.5346,0.6484,22.5388,0.8438,,,,,0,36.7522,0.9922,24.9104,1.2500,,,,
366,0,51.1405,0.9062,21.9566,0.9375,,,,,0,22.2014,0.6711,17.3562,0.8750,,,,,0,45.8918,1.1523,22.2022,1.4375,,,,
367,0,29.9689,0.8301,24.4770,1.3906,,,,,0,20.3746,0.6113,15.9013,0.6875,,,,,0,51.3823,1.2500,25.6466,1.0312,,,,
368,0,50.9246,0.8726,24.8965,1.6523,,,,,0,21.7968,0.6465,14.8768,0.6875,,,,,0,40.9116,1.0508,24.5685,1.1875,,,,
369,0,22.5001,0.6641,23.4281,1.2500,,,,,0,22.1112,0.6660,15.0604,0.7500,,,,,0,44.4401,1.1250,24.6746,1.2500,,,,
370,0,28.2246,0.7578,22.9647,1.0000,,,,,0,20.1862,0.5938,15.5194,0.7500,,,,,0,40.0460,1.0586,27.5547,1.1660,,,,
371,0,29.6396,0.8281,23.5169,0.9375,,,,,0,23.3088,0.6777,15.9230,0.6875,,,,,0,42.6004,1.1016,30.8662,1.4785,,,,
372,0,24.2846,0.8320,23.1135,0.8125,,,,,0,21.7052,0.6333,16.5653,0.7500,,,,,0,48.2025,1.1914,30.9396,2.0371,,,,
373,0,27.6745,0.7417,23.1108,1.0625,,,,,0,20.5648,0.5869,17.4131,0.6250,,,,,0,43.8695,1.1328,29.0176,1.8024,,,,
374,0,30.2565,0.8594,22.1607,1.0234,,,,,0,19.5207,0.5586,16.6846,1.0625,,,,,0,51.5400,1.2012,29.6790,2.1406,,,,
375,0,22.6392,0.6426,21.6398,1.0000,,,,,0,20.9704,0.6113,15.6316,0.8750,,,,,0,54.4452,1.2168,27.8102,1.6445,,,,
376,0,24.1001,0.7759,23.7832,1.3750,,,,,0,19.5356,0.6084,16.3766,1.0625,,,,,0,41.2597,1.0195,34.7397,1.6875,,,,
377,0,34.4738,0.8398,21.6377,1.0000,,,,,0,20.9966,0.5938,16.3080,0.9375,,,,,0,43.0646,1.0098,29.9016,1.3750,,,,
378,0,33.8660,0.7842,24.2256,1.3125,,,,,0,20.3570,0.6484,15.4734,0.7500,,,,,0,40.6682,1.0938,28.6424,1.2500,,,,
379,0,27.2874,0.6562,25.8401,1.0703,,,,,0,21.0406,0.6953,16.6622,0.8750,,,,,0,48.0584,1.1953,29.1744,1.1680,,,,
380,0,23.3147,0.6953,20.5350,0.8750,,,,,0,22.0314,0.6953,15.3775,0.7500,,,,,0,42.8309,1.1250,34.0206,1.4609,,,,
381,0,25.5695,0.6914,22.6823,1.2461,,,,,0,23.0290,0.6836,15.0276,0.7500,,,,,0,46.2265,1.1484,32.7711,1.5361,,,,
382,0,24.2248,0.6953,23.6202,0.9688,,,,,0,23.0436,0.6914,15.0322,0.7031,,,,,0,35.6216,1.0312,31.3454,1.3750,,,,
383,0,34.7472,1.0371,24.6768,1.1875,,,,,0,23.3567,0.6875,16.0948,0.7500,,,,,0,59.0421,1.2812,31.1894,1.1406,,,,
384,0,30.5746,0.6641,22.0496,1.0117,,,,,0,20.6926,0.6523,14.3926,0.7500,,,,,0,42.1416,1.1016,30.2959,1.2500,,,,
385,0,59.3137,1.0938,30.5485,1.4062,,,,,0,26.2937,0.6421,19.0474,0.7500,,,,,0,38.9313,1.0547,37.3410,1.6250,,,,
386,0,34.1528,0.8281,23.9213,1.2500,,,,,0,22.3615,0.6533,15.8945,0.7031,,,,,0,42.8571,1.1328,31.3505,1.2500,,,,
387,0,30.6095,0.8340,41.3891,2.0938,,,,,0,24.0316,0.6719,22.3558,1.0000,,,,,0,39.6912,1.0625,36.9622,1.7500,,,,
388,0,23.4951,0.7617,25.4063,1.2188,,,,,0,21.5875,0.6172,20.1294,0.8125,,,,,0,32.8125,0.9062,45.8097,2.2500,,,,
389,0,30.8766,0.7529,23.8717,0.8125,,,,,0,26.0376,0.6250,17.9041,0.7500,,,,,0,43.7028,1.0469,49.1461,3.0000,,,,
390,0,39.7971,0.9531,24.7051,0.9375,,,,,0,24.6538,0.5977,17.9766,0.7500,,,,,0,37.5404,0.9609,33.3458,1.7500,,,,
391,0,25.1505,0.7344,27.2577,1.3125,,,,,0,23.3032,0.5623,18.0337,0.7500,,,,,0,38.5604,0.9688,34.5829,1.7500,,,,
392,0,21.8131,0.6562,26.8384,1.1250,,,,,0,33.4964,0.7080,17.7211,0.6875,,,,,0,50.2568,1.0938,36.4588,1.5938,,,,
393,0,22.3652,0.6370,28.1440,1.0625,,,,,0,33.9639,0.7344,17.1074,0.6250,,,,,0,49.0989,1.0781,37.7246,1.6250,,,,
394,0,21.3412,0.6299,26.7653,1.0938,,,,,0,27.7306,0.6826,18.6043,0.7500,,,,,0,50.2488,1.1172,38.6978,1.6250,,,,
395,0,21.6618,0.5806,29.9803,1.3750,,,,,0,34.2360,0.7070,18.2845,0.8750,,,,,0,44.6819,1.0391,40.6514,1.8750,,,,
396,0,23.1530,0.6328,28.6506,1.1055,,,,,0,35.6118,0.7412,18.5163,0.6875,,,,,0,38.0562,0.9375,41.7245,1.6250,,,,
397,0,30.6930,0.6875,29.4935,1.5000,,,,,0,26.9023,0.6289,18.4823,0.7266,,,,,0,33.2928,0.8594,37.1632,1.6250,,,,
398,0,32.7009,0.7559,28.5440,1.2500,,,,,0,23.2079,0.6250,16.7850,0.7500,,,,,0,34.2102,0.8828,39.9965,1.5000,,,,
399,0,32.7599,0.8008,31.8271,1.4229,,,,,0,32.2239,0.7109,18.6196,0.8750,,,,,0,42.9490,1.0703,44.4622,1.8750,,,,
400,0,33.2636,0.7070,33.8163,1.5000,,,,,0,34.6830,0.6406,19.5654,1.0000,,,,,0,65.5897,1.2301,41.8872,2.0625,,,,
401,0,32.6934,0.7969,22.7813,0.8125,,,,,0,30.2948,0.7119,18.5848,0.6562,,,,,0,41.6485,0.9219,32.3574,2.0000,,,,
402,0,22.4089,0.6348,29.3340,1.2500,,,,,0,18.5313,0.5156,15.4406,0.8438,,,,,0,35.7814,0.8984,27.2207,1.3750,,,,
403,0,29.9830,0.6641,26.3883,1.6094,,,,,0,17.8924,0.5156,17.2456,0.8125,,,,,0,27.8654,0.6445,27.0172,1.4688,,,,
404,0,34.6041,0.8359,25.1129,1.0000,,,,,0,17.2263,0.5117,18.4001,0.6250,,,,,0,29.4159,0.7109,29.9908,1.6250,,,,
405,0,29.6694,0.6973,20.3586,0.9375,,,,,0,17.2360,0.5273,17.1576,0.9375,,,,,0,32.8393,0.8418,22.1488,1.4375,,,,
406,0,31.1369,0.7734,22.2701,1.1719,,,,,0,18.0026,0.4931,16.0701,0.8750,,,,,0,39.5323,0.9773,21.1968,1.1875,,,,
407,0,37.8907,0.8848,22.9460,1.1250,,,,,0,17.9326,0.5625,16.1542,0.7500,,,,,0,29.4437,0.8135,22.8242,1.1875,,,,
408,0,31.7798,0.9062,23.5813,1.5000,,,,,0,18.9748,0.5391,16.0537,0.7500,,,,,0,31.1705,0.8076,24.4533,1.2500,,,,
409,0,32.8144,0.7988,22.1412,1.3018,,,,,0,21.0842,0.6016,15.7419,0.8125,,,,,0,32.4441,0.8008,24.7330,1.6875,,,,
410,0,21.4802,0.6025,22.6464,0.8750,,,,,0,18.4597,0.5391,16.3625,0.7500,,,,,0,31.0257,0.7852,23.1174,1.3125,,,,
411,0,35.6942,0.8848,24.0820,1.3594,,,,,0,17.5100,0.5273,17.1108,0.9375,,,,,0,29.4477,0.7627,22.2949,1.3750,,,,
412,0,27.2817,0.7734,25.9981,1.0000,,,,,0,16.3657,0.4971,17.0501,1.0000,,,,,0,33.9192,0.8086,23.9829,1.4375,,,,
413,0,22.0134,0.5908,25.1010,2.0000,,,,,0,17.8823,0.5625,16.6914,1.0625,,,,,0,26.8497,0.6572,28.9874,2.1250,,,,
414,0,34.3628,0.8125,19.9483,1.1562,,,,,0,19.0747,0.5781,14.0089,0.8730,,,,,0,39.8379,0.8867,26.5918,1.9375,,,,
415,0,26.8381,0.7129,21.0224,1.5781,,,,,0,17.6239,0.5107,15.2957,0.6250,,,,,0,28.7041,0.7344,34.0994,1.4688,,,,
416,0,30.0714,0.7285,23.5857,1.4375,,,,,0,22.0002,0.5859,14.6389,0.6250,,,,,0,35.4384,0.8828,35.0608,1.3125,,,,
417,0,49.7282,0.9141,19.9307,1.0000,,,,,0,18.5172,0.5391,16.3219,0.6875,,,,,0,32.8770,0.8770,37.4999,1.3125,,,,
418,0,36.4616,0.9685,21.7636,1.1367,,,,,0,23.4727,0.6514,14.1562,0.5625,,,,,0,38.6017,0.9102,32.7197,1.4375,,,,
419,0,38.7677,0.8164,20.8880,1.1250,,,,,0,20.0385,0.5923,13.0932,0.5312,,,,,0,31.4882,0.7500,28.8599,1.1250,,,,
420,0,21.0245,0.6924,19.1532,1.3750,,,,,0,20.0411,0.5515,13.9800,0.6562,,,,,0,32.6133,0.8828,29.4885,1.7500,,,,
421,0,40.4625,0.8398,22.4538,1.3125,,,,,0,19.9552,0.6133,13.8434,0.5938,,,,,0,31.2923,0.9375,31.8547,2.0000,,,,
422,0,32.9164,0.8398,22.3572,1.5781,,,,,0,18.2500,0.5277,13.6379,0.7656,,,,,0,33.3416,1.1250,30.8727,1.5000,,,,
423,0,25.1388,0.6016,19.0687,1.3125,,,,,0,18.1682,0.5352,14.1904,0.6875,,,,,0,34.6756,0.8750,31.4924,1.6250,,,,
424,0,22.5367,0.6523,21.7122,1.1562,,,,,0,19.1686,0.5303,15.3814,0.6562,,,,,0,36.2329,1.0000,33.2707,1.7500,,,,
425,0,54.7262,1.0234,24.8842,1.1250,,,,,0,20.2185,0.5508,14.4139,0.5420,,,,,0,34.2693,0.8516,36.0658,1.8125,,,,
426,0,51.8272,1.0605,23.0577,0.8750,,,,,0,18.8123,0.5703,15.7443,0.6250,,,,,0,29.6137,0.7070,40.7355,1.8750,,,,
427,0,57.8840,0.9297,22.5819,1.2500,,,,,0,22.8604,0.5762,16.5199,0.8442,,,,,0,47.5592,1.0127,31.8334,1.7500,,,,
428,0,22.4201,0.6562,26.2650,1.5000,,,,,0,20.4849,0.6055,15.6670,0.5625,,,,,0,40.5133,1.0244,32.9966,2.2500,,,,
429,0,27.5925,0.8008,29.6586,1.7969,,,,,0,20.9475,0.5586,17.5162,0.8018,,,,,0,33.2544,0.9014,40.5527,1.8750,,,,
430,0,33.5109,0.8047,39.9764,3.2500,,,,,0,21.8130,0.5938,16.1625,0.7500,,,,,0,42.6543,0.9990,42.1757,2.0000,,,,
431,0,25.4823,0.6133,28.8764,1.2500,,,,,0,20.1605,0.5547,17.6847,0.6875,,,,,0,57.3788,1.1445,42.5389,2.2500,,,,
432,0,21.6464,0.6152,31.7147,1.2812,,,,,0,19.7883,0.5703,18.6777,0.7500,,,,,0,32.9110,0.9043,39.1410,1.5625,,,,
433,0,35.4850,0.6782,28.2620,1.1250,,,,,0,19.0729,0.5586,18.0659,0.7812,,,,,0,33.7118,0.8887,41.9836,1.7500,,,,
434,0,22.4723,0.5273,28.5608,1.1875,,,,,0,18.3352,0.5156,17.3773,0.7500,,,,,0,35.0243,0.8750,41.3427,1.6250,,,,
435,0,22.5969,0.6450,30.2120,1.3125,,,,,0,21.0180,0.5781,17.9307,0.6562,,,,,0,35.1610,0.8594,37.4295,1.3750,,,,
436,0,34.2013,0.7969,26.0906,1.0000,,,,,0,17.8445,0.5391,18.9860,0.6875,,,,,0,34.8845,0.8438,43.2189,1.6250,,,,
437,0,22.6039,0.6187,31.5594,1.6250,,,,,0,23.6639,0.5742,21.6416,0.8125,,,,,0,49.1717,1.1787,41.8599,2.0000,,,,
438,0,23.5888,0.6445,21.5951,1.0000,,,,,0,20.6868,0.5947,16.8676,1.0000,,,,,0,48.5034,0.9863,32.6494,1.4375,,,,
439,0,22.7595,0.8008,20.4674,0.9375,,,,,0,18.8034,0.5615,16.0575,0.7812,,,,,0,40.3815,0.9541,29.5882,1.8750,,,,
440,0,27.5679,0.6719,26.2758,1.0000,,,,,0,17.7177,0.5137,19.2969,1.0312,,,,,0,31.5464,0.8027,34.9135,1.6250,,,,
441,0,82.8024,1.2734,34.5958,1.8691,,,,,0,16.6299,0.5000,19.1243,1.0000,,,,,0,29.6245,0.7705,31.7324,2.1875,,,,
442,0,37.8926,0.8298,23.9146,1.7500,,,,,0,16.7191,0.5156,19.7158,1.0000,,,,,0,33.0665,0.8105,31.5086,1.9375,,,,
443,0,31.6790,0.7578,19.3793,1.2500,,,,,0,17.1487,0.5391,18.5950,1.5000,,,,,0,33.6119,0.8574,22.9843,1.6250,,,,
444,0,34.0872,0.7976,26.2505,1.7500,,,,,0,17.5011,0.5234,16.4927,1.5625,,,,,0,31.1184,0.8398,21.9615,1.3750,,,,
445,0,29.3897,0.6797,21.9087,1.1367,,,,,0,20.4323,0.6094,14.7932,0.6875,,,,,0,30.3852,0.7266,22.4844,1.3125,,,,
446,0,38.6820,0.8885,24.2277,1.2500,,,,,0,19.7385,0.5684,16.3370,0.8750,,,,,0,33.1283,0.8066,22.8581,1.2500,,,,
447,0,20.7032,0.5898,23.7712,1.1875,,,,,0,17.9709,0.5430,16.7329,1.2500,,,,,0,29.7428,0.7422,22.9294,1.7500,,,,
448,0,20.3136,0.5820,20.7012,1.4375,,,,,0,17.2393,0.5156,17.1468,1.3750,,,,,0,30.7931,0.7344,22.7420,1.5625,,,,
449,0,57.9274,0.8906,21.2571,1.1250,,,,,0,16.6339,0.4766,15.0827,0.7188,,,,,0,28.9345,0.7344,20.6610,1.4375,,,,
450,0,33.2341,0.7734,25.7057,1.6250,,,,,0,17.4584,0.5684,15.6190,1.0625,,,,,0,26.8123,0.6348,23.8512,1.5000,,,,
451,0,23.7264,0.5781,25.7557,1.3125,,,,,0,20.2204,0.6016,17.5710,1.5000,,,,,0,27.3708,0.6877,38.6253,3.7500,,,,
452,0,41.7681,1.0137,20.6720,1.5625,,,,,0,18.3314,0.5723,17.1723,1.6875,,,,,0,35.4274,0.8555,31.3106,2.4453,,,,
453,0,23.9068,0.6094,19.7836,1.1250,,,,,0,17.9243,0.5312,13.3351,0.8125,,,,,0,33.2078,0.8008,30.6252,1.5000,,,,
454,0,40.4522,0.9302,27.1898,1.5938,,,,,0,33.5581,0.8235,19.0024,0.9531,,,,,0,79.9836,1.3281,48.4289,2.5625,,,,
455,0,38.1095,0.8853,26.3136,1.4688,,,,,0,36.6213,0.8594,16.0854,0.6436,,,,,0,61.4954,1.1719,37.9802,1.9375,,,,
456,0,28.0865,0.6406,22.1459,1.4375,,,,,0,26.9728,0.6875,13.9779,0.8125,,,,,0,42.4204,0.9062,32.8733,1.2500,,,,
457,0,25.5325,0.6582,21.3066,1.0000,,,,,0,20.5268,0.6328,13.6179,0.7500,,,,,0,31.0808,0.8281,28.2456,1.5000,,,,
458,0,29.1888,0.7246,21.5325,1.1250,,,,,0,20.1210,0.6172,14.0767,0.8750,,,,,0,31.5984,0.8125,30.4700,1.5000,,,,
459,0,20.5699,0.6094,24.7615,1.2500,,,,,0,17.3908,0.5469,14.5033,0.8750,,,,,0,28.1455,0.6875,36.5855,2.2031,,,,
460,0,21.8850,0.6436,19.5047,0.8125,,,,,0,18.3373,0.5508,14.5118,0.7500,,,,,0,32.1935,0.8125,29.6277,1.4375,,,,
461,0,27.8378,0.7212,21.9341,1.1875,,,,,0,24.4145,0.6055,14.7702,0.7500,,,,,0,30.0502,0.7227,33.0102,1.5625,,,,
462,0,31.7054,0.8281,23.8698,1.5039,,,,,0,29.6569,0.6777,15.4652,0.6250,,,,,0,31.4263,0.8047,31.7054,1.8906,,,,
463,0,39.4515,0.8096,22.2701,1.1875,,,,,0,18.5316,0.5088,15.5009,0.6875,,,,,0,35.1743,0.8867,36.4461,1.5625,,,,
464,0,23.5752,0.7773,28.6525,1.9531,,,,,0,20.9836,0.5547,13.4648,0.5625,,,,,0,37.7361,0.8828,36.9051,2.3906,,,,
465,0,25.8455,0.7109,24.3391,1.7812,,,,,0,22.5935,0.5898,16.7411,0.7344,,,,,0,38.9518,0.9219,30.4052,2.0000,,,,
466,0,40.3313,0.7773,24.6783,1.1250,,,,,0,23.4904,0.5898,16.3736,0.7500,,,,,0,49.3696,0.9697,35.2852,1.5000,,,,
467,0,59.9280,1.7500,23.8118,0.8926,,,,,0,58.9498,1.4375,18.8035,0.6250,,,,,0,67.5118,1.8750,29.6550,1.3750,,,,
468,0,23.8992,0.6758,28.8448,1.1250,,,,,0,18.5501,0.6016,19.3246,0.7500,,,,,0,30.6553,1.0000,25.8693,0.9062,,,,
469,0,41.7776,0.7188,25.5363,1.0625,,,,,0,16.9015,0.4375,16.5036,0.5469,,,,,0,39.9488,1.4531,43.5569,2.0000,,,,
470,0,32.0465,0.8438,25.6618,0.8906,,,,,0,17.6824,0.5625,19.2922,0.7500,,,,,0,43.7738,0.8125,36.2002,1.3125,,,,
471,0,19.3318,0.5312,26.0780,0.8125,,,,,0,14.4688,0.4375,19.6131,0.7227,,,,,0,30.0344,1.4062,46.0153,1.6094,,,,
472,0,24.6357,0.6562,33.2029,1.2812,,,,,0,18.2846,0.5000,17.6680,0.6250,,,,,0,32.2217,1.1094,39.7959,1.5312,,,,
473,0,26.5872,0.6875,26.1880,1.1250,,,,,0,20.8771,0.5625,16.1347,0.5625,,,,,0,51.2018,0.8906,30.2940,1.5781,,,,
474,0,30.9319,1.0156,27.8346,1.0625,,,,,0,26.9085,0.8438,20.9044,0.6953,,,,,0,59.8849,1.2812,44.5200,1.8125,,,,
475,0,21.4193,0.5469,32.1041,1.2656,,,,,0,24.9355,0.6719,20.5414,0.6919,,,,,0,26.3275,0.6641,44.8815,1.8203,,,,
476,0,36.8830,0.6797,28.7987,1.0625,,,,,0,20.1274,0.5859,21.2721,0.8750,,,,,0,30.4702,0.6289,52.6369,3.0781,,,,
477,0,18.7922,0.4609,33.2152,1.2500,,,,,0,17.9844,0.4844,21.5629,0.7656,,,,,0,31.8683,0.6719,29.3379,1.2500,,,,
478,0,73.1696,1.7500,27.5017,1.0000,,,,,0,58.3260,1.5000,20.9917,0.7188,,,,,0,62.8678,1.5156,43.3612,2.0000,,,,
479,0,32.7933,0.5938,29.7013,0.9668,,,,,0,20.0305,0.5469,15.9861,0.6016,,,,,0,41.7517,0.9844,36.7457,1.3672,,,,
480,0,20.6128,0.5938,27.3642,0.9375,,,,,0,21.5189,0.6094,20.3004,0.7500,,,,,0,49.1717,1.0000,39.7102,1.4375,,,,
481,0,51.7597,0.9688,27.9638,0.9375,,,,,0,20.3854,0.6250,20.6503,0.6836,,,,,0,59.0910,1.1562,40.2704,1.2812,,,,
482,0,21.7762,0.5625,28.1906,1.0312,,,,,0,19.3567,0.6216,20.5805,1.0156,,,,,0,39.6617,0.9297,60.2070,4.2109,,,,
483,0,20.3322,0.5469,27.1634,0.8750,,,,,0,20.8873,0.5938,16.8669,0.5312,,,,,0,35.7332,0.8438,36.2168,1.3750,,,,
484,0,41.4483,0.9688,23.4022,0.7812,,,,,0,20.6859,0.5625,25.9395,0.9375,,,,,0,70.0121,1.4844,37.4266,1.1250,,,,
485,0,21.7243,0.5156,28.3394,0.9297,,,,,0,16.3474,0.5156,23.9303,1.0547,,,,,0,27.1961,0.7188,37.1964,1.5234,,,,
486,0,55.0779,0.9062,27.8447,1.1562,,,,,0,24.1866,0.5781,19.8718,0.6562,,,,,0,55.3281,1.3887,35.4809,1.3438,,,,
487,0,24.0645,0.6406,29.8918,1.0000,,,,,0,19.5210,0.5469,19.9514,0.6719,,,,,0,41.3530,1.1406,49.1505,2.1250,,,,
488,0,37.3250,0.9062,30.6684,1.2344,,,,,0,26.6518,0.7031,25.2169,0.8750,,,,,0,30.8796,0.8125,63.7621,2.5938,,,,
489,0,46.9601,1.2031,30.9016,1.0918,,,,,0,22.9259,0.7188,20.0138,0.6875,,,,,0,43.0306,1.0312,44.6817,2.1719,,,,
490,0,22.3237,0.6562,23.8100,0.8438,,,,,0,18.2158,0.5938,19.8967,0.8047,,,,,0,28.9291,0.7500,33.8204,1.4375,,,,
491,0,62.4880,0.9688,28.4834,1.0078,,,,,0,14.1085,0.4453,20.4543,0.6875,,,,,0,31.5473,0.6562,42.9169,1.8750,,,,
492,0,22.8184,0.5000,36.9012,1.5000,,,,,0,14.0005,0.3906,22.6337,0.9375,,,,,0,27.8030,0.7188,41.6303,1.9062,,,,
493,0,23.5242,0.5469,29.6886,1.0000,,,,,0,27.8000,0.5469,20.1161,0.7500,,,,,0,45.8092,0.7969,30.1962,1.3906,,,,
494,0,26.1047,0.6094,30.0755,1.2188,,,,,0,25.2344,0.5234,22.2133,0.9375,,,,,0,24.5124,0.6328,31.0996,1.3516,,,,
495,0,55.6419,1.5938,24.5187,1.0312,,,,,0,59.4369,1.5625,18.2712,0.7188,,,,,0,65.9356,1.5312,28.8854,1.1553,,,,
496,0,24.6138,0.6094,29.9135,1.2500,,,,,0,19.3634,0.5312,19.8297,0.8750,,,,,0,33.0397,0.9844,30.8067,1.0312,,,,
497,0,46.9644,0.8594,29.5900,0.9688,,,,,0,27.5442,0.7344,17.7711,0.5938,,,,,0,33.3680,0.8438,59.5033,2.7891,,,,
498,0,48.2539,1.1875,28.1624,0.9688,,,,,0,26.8013,0.6797,21.2275,0.7188,,,,,0,39.6229,0.8906,43.6655,1.7812,,,,
499,0,31.9732,1.0312,35.1167,1.0625,,,,,0,27.7490,0.7500,18.0558,0.6875,,,,,0,50.4754,1.0000,43.1003,1.8438,,,,
500,0,34.0578,0.9375,27.5349,1.0605,,,,,0,28.2450,0.7500,21.4217,0.7812,,,,,0,64.2069,1.2188,42.4505,1.5938,,,,
501,0,22.7781,0.6875,28.9237,1.1172,,,,,0,21.8839,0.6250,18.9230,0.6562,,,,,0,37.7165,0.8125,34.9074,1.3408,,,,
502,0,26.3686,0.7031,33.3668,1.2812,,,,,0,20.1805,0.5312,17.5053,0.5156,,,,,0,43.2220,1.1094,40.8761,1.3906,,,,
503,0,35.7985,0.7188,30.2678,1.0000,,,,,0,21.0363,0.5625,19.8048,0.7188,,,,,0,26.5860,0.7812,44.6722,1.9844,,,,
504,0,24.3193,0.6250,29.7151,0.9844,,,,,0,26.1920,0.6250,22.3738,0.8057,,,,,0,39.6462,1.2500,41.6845,1.5938,,,,
505,0,24.5133,0.7812,30.4057,1.0625,,,,,0,21.6980,0.6250,17.4535,0.6328,,,,,0,34.3118,0.8804,43.9825,1.4844,,,,
506,0,30.1682,0.8438,27.8773,1.0938,,,,,0,22.1615,0.6250,19.8801,0.7500,,,,,0,41.7335,0.9375,42.4899,1.4062,,,,
507,0,40.8063,0.8438,27.0838,0.8906,,,,,0,22.7771,0.7500,17.6165,0.7031,,,,,0,41.3532,1.2188,39.3380,1.6250,,,,
508,0,29.8545,0.8750,28.5565,1.0000,,,,,0,20.8141,0.5703,17.4041,0.5938,,,,,0,49.1258,1.0312,45.6607,1.7773,,,,
509,0,53.9495,1.0000,32.9981,1.2188,,,,,0,17.8119,0.4688,23.3356,0.8359,,,,,0,46.3491,1.5781,52.0543,2.2812,,,,
510,0,43.2761,0.8125,28.7677,0.9219,,,,,0,17.6773,0.5000,21.8084,0.8750,,,,,0,34.9354,0.7812,59.0217,2.2812,,,,
511,0,25.5878,0.7500,32.1139,1.1855,,,,,0,23.8789,0.7188,22.7146,0.6875,,,,,0,35.7472,0.9375,56.0828,2.0938,,,,
512,0,30.0660,0.8438,29.5621,1.3125,,,,,0,26.0944,0.6250,17.5312,0.7500,,,,,0,46.9969,0.9297,50.0427,2.8125,,,,
513,0,41.0998,0.9062,25.9227,0.9688,,,,,0,22.7653,0.6719,20.0438,0.7500,,,,,0,38.2592,0.8594,39.1461,1.4688,,,,
514,0,36.5682,0.7031,26.7310,1.0312,,,,,0,17.0772,0.5156,21.6836,0.8516,,,,,0,27.9827,0.6562,42.9342,1.5000,,,,
515,0,49.5364,1.4844,27.3789,0.9375,,,,,0,50.2399,1.3125,21.0083,0.7812,,,,,0,74.4879,1.6250,56.2562,2.0977,,,,
516,0,30.1044,0.6797,35.4958,1.3750,,,,,0,18.7530,0.6562,19.5388,0.7500,,,,,0,27.9873,0.6094,43.2878,2.2188,,,,
517,0,58.9397,0.9688,25.4768,0.9375,,,,,0,18.1020,0.4375,18.5302,0.6250,,,,,0,34.7855,0.8438,40.1716,1.3125,,,,
518,0,19.4598,0.5156,25.7539,0.8125,,,,,0,16.1675,0.5156,19.0557,0.7812,,,,,0,58.2898,0.9062,37.2630,1.1562,,,,
519,0,23.9115,0.5000,26.9747,0.8438,,,,,0,17.6980,0.4766,24.2480,1.1250,,,,,0,62.1074,1.0156,47.7363,2.2979,,,,
520,0,25.1856,0.6406,24.1102,0.7500,,,,,0,18.8314,0.5938,21.2017,0.6406,,,,,0,25.6892,0.8281,42.6914,1.7969,,,,
521,0,49.6978,1.0312,26.1663,0.9141,,,,,0,24.2430,0.6875,18.4125,0.5938,,,,,0,28.1545,0.8125,59.3701,2.6250,,,,
522,0,22.3868,0.6562,38.9224,2.4180,,,,,0,19.7429,0.6094,21.2195,1.1270,,,,,0,54.7914,1.1016,54.1574,5.2188,,,,
523,0,24.4202,0.7227,29.5316,1.0625,,,,,0,19.0494,0.5469,23.5983,0.8438,,,,,0,48.1225,0.9531,47.6831,1.6875,,,,
524,0,32.8257,0.7656,36.9394,1.9375,,,,,0,19.6078,0.5469,23.8463,0.8438,,,,,0,34.1685,0.8438,38.5284,1.6250,,,,
525,0,36.7556,0.9375,28.3134,1.1562,,,,,0,20.1575,0.6191,20.7902,1.0000,,,,,0,41.0262,0.9922,26.1828,1.3438,,,,
526,0,30.5610,0.9062,20.8492,0.8750,,,,,0,21.1304,0.6621,16.1241,0.7969,,,,,0,41.3429,0.9531,21.2501,0.9766,,,,
527,0,39.0630,0.9375,22.1610,0.8594,,,,,0,20.6039,0.6338,17.6849,1.1250,,,,,0,38.5067,1.0312,30.5794,1.1250,,,,
528,0,26.9227,0.7422,22.1921,1.5625,,,,,0,20.8603,0.6484,15.9371,0.8125,,,,,0,31.3040,0.8359,37.6611,2.2344,,,,
529,0,23.3146,0.7500,20.8244,0.8438,,,,,0,22.6094,0.6172,18.8023,0.8750,,,,,0,34.3000,0.9844,37.2289,2.2188,,,,
530,0,26.5762,0.7188,23.4461,0.9746,,,,,0,22.9609,0.6797,16.5103,0.9375,,,,,0,36.1737,1.0312,39.2917,2.0000,,,,
531,0,38.3197,0.8281,28.7246,1.3516,,,,,0,27.6938,0.7969,15.5404,0.6250,,,,,0,41.9700,1.1719,37.9617,1.6406,,,,
532,0,27.9656,0.8398,22.5609,1.2500,,,,,0,24.8221,0.7344,15.3206,0.9062,,,,,0,38.4444,1.1094,34.3901,1.9375,,,,
533,0,34.6217,0.7822,22.0837,1.1719,,,,,0,21.9424,0.6719,17.4266,1.0000,,,,,0,37.1905,1.0625,32.3156,1.4922,,,,
534,0,34.8430,0.8789,22.3920,1.3125,,,,,0,21.7616,0.7109,15.4436,0.7500,,,,,0,41.8505,1.1172,33.1870,1.9766,,,,
535,0,24.7033,0.5781,21.9045,0.9102,,,,,0,20.4833,0.6719,16.1406,0.7500,,,,,0,41.7469,1.1406,37.6814,2.2422,,,,
536,0,37.2868,0.8711,24.7730,1.4688,,,,,0,24.6700,0.6953,16.6472,1.0000,,,,,0,40.9406,1.0625,34.4560,2.0000,,,,
537,0,24.0886,0.6348,22.8128,1.6250,,,,,0,24.6226,0.6562,17.9955,0.8125,,,,,0,52.2097,1.1562,37.3970,2.2500,,,,
538,0,30.3481,0.7988,23.5713,1.2500,,,,,0,19.8247,0.6016,16.1109,0.7500,,,,,0,36.5692,0.9922,38.0857,1.7363,,,,
539,0,21.7539,0.6050,23.5982,0.9062,,,,,0,25.5628,0.6484,14.5590,0.8125,,,,,0,40.4613,1.0391,36.7067,1.5625,,,,
540,0,30.1357,0.7490,27.1511,1.0000,,,,,0,23.3455,0.5781,16.9220,1.0000,,,,,0,38.0947,0.9453,34.9582,1.7500,,,,
541,0,25.8548,0.6934,27.0251,1.5938,,,,,0,27.3748,0.6387,17.1412,0.8750,,,,,0,38.0956,0.9307,34.3593,1.4688,,,,
542,0,23.7748,0.7515,23.9647,1.1250,,,,,0,26.5624,0.6321,15.0683,0.9375,,,,,0,42.5783,1.0156,35.2445,1.6562,,,,
543,0,31.6777,0.7637,27.7906,1.2500,,,,,0,31.1112,0.6875,16.5487,0.7812,,,,,0,41.8787,0.9688,33.5688,1.5000,,,,
544,0,23.3136,0.6836,26.6580,1.3750,,,,,0,27.9221,0.6621,19.4935,0.8750,,,,,0,41.0169,1.0000,36.7142,1.8125,,,,
545,0,53.3649,0.8516,25.1632,0.8750,,,,,0,28.5071,0.6575,16.1076,0.8125,,,,,0,31.3816,0.7969,42.9781,2.0312,,,,
546,0,46.8096,0.9258,23.9775,1.2188,,,,,0,28.8844,0.6455,16.7955,0.8125,,,,,0,32.0710,0.7910,38.1737,1.5312,,,,
547,0,27.6865,0.6299,25.0832,1.1875,,,,,0,26.0244,0.6299,16.0392,0.7500,,,,,0,30.5291,0.7344,33.7280,1.3750,,,,
548,0,56.2652,0.9121,25.8584,1.6250,,,,,0,23.1876,0.5952,15.9608,0.6250,,,,,0,32.5405,0.8330,34.5569,1.5625,,,,
549,0,20.6080,0.5508,27.5578,1.6250,,,,,0,23.5663,0.6016,16.7876,1.1250,,,,,0,34.1336,0.8994,36.8056,2.1250,,,,
550,0,25.4714,0.5898,26.7650,1.7500,,,,,0,22.0328,0.5527,19.1569,1.3750,,,,,0,42.7810,1.0527,34.9754,1.5625,,,,
551,0,22.9354,0.6799,22.9897,1.1250,,,,,0,20.7368,0.5625,17.1448,0.8125,,,,,0,46.8719,0.9854,39.0770,2.1562,,,,
552,0,20.1553,0.6084,19.7629,0.8750,,,,,0,19.0004,0.5586,15.2945,0.6250,,,,,0,47.6147,1.0156,30.4150,1.9688,,,,
553,0,24.3261,0.7676,23.8975,1.2500,,,,,0,19.1339,0.5347,15.8380,0.6484,,,,,0,29.1267,0.7393,26.9967,1.3750,,,,
554,0,28.4964,0.7534,22.9273,0.9375,,,,,0,17.6147,0.5273,16.1271,0.8125,,,,,0,33.5091,0.8232,28.0989,1.5938,,,,
555,0,27.2689,0.7114,19.6863,1.2500,,,,,0,17.4710,0.5117,16.3511,0.9375,,,,,0,43.7475,0.9961,26.7948,1.8125,,,,
556,0,26.1984,0.8105,20.6793,1.2500,,,,,0,18.3635,0.5254,14.9833,0.6875,,,,,0,52.8880,1.1289,22.5790,1.5312,,,,
557,0,27.3833,0.6758,20.5230,1.0625,,,,,0,18.9921,0.5781,15.6523,0.7500,,,,,0,33.9959,0.9238,25.1929,1.3906,,,,
558,0,20.8296,0.5996,21.7158,1.2500,,,,,0,18.1462,0.5469,16.7387,0.6250,,,,,0,38.9466,0.9297,31.6305,1.5000,,,,
559,0,28.9783,0.7891,20.9132,1.4375,,,,,0,17.3352,0.5352,17.6605,0.6250,,,,,0,51.2559,1.0273,28.7351,1.5469,,,,
560,0,43.2662,0.9419,21.4285,1.1250,,,,,0,17.2997,0.5078,17.4234,0.7500,,,,,0,49.2446,1.0469,31.7333,1.5000,,,,
561,0,20.4642,0.6660,22.4605,1.5312,,,,,0,17.7263,0.5039,17.1612,0.7500,,,,,0,43.8514,0.9824,27.0741,1.6406,,,,
562,0,36.6121,0.7031,27.7035,1.2500,,,,,0,19.6546,0.5703,16.6799,0.8125,,,,,0,51.4268,1.0078,28.9939,1.4336,,,,
563,0,30.2510,0.6816,23.4241,1.5000,,,,,0,20.7525,0.5781,19.3160,0.7500,,,,,0,37.1638,0.8672,32.8548,1.2500,,,,
564,0,25.0622,0.8203,23.4171,1.5000,,,,,0,19.1149,0.5576,16.5920,0.7500,,,,,0,41.8618,0.9609,28.7000,1.5625,,,,
565,0,31.1328,0.7637,21.8671,1.2520,,,,,0,24.1041,0.6416,16.0721,0.7812,,,,,0,45.1140,0.9824,29.4420,1.6875,,,,
566,0,20.3014,0.5859,23.7289,0.9375,,,,,0,30.2331,0.7852,18.4677,0.8125,,,,,0,47.1934,1.0547,40.0339,1.5664,,,,
567,0,24.1320,0.6992,21.9697,1.2559,,,,,0,25.8207,0.7891,19.0600,1.0000,,,,,0,48.8645,1.3125,40.4586,2.0000,,,,
568,0,21.8636,0.6836,20.7628,1.0000,,,,,0,23.2278,0.6641,16.3062,0.6875,,,,,0,33.8367,0.8770,35.3654,2.2500,,,,
569,0,29.0508,0.8159,21.4724,1.0312,,,,,0,23.5666,0.7500,17.3622,1.0000,,,,,0,33.2829,0.9375,35.4010,1.9375,,,,
570,0,26.1693,0.6182,20.8822,1.0000,,,,,0,22.0304,0.6250,17.7641,0.8750,,,,,0,39.5261,1.0000,36.2016,1.8125,,,,
571,0,25.4242,0.6641,21.9377,1.0000,,,,,0,21.0970,0.6250,17.5566,1.1250,,,,,0,33.4680,0.9375,36.1573,2.3125,,,,
572,0,23.2944,0.7002,23.8623,1.2500,,,,,0,20.0449,0.6250,15.7039,0.8750,,,,,0,37.0326,1.1250,32.4730,1.5254,,,,
573,0,29.5742,0.7207,32.6277,1.3125,,,,,0,18.9073,0.6250,16.1083,0.8750,,,,,0,35.8639,1.2500,32.7635,1.8750,,,,
574,0,22.9430,0.8750,29.8009,1.5625,,,,,0,24.6690,0.6531,15.9728,0.7500,,,,,0,38.6568,1.3750,33.7643,1.8125,,,,
575,0,32.3101,0.7751,25.5068,1.0938,,,,,0,19.8051,0.5867,16.5420,0.7500,,,,,0,35.7643,1.0000,37.4425,2.3125,,,,
576,0,27.1093,0.6230,23.2295,1.1875,,,,,0,19.6254,0.5791,17.2125,0.6875,,,,,0,30.5235,0.8008,52.3532,4.1250,,,,
577,0,32.9623,0.6680,23.9267,1.2500,,,,,0,30.0321,0.6562,15.5507,0.6250,,,,,0,38.2592,0.8594,32.7105,2.1250,,,,
578,0,27.8147,0.7344,28.9227,1.1641,,,,,0,27.7677,0.7109,17.0233,0.8750,,,,,0,43.9106,0.9658,34.8985,2.1875,,,,
579,0,54.8365,0.9688,23.9816,1.3750,,,,,0,26.5101,0.6367,16.8097,0.8750,,,,,0,40.6927,0.9375,44.8628,2.5000,,,,
580,0,21.5993,0.6211,26.3543,1.3750,,,,,0,21.6778,0.5938,17.4070,1.1250,,,,,0,39.3739,0.9541,44.4581,2.6875,,,,
581,0,37.8885,0.8383,26.3021,1.8750,,,,,0,22.4108,0.6133,17.2452,0.6250,,,,,0,50.9646,1.0371,38.8405,2.3750,,,,
582,0,37.6917,0.8325,26.0510,1.0312,,,,,0,22.4199,0.6133,18.0857,0.6338,,,,,0,45.2646,1.0117,37.7893,1.8750,,,,
583,0,21.0774,0.5205,23.9403,0.8223,,,,,0,22.6908,0.6328,17.8430,0.8750,,,,,0,43.7570,0.9648,34.5016,1.6250,,,,
584,0,28.8636,0.6602,23.3944,0.8750,,,,,0,20.6186,0.5742,17.4199,0.7500,,,,,0,35.2681,0.8594,39.4514,2.5000,,,,
585,0,55.5082,0.9395,24.6144,1.1875,,,,,0,25.6650,0.6367,17.7494,0.8750,,,,,0,37.4454,0.8750,39.3326,2.1250,,,,
586,0,26.2238,0.6973,26.1806,1.5312,,,,,0,18.3851,0.5217,16.8031,1.0000,,,,,0,30.5231,0.7500,41.1722,2.4375,,,,
587,0,22.4748,0.5859,28.6564,1.1250,,,,,0,24.2735,0.5625,19.5880,1.0000,,,,,0,43.9353,1.1680,36.7291,2.1875,,,,
588,0,23.3877,0.6362,21.4601,0.9375,,,,,0,19.6606,0.5698,17.4507,1.0000,,,,,0,44.9296,0.9512,32.0111,1.4688,,,,
589,0,29.7945,0.7734,23.4428,0.9219,,,,,0,19.9358,0.5967,14.8981,0.7500,,,,,0,57.0716,1.0820,30.9739,1.7500,,,,
590,0,21.8437,0.6660,25.1112,1.2500,,,,,0,17.6411,0.5234,16.5468,0.7500,,,,,0,32.3531,0.8145,28.7064,1.3750,,,,
591,0,19.9379,0.5215,25.5310,1.1133,,,,,0,17.1657,0.5226,17.2390,0.9219,,,,,0,32.2997,0.8096,29.0395,1.3750,,,,
592,0,20.5423,0.6660,24.0003,1.0156,,,,,0,17.0598,0.4902,18.2662,0.6406,,,,,0,40.0691,0.9004,27.4502,1.5469,,,,
593,0,23.2751,0.6143,20.9174,1.0625,,,,,0,17.1167,0.4873,16.9807,0.6250,,,,,0,40.4364,0.9648,25.9579,1.3750,,,,
594,0,51.9860,0.9668,23.7028,1.5820,,,,,0,17.5917,0.5122,17.1829,0.7500,,,,,0,38.0380,0.9531,24.7761,1.4219,,,,
595,0,19.9279,0.5967,23.3532,1.3125,,,,,0,19.6939,0.5781,17.5281,0.5938,,,,,0,33.8916,0.8555,26.5149,1.0303,,,,
596,0,19.3056,0.5664,21.0747,0.8750,,,,,0,18.1356,0.5547,17.9526,0.7500,,,,,0,35.5738,0.8359,26.7938,1.6328,,,,
597,0,19.8629,0.5684,23.5184,1.0000,,,,,0,17.4167,0.5469,18.8665,0.6250,,,,,0,37.3908,0.8438,27.4395,1.3281,,,,
598,0,23.2987,0.6797,19.0531,0.7031,,,,,0,19.2937,0.5601,16.7151,0.8750,,,,,0,35.9943,0.8477,27.2121,1.8750,,,,
599,0,20.3204,0.6133,20.0008,1.0000,,,,,0,20.0309,0.5518,15.7637,0.6719,,,,,0,37.3658,0.8672,26.1712,1.5234,,,,
600,0,39.6210,0.7734,21.5547,0.8750,,,,,0,18.1452,0.5586,17.3744,0.7500,,,,,0,27.0310,0.6875,32.0087,1.3984,,,,
601,0,19.7244,0.5859,23.6561,0.9375,,,,,0,18.2537,0.5391,16.9977,0.7031,,,,,0,33.6096,0.8125,32.6504,1.4375,,,,
602,0,37.0724,0.9648,21.7281,1.0518,,,,,0,18.0805,0.5576,16.4096,0.6250,,,,,0,44.7007,0.9766,30.0224,1.6875,,,,
603,0,30.0472,0.7432,23.6126,1.3906,,,,,0,20.9663,0.6001,17.7703,0.6875,,,,,0,46.7692,0.9883,35.9076,1.5625,,,,
604,0,38.9254,0.9336,23.1751,1.0625,,,,,0,25.2541,0.7031,17.8928,0.7188,,,,,0,45.9976,1.0547,41.8946,1.7500,,,,
605,0,62.2618,1.2441,26.0731,1.2500,,,,,0,18.6687,0.5391,16.4461,0.7500,,,,,0,44.1464,1.0078,45.6202,2.1250,,,,
606,0,32.3913,0.7520,27.8408,1.3750,,,,,0,21.0721,0.5703,18.0171,0.7812,,,,,0,34.1751,0.8906,36.0474,2.0625,,,,
607,0,25.3592,0.6755,25.5140,1.4688,,,,,0,22.2198,0.5625,25.1450,1.0625,,,,,0,33.0053,0.8203,35.7788,1.6250,,,,
608,0,46.5829,0.9219,29.6490,1.7500,,,,,0,37.0711,1.0000,30.8968,2.1250,,,,,0,36.1666,0.9688,43.5277,2.3125,,,,
609,0,28.3789,0.6562,28.0980,1.0000,,,,,0,43.6841,1.0312,42.4552,2.3125,,,,,0,31.8631,0.9375,41.2838,2.0000,,,,
610,0,32.0277,0.7812,23.2348,1.2500,,,,,0,19.1598,0.5586,18.3856,0.7500,,,,,0,33.6005,0.7930,39.8373,2.0469,,,,
611,0,28.9384,0.8301,24.2689,1.2500,,,,,0,18.0661,0.4922,19.4655,0.8125,,,,,0,35.0002,0.7500,36.7547,1.5000,,,,
612,0,25.5751,0.6250,25.9113,1.0625,,,,,0,34.3505,0.7021,19.4865,0.7500,,,,,0,33.4450,1.0000,33.2387,1.4375,,,,
613,0,24.0868,0.7422,27.3300,1.3750,,,,,0,18.9284,0.5273,21.8815,1.1250,,,,,0,34.8811,0.8945,43.3047,1.8047,,,,
614,0,21.5087,0.6914,25.3062,1.0938,,,,,0,20.1522,0.5195,17.6549,0.7500,,,,,0,37.0660,0.8906,40.5868,2.7500,,,,
615,0,44.1332,0.9160,30.1464,1.2539,,,,,0,25.1695,0.6133,17.9259,0.6562,,,,,0,42.3786,1.0000,43.4128,2.3750,,,,
616,0,24.3543,0.6250,28.5647,1.5000,,,,,0,21.3267,0.5664,18.6663,0.7500,,,,,0,43.6072,0.9375,41.4320,1.8438,,,,
617,0,22.7553,0.6699,23.8257,1.1250,,,,,0,21.8233,0.5840,17.7948,0.7500,,,,,0,51.4497,1.0000,40.9645,2.4062,,,,
618,0,33.8779,0.8477,29.2839,1.2500,,,,,0,19.7726,0.5469,18.0978,0.6875,,,,,0,45.0059,0.9453,35.4456,1.9688,,,,
619,0,50.0671,0.9595,28.8088,1.1250,,,,,0,19.7891,0.5703,17.8324,0.6289,,,,,0,55.5611,1.0938,40.7796,2.1250,,,,
620,0,25.5271,0.6289,25.8600,1.1172,,,,,0,21.6479,0.5684,19.3641,0.6875,,,,,0,38.4670,0.8906,41.5830,2.2500,,,,
621,0,27.6126,0.5752,26.1004,1.2500,,,,,0,20.6747,0.5635,18.3328,0.7051,,,,,0,45.2075,0.9541,42.8525,2.0000,,,,
622,0,53.8153,0.8672,28.7200,1.1250,,,,,0,27.1209,0.6465,18.0673,0.8184,,,,,0,43.0228,0.8984,34.9628,1.7500,,,,
623,0,34.5480,0.7242,29.9968,1.6250,,,,,0,18.3085,0.5400,16.3429,0.6250,,,,,0,33.6543,0.8477,32.0075,2.2500,,,,
624,0,26.9975,0.5954,28.7570,1.7500,,,,,0,17.9449,0.4922,15.8446,0.7500,,,,,0,34.5054,0.8418,38.5270,1.7500,,,,
625,0,23.4243,0.5771,23.0083,1.0400,,,,,0,25.8956,0.5757,15.3663,0.6875,,,,,0,62.0539,1.2480,34.5449,1.7500,,,,
626,0,33.8678,0.8066,28.1691,2.0000,,,,,0,18.1632,0.5430,15.4887,0.6250,,,,,0,44.0949,0.9336,33.4250,1.8750,,,,
627,0,27.7411,0.6099,20.2527,0.8594,,,,,0,17.7593,0.5068,15.0024,0.7500,,,,,0,50.1089,1.0098,29.4855,1.5000,,,,
628,0,20.0430,0.6260,24.1057,1.5000,,,,,0,18.3197,0.5625,15.8904,0.6562,,,,,0,40.6195,0.8340,25.1895,1.3047,,,,
629,0,21.7933,0.5703,21.3579,1.0000,,,,,0,18.1091,0.5703,16.6631,0.5625,,,,,0,41.2063,0.8867,25.4314,1.1836,,,,
630,0,51.6682,0.9414,22.6222,1.0000,,,,,0,21.6971,0.6250,15.9221,0.6562,,,,,0,42.9028,0.9395,21.7906,0.7500,,,,
631,0,34.9714,0.6677,19.9275,0.8125,,,,,0,18.4967,0.5781,15.9617,0.6250,,,,,0,50.8538,1.0566,21.2937,1.0000,,,,
632,0,55.7271,1.6250,21.4922,0.9375,,,,,0,57.8334,1.4688,15.2664,0.7500,,,,,0,71.8584,1.8438,25.9193,0.9688,,,,
633,0,32.8997,0.7500,24.4047,0.8125,,,,,0,20.9366,0.5625,19.4878,0.7188,,,,,0,35.0864,0.8125,35.4819,1.2500,,,,
634,0,33.1767,0.6875,24.9881,0.7656,,,,,0,18.1953,0.5312,17.0083,0.5469,,,,,0,34.2724,1.0625,43.9381,1.4375,,,,
635,0,31.6601,0.7500,27.6863,0.8750,,,,,0,19.0241,0.4688,19.0742,0.6875,,,,,0,33.4504,0.7969,37.5229,1.3750,,,,
636,0,54.9386,1.1250,26.7662,0.8203,,,,,0,22.8929,0.7188,18.9281,0.6094,,,,,0,39.3276,1.0000,37.7600,1.2188,,,,
637,0,44.5156,0.7891,28.6346,0.9062,,,,,0,21.9180,0.5469,19.9147,0.6250,,,,,0,36.7846,0.9531,46.0736,2.0938,,,,
638,0,26.7462,0.7500,26.8264,1.1416,,,,,0,21.0908,0.6562,22.2640,0.8125,,,,,0,36.5049,1.0781,40.3787,1.4688,,,,
639,0,24.1782,0.6094,30.0298,1.1250,,,,,0,21.2865,0.5938,20.5022,0.8125,,,,,0,26.6632,0.6719,49.8434,2.0625,,,,
640,0,29.3136,0.9062,25.1457,0.8750,,,,,0,24.0439,0.7812,16.8871,0.5312,,,,,0,33.7821,0.9375,48.1170,2.1875,,,,
641,0,24.5481,0.5781,26.7185,1.0000,,,,,0,17.9609,0.4844,18.6119,0.6875,,,,,0,24.9793,0.6875,38.7186,1.3750,,,,
642,0,24.0089,0.6250,33.9764,1.0000,,,,,0,19.9720,0.6250,20.4038,0.8750,,,,,0,35.4685,1.1875,35.7339,1.4375,,,,
643,0,27.8990,0.7188,26.3154,0.9375,,,,,0,30.8815,0.7812,21.4058,1.0312,,,,,0,41.2127,0.8594,47.4533,1.8750,,,,
644,0,46.6108,1.3750,26.9135,1.0264,,,,,0,47.2646,1.3438,17.8443,0.6377,,,,,0,55.6645,1.5625,33.8368,1.3633,,,,
645,0,28.6203,0.5469,28.1094,1.0781,,,,,0,20.9140,0.5625,19.8506,0.6719,,,,,0,22.4795,0.6562,41.9325,1.9531,,,,
646,0,60.3960,1.7812,33.7680,1.4336,,,,,0,54.2644,1.4062,20.0061,0.8125,,,,,0,62.8869,1.4688,39.6350,1.3750,,,,
647,0,29.0135,0.6250,27.7483,1.1250,,,,,0,19.3767,0.5312,21.4683,1.0000,,,,,0,43.4836,1.2969,41.6389,1.8750,,,,
648,0,31.4105,0.8750,27.5504,1.3125,,,,,0,24.3346,0.6875,19.8749,0.7500,,,,,0,44.0515,1.2969,47.6494,2.0938,,,,
649,0,24.1518,0.7578,28.0266,0.9863,,,,,0,17.7106,0.5547,23.0782,0.8125,,,,,0,25.8318,0.7188,35.7368,1.1875,,,,
650,0,36.1789,0.7344,28.0256,1.4062,,,,,0,28.6751,0.7188,18.3794,0.6250,,,,,0,26.7130,0.6250,36.5554,1.3125,,,,
651,0,19.8384,0.4375,25.9419,1.1250,,,,,0,20.0829,0.5312,16.5856,0.5625,,,,,0,27.5136,0.6494,33.5803,1.3438,,,,
652,0,34.4840,0.7969,25.6550,0.7344,,,,,0,21.5576,0.5938,21.3249,0.9062,,,,,0,63.2522,1.6318,43.1055,1.6250,,,,
653,0,36.2067,0.6719,37.4056,1.2812,,,,,0,18.6692,0.5312,20.1365,0.6875,,,,,0,29.8429,1.2812,54.3039,2.3125,,,,
654,0,23.3748,0.7188,31.0584,1.1562,,,,,0,20.7343,0.6250,28.4643,0.9844,,,,,0,38.4941,1.3125,51.5952,2.1719,,,,
655,0,50.7921,1.1094,31.6871,1.0547,,,,,0,21.5009,0.5625,21.5645,0.8125,,,,,0,39.0042,1.0762,50.9468,1.9150,,,,
656,0,31.6373,0.9688,33.8610,1.1875,,,,,0,22.9156,0.6250,22.4485,0.7500,,,,,0,41.5753,1.3047,55.3317,2.0000,,,,
657,0,29.8977,0.7031,31.3890,1.1709,,,,,0,28.2096,0.6875,25.6884,1.1406,,,,,0,42.4211,1.1152,40.2924,1.3125,,,,
658,0,26.9134,0.7891,29.9196,1.0840,,,,,0,24.0402,0.6250,19.1661,0.6250,,,,,0,45.0653,1.2188,37.7228,1.3711,,,,
659,0,22.6770,0.5938,28.1434,0.9648,,,,,0,30.0038,0.6562,19.8301,0.8750,,,,,0,53.6654,2.8438,50.4716,1.9062,,,,
660,0,36.4934,0.7812,28.7613,0.8906,,,,,0,34.6662,0.8438,21.7409,0.7031,,,,,0,56.4279,1.0312,57.3242,1.9375,,,,
661,0,28.4491,0.5938,33.5496,1.1875,,,,,0,23.6775,0.5312,22.6341,0.9062,,,,,0,32.5465,0.8906,37.7696,1.5000,,,,
662,0,21.0310,0.6094,33.8565,1.4258,,,,,0,28.4314,0.6875,20.1017,0.8438,,,,,0,52.5967,0.9844,50.8223,1.9375,,,,
663,0,31.7514,0.8438,28.7866,1.0000,,,,,0,22.3193,0.6875,25.6039,0.9375,,,,,0,33.6575,0.7793,55.2447,4.0234,,,,
664,0,28.6518,0.7500,33.2714,1.1328,,,,,0,20.4090,0.5938,22.0517,1.0000,,,,,0,33.7859,0.7656,48.4826,1.9551,,,,
665,0,25.4123,0.6406,35.4301,1.2812,,,,,0,17.5463,0.5156,22.7681,0.8711,,,,,0,31.5659,0.7344,46.5633,2.2129,,,,
666,0,20.6020,0.5156,33.0089,1.1133,,,,,0,15.7590,0.4844,20.4354,0.7500,,,,,0,37.0225,0.7656,42.7696,1.8750,,,,
667,0,47.9479,1.3750,32.9918,1.1875,,,,,0,52.4334,1.3438,25.3037,1.0000,,,,,0,70.7353,1.6348,40.7838,1.7812,,,,
668,0,24.6258,0.6406,25.7951,1.0000,,,,,0,17.7285,0.4531,21.2648,0.7500,,,,,0,38.8918,0.9795,43.8953,1.5625,,,,
669,0,25.6720,0.6875,33.0533,1.1875,,,,,0,17.9374,0.5000,23.5219,0.8125,,,,,0,56.7744,1.3438,51.5510,2.0312,,,,
670,0,31.2750,0.7812,25.8392,1.1250,,,,,0,18.1827,0.4688,20.0309,0.7266,,,,,0,38.0240,0.7812,36.8891,1.6875,,,,
671,0,25.5673,0.5938,28.5125,1.0391,,,,,0,20.7163,0.6250,21.6111,0.9062,,,,,0,39.0155,1.4688,44.1426,2.0312,,,,
672,0,21.3632,0.6250,29.8176,1.3750,,,,,0,19.0030,0.5625,18.8319,0.6250,,,,,0,91.8660,1.4062,38.2697,1.4375,,,,
673,0,32.1211,0.6875,27.9584,0.9570,,,,,0,21.3599,0.5312,18.5074,0.6094,,,,,0,26.1092,0.6719,42.0313,1.6250,,,,
674,0,30.4241,0.5938,30.3023,1.0605,,,,,0,19.5729,0.4688,22.1169,0.8184,,,,,0,35.9028,0.7188,37.0800,1.5742,,,,
675,0,37.6758,0.6562,32.4448,1.1250,,,,,0,23.2700,0.5625,21.7435,0.6562,,,,,0,39.3237,1.0371,39.1941,1.3125,,,,
676,0,73.3613,1.1094,28.4778,1.1250,,,,,0,21.2633,0.5312,19.4364,0.6250,,,,,0,53.1073,1.0469,43.8846,1.6406,,,,
677,0,31.7270,0.8125,28.6209,0.9375,,,,,0,29.2302,0.6562,24.4554,0.7812,,,,,0,43.6066,1.0234,59.4374,2.5000,,,,
678,0,23.4139,0.7031,36.4194,1.5078,,,,,0,22.4047,0.6562,26.5809,0.9688,,,,,0,41.6482,1.2031,58.2672,2.3477,,,,
679,0,55.8772,1.2812,32.8434,1.2500,,,,,0,30.5649,0.7500,23.2272,0.8750,,,,,0,51.6774,1.2812,73.2429,2.8125,,,,
680,0,28.7347,0.5938,27.8536,1.0938,,,,,0,20.6564,0.5000,29.9341,1.5000,,,,,0,61.7505,0.9387,45.7653,1.7617,,,,
681,0,21.3417,0.4844,25.6048,0.9375,,,,,0,17.0593,0.5625,17.7802,0.6250,,,,,0,29.4315,0.7031,35.0358,1.2734,,,,
682,0,23.4839,0.7812,35.7425,1.3125,,,,,0,17.7666,0.4531,20.1567,0.8125,,,,,0,42.9683,1.1562,48.3549,1.9062,,,,
683,0,27.5445,0.7188,37.5870,1.2109,,,,,0,22.8945,0.7188,23.9146,0.8125,,,,,0,45.5632,0.8750,47.8203,2.1250,,,,
684,0,31.3598,0.6875,31.0466,1.4375,,,,,0,18.2741,0.5938,19.3132,0.6875,,,,,0,25.7999,0.5938,33.5900,1.7031,,,,
685,0,30.8775,0.6562,32.6857,1.1680,,,,,0,15.6642,0.4688,20.6933,0.7500,,,,,0,33.4312,0.9453,62.7530,2.3438,,,,
686,0,27.4251,0.7500,30.4524,1.2500,,,,,0,39.9580,0.8750,20.8719,0.8125,,,,,0,29.8878,0.7031,34.0460,1.2500,,,,
687,0,60.6462,0.9688,29.4479,1.0625,,,,,0,20.6903,0.5938,20.1475,0.6562,,,,,0,35.4795,1.1250,38.7634,1.3750,,,,
688,0,31.4457,0.6719,32.5454,1.1484,,,,,0,15.7664,0.4688,20.1233,0.7500,,,,,0,42.3271,0.9375,54.6512,2.4375,,,,
689,0,35.6865,0.7188,30.4117,1.1250,,,,,0,22.1780,0.5625,18.2845,0.7500,,,,,0,38.7944,1.3047,36.8148,1.2500,,,,
690,0,28.7981,0.6875,30.7352,1.2500,,,,,0,21.3487,0.5625,18.8838,0.5625,,,,,0,33.9605,0.8760,31.8204,1.4375,,,,
691,0,31.4153,0.7188,30.5311,1.0781,,,,,0,18.9926,0.5938,24.6666,0.8359,,,,,0,54.2543,1.1562,63.3876,2.6484,,,,
692,0,36.4201,1.0000,31.6959,1.4414,,,,,0,32.1556,0.9688,20.4054,0.8125,,,,,0,38.4011,0.9688,55.4672,2.2188,,,,
693,0,62.0094,1.1250,33.2342,1.1816,,,,,0,17.9030,0.5547,22.8447,0.8125,,,,,0,27.0372,0.8750,35.9790,1.5859,,,,
694,0,37.3400,0.7578,45.9043,1.8750,,,,,0,19.3548,0.5469,26.1666,1.0938,,,,,0,46.4201,0.8750,68.2320,3.3750,,,,
695,0,38.7403,0.8223,27.4069,1.2266,,,,,0,26.6174,0.6641,18.3726,0.8125,,,,,0,34.4971,1.3750,30.5629,2.8750,,,,
696,0,30.8632,0.7402,24.1946,1.1250,,,,,0,19.5985,0.6016,17.6268,0.6562,,,,,0,35.2412,1.1250,26.4039,1.4688,,,,
697,0,22.9603,0.7070,27.1708,1.3750,,,,,0,22.9336,0.6172,17.1444,0.7500,,,,,0,36.1529,1.0000,30.3238,1.9688,,,,
698,0,37.7555,0.7812,25.8328,1.3750,,,,,0,20.2607,0.5859,20.8233,0.9844,,,,,0,38.5165,1.0000,39.9557,1.6562,,,,
699,0,21.9423,0.5586,28.5280,1.3900,,,,,0,31.0308,0.7363,18.6103,0.8750,,,,,0,37.0192,1.1250,39.0766,1.7930,,,,
700,0,21.6803,0.5977,24.5341,1.1719,,,,,0,22.0893,0.6133,19.0251,1.0000,,,,,0,37.3888,0.9062,33.7443,1.4688,,,,
701,0,46.9436,0.9121,28.4805,1.3750,,,,,0,22.0746,0.6309,20.8040,1.0625,,,,,0,34.8900,0.8594,46.4124,2.1562,,,,
702,0,22.1456,0.6797,26.0735,1.3125,,,,,0,19.4465,0.5703,16.7078,0.7500,,,,,0,39.3524,0.9609,30.7039,1.5938,,,,
703,0,23.1567,0.6344,25.6980,1.4375,,,,,0,19.0660,0.5547,15.1673,0.6250,,,,,0,32.2025,0.7822,28.7798,1.6562,,,,
704,0,27.0233,0.7539,22.4832,1.0000,,,,,0,17.7670,0.5391,15.2367,0.6562,,,,,0,34.0298,0.8340,29.1289,1.5938,,,,
705,0,22.9741,0.7148,29.1823,1.3125,,,,,0,19.3261,0.5527,14.8458,0.6562,,,,,0,32.8021,0.8555,26.6926,1.7188,,,,
706,0,21.0431,0.5811,23.6734,1.5000,,,,,0,18.8797,0.6113,15.0257,0.8750,,,,,0,38.3885,1.0117,23.6707,1.4766,,,,
707,0,34.6952,0.8301,20.3788,0.8555,,,,,0,19.4118,0.6211,14.8438,0.7500,,,,,0,32.2766,0.9316,27.8077,1.5000,,,,
708,0,22.3569,0.6797,24.3369,1.2500,,,,,0,18.9919,0.5898,15.7784,0.7188,,,,,0,35.4347,0.9453,29.7078,1.2500,,,,
709,0,39.1538,0.8740,22.8279,1.0000,,,,,0,18.6382,0.5938,15.7883,0.7500,,,,,0,46.6258,1.0430,27.0154,1.1094,,,,
710,0,19.8231,0.5415,24.4701,1.7500,,,,,0,17.4988,0.5391,15.1857,0.6250,,,,,0,49.5139,1.0742,29.9360,1.3750,,,,
711,0,27.8298,0.7706,22.9440,1.0000,,,,,0,18.7774,0.5723,14.3384,0.8750,,,,,0,44.0099,1.0391,30.1436,2.0029,,,,
712,0,57.0407,1.0234,22.9334,1.1641,,,,,0,17.7108,0.5334,15.6491,0.8750,,,,,0,34.3208,0.8945,30.7757,1.9404,,,,
713,0,26.6709,0.7197,25.3179,1.3750,,,,,0,19.1294,0.6328,18.3755,1.0000,,,,,0,40.4841,0.9941,34.2956,2.1875,,,,
714,0,26.8468,0.8369,22.4256,1.0938,,,,,0,19.0977,0.6406,13.8166,0.7500,,,,,0,42.5201,1.0034,26.3221,1.5469,,,,
715,0,28.9867,0.8652,20.6119,0.8438,,,,,0,19.0488,0.5547,15.1857,0.8125,,,,,0,32.5569,0.9375,24.6067,1.1875,,,,
716,0,21.6220,0.6123,20.5140,1.0312,,,,,0,23.7826,0.7188,14.8189,0.6250,,,,,0,40.7373,1.1250,28.1339,1.2188,,,,
717,0,22.2923,0.6602,20.0349,0.7812,,,,,0,21.5291,0.6797,15.2079,0.7500,,,,,0,32.8847,1.0703,33.1832,2.0000,,,,
718,0,26.6324,0.7725,21.6118,0.9375,,,,,0,21.6314,0.6328,14.0184,0.8750,,,,,0,30.9932,0.9297,29.2019,1.4062,,,,
719,0,23.8257,0.6133,22.7573,0.9531,,,,,0,18.8375,0.5806,15.8678,0.6875,,,,,0,45.0177,0.8311,33.2868,1.3750,,,,
720,0,52.2167,0.9707,23.2781,0.9375,,,,,0,18.3521,0.5312,15.5449,0.7500,,,,,0,37.0898,0.7773,28.5363,1.0312,,,,
721,0,26.6839,0.6641,20.9405,0.9297,,,,,0,18.0633,0.5703,15.5346,1.0625,,,,,0,34.3204,0.9297,25.2803,1.0312,,,,
722,0,28.4709,0.7266,20.1208,0.7812,,,,,0,18.1494,0.5449,15.9370,1.1250,,,,,0,31.6417,0.8203,29.1432,1.1250,,,,
723,0,20.3183,0.6211,28.3536,1.2344,,,,,0,17.9047,0.5410,15.7189,1.0000,,,,,0,35.2019,0.9062,30.5753,1.2305,,,,
724,0,26.1033,0.7031,26.0397,1.0000,,,,,0,20.9510,0.5625,17.1717,0.8750,,,,,0,32.6206,0.7578,32.2782,2.0000,,,,
725,0,43.9857,0.8984,35.5441,1.7188,,,,,0,18.8703,0.5234,17.1243,0.8750,,,,,0,33.7091,0.7891,40.9933,1.7891,,,,
726,0,24.2199,0.7266,24.9620,1.6250,,,,,0,18.8225,0.5781,17.6824,0.6250,,,,,0,29.7217,0.7812,44.4042,1.6562,,,,
727,0,25.5315,0.7500,34.4122,1.6875,,,,,0,22.3822,0.5508,17.6011,0.7500,,,,,0,34.0187,0.7969,31.5157,1.7188,,,,
728,0,38.6526,0.7969,27.1103,1.8750,,,,,0,21.5610,0.5898,17.9381,1.0000,,,,,0,28.3725,0.7695,33.7712,1.8125,,,,
729,0,28.5845,0.7925,27.1681,1.5000,,,,,0,19.7850,0.5283,16.4004,0.8125,,,,,0,30.1169,0.8125,38.4365,1.9688,,,,
730,0,24.1969,0.7129,29.9266,1.1953,,,,,0,22.5311,0.5938,18.8275,1.0000,,,,,0,34.5300,0.8691,47.2358,2.6250,,,,
731,0,22.8712,0.6484,33.7537,2.0000,,,,,0,18.4270,0.5156,18.3479,0.6875,,,,,0,36.1266,0.8750,41.8428,2.1250,,,,
732,0,20.8344,0.6367,32.2958,1.3750,,,,,0,20.1316,0.5781,17.4039,0.8750,,,,,0,37.7021,0.9043,37.0704,2.1875,,,,
733,0,22.0839,0.6133,33.9291,2.5469,,,,,0,22.1772,0.5938,16.9127,0.7500,,,,,0,32.0994,0.8750,35.0018,2.5547,,,,
734,0,29.0056,0.6143,27.4391,1.4375,,,,,0,20.9440,0.5835,17.3744,0.8750,,,,,0,32.3931,0.8394,37.5086,1.5625,,,,
735,0,44.4494,0.7109,27.5525,1.3125,,,,,0,22.5668,0.5762,16.7653,0.6250,,,,,0,29.8477,0.7383,36.0604,2.6250,,,,
736,0,19.5948,0.5234,22.7696,1.1250,,,,,0,23.5321,0.5889,15.9493,0.5938,,,,,0,30.8235,0.8096,41.2144,2.1250,,,,
737,0,23.6756,0.5244,24.5302,1.0625,,,,,0,19.6608,0.4844,19.1034,1.1250,,,,,0,35.6392,0.9346,41.9195,2.5000,,,,
738,0,24.0209,0.6094,22.0703,1.0000,,,,,0,21.5341,0.6055,18.2973,1.0000,,,,,0,40.6336,0.9453,38.5531,1.5625,,,,
739,0,20.8604,0.5781,22.7716,1.2500,,,,,0,24.1981,0.6436,15.8901,0.8750,,,,,0,54.0623,1.0508,34.0433,2.6250,,,,
740,0,22.8492,0.6152,25.7016,1.3125,,,,,0,19.0223,0.5391,17.7170,0.9688,,,,,0,38.2004,0.8828,28.5237,1.7500,,,,
741,0,22.3934,0.6665,27.9474,1.5625,,,,,0,20.4520,0.5725,17.7443,0.9375,,,,,0,43.0217,0.9170,31.2815,1.5000,,,,
742,0,22.3497,0.5620,24.4828,1.0938,,,,,0,16.7212,0.4922,18.8034,0.6562,,,,,0,39.4736,0.8743,27.3714,1.3750,,,,
743,0,36.9613,0.7656,23.3223,1.2500,,,,,0,16.8109,0.5195,16.6098,0.7500,,,,,0,46.9822,1.0146,25.5749,1.4688,,,,
744,0,24.2280,0.7422,23.0017,1.0312,,,,,0,18.7926,0.5742,17.0377,0.8125,,,,,0,45.8344,1.0137,25.2956,1.2500,,,,
745,0,25.5080,0.6367,23.5121,1.2188,,,,,0,17.8447,0.5273,17.0628,0.6250,,,,,0,36.3157,0.9062,28.2425,1.3750,,,,
746,0,27.5390,0.7207,21.5007,1.4531,,,,,0,17.4796,0.5117,16.0935,0.5630,,,,,0,40.6689,0.9219,27.7635,1.2500,,,,
747,0,33.4579,0.8340,22.3500,1.1250,,,,,0,17.9130,0.5586,17.6398,0.6309,,,,,0,37.2972,0.8164,28.8151,1.3750,,,,
748,0,44.0695,0.9375,22.0676,1.3750,,,,,0,17.4325,0.5078,17.5044,0.8750,,,,,0,32.5947,0.8086,26.8582,2.2500,,,,
749,0,49.5995,0.8848,20.0758,1.3750,,,,,0,19.2369,0.5352,15.8601,0.7500,,,,,0,40.7856,0.9165,25.9350,1.6250,,,,
750,0,25.3622,0.6211,22.1127,1.0000,,,,,0,16.6109,0.5110,16.6036,0.7500,,,,,0,34.5255,0.8281,26.6179,1.4062,,,,
751,0,24.0720,0.6406,21.5813,0.9375,,,,,0,21.1623,0.6016,17.4854,0.7734,,,,,0,37.1273,0.7969,33.9181,1.3750,,,,
752,0,20.7790,0.6602,28.0470,1.6250,,,,,0,18.2984,0.5723,17.9177,1.0000,,,,,0,49.7701,0.9727,29.6656,1.8125,,,,
753,0,24.1803,0.6426,23.4688,1.3125,,,,,0,18.2512,0.5337,16.2539,1.0117,,,,,0,37.9215,0.8594,34.8788,1.4375,,,,
754,0,34.2468,0.7422,23.0881,0.9648,,,,,0,19.8693,0.5859,15.8254,0.8203,,,,,0,44.1330,1.1406,40.3678,2.0000,,,,
755,0,24.1072,0.6216,30.2709,1.2891,,,,,0,25.4980,0.6445,16.7409,1.0000,,,,,0,51.1914,1.3828,46.1374,2.5000,,,,
756,0,29.0600,0.8438,24.6559,1.0391,,,,,0,17.4374,0.5059,15.8877,0.7500,,,,,0,30.1558,0.8125,35.0591,1.8750,,,,
757,0,34.7843,0.8545,33.0891,1.8438,,,,,0,21.3865,0.5625,21.7864,1.1250,,,,,0,45.4346,1.0625,40.6707,1.7720,,,,
758,0,30.3122,0.7217,32.1874,1.4375,,,,,0,19.7786,0.5566,17.4435,0.8750,,,,,0,34.2046,0.9453,37.8728,1.5781,,,,
759,0,25.1691,0.6562,29.1172,1.3750,,,,,0,19.0931,0.5430,16.6017,0.6250,,,,,0,30.6026,0.8281,36.0421,1.5469,,,,
760,0,31.3974,0.7734,29.6572,1.4609,,,,,0,18.6473,0.5703,19.8278,0.9766,,,,,0,31.9418,0.7656,44.5017,1.8906,,,,
761,0,25.4662,0.5781,24.5682,1.1250,,,,,0,19.0035,0.5493,15.9404,0.5938,,,,,0,32.6197,0.8555,35.3805,1.3945,,,,
762,0,37.4407,0.7734,25.3358,1.3125,,,,,0,22.3426,0.5801,22.4533,1.1250,,,,,0,35.7230,0.8281,37.3318,1.6504,,,,
763,0,29.7225,0.7256,25.6846,1.5000,,,,,0,23.2585,0.6016,19.2439,0.9375,,,,,0,29.6615,0.8281,39.2647,2.6250,,,,
764,0,20.8459,0.6133,22.9994,1.3203,,,,,0,23.6279,0.5664,16.4561,0.7500,,,,,0,33.9462,0.8672,49.9003,2.6250,,,,
765,0,21.4030,0.6230,26.9276,1.5000,,,,,0,28.2332,0.6328,18.0360,1.0000,,,,,0,40.4155,0.9297,43.7192,2.0000,,,,
766,0,54.5496,1.6875,28.8550,1.4375,,,,,0,56.3560,1.4375,22.9709,0.7891,,,,,0,64.9500,1.7812,39.6740,1.7500,,,,
767,0,29.4796,0.8438,30.5098,1.4062,,,,,0,17.5149,0.5312,19.8871,0.7812,,,,,0,33.0997,0.7812,29.4622,1.2656,,,,
768,0,23.5922,0.6250,28.5484,1.0391,,,,,0,18.6622,0.5000,20.4652,0.7031,,,,,0,35.2916,0.7734,37.6678,1.5742,,,,
769,0,48.3421,0.8438,29.9523,1.2561,,,,,0,17.3177,0.5156,18.8205,0.6406,,,,,0,38.7652,0.6875,37.7055,1.5469,,,,
770,0,19.6732,0.5000,26.0496,0.8125,,,,,0,15.9138,0.4531,19.8800,0.7461,,,,,0,50.6704,0.7656,40.2088,1.7148,,,,
771,0,64.9594,0.9375,27.5542,1.0352,,,,,0,24.8445,0.6875,21.5503,0.7500,,,,,0,36.5282,0.9609,43.4420,1.4375,,,,
772,0,47.6030,0.7422,31.0038,1.4766,,,,,0,15.6009,0.5000,22.4168,0.8750,,,,,0,28.1073,1.0000,37.3207,1.3867,,,,
773,0,25.8453,0.5625,32.9747,1.1719,,,,,0,18.4795,0.5312,21.0877,0.6562,,,,,0,37.5344,1.0625,64.0466,2.7756,,,,
774,0,31.1485,0.8125,32.1216,1.1875,,,,,0,19.3958,0.5938,19.7214,0.7188,,,,,0,29.2681,0.7812,56.7721,1.9375,,,,
775,0,36.4850,0.8281,28.5689,0.9609,,,,,0,25.5810,0.8438,23.4070,0.8750,,,,,0,31.8020,0.8438,42.0672,1.6172,,,,
776,0,60.0038,0.9062,29.3636,1.2500,,,,,0,23.4375,0.6562,23.1965,1.0000,,,,,0,69.8570,1.0000,31.1170,1.2500,,,,
777,0,28.4764,0.7188,29.3456,0.9844,,,,,0,25.8471,0.6250,20.4162,0.6250,,,,,0,32.0531,1.0000,41.2956,1.3125,,,,
778,0,32.9621,0.9375,26.8470,1.0625,,,,,0,19.6227,0.6562,24.4630,0.8125,,,,,0,27.0839,0.8750,40.4674,1.5625,,,,
779,0,26.8417,0.9219,29.4767,1.0000,,,,,0,25.3101,0.8125,19.5057,0.8125,,,,,0,29.0479,0.7500,47.0830,2.0547,,,,
780,0,23.3460,0.6875,29.3751,1.4688,,,,,0,22.7276,0.6562,21.0851,0.8750,,,,,0,31.9518,0.8125,39.7468,1.8750,,,,
781,0,27.5707,0.7500,28.4424,1.2500,,,,,0,20.0697,0.5938,20.5748,0.7812,,,,,0,35.4973,0.8281,34.1533,1.0938,,,,
782,0,25.2355,0.7031,34.4810,1.3750,,,,,0,19.2698,0.5938,19.7112,0.7188,,,,,0,35.5741,0.8438,52.8856,1.7344,,,,
783,0,21.5940,0.5938,28.3877,1.0723,,,,,0,16.3977,0.5234,23.4668,0.8750,,,,,0,34.2374,0.7031,44.6197,1.7656,,,,
784,0,26.5661,0.6719,30.9167,1.0938,,,,,0,18.6807,0.5703,21.6333,1.0000,,,,,0,24.8898,0.6250,43.8778,1.6406,,,,
785,0,36.4376,0.6758,34.2871,1.1250,,,,,0,14.8102,0.4688,22.2485,1.0938,,,,,0,27.1311,0.6562,33.8474,1.4961,,,,
786,0,20.1432,0.5469,27.1981,1.0312,,,,,0,16.6133,0.4688,19.3970,0.6875,,,,,0,28.5310,0.6562,28.7910,1.1250,,,,
787,0,56.2844,1.7188,30.8392,1.2500,,,,,0,52.7406,1.4062,19.5946,0.7500,,,,,0,57.7237,1.3438,31.7285,1.1250,,,,
788,0,51.4567,0.9062,30.6456,1.8750,,,,,0,17.5228,0.4688,19.7366,0.8750,,,,,0,52.6841,0.9688,30.2836,1.1250,,,,
789,0,36.2801,0.7188,26.2001,0.8125,,,,,0,18.0003,0.4688,18.5288,0.6562,,,,,0,35.2413,1.0469,54.1679,2.6094,,,,
790,0,33.6195,0.7891,30.0997,1.3086,,,,,0,21.2817,0.5859,20.9683,0.6562,,,,,0,37.1594,0.7969,41.9770,1.5000,,,,
791,0,27.1329,0.7812,29.9507,1.1094,,,,,0,29.6518,0.8125,17.5392,0.7500,,,,,0,40.3153,0.9219,32.4289,1.1016,,,,
792,0,41.1047,0.7031,26.3381,0.8750,,,,,0,18.6428,0.5469,17.5540,0.6250,,,,,0,23.9262,0.5713,43.1463,2.2344,,,,
793,0,37.2268,0.7031,31.0996,1.2021,,,,,0,27.0863,0.7344,18.3944,0.6875,,,,,0,42.4045,1.2188,37.7197,1.4062,,,,
794,0,34.8356,0.6719,28.9803,1.0000,,,,,0,26.2953,0.6562,23.5426,0.9453,,,,,0,27.1979,0.7500,56.5322,2.2500,,,,
795,0,20.9942,0.5625,25.0579,0.7773,,,,,0,26.5383,0.7188,23.2855,0.9062,,,,,0,24.8057,0.6406,37.6899,1.3125,,,,
796,0,22.4839,0.6250,26.9411,0.9727,,,,,0,25.4823,0.6250,19.3379,0.6250,,,,,0,33.3876,0.9688,38.7685,1.7188,,,,
797,0,25.2461,0.7188,31.8874,1.2656,,,,,0,22.3948,0.5938,24.0831,0.8447,,,,,0,41.1506,1.1562,43.7780,1.5781,,,,
798,0,35.8213,1.0000,25.7404,0.8281,,,,,0,29.0534,0.5469,19.8126,0.7188,,,,,0,40.8314,1.5625,40.4820,1.4219,,,,
799,0,22.9004,0.6875,26.9799,1.0625,,,,,0,29.6350,0.5312,22.0457,0.7188,,,,,0,42.9196,1.5938,56.8084,2.1875,,,,
800,0,30.9645,0.6875,31.2511,1.1875,,,,,0,20.3456,0.4531,22.4295,0.8223,,,,,0,57.6697,1.2891,63.7449,2.3750,,,,
801,0,34.2373,0.7656,33.0122,1.3750,,,,,0,42.9574,0.6719,22.7718,0.8125,,,,,0,76.6634,1.7324,70.9039,2.5625,,,,
802,0,27.1312,0.9375,34.6296,1.1250,,,,,0,23.5195,0.4844,18.9434,0.6562,,,,,0,79.9077,1.8223,46.9914,1.9375,,,,
803,0,29.1682,0.6250,28.3279,0.8750,,,,,0,24.4042,0.5781,18.7163,0.6250,,,,,0,39.1453,1.5312,63.8648,2.5547,,,,
804,0,21.6591,0.5625,35.1699,1.3125,,,,,0,21.2896,0.4688,24.0735,0.7812,,,,,0,49.5496,1.5254,68.0583,3.1562,,,,
805,0,41.4622,0.8438,29.4869,1.1875,,,,,0,23.1775,0.5938,26.5262,1.1406,,,,,0,55.5432,1.2500,39.6366,1.5000,,,,
806,0,24.9360,0.5312,29.1848,0.9375,,,,,0,17.0256,0.5000,22.1317,0.6875,,,,,0,54.9152,1.1328,54.4644,2.3066,,,,
807,0,35.5344,0.9375,29.2335,1.1250,,,,,0,22.4557,0.5938,23.4094,0.7500,,,,,0,53.4134,1.5312,35.6632,1.2812,,,,
808,0,23.0441,0.5938,30.9545,1.1250,,,,,0,20.4452,0.6406,26.9883,1.0312,,,,,0,43.3805,1.3594,39.6104,1.4688,,,,
809,0,22.4334,0.6250,37.1519,1.3125,,,,,0,18.4201,0.5469,26.7636,1.4941,,,,,0,55.8556,1.3750,67.1948,3.9561,,,,
810,0,34.8304,0.6562,28.7952,0.9688,,,,,0,30.6702,0.6875,25.5022,1.1406,,,,,0,45.4155,1.2891,39.5244,1.5938,,,,
811,0,57.7438,0.9375,28.8640,1.0000,,,,,0,17.8053,0.5938,25.4232,1.0000,,,,,0,58.7813,1.0312,45.3226,1.7188,,,,
812,0,26.1023,0.7500,24.7546,0.9375,,,,,0,28.3875,0.7812,18.7720,1.0625,,,,,0,53.8526,1.0156,67.9255,3.9688,,,,
813,0,37.5026,0.6875,26.2738,0.8984,,,,,0,27.0197,0.7188,21.3688,0.7812,,,,,0,41.3376,0.8281,33.5948,1.2598,,,,
814,0,30.4707,0.5938,28.8439,1.1406,,,,,0,19.2405,0.4688,23.0390,0.8125,,,,,0,44.9439,0.7578,52.4105,1.8750,,,,
815,0,33.6741,0.7500,32.0491,1.1250,,,,,0,25.1128,0.5469,21.9450,0.7188,,,,,0,55.6044,1.2812,45.0311,1.7051,,,,
816,0,23.8829,0.6562,35.6812,1.4375,,,,,0,17.8986,0.4688,21.5767,0.7676,,,,,0,39.7841,0.9375,56.8716,2.1250,,,,
817,0,31.5942,0.7188,29.5957,1.0625,,,,,0,17.3830,0.4688,23.9403,0.9375,,,,,0,51.8623,1.1719,39.9725,1.5312,,,,
818,0,24.0458,0.5938,29.4023,0.8750,,,,,0,16.6388,0.4844,24.0276,1.0000,,,,,0,48.3595,1.0234,45.3610,2.2188,,,,
819,0,30.5278,0.6406,29.5326,1.0625,,,,,0,15.8759,0.5000,20.9774,0.7500,,,,,0,37.2021,0.8750,45.1300,1.8125,,,,
820,0,23.9492,0.5469,33.4030,1.1250,,,,,0,16.8081,0.4844,28.7009,1.0234,,,,,0,42.2253,1.0977,50.0169,2.4375,,,,
821,0,32.8073,0.6875,35.9000,1.3750,,,,,0,18.3626,0.5000,26.7462,1.0156,,,,,0,34.6623,1.0293,59.7917,2.5000,,,,
822,0,22.6112,0.6250,28.5193,1.0195,,,,,0,17.7930,0.4375,24.5353,0.8750,,,,,0,46.5760,1.0391,53.2908,1.7500,,,,
823,0,34.5826,0.9062,31.8461,1.0469,,,,,0,20.5623,0.6875,23.4168,0.9375,,,,,0,56.7690,0.9062,46.3506,1.9062,,,,
824,0,29.5139,0.8281,26.2219,1.0000,,,,,0,25.9240,0.8125,25.0536,0.9180,,,,,0,45.2538,1.0000,36.1317,1.1875,,,,
825,0,21.1638,0.5938,27.6392,0.9922,,,,,0,21.3346,0.6250,22.0413,1.0625,,,,,0,26.0466,0.6094,45.5628,1.6250,,,,
826,0,21.0604,0.5938,32.2540,1.3379,,,,,0,17.3618,0.5469,22.4581,1.1504,,,,,0,34.9270,0.7969,37.2130,1.9688,,,,
827,0,19.4274,0.5879,29.1872,1.0000,,,,,0,16.2960,0.5156,20.3814,0.7500,,,,,0,26.5700,0.8125,29.6237,1.2500,,,,
828,0,19.0539,0.5244,27.6198,1.2500,,,,,0,17.4155,0.4951,19.1445,0.7812,,,,,0,26.0132,0.6426,27.0785,1.6875,,,,
829,0,38.0923,0.8516,25.6884,1.1250,,,,,0,21.8572,0.5781,18.4481,0.9375,,,,,0,25.8223,0.6758,32.4788,1.7969,,,,
830,0,19.2328,0.5508,20.0220,0.8750,,,,,0,22.0523,0.5742,15.2818,0.5703,,,,,0,30.1982,0.7578,23.8886,1.0625,,,,
831,0,48.3292,0.8789,29.0742,1.5312,,,,,0,17.5998,0.5664,16.5678,0.7500,,,,,0,32.1359,0.8750,40.4923,1.7188,,,,
832,0,19.5224,0.4766,22.9060,1.0000,,,,,0,24.3417,0.6211,16.4203,0.8750,,,,,0,27.5927,0.8047,29.9529,1.3672,,,,
833,0,41.2599,0.9004,25.7743,1.1719,,,,,0,22.8083,0.6387,16.7984,0.9375,,,,,0,29.2919,0.9062,28.7020,1.2656,,,,
834,0,22.8041,0.6313,26.4117,1.3750,,,,,0,27.0068,0.7148,16.8055,0.8750,,,,,0,29.9872,0.8477,43.7042,2.2812,,,,
835,0,21.2230,0.6113,23.9436,1.2500,,,,,0,23.7636,0.6162,16.9108,1.1250,,,,,0,31.3433,0.9062,32.1243,1.3750,,,,
836,0,24.8972,0.7031,25.4244,1.1230,,,,,0,20.1642,0.5518,16.5351,0.9062,,,,,0,42.2590,0.8838,38.3974,2.9062,,,,
837,0,26.5064,0.5859,27.1146,1.3438,,,,,0,21.2974,0.5325,17.9420,0.8750,,,,,0,34.2690,0.9023,31.7145,1.5312,,,,
838,0,27.9425,0.7148,30.7788,1.8047,,,,,0,20.8218,0.5664,17.7685,0.7500,,,,,0,38.7392,1.0132,41.7954,2.2969,,,,
839,0,23.7658,0.6846,33.2945,1.6406,,,,,0,26.6796,0.6030,15.6768,0.6562,,,,,0,38.9145,1.0234,36.8205,1.8750,,,,
840,0,27.2709,0.6641,27.7199,1.5938,,,,,0,20.3487,0.5109,16.2396,0.8750,,,,,0,36.4370,0.9141,33.1667,1.5625,,,,
841,0,19.0711,0.5742,27.0027,1.1562,,,,,0,17.3055,0.4883,18.3892,1.1250,,,,,0,38.1657,0.9375,37.3146,1.7500,,,,
842,0,25.7560,0.5664,28.7794,1.3750,,,,,0,21.6158,0.5623,17.4793,1.0000,,,,,0,50.0702,0.9978,33.6279,1.6250,,,,
843,0,23.5305,0.5938,29.7219,2.2500,,,,,0,21.5689,0.5547,19.4729,0.9375,,,,,0,40.8759,0.9829,34.5620,1.5938,,,,
844,0,20.5376,0.6157,29.7905,1.4531,,,,,0,19.1877,0.5254,17.4188,1.0000,,,,,0,41.8574,0.9258,32.8904,1.6250,,,,
845,0,19.8699,0.5020,32.4427,1.5000,,,,,0,17.0336,0.5703,18.6254,0.8125,,,,,0,30.9305,0.8203,45.0923,1.8125,,,,
846,0,36.1217,0.7227,24.9730,1.2500,,,,,0,20.1700,0.5371,16.8559,0.8750,,,,,0,32.8443,0.8281,40.9660,1.8125,,,,
847,0,23.5668,0.5728,26.7225,1.1250,,,,,0,19.4850,0.5469,16.9168,0.7500,,,,,0,29.6066,0.7266,34.7737,1.5625,,,,
848,0,37.1106,0.8135,29.5988,1.3750,,,,,0,20.7033,0.5303,16.4947,0.6641,,,,,0,31.5738,0.8125,36.5631,2.1875,,,,
849,0,24.3701,0.6406,30.4073,1.8125,,,,,0,19.4842,0.5000,16.5107,0.7500,,,,,0,31.6573,0.8418,42.1009,2.5000,,,,
850,0,30.7654,0.7461,28.8049,1.1250,,,,,0,17.4509,0.4766,18.5161,1.0000,,,,,0,45.3531,1.0557,43.7868,2.5000,,,,
851,0,24.3468,0.6523,23.6724,0.9531,,,,,0,19.4606,0.5532,17.7662,0.9375,,,,,0,47.6083,1.0078,40.6982,1.6875,,,,
852,0,43.5573,0.8320,26.9047,2.0000,,,,,0,17.0803,0.5005,15.3136,0.9375,,,,,0,45.9090,0.9629,33.9894,2.1250,,,,
853,0,23.6089,0.6797,26.0598,1.6250,,,,,0,17.7710,0.5547,17.7537,1.1250,,,,,0,28.9014,0.7383,33.7559,2.1562,,,,
854,0,33.5381,0.7969,25.8694,1.2500,,,,,0,16.1877,0.5137,17.6712,1.0000,,,,,0,39.8743,0.8672,36.7244,2.1406,,,,
855,0,21.0522,0.5859,25.1240,1.2500,,,,,0,16.1159,0.4922,16.7537,1.0000,,,,,0,41.2190,0.9414,33.4717,2.4531,,,,
856,0,19.3328,0.5781,25.1501,1.7532,,,,,0,16.6744,0.5312,16.9992,0.8750,,,,,0,47.1849,1.0645,29.4558,1.8125,,,,
857,0,22.0115,0.6641,20.6426,1.0000,,,,,0,17.8248,0.5430,16.3536,1.0000,,,,,0,42.2897,1.0056,32.6384,1.8750,,,,
858,0,28.7477,0.6094,21.0949,1.1982,,,,,0,20.3854,0.5703,17.2374,0.8125,,,,,0,39.2780,0.9443,37.5009,2.6250,,,,
859,0,19.7658,0.5107,22.4644,1.2734,,,,,0,16.9093,0.5312,17.3862,0.8750,,,,,0,54.6657,1.0646,33.8567,2.4375,,,,
860,0,18.9292,0.5469,22.0669,1.1250,,,,,0,16.7334,0.5156,16.6136,0.6250,,,,,0,51.2368,1.0312,39.2547,2.4453,,,,
861,0,20.8447,0.5586,21.6584,1.0781,,,,,0,17.4880,0.5234,16.4973,0.7500,,,,,0,40.6247,0.9277,35.3963,2.6348,,,,
862,0,23.0240,0.6406,22.8563,1.0000,,,,,0,16.7059,0.4922,16.5331,0.9375,,,,,0,41.5508,0.9453,32.9098,2.0156,,,,
863,0,28.9110,0.7107,25.2587,1.7500,,,,,0,18.9010,0.5547,18.9425,1.1875,,,,,0,40.2205,0.9343,37.5582,1.8086,,,,
864,0,29.2212,0.7188,18.7241,1.0000,,,,,0,18.3934,0.5801,15.4901,0.7500,,,,,0,45.6886,0.9805,32.1353,2.1875,,,,
865,0,27.2582,0.7578,24.2924,1.7500,,,,,0,18.1284,0.5176,17.1099,1.1250,,,,,0,40.9432,0.9287,32.6521,1.6875,,,,
866,0,29.0620,0.7695,22.0005,1.0000,,,,,0,45.6494,0.9805,23.0532,1.0312,,,,,0,73.6369,1.4648,40.1244,2.1250,,,,
867,0,37.6462,0.8555,23.5296,1.2500,,,,,0,23.9509,0.6797,19.7206,1.2891,,,,,0,43.6436,1.0703,37.3579,1.6875,,,,
868,0,21.9558,0.6758,21.6748,1.4219,,,,,0,21.3939,0.6152,16.7851,0.8750,,,,,0,36.6318,0.9141,31.8095,1.5000,,,,
869,0,24.8518,0.7676,20.8703,0.9688,,,,,0,24.5623,0.6230,18.0828,1.2500,,,,,0,38.1817,0.9922,30.8398,1.5469,,,,
870,0,32.1433,0.8105,34.4205,1.7188,,,,,0,29.8390,0.7559,20.4610,1.5000,,,,,0,42.7711,1.0625,39.5716,3.0000,,,,
871,0,27.5456,0.6294,25.1492,1.5312,,,,,0,18.6620,0.5391,17.3630,1.1250,,,,,0,34.7062,0.9375,30.8722,1.4062,,,,
872,0,27.0878,0.6953,27.8592,1.1875,,,,,0,30.6245,0.7852,34.5505,1.5000,,,,,0,36.3604,0.9043,30.1868,1.7500,,,,
873,0,29.2066,0.8633,25.7885,1.3906,,,,,0,19.4190,0.5391,19.3630,0.8750,,,,,0,37.4075,0.9219,29.8841,1.5000,,,,
874,0,36.0176,0.8281,27.0377,1.4375,,,,,0,20.4770,0.5996,19.0982,1.1250,,,,,0,37.1053,1.0000,33.7177,1.8750,,,,
875,0,21.3808,0.6406,25.0488,1.4062,,,,,0,18.8077,0.5088,20.6327,1.0156,,,,,0,37.9533,0.9141,36.5886,1.6562,,,,
876,0,28.1100,0.7051,25.0884,1.1328,,,,,0,19.1147,0.5703,20.5221,0.7812,,,,,0,35.0527,0.8594,48.9933,3.3750,,,,
877,0,27.4999,0.7305,29.1401,1.7500,,,,,0,23.0947,0.5547,17.8317,0.7500,,,,,0,49.6546,0.9297,38.5704,2.6250,,,,
878,0,21.6109,0.6055,31.7565,2.4375,,,,,0,20.2168,0.5645,19.6617,1.1250,,,,,0,44.4041,0.9258,34.9951,2.1250,,,,
879,0,20.3333,0.5952,29.7540,1.5039,,,,,0,19.6331,0.5483,17.2252,0.9375,,,,,0,35.4603,0.8438,46.5072,2.5625,,,,
880,0,27.6669,0.7285,24.9344,1.1250,,,,,0,20.6604,0.5684,19.1569,1.0625,,,,,0,40.5747,0.9536,56.9648,3.5000,,,,
881,0,40.1187,0.8838,33.5948,1.5000,,,,,0,18.6986,0.5469,21.4783,1.0625,,,,,0,52.2082,1.0059,49.0322,2.8750,,,,
882,0,35.3368,0.7207,47.8152,2.0625,,,,,0,19.4359,0.5586,19.4982,0.8750,,,,,0,39.5233,0.9238,42.4302,2.5625,,,,
883,0,24.2119,0.6768,31.3994,1.3750,,,,,0,20.6644,0.5703,26.5035,1.7500,,,,,0,37.5414,0.9570,46.6828,2.4375,,,,
884,0,20.0568,0.5625,22.2347,0.8750,,,,,0,22.2802,0.5801,17.7157,0.6562,,,,,0,35.7018,0.8672,37.5001,2.1250,,,,
885,0,19.8962,0.5402,24.1998,1.4375,,,,,0,22.6902,0.5645,17.6868,0.6406,,,,,0,38.1935,0.8750,40.0258,2.6250,,,,
886,0,20.1839,0.5000,23.2366,1.0625,,,,,0,17.0869,0.5430,17.1463,0.8750,,,,,0,31.7315,0.7899,43.8920,2.6250,,,,
887,0,41.0364,0.7188,26.9590,1.0312,,,,,0,22.3407,0.5205,18.8839,0.8750,,,,,0,46.9866,1.1348,42.2624,3.0000,,,,
888,0,34.2983,0.8047,22.4325,0.8750,,,,,0,21.1240,0.6001,17.4347,1.0000,,,,,0,54.8208,1.0566,36.5162,1.5625,,,,
889,0,21.4641,0.6699,20.5467,0.8906,,,,,0,17.8621,0.5498,16.5815,1.2500,,,,,0,57.3891,1.0918,34.2955,3.5000,,,,
890,0,36.6217,0.7109,24.0116,1.1875,,,,,0,17.6960,0.4922,16.3501,0.7109,,,,,0,43.8126,0.9746,28.2565,1.6250,,,,
891,0,23.6682,0.5469,22.6499,1.3281,,,,,0,22.6651,0.5879,17.7041,0.7500,,,,,0,48.6910,0.9902,30.6954,1.6250,,,,
892,0,33.1354,0.7266,21.2897,1.1250,,,,,0,16.8181,0.5234,19.2154,0.8125,,,,,0,46.7921,0.9609,30.1093,1.8750,,,,
893,0,19.4198,0.5391,22.4207,1.3750,,,,,0,17.8881,0.5273,17.2832,0.8125,,,,,0,52.8066,1.0771,27.2351,1.8750,,,,
894,0,55.7988,0.8945,24.0320,1.0000,,,,,0,17.5865,0.4942,18.9657,0.7500,,,,,0,50.4829,1.0488,27.4144,1.5000,,,,
895,0,20.7784,0.6787,21.3525,0.9453,,,,,0,18.6073,0.5417,19.2618,0.7500,,,,,0,42.5588,0.9724,29.8191,1.6875,,,,
896,0,21.1380,0.6382,20.4016,1.0625,,,,,0,18.6448,0.5547,17.1183,1.0625,,,,,0,38.1567,0.8755,28.1370,1.6250,,,,
897,0,20.6903,0.5225,23.4780,1.5273,,,,,0,17.3910,0.4805,17.1669,0.8125,,,,,0,40.4188,0.8965,24.8512,1.8125,,,,
898,0,29.4601,0.6680,20.6343,0.8750,,,,,0,17.5981,0.5234,18.5555,0.8125,,,,,0,39.8860,0.9336,30.8270,1.6875,,,,
899,0,23.0956,0.5404,23.2914,1.0000,,,,,0,16.8632,0.4912,18.4229,0.9062,,,,,0,34.3423,0.8359,32.4030,2.1250,,,,
900,0,18.4230,0.5410,21.4277,1.0625,,,,,0,17.3679,0.5234,17.5540,0.7500,,,,,0,30.4322,0.7695,32.1737,1.6094,,,,
901,0,41.4915,0.8477,21.5749,1.1250,,,,,0,17.3025,0.5273,19.1524,0.7969,,,,,0,38.3061,0.8750,33.5788,1.2500,,,,
902,0,23.9580,0.6289,23.0158,1.1250,,,,,0,18.2347,0.5371,19.5419,0.7500,,,,,0,42.4739,0.9590,32.1789,1.9062,,,,
903,0,22.4857,0.6641,25.5996,1.3672,,,,,0,19.7460,0.5659,18.4985,0.6953,,,,,0,37.3165,0.8906,40.1657,1.8750,,,,
904,0,25.0581,0.7344,24.4326,1.2500,,,,,0,21.0660,0.6016,19.2961,0.6875,,,,,0,57.9820,1.0762,42.9508,2.6250,,,,
905,0,53.6978,1.0078,23.0544,0.9375,,,,,0,23.7222,0.6309,19.8283,0.9062,,,,,0,41.0987,0.8828,36.0749,1.6250,,,,
906,0,35.3781,0.7617,22.4365,1.0625,,,,,0,17.7017,0.5439,19.3796,1.0000,,,,,0,29.8050,0.8203,37.3092,1.8750,,,,
907,0,51.4388,1.0898,30.1506,1.2656,,,,,0,20.2347,0.5391,18.9037,1.1250,,,,,0,55.4128,1.0605,33.1029,2.2500,,,,
908,0,31.0600,0.7734,33.5794,1.6250,,,,,0,28.3667,0.6523,18.0431,0.7344,,,,,0,30.7314,0.8496,38.0074,3.1250,,,,
909,0,53.2349,0.9961,23.9174,1.7500,,,,,0,19.5525,0.5234,15.6912,1.0000,,,,,0,29.3482,0.7637,29.3084,2.2500,,,,
910,0,25.6851,0.7695,21.3475,1.1562,,,,,0,20.8173,0.6172,15.9648,0.6562,,,,,0,29.2636,0.7500,26.8958,1.8750,,,,
911,0,23.4646,0.7021,18.8380,0.8750,,,,,0,17.9444,0.5117,15.2844,0.5938,,,,,0,32.9470,0.8750,27.0778,2.2500,,,,
912,0,26.4179,0.7578,23.6561,0.8425,,,,,0,18.5628,0.4961,15.3831,0.7500,,,,,0,29.9042,0.7539,27.6490,1.7500,,,,
913,0,20.7516,0.7344,23.2841,1.3125,,,,,0,18.0507,0.5312,16.9091,0.6875,,,,,0,30.0431,0.8340,39.9377,1.8750,,,,
914,0,22.6420,0.5859,27.0528,1.2656,,,,,0,18.0869,0.5322,20.3514,0.7812,,,,,0,31.2414,0.8281,44.1251,2.3906,,,,
915,0,20.8835,0.6016,30.4937,1.4688,,,,,0,22.5913,0.5664,16.1758,0.9375,,,,,0,40.8886,0.9219,33.2922,2.2500,,,,
916,0,19.6020,0.5742,29.0159,2.0000,,,,,0,21.3069,0.5400,16.1691,0.7500,,,,,0,45.7880,0.9414,33.7706,1.5000,,,,
917,0,42.0996,0.6719,26.0870,1.7500,,,,,0,18.6726,0.5234,15.6208,0.7500,,,,,0,48.4626,1.0000,38.7272,2.3438,,,,
918,0,42.7882,0.8438,27.2714,1.6875,,,,,0,22.5298,0.5859,15.1481,0.6250,,,,,0,44.7642,0.9453,32.2778,1.7500,,,,
919,0,21.2081,0.5391,28.3734,1.4375,,,,,0,21.2786,0.5664,15.4371,0.7500,,,,,0,50.7259,1.0205,37.8765,1.8438,,,,
920,0,28.1407,0.6172,24.9759,1.5000,,,,,0,18.6142,0.5200,17.0831,0.7500,,,,,0,36.3156,0.9072,36.3964,2.2500,,,,
921,0,25.9724,0.5537,26.8034,1.7500,,,,,0,17.8175,0.5652,16.4366,0.7500,,,,,0,36.0513,0.9409,34.7428,2.0625,,,,
922,0,25.2970,0.5566,23.1971,1.1250,,,,,0,24.2888,0.5928,18.1616,0.8125,,,,,0,38.9757,0.8623,29.5997,1.3750,,,,
923,0,22.4520,0.6328,24.2287,1.1250,,,,,0,24.0811,0.5957,14.8277,0.6562,,,,,0,38.2912,0.9004,30.8202,1.4688,,,,
924,0,20.8738,0.5566,20.8787,1.0625,,,,,0,17.7539,0.4863,15.2794,0.5312,,,,,0,35.4003,0.8359,36.4966,1.7500,,,,
925,0,64.5137,1.0322,25.4003,1.1250,,,,,0,24.5254,0.6084,16.5435,0.6719,,,,,0,57.2051,1.2188,31.0230,1.7500,,,,
926,0,28.1091,0.8047,27.8126,1.7031,,,,,0,17.7748,0.5391,16.3872,0.8125,,,,,0,37.3470,0.8633,33.7999,1.5625,,,,
927,0,28.9901,0.6992,21.2715,0.8750,,,,,0,17.9656,0.5273,16.8344,0.9375,,,,,0,56.6220,1.0254,29.4541,1.4062,,,,
928,0,28.7133,0.7695,28.6503,1.6875,,,,,0,17.5416,0.5098,16.5999,0.7500,,,,,0,49.1555,0.9014,31.2832,1.3750,,,,
929,0,34.5406,0.8721,25.6465,0.9531,,,,,0,16.7178,0.5117,16.3921,0.7500,,,,,0,41.6782,0.8828,29.9987,1.6250,,,,
930,0,26.3741,0.6846,30.5924,1.5625,,,,,0,17.3869,0.5391,16.3729,0.8750,,,,,0,54.2450,1.0488,25.9386,1.1250,,,,
931,0,48.1854,0.9629,22.9564,1.3750,,,,,0,19.2048,0.6016,15.5585,0.6250,,,,,0,53.7082,1.0996,24.3466,1.3750,,,,
932,0,35.6740,0.7988,22.1208,1.0000,,,,,0,28.1247,0.6523,16.1524,0.7500,,,,,0,33.1957,0.8783,23.8934,1.3750,,,,
933,0,20.8164,0.5938,20.9412,0.8750,,,,,0,21.3807,0.5977,17.1751,0.8750,,,,,0,37.9458,0.9121,25.1918,1.1250,,,,
934,0,26.9237,0.7490,21.7302,1.3125,,,,,0,21.0249,0.6348,15.7339,0.7500,,,,,0,49.0608,0.9707,23.3026,1.2500,,,,
935,0,34.9067,0.8008,21.1211,1.0957,,,,,0,18.8592,0.5723,14.9618,0.6875,,,,,0,50.2030,1.0365,25.4727,1.4531,,,,
936,0,21.4446,0.5957,19.6707,1.3750,,,,,0,18.0408,0.5625,16.2151,0.6465,,,,,0,44.5333,0.9512,23.0026,1.5000,,,,
937,0,19.5670,0.5938,26.3166,1.0000,,,,,0,16.3035,0.4832,16.9132,1.0000,,,,,0,46.7923,0.9492,27.1192,1.6250,,,,
938,0,20.4631,0.5734,21.8202,1.0625,,,,,0,26.2569,0.6484,18.3118,1.0000,,,,,0,31.7180,0.7520,34.2505,1.5000,,,,
939,0,39.3896,0.9180,18.8591,0.8125,,,,,0,18.7714,0.5801,16.1498,1.0000,,,,,0,45.6042,0.9688,33.4829,1.5312,,,,
940,0,22.7194,0.7500,20.5609,0.8594,,,,,0,18.8383,0.5724,15.5701,0.6250,,,,,0,37.2089,0.9600,31.8477,1.6250,,,,
941,0,24.4759,0.8281,17.5797,0.8125,,,,,0,18.1327,0.5312,16.3653,0.8750,,,,,0,38.5429,0.9128,31.4219,1.6875,,,,
942,0,24.4694,0.7812,22.3355,1.3750,,,,,0,18.6557,0.5625,16.7955,0.7188,,,,,0,47.0047,1.0547,30.3450,1.2188,,,,
943,0,31.5328,0.8242,21.0784,0.8750,,,,,0,19.0822,0.5664,17.4101,0.7500,,,,,0,34.0455,0.8047,35.2001,1.3438,,,,
944,0,25.4895,0.6641,23.1729,0.9141,,,,,0,17.6830,0.5371,17.1631,0.8750,,,,,0,28.5459,0.6875,35.2037,1.6250,,,,
945,0,27.6972,0.7148,27.1100,1.3750,,,,,0,17.9360,0.5469,17.7169,0.7188,,,,,0,29.6797,0.6953,33.3903,1.2500,,,,
946,0,20.7011,0.6250,25.8015,1.0625,,,,,0,18.4134,0.5615,18.7069,0.7500,,,,,0,26.5529,0.6836,35.5244,1.3750,,,,
947,0,29.0537,0.7279,25.8484,1.1250,,,,,0,20.1726,0.5925,19.9981,0.7500,,,,,0,36.0665,0.7048,40.0213,1.5000,,,,
948,0,26.1071,0.6797,32.7301,1.8750,,,,,0,20.7493,0.5391,22.3265,1.0000,,,,,0,32.8590,0.7246,41.2955,1.7500,,,,
949,0,20.4343,0.6250,27.1204,1.1147,,,,,0,21.9878,0.5781,20.5076,0.7969,,,,,0,41.1837,0.7773,39.1222,1.6875,,,,
950,0,20.4339,0.5918,28.7680,0.9688,,,,,0,23.1124,0.6094,20.4480,0.8438,,,,,0,42.6271,0.8555,35.4190,1.7891,,,,
951,0,21.2025,0.5938,28.6066,1.2500,,,,,0,17.5710,0.5537,22.3122,1.0645,,,,,0,30.4231,0.8174,42.9908,2.2500,,,,
952,0,32.9821,0.7500,34.9216,1.5625,,,,,0,20.2836,0.5469,18.8850,0.7500,,,,,0,50.7569,0.9375,47.6204,2.7500,,,,
953,0,33.4968,0.7656,34.0546,1.4453,,,,,0,19.1616,0.5469,20.8150,0.8125,,,,,0,36.1141,0.9062,44.5545,2.0000,,,,
954,0,21.6075,0.6641,34.7228,1.7500,,,,,0,18.2877,0.5469,21.1116,0.8750,,,,,0,41.6322,0.9375,46.2097,2.2500,,,,
955,0,24.1167,0.6875,39.7292,1.7500,,,,,0,20.3718,0.5547,21.1644,0.8125,,,,,0,49.2177,0.9365,48.2987,2.2500,,,,
956,0,35.2107,0.7812,38.4723,1.6306,,,,,0,19.9489,0.5625,21.1638,0.7500,,,,,0,52.9479,0.9688,49.8770,2.6250,,,,
957,0,26.6078,0.7344,44.0090,1.9062,,,,,0,20.0461,0.5469,21.0243,0.8750,,,,,0,43.8474,0.9219,42.6923,2.7500,,,,
958,0,58.9588,1.7188,34.2459,1.2812,,,,,0,55.3993,1.4375,25.7614,1.0000,,,,,0,62.3186,1.7188,43.6714,1.5625,,,,
959,0,71.2499,1.0840,34.4818,1.1875,,,,,0,18.2795,0.5469,18.5109,0.6309,,,,,0,30.6841,0.8125,40.1573,1.3750,,,,
960,0,20.9611,0.6094,31.8336,1.0000,,,,,0,14.9018,0.4062,21.2681,0.6562,,,,,0,28.9457,1.2656,47.5945,2.1250,,,,
961,0,25.8349,0.5781,29.3142,1.0625,,,,,0,20.7118,0.5938,18.6002,0.5938,,,,,0,48.9193,1.0938,52.6161,2.3828,,,,
962,0,22.8762,0.6406,38.9003,1.9062,,,,,0,20.5379,0.5781,22.4679,0.9199,,,,,0,73.8925,1.0156,32.8822,1.0938,,,,
963,0,27.1591,0.8438,26.2031,0.9062,,,,,0,24.1560,0.6875,20.4945,0.7344,,,,,0,39.9703,0.9062,37.5944,1.4609,,,,
964,0,33.9062,0.7969,30.9027,1.0469,,,,,0,21.5644,0.6562,22.8076,0.9062,,,,,0,49.0797,0.9375,44.5084,1.6250,,,,
965,0,25.5095,0.8438,30.7822,1.2188,,,,,0,19.5286,0.5781,26.3685,1.2656,,,,,0,33.7084,0.8906,45.7545,2.1172,,,,
966,0,20.7077,0.5781,36.1197,1.4375,,,,,0,16.7010,0.5234,20.7105,0.7188,,,,,0,35.1676,0.7812,43.8295,1.8359,,,,
967,0,38.6781,0.7656,32.2329,1.2500,,,,,0,16.1268,0.5234,24.0823,0.8203,,,,,0,33.7054,0.8125,41.8886,1.9688,,,,
968,0,19.1533,0.5156,29.1080,1.0000,,,,,0,15.2823,0.4766,22.0072,0.7539,,,,,0,25.0781,0.6406,32.9357,1.5000,,,,
969,0,20.7643,0.5503,32.2722,1.2500,,,,,0,14.2380,0.4375,20.3445,0.8750,,,,,0,24.5575,0.6562,51.6913,2.7500,,,,
970,0,53.0955,1.4375,31.4092,1.2656,,,,,0,49.2613,1.2188,23.4659,0.8828,,,,,0,61.5261,1.4688,33.1208,1.2656,,,,
971,0,30.7474,0.8516,30.5412,1.2500,,,,,0,20.1370,0.5938,20.9852,1.0000,,,,,0,32.2604,0.9609,30.8714,1.0625,,,,
972,0,29.6555,0.7969,25.0226,0.8594,,,,,0,20.7792,0.7031,14.8840,0.5000,,,,,0,30.2441,0.7812,30.1457,1.1250,,,,
973,0,22.2435,0.5938,30.1343,1.2188,,,,,0,15.9901,0.4375,15.8459,0.5156,,,,,0,23.6875,0.5781,33.6525,1.4434,,,,
974,0,23.4819,0.6719,42.0275,1.9688,,,,,0,20.0743,0.5625,21.4350,0.7031,,,,,0,36.5065,0.9617,45.2709,1.6016,,,,
975,0,21.1927,0.5781,27.5661,0.9688,,,,,0,18.2415,0.6250,21.3294,1.0078,,,,,0,37.3325,0.8125,49.1894,2.2969,,,,
976,0,24.5347,0.5781,37.2057,1.5000,,,,,0,22.0753,0.5312,26.4743,1.1250,,,,,0,44.7414,1.3750,42.9571,2.0742,,,,
977,0,22.2921,0.6875,31.0799,1.0938,,,,,0,21.2383,0.5625,22.5189,0.9062,,,,,0,41.0701,1.3438,54.9841,2.7578,,,,
978,0,23.3273,0.6777,27.5317,0.9531,,,,,0,24.8381,0.7500,28.5187,0.9531,,,,,0,66.9894,0.9375,38.7141,1.4375,,,,
979,0,33.6452,0.7969,25.8570,0.9062,,,,,0,25.0022,0.7812,21.7282,0.7500,,,,,0,34.7318,0.7109,35.4511,1.3906,,,,
980,0,24.3326,0.5156,30.1643,1.0000,,,,,0,20.4772,0.5469,20.9297,0.6875,,,,,0,32.3017,0.7305,38.0908,1.3750,,,,
981,0,21.7604,0.5312,32.7885,1.2188,,,,,0,20.4407,0.5312,24.2547,0.8750,,,,,0,58.3410,1.0938,43.1839,1.6875,,,,
982,0,28.4334,0.6875,36.2677,1.3984,,,,,0,19.8467,0.5625,20.3144,0.6562,,,,,0,42.4607,1.0469,51.9333,2.2812,,,,
983,0,28.8713,0.9375,27.8946,1.0625,,,,,0,24.1188,0.7500,17.4597,0.6875,,,,,0,32.9629,0.7500,47.3161,2.1875,,,,
984,0,22.3417,0.6562,34.5575,1.5625,,,,,0,26.3049,0.7344,19.8520,0.7500,,,,,0,37.3377,0.9531,35.8932,1.4375,,,,
985,0,33.0166,0.7500,28.5031,1.0312,,,,,0,24.1803,0.6406,21.3291,0.8125,,,,,0,23.6247,0.6484,31.8923,1.1719,,,,
986,0,31.7058,0.5898,29.4666,1.1016,,,,,0,20.6499,0.5391,20.6999,0.6875,,,,,0,23.0858,0.5312,34.8862,1.3750,,,,
987,0,26.3613,0.6133,30.9526,1.1875,,,,,0,22.2313,0.5000,19.4467,0.7500,,,,,0,22.8975,0.6641,39.0799,1.5000,,,,
988,0,60.8465,0.9180,32.4950,1.4375,,,,,0,15.1950,0.4102,20.7425,0.7188,,,,,0,56.5196,0.9043,36.0071,1.3823,,,,
989,0,53.4633,1.5938,29.2258,1.3125,,,,,0,51.6921,1.2500,21.5159,0.9219,,,,,0,60.2075,1.5000,33.0375,1.5625,,,,
990,0,26.8678,0.7656,30.9652,1.0625,,,,,0,16.9004,0.4609,22.1023,0.7969,,,,,0,77.1117,1.6875,49.8112,1.9922,,,,
991,0,33.1419,0.6172,28.3704,0.8750,,,,,0,22.7974,0.5938,26.7944,0.9922,,,,,0,48.4205,1.9375,48.2583,1.8438,,,,
992,0,51.2693,0.8750,29.2181,1.1875,,,,,0,17.3426,0.5312,21.1806,0.7188,,,,,0,33.0993,1.4375,45.7391,2.0625,,,,
993,0,25.7829,0.7656,39.5332,1.6719,,,,,0,16.4068,0.4375,22.1150,0.8750,,,,,0,34.3549,1.2500,51.2470,2.3398,,,,
994,0,28.7525,0.5938,36.8212,1.2656,,,,,0,18.4261,0.5312,28.1603,1.0312,,,,,0,40.6789,1.0938,41.7809,1.5000,,,,
995,0,50.1564,0.7812,28.0496,1.1406,,,,,0,15.5017,0.4688,17.6474,0.5625,,,,,0,32.4508,0.9375,26.2375,1.0625,,,,
996,0,29.6789,0.6875,32.0031,1.0625,,,,,0,24.7032,0.5938,22.9829,0.7500,,,,,0,40.5390,0.9844,35.2894,1.2344,,,,
997,0,23.0029,0.6406,26.7073,0.9410,,,,,0,18.4595,0.5547,20.0704,0.7061,,,,,0,57.5686,1.2734,45.1105,1.7500,,,,
998,0,22.8874,0.5938,29.5960,0.9062,,,,,0,19.9877,0.6250,24.0781,0.9375,,,,,0,39.9678,1.4062,65.6916,2.6914,,,,
999,0,21.6157,0.6875,30.5188,1.3750,,,,,0,18.9835,0.5781,20.7702,0.7500,,,,,0,38.3940,1.2500,63.0850,4.4688,,,,
1000,0,36.8207,0.7188,31.1016,1.2109,,,,,0,22.7024,0.5625,20.9652,0.8066,,,,,0,45.1245,1.3281,54.4655,2.1562,,,,
1001,0,30.0902,0.6406,31.1727,1.1016,,,,,0,25.1217,0.6562,25.4341,0.8203,,,,,0,47.9445,1.0000,52.0387,2.0938,,,,
1002,0,21.5357,0.5625,29.7169,0.9062,,,,,0,22.6210,0.5312,25.8053,0.9062,,,,,0,59.6959,1.1562,50.8874,1.7969,,,,
1003,0,34.7907,0.7188,34.6943,1.4688,,,,,0,19.4306,0.5938,17.8410,0.6562,,,,,0,38.2227,0.8906,51.5478,1.9375,,,,
1004,0,27.1448,0.6250,29.7991,1.3438,,,,,0,20.2705,0.5938,23.8878,0.8750,,,,,0,59.3308,1.2344,33.5949,1.5000,,,,
1005,0,32.2483,0.6875,27.8097,1.0000,,,,,0,21.2213,0.6172,23.8304,1.1562,,,,,0,42.6878,1.1211,51.0411,2.0703,,,,
1006,0,27.2391,0.7188,31.9422,1.0312,,,,,0,17.3188,0.5000,18.9903,0.6250,,,,,0,53.6989,0.9375,59.7433,2.6016,,,,
1007,0,37.4124,0.8750,27.1355,0.9062,,,,,0,27.2820,0.7500,18.0085,0.5625,,,,,0,58.5778,1.0000,31.9080,1.2891,,,,
1008,0,39.2032,0.9844,27.4046,1.0625,,,,,0,25.5921,0.7500,17.3453,0.6250,,,,,0,47.9296,0.9688,50.0549,1.8750,,,,
1009,0,24.6613,0.7500,32.3437,1.2500,,,,,0,18.3112,0.5000,22.1931,0.7812,,,,,0,27.3177,0.7500,34.2101,1.5625,,,,
1010,0,40.2983,0.8125,28.3189,0.9531,,,,,0,15.3263,0.4062,18.6804,0.6250,,,,,0,27.2936,0.7812,42.4510,1.5156,,,,
1011,0,29.1065,0.6562,33.1116,1.2031,,,,,0,20.7808,0.5000,22.4604,1.0156,,,,,0,29.7182,0.7344,61.6497,2.4336,,,,
1012,0,27.7305,0.7812,31.7407,1.1875,,,,,0,24.3731,0.7500,23.9894,1.0625,,,,,0,41.5045,1.3125,33.8933,1.6875,,,,
1013,0,44.4040,1.3125,25.3985,0.8750,,,,,0,43.6217,1.1875,18.2916,0.5938,,,,,0,49.4122,1.3906,40.0254,1.3750,,,,
1014,0,27.9853,0.7812,30.3798,1.0000,,,,,0,18.9971,0.5938,21.2722,0.8750,,,,,0,25.5580,0.6445,50.6364,2.1094,,,,
1015,0,22.4594,0.5391,30.9819,1.2500,,,,,0,19.8965,0.5625,19.1665,0.7812,,,,,0,31.1216,0.6836,38.5740,1.5000,,,,
1016,0,45.8404,1.3438,30.2146,1.6250,,,,,0,47.3778,1.1562,23.6968,0.8750,,,,,0,59.7602,1.4375,38.2875,2.7500,,,,
1017,0,24.3543,0.5801,28.6208,1.1250,,,,,0,24.0483,0.6953,20.0767,0.7500,,,,,0,34.3763,0.9531,28.6118,1.0781,,,,
1018,0,37.2883,0.8438,29.4212,1.0254,,,,,0,17.3571,0.5312,20.7506,0.7500,,,,,0,42.9917,0.9688,41.7952,1.2812,,,,
1019,0,23.3265,0.6875,31.4481,0.9844,,,,,0,17.8109,0.5312,23.2643,0.7812,,,,,0,33.4032,1.2812,43.5951,1.6875,,,,
1020,0,40.7802,0.8906,29.6562,1.0312,,,,,0,28.7036,0.6016,21.9823,0.7812,,,,,0,41.2360,1.2812,43.1363,1.9219,,,,
1021,0,23.2984,0.7656,26.4427,1.0000,,,,,0,16.6531,0.4531,20.0715,0.7500,,,,,0,37.6282,1.1719,33.4837,1.2803,,,,
1022,0,26.6410,0.6406,27.8826,1.0000,,,,,0,17.0578,0.5312,19.7825,0.6289,,,,,0,57.8591,0.8984,44.0232,1.6250,,,,
1023,0,40.9899,0.6562,30.6650,1.0938,,,,,0,14.3523,0.4062,19.7442,0.7188,,,,,0,26.9174,0.7188,38.1065,1.5625,,,,
1024,0,26.0715,0.6562,34.3560,1.3125,,,,,0,16.4663,0.4023,27.2539,1.1113,,,,,0,34.6152,0.9062,57.0809,2.4141,,,,
1025,0,28.7173,0.8281,34.7224,1.7930,,,,,0,22.2661,0.5938,17.2958,0.6250,,,,,0,28.3678,0.7031,53.5341,2.2988,,,,
1026,0,43.2797,1.0469,32.6362,1.1250,,,,,0,22.9976,0.7188,19.5325,0.7500,,,,,0,48.5660,0.9062,38.5114,1.6250,,,,
1027,0,25.9763,0.7656,31.3640,1.1875,,,,,0,19.7838,0.6406,23.3231,0.8750,,,,,0,54.9572,0.9219,33.0886,1.1467,,,,
1028,0,28.3324,0.6992,31.1055,1.1562,,,,,0,17.7168,0.5312,22.0265,0.7500,,,,,0,25.8363,0.6650,46.9452,1.7930,,,,
1029,0,30.2063,0.7061,33.8446,1.2500,,,,,0,16.8453,0.5000,21.2323,0.9062,,,,,0,35.0970,0.8525,39.4365,1.3438,,,,
1030,0,24.3513,0.7227,35.5030,1.3750,,,,,0,21.9295,0.6484,19.2452,0.7500,,,,,0,37.6945,0.7798,37.5260,1.5781,,,,
1031,0,30.5775,0.7930,35.2795,1.4375,,,,,0,19.8523,0.5938,19.9440,0.9031,,,,,0,32.9901,1.0000,32.2475,1.8750,,,,
1032,0,32.0126,0.7656,26.8400,1.3125,,,,,0,20.1750,0.5938,19.3403,0.7500,,,,,0,34.1598,1.1250,27.3875,1.4922,,,,
1033,0,42.6795,0.8359,30.8469,2.1719,,,,,0,21.6956,0.6094,18.5960,0.6875,,,,,0,32.1817,0.8467,27.8475,1.2500,,,,
1034,0,26.1996,0.6831,25.5212,1.0078,,,,,0,29.7400,0.6719,17.9143,0.7500,,,,,0,33.9796,1.0156,31.8086,1.4219,,,,
1035,0,22.8899,0.7246,31.7463,1.5000,,,,,0,31.1516,0.7148,18.5547,0.8750,,,,,0,36.7102,1.0000,44.6344,2.4375,,,,
1036,0,21.9393,0.7500,30.5904,2.1250,,,,,0,26.9823,0.6660,19.2424,0.7500,,,,,0,35.1904,0.9434,44.7919,2.1875,,,,
1037,0,25.0207,0.7344,26.8508,1.0547,,,,,0,29.8109,0.6406,18.9237,1.0000,,,,,0,40.3590,1.0176,41.6188,1.8125,,,,
1038,0,42.0173,0.9082,24.6635,1.1250,,,,,0,22.6314,0.6272,18.5171,0.8125,,,,,0,51.1680,1.1230,37.2714,1.6250,,,,
1039,0,22.3840,0.6445,21.5587,1.1875,,,,,0,20.6778,0.6055,15.7763,0.7188,,,,,0,41.5824,1.0061,39.7149,1.7500,,,,
1040,0,21.2831,0.6309,24.1345,1.3594,,,,,0,19.8587,0.6038,15.8963,0.8750,,,,,0,37.0435,0.9463,30.2747,2.2656,,,,
1041,0,24.1210,0.6904,30.0433,2.0000,,,,,0,18.4651,0.5625,15.6029,0.9375,,,,,0,33.2068,0.8863,29.5156,2.0000,,,,
1042,0,21.4859,0.6621,29.4618,1.3125,,,,,0,18.2874,0.5117,16.4396,1.0000,,,,,0,41.4548,0.9922,29.6121,2.0000,,,,
1043,0,27.6690,0.8711,24.1644,1.0000,,,,,0,18.2220,0.5488,15.7189,0.9375,,,,,0,47.4294,1.1211,26.1703,1.8438,,,,
1044,0,20.0733,0.6328,24.3421,1.0000,,,,,0,18.5520,0.5527,15.4142,0.8750,,,,,0,52.0117,1.1836,26.8227,1.1250,,,,
1045,0,25.0444,0.6426,24.8132,1.3750,,,,,0,18.8669,0.5742,15.2278,0.8750,,,,,0,43.3946,1.0977,30.0975,1.3750,,,,
1046,0,32.7615,0.7393,25.1715,1.2812,,,,,0,18.0595,0.5156,15.5119,0.6875,,,,,0,52.8682,1.1133,29.6443,1.5312,,,,
1047,0,22.7114,0.6816,21.7857,1.0312,,,,,0,19.1473,0.5625,15.2763,0.7500,,,,,0,45.2139,0.9980,24.9346,1.5000,,,,
1048,0,52.7283,1.5938,22.8846,1.3125,,,,,0,52.9940,1.3438,17.4250,1.1875,,,,,0,70.4137,1.8125,26.8786,1.2500,,,,
1049,0,24.3923,0.7578,31.9565,1.5000,,,,,0,17.5290,0.5312,20.5093,0.7969,,,,,0,39.2173,1.0625,30.3500,1.0938,,,,
1050,0,22.9875,0.6875,29.5780,1.1250,,,,,0,20.6602,0.5312,22.7717,0.7500,,,,,0,36.0466,1.0859,44.6983,1.8438,,,,
1051,0,21.7316,0.5938,28.5418,0.9531,,,,,0,18.4219,0.5312,25.1718,1.1250,,,,,0,34.3293,0.9375,58.3632,2.2500,,,,
1052,0,23.8180,0.5625,27.6772,0.9219,,,,,0,19.7367,0.5938,20.9050,0.7500,,,,,0,51.6890,1.2812,47.7074,1.9531,,,,
1053,0,40.4764,0.7500,34.0171,1.6250,,,,,0,21.5285,0.5312,19.4152,0.7812,,,,,0,62.3388,1.0898,37.8778,1.6250,,,,
1054,0,31.8230,0.6094,28.9226,1.0000,,,,,0,18.7329,0.4688,18.6415,0.7344,,,,,0,50.1353,0.7969,41.6838,1.9375,,,,
1055,0,24.4406,0.7188,27.5480,1.0938,,,,,0,24.3626,0.5312,18.7957,0.6875,,,,,0,42.8582,1.2832,44.0759,1.6875,,,,
1056,0,33.4176,0.9375,33.8654,1.2207,,,,,0,23.8486,0.6250,23.5213,0.9707,,,,,0,34.2149,0.9902,41.5704,1.5469,,,,
1057,0,59.6843,1.5312,32.9343,1.5000,,,,,0,36.9278,1.0938,23.6526,0.9375,,,,,0,48.0862,1.3750,56.0979,2.3398,,,,
1058,0,38.2636,0.8281,27.8592,1.0625,,,,,0,16.9630,0.5020,24.1134,0.9062,,,,,0,36.6791,0.8047,44.0301,1.6562,,,,
1059,0,34.7107,0.8086,25.8480,0.8750,,,,,0,28.5641,0.6016,22.5441,1.0234,,,,,0,29.1526,0.7109,56.7111,3.8750,,,,
1060,0,40.5798,0.7949,22.3748,0.9062,,,,,0,27.8198,0.6016,20.1536,0.9375,,,,,0,28.6989,0.7412,28.3129,1.1738,,,,
1061,0,26.1848,0.7500,20.9738,0.8125,,,,,0,21.7016,0.5625,17.8177,0.8750,,,,,0,31.8399,0.8750,26.6677,1.2500,,,,
1062,0,33.8133,0.7129,25.0319,1.0000,,,,,0,21.0330,0.5469,17.2186,0.6250,,,,,0,29.2303,0.8125,34.0142,1.7969,,,,
1063,0,33.9988,0.8203,25.7369,0.9844,,,,,0,22.8487,0.5938,18.3047,0.9375,,,,,0,30.3114,0.7969,49.9971,2.1875,,,,
1064,0,28.1579,0.7207,22.3125,1.0625,,,,,0,22.8705,0.6250,16.5362,0.9375,,,,,0,28.5360,0.8438,34.1313,1.6875,,,,
1065,0,20.6781,0.6172,31.6320,1.8125,,,,,0,19.3266,0.5986,17.8603,0.9375,,,,,0,32.2749,0.9688,34.3540,1.6250,,,,
1066,0,21.6059,0.6523,27.9304,1.9062,,,,,0,22.6032,0.6758,18.2932,0.8750,,,,,0,29.3304,0.8750,36.3369,1.7500,,,,
1067,0,30.1086,0.6558,26.5582,1.0625,,,,,0,22.6764,0.6680,18.6501,0.8750,,,,,0,30.0961,0.8984,32.5865,1.6875,,,,
1068,0,26.6286,0.6855,33.4061,1.6250,,,,,0,19.4928,0.6016,17.8834,0.8125,,,,,0,31.7553,0.9453,33.4752,1.4062,,,,
1069,0,41.2176,0.7900,27.7259,1.3125,,,,,0,20.8875,0.6523,19.7876,0.9062,,,,,0,30.5605,0.9023,37.4223,1.5000,,,,
1070,0,39.5584,0.7266,26.5147,1.1875,,,,,0,18.9319,0.6030,19.5023,0.9375,,,,,0,30.1757,0.7578,35.2286,1.7500,,,,
1071,0,24.3495,0.7812,33.3404,1.7500,,,,,0,21.7993,0.6484,21.0314,1.1250,,,,,0,31.2833,0.8750,38.0616,1.8750,,,,
1072,0,24.0220,0.5938,26.0591,1.2500,,,,,0,24.0939,0.6758,20.1886,1.0000,,,,,0,30.3570,0.8477,33.4059,1.6250,,,,
1073,0,28.0849,0.6982,28.2663,1.7500,,,,,0,20.2306,0.5820,19.7405,1.0625,,,,,0,31.7655,0.8203,36.2476,1.5625,,,,
1074,0,29.2939,0.7334,26.7256,1.3750,,,,,0,21.9659,0.5786,20.5554,1.5000,,,,,0,33.6949,0.8281,37.6244,2.0000,,,,
1075,0,24.4547,0.6279,25.2904,1.6250,,,,,0,26.1372,0.6484,19.6639,1.3125,,,,,0,43.4199,1.0791,36.3679,2.0000,,,,
1076,0,21.2316,0.6406,23.0180,1.2500,,,,,0,20.6579,0.5767,19.2505,1.0000,,,,,0,41.4087,1.0078,37.6674,1.6875,,,,
1077,0,23.9728,0.6992,25.0722,1.2188,,,,,0,18.1828,0.5514,15.0769,0.8750,,,,,0,34.3090,0.8789,32.5355,2.2500,,,,
1078,0,26.9976,0.7515,24.8081,1.1250,,,,,0,17.8314,0.5586,16.4162,1.0000,,,,,0,28.1636,0.7012,30.2526,1.8125,,,,
1079,0,26.3015,0.6855,24.4764,1.0625,,,,,0,17.5026,0.5547,16.2981,1.1250,,,,,0,30.1874,0.7476,29.7390,1.7500,,,,
1080,0,19.5429,0.6323,21.7566,0.8750,,,,,0,17.2207,0.5195,15.2504,1.0000,,,,,0,33.4836,0.8477,25.6624,1.4062,,,,
1081,0,41.9580,0.9883,21.7037,1.1250,,,,,0,17.9911,0.5901,15.4736,0.8750,,,,,0,38.6707,0.9961,25.0184,1.2500,,,,
1082,0,32.6015,0.7637,22.7103,1.0625,,,,,0,17.8659,0.5244,15.3218,0.9375,,,,,0,29.6396,0.8418,26.7505,1.0625,,,,
1083,0,20.6212,0.6113,24.2685,1.3750,,,,,0,18.1831,0.5276,15.4356,0.8125,,,,,0,31.1196,0.8125,30.0064,1.7500,,,,
1084,0,19.9271,0.5684,25.4882,1.0312,,,,,0,19.2006,0.5703,16.1144,0.6875,,,,,0,36.1314,0.9180,25.7938,1.3750,,,,
1085,0,71.6523,1.1035,24.2624,1.3359,,,,,0,17.5892,0.5234,15.8843,1.0000,,,,,0,40.7632,1.0039,29.6574,1.5625,,,,
1086,0,19.9414,0.5703,24.0499,1.0000,,,,,0,18.9664,0.5391,15.3173,1.0625,,,,,0,31.0194,0.8320,26.5129,1.4375,,,,
1087,0,31.2596,0.7539,19.9242,0.9375,,,,,0,17.1000,0.5176,14.6827,0.8750,,,,,0,29.8914,0.8193,27.2457,1.1250,,,,
1088,0,20.2297,0.5659,20.5745,0.8125,,,,,0,24.7143,0.6641,17.8892,1.1875,,,,,0,27.9490,0.7051,33.1566,2.7500,,,,
1089,0,25.6352,0.6758,20.5189,0.8750,,,,,0,19.3276,0.5391,14.4977,1.0625,,,,,0,33.6401,0.8574,25.6670,1.3125,,,,
1090,0,21.3834,0.6367,19.7645,0.6348,,,,,0,20.9004,0.6016,15.0112,0.7500,,,,,0,32.4058,0.9922,25.3915,1.1562,,,,
1091,0,31.0571,0.8828,23.9790,1.2344,,,,,0,20.1377,0.6484,14.5324,0.6250,,,,,0,54.5525,1.2539,33.4100,1.3750,,,,
1092,0,26.7773,0.7344,23.1205,0.9688,,,,,0,29.6506,0.6875,15.5544,0.6367,,,,,0,52.6715,1.2627,36.8933,1.8750,,,,
1093,0,28.4469,0.7520,21.8318,0.8750,,,,,0,20.1413,0.6172,13.9024,0.6250,,,,,0,34.9908,1.0000,29.6790,1.2188,,,,
1094,0,21.5353,0.6084,23.8581,1.0000,,,,,0,18.5493,0.5255,13.4433,0.7812,,,,,0,31.1481,0.8828,27.5676,1.7188,,,,
1095,0,28.6038,0.8066,19.7747,0.8125,,,,,0,19.7963,0.5938,14.3703,0.8750,,,,,0,32.0909,0.8984,24.0970,1.1250,,,,
1096,0,44.6419,1.1172,33.2850,1.2188,,,,,0,19.4210,0.5479,16.1342,0.8750,,,,,0,33.5381,1.0000,30.3199,1.4609,,,,
1097,0,25.9728,0.6602,27.6050,2.2500,,,,,0,29.6812,0.6758,15.3480,0.8125,,,,,0,31.3539,0.9844,32.3962,1.3750,,,,
1098,0,34.2755,0.7188,25.5991,1.2500,,,,,0,20.5531,0.6094,15.9854,1.1250,,,,,0,34.4550,0.9453,31.7594,1.6250,,,,
1099,0,28.4131,0.6719,25.6858,1.2500,,,,,0,23.5204,0.6348,18.9658,1.3750,,,,,0,45.6345,1.0469,35.5136,2.2500,,,,
1100,0,24.0428,0.7539,29.6277,1.6250,,,,,0,19.1805,0.5312,20.8452,1.0781,,,,,0,39.6107,1.0508,34.8812,1.6562,,,,
1101,0,33.6361,0.8359,24.0528,0.8750,,,,,0,21.5065,0.6094,18.2901,0.7500,,,,,0,31.4780,0.8281,47.5140,2.5000,,,,
1102,0,21.7442,0.6172,24.9554,1.0000,,,,,0,22.8565,0.5703,15.1821,0.5312,,,,,0,38.9099,0.8298,34.7030,2.9375,,,,
1103,0,29.6206,0.6826,25.4728,1.2500,,,,,0,29.0887,0.6641,15.4934,0.6250,,,,,0,35.0733,0.8750,30.2503,1.8750,,,,
1104,0,23.4936,0.7188,25.0949,1.5625,,,,,0,24.3349,0.5820,15.8195,0.7500,,,,,0,32.3757,0.8611,39.4656,2.4375,,,,
1105,0,28.6177,0.6094,24.6402,1.5938,,,,,0,20.8060,0.5723,16.1611,0.7500,,,,,0,40.7746,0.9268,42.1509,2.3750,,,,
1106,0,21.4454,0.6387,26.1978,1.6719,,,,,0,21.1345,0.5547,17.1070,0.7500,,,,,0,46.1624,0.9805,40.9246,2.5000,,,,
1107,0,37.0925,0.7920,24.5517,1.1250,,,,,0,19.8028,0.5508,18.6319,0.7500,,,,,0,32.1510,0.8477,41.0352,2.5000,,,,
1108,0,24.9695,0.6113,22.4958,1.0625,,,,,0,18.7580,0.5396,17.1201,0.7500,,,,,0,29.7404,0.8379,33.6301,1.6250,,,,
1109,0,52.5672,0.8926,24.4760,1.3125,,,,,0,21.8362,0.5693,17.0043,0.6328,,,,,0,36.2821,0.9141,38.8062,2.3750,,,,
1110,0,21.1448,0.5918,26.4159,1.1016,,,,,0,22.8583,0.5684,18.2327,0.8125,,,,,0,37.4141,0.8398,40.5967,2.2500,,,,
1111,0,22.6873,0.6172,23.5383,1.3750,,,,,0,17.8306,0.5273,18.1901,0.8750,,,,,0,34.0281,0.8262,43.9530,2.3750,,,,
1112,0,20.5702,0.5088,24.1977,1.1250,,,,,0,22.7750,0.5264,18.9977,0.8125,,,,,0,48.2431,1.1713,40.7287,2.6250,,,,
1113,0,21.7903,0.6641,22.3624,0.9795,,,,,0,22.6588,0.6152,17.7152,0.7500,,,,,0,61.1835,1.1289,35.7098,1.4688,,,,
1114,0,23.6946,0.6367,22.4226,0.9287,,,,,0,18.0161,0.5410,14.8053,0.6367,,,,,0,60.2527,1.1211,29.7994,1.6094,,,,
1115,0,27.3593,0.7012,27.7819,1.4844,,,,,0,17.8831,0.4844,17.5100,0.8438,,,,,0,38.9576,0.9219,27.7328,1.7500,,,,
1116,0,21.2210,0.6445,21.1325,0.7500,,,,,0,20.6552,0.5684,16.9189,0.7500,,,,,0,52.1362,1.0098,29.7492,1.5156,,,,
1117,0,24.1489,0.6562,23.1399,1.2500,,,,,0,17.7466,0.5078,17.7409,0.7188,,,,,0,51.2370,0.9893,28.2014,1.4375,,,,
1118,0,29.2963,0.6816,20.7029,1.2500,,,,,0,17.0518,0.5117,16.1368,0.6328,,,,,0,51.7063,1.0645,26.1776,1.4219,,,,
1119,0,22.6288,0.7109,21.6053,1.0332,,,,,0,18.0712,0.5312,18.1760,0.6641,,,,,0,57.6133,1.1211,26.6889,1.5156,,,,
1120,0,24.6354,0.7744,20.2757,1.2500,,,,,0,20.8942,0.5781,17.8511,0.6250,,,,,0,34.5329,0.8750,26.3235,1.3438,,,,
1121,0,36.1910,0.9659,21.8302,1.4453,,,,,0,17.2204,0.4922,17.9149,0.6875,,,,,0,39.8504,0.9375,27.4160,1.5469,,,,
1122,0,27.3265,0.7773,21.5369,1.0000,,,,,0,19.1401,0.5625,17.6573,0.7461,,,,,0,42.6829,0.9297,27.1573,1.4062,,,,
1123,0,24.4124,0.7090,21.3441,0.9375,,,,,0,18.1253,0.5375,16.7411,0.6250,,,,,0,39.0561,0.8906,25.8731,1.6250,,,,
1124,0,20.7681,0.6294,21.0234,1.3125,,,,,0,17.1168,0.4980,16.8712,0.6562,,,,,0,36.6225,0.8672,24.9167,1.6914,,,,
1125,0,21.4306,0.6348,20.6327,1.0000,,,,,0,19.3378,0.5586,14.4271,0.6250,,,,,0,28.1595,0.7324,25.9108,1.1875,,,,
1126,0,19.3315,0.4971,25.5155,1.1875,,,,,0,17.2860,0.5156,15.9730,1.2500,,,,,0,39.6834,0.8086,37.3563,3.1250,,,,
1127,0,21.9719,0.6328,19.7867,1.4375,,,,,0,18.3271,0.5625,15.2536,1.1875,,,,,0,39.4348,0.9180,30.6195,1.7949,,,,
1128,0,25.4460,0.7300,21.5517,1.3125,,,,,0,18.2012,0.5195,13.5179,0.6562,,,,,0,41.2668,0.9238,34.6347,2.2500,,,,
1129,0,32.4341,0.7666,30.3680,1.4375,,,,,0,29.9493,0.8086,18.9022,0.7812,,,,,0,49.8781,1.0547,33.1604,1.3438,,,,
1130,0,25.9706,0.7006,29.8378,2.0625,,,,,0,25.2647,0.6484,18.1769,0.8750,,,,,0,54.2171,1.0781,35.1714,1.4062,,,,
1131,0,22.3896,0.6182,23.1476,1.5000,,,,,0,17.8837,0.5264,13.3777,0.6406,,,,,0,29.2733,0.8281,31.9157,2.0000,,,,
1132,0,22.9350,0.6255,21.1236,1.3906,,,,,0,17.6906,0.5166,13.4550,0.6250,,,,,0,36.0429,0.9297,30.0829,1.6250,,,,
1133,0,35.0037,0.8770,23.0536,1.1875,,,,,0,21.0615,0.6250,15.4428,0.8125,,,,,0,27.8491,0.8438,30.5390,1.3438,,,,
1134,0,20.6878,0.5913,20.8118,1.1875,,,,,0,18.6287,0.5449,13.6468,0.6250,,,,,0,30.4265,0.8906,31.3811,1.3438,,,,
1135,0,24.9254,0.6924,20.0733,0.9375,,,,,0,18.6658,0.6250,13.4945,0.7188,,,,,0,28.7307,0.7734,31.3982,2.0000,,,,
1136,0,21.4692,0.7500,22.7374,1.2500,,,,,0,19.7457,0.7500,14.0996,0.7500,,,,,0,29.4529,0.7969,28.6226,2.1250,,,,
1137,0,25.1875,0.6846,24.2709,1.3125,,,,,0,22.1959,0.7500,15.0798,0.6250,,,,,0,27.7767,0.7188,30.3705,1.3750,,,,
1138,0,25.8753,0.6841,22.7848,1.6875,,,,,0,19.2925,0.5625,16.2576,0.6250,,,,,0,28.7903,0.8594,39.8928,1.4375,,,,
1139,0,21.8749,0.6250,21.3663,0.9062,,,,,0,28.2509,0.6172,14.6675,0.5625,,,,,0,37.2791,0.8984,37.8052,2.4844,,,,
1140,0,47.5614,1.1055,26.9818,1.5000,,,,,0,32.2449,0.6797,17.0079,0.8438,,,,,0,43.2873,0.9395,31.8126,2.5000,,,,
1141,0,31.2253,0.8359,25.9937,1.1250,,,,,0,18.7937,0.5151,16.2703,0.8125,,,,,0,46.3068,0.9492,35.3807,1.5000,,,,
1142,0,24.5371,0.6758,26.8442,1.7500,,,,,0,20.7305,0.5508,14.4172,0.6250,,,,,0,55.9629,1.0957,33.2019,2.0000,,,,
1143,0,27.6905,0.7695,27.8737,1.3750,,,,,0,18.4634,0.5181,15.2994,0.7500,,,,,0,55.3201,1.0566,32.0551,1.8125,,,,
1144,0,26.9325,0.7969,27.4635,1.3750,,,,,0,23.4967,0.6211,16.6786,0.8750,,,,,0,67.1067,1.1309,34.9263,2.2500,,,,
1145,0,20.6699,0.5371,25.6333,1.1875,,,,,0,24.5618,0.6211,16.9863,0.8125,,,,,0,51.8095,1.0304,39.2471,2.5000,,,,
1146,0,33.5583,0.6973,26.5490,1.3750,,,,,0,28.1774,0.6367,16.5907,0.7188,,,,,0,45.3086,1.0234,35.3402,1.7500,,,,
1147,0,24.1012,0.6777,26.5040,1.9062,,,,,0,24.7351,0.6143,18.4215,1.0000,,,,,0,48.3272,0.9353,34.2990,1.5000,,,,
1148,0,25.5386,0.6562,29.9809,1.6875,,,,,0,19.5442,0.5273,17.6215,1.0625,,,,,0,41.2844,0.8906,36.2809,2.0000,,,,
1149,0,32.6010,0.7158,26.7326,1.7188,,,,,0,19.3848,0.5015,15.0917,0.7500,,,,,0,39.3731,0.8691,44.2854,2.0000,,,,
1150,0,21.8400,0.5586,24.1593,0.9375,,,,,0,20.9590,0.5254,17.3907,1.0000,,,,,0,69.7737,1.2109,37.3829,2.2500,,,,
1151,0,22.2763,0.6777,23.1155,1.4375,,,,,0,18.1608,0.5391,16.4814,0.8750,,,,,0,41.0036,0.8906,31.3151,1.2500,,,,
1152,0,29.8324,0.6426,24.7225,1.2969,,,,,0,19.3948,0.5381,15.3997,0.6250,,,,,0,60.4693,1.0508,29.4182,1.8750,,,,
1153,0,20.0550,0.6240,20.5361,1.5000,,,,,0,18.3166,0.5273,15.1488,0.6875,,,,,0,58.2924,0.9609,28.8875,1.4531,,,,
1154,0,29.8049,0.7991,21.4076,0.9218,,,,,0,17.2056,0.5156,16.8849,0.6875,,,,,0,51.2684,0.9336,29.1156,1.5469,,,,
1155,0,55.3014,0.9668,27.5502,1.4775,,,,,0,21.5740,0.6133,17.8444,1.0000,,,,,0,49.5473,0.9746,28.1418,1.2500,,,,
1156,0,46.4530,0.8623,21.0993,1.1875,,,,,0,19.8717,0.5840,17.0781,0.8750,,,,,0,60.9539,1.0889,25.1891,1.1250,,,,
1157,0,27.3849,0.6797,22.4775,1.3125,,,,,0,23.0784,0.6348,17.9458,0.7500,,,,,0,39.1917,0.8906,25.9626,1.3750,,,,
1158,0,32.0253,0.7637,23.0691,1.3750,,,,,0,18.1701,0.5312,16.8005,0.6250,,,,,0,52.0853,0.9688,28.6456,1.3125,,,,
1159,0,27.4704,0.8418,23.5154,0.9375,,,,,0,18.1989,0.5664,17.5019,0.8750,,,,,0,60.5425,1.0020,26.9131,1.1875,,,,
1160,0,28.9228,0.7559,22.8061,1.2500,,,,,0,18.0131,0.5645,17.1734,0.6250,,,,,0,60.3645,1.0303,28.3405,1.5000,,,,
1161,0,27.2042,0.8164,21.0109,0.9375,,,,,0,21.4324,0.6172,18.5612,0.6250,,,,,0,52.2278,0.9883,30.4161,1.9844,,,,
1162,0,25.2090,0.7422,21.5102,1.0000,,,,,0,17.5040,0.5469,16.4590,0.6250,,,,,0,48.6790,0.8926,31.4997,2.0000,,,,
1163,0,24.5207,0.7310,23.0031,0.9062,,,,,0,26.5285,0.6875,17.9597,0.8125,,,,,0,48.2770,0.8721,37.3536,1.4688,,,,
1164,0,23.5751,0.8281,22.1657,0.8750,,,,,0,19.9216,0.5811,13.6936,0.6250,,,,,0,41.4488,0.9102,30.3411,1.2500,,,,
1165,0,39.5072,0.9258,24.8156,1.1250,,,,,0,19.3390,0.5565,15.9164,0.6875,,,,,0,38.1514,0.9375,32.4388,1.6250,,,,
1166,0,29.3668,0.7598,21.7600,1.5000,,,,,0,19.6207,0.5869,15.4255,0.5693,,,,,0,45.3049,0.9883,32.3439,1.6250,,,,
1167,0,21.9520,0.6641,23.2642,1.0938,,,,,0,25.5661,0.7188,17.5753,0.6875,,,,,0,59.6590,1.1328,34.0586,1.2188,,,,
1168,0,21.2422,0.6484,26.1215,1.3125,,,,,0,18.5812,0.5488,15.8367,1.0625,,,,,0,39.8820,0.9062,35.6043,1.8125,,,,
1169,0,41.6958,0.9219,20.5594,1.3750,,,,,0,18.7289,0.5230,13.6664,0.6250,,,,,0,34.7478,0.8516,35.1215,2.4062,,,,
1170,0,24.0313,0.7031,20.4107,1.0625,,,,,0,18.3841,0.5293,13.4000,0.5625,,,,,0,35.3114,0.8711,35.5204,2.6641,,,,
1171,0,35.2413,0.8633,21.6449,1.6484,,,,,0,18.1820,0.5547,14.1593,0.6250,,,,,0,28.0841,0.6953,33.8752,2.1250,,,,
1172,0,21.6426,0.6797,23.3502,1.1875,,,,,0,18.2819,0.5449,14.1930,0.5625,,,,,0,28.1408,0.7500,33.2854,2.0938,,,,
1173,0,31.0685,0.7344,20.1537,1.0000,,,,,0,18.5639,0.5645,14.5933,0.6250,,,,,0,29.0168,0.7188,33.2465,1.6641,,,,
1174,0,24.0428,0.7012,26.6928,1.6250,,,,,0,18.8481,0.5117,14.2788,0.6250,,,,,0,41.5788,0.8086,33.8674,2.1709,,,,
1175,0,20.4226,0.6406,25.4343,0.9297,,,,,0,18.0626,0.5391,16.3265,0.6250,,,,,0,28.5427,0.7461,47.9385,2.4375,,,,
1176,0,21.4151,0.6484,25.2945,1.0625,,,,,0,18.3278,0.5459,21.7266,0.9766,,,,,0,28.7497,0.6953,54.2761,2.5000,,,,
1177,0,28.0771,0.8359,25.4251,1.1250,,,,,0,22.9131,0.5391,15.1863,0.8750,,,,,0,47.1283,0.8350,46.6982,4.2500,,,,
1178,0,21.3578,0.6250,29.7561,2.2500,,,,,0,25.4581,0.5938,17.3832,0.7500,,,,,0,52.2475,1.0312,42.8597,2.7500,,,,
1179,0,32.4550,0.7656,27.1309,1.5000,,,,,0,25.5503,0.6016,16.3028,0.6250,,,,,0,53.7783,0.9375,44.3770,2.2500,,,,
1180,0,22.8896,0.6562,31.1323,1.6875,,,,,0,21.0832,0.5469,17.5855,0.6562,,,,,0,59.6657,1.0254,44.6064,2.2500,,,,
1181,0,23.2966,0.6953,37.6140,1.8438,,,,,0,19.1715,0.5156,18.1847,1.2500,,,,,0,60.2436,1.0000,42.7650,2.2500,,,,
1182,0,27.3790,0.7500,31.9997,1.6250,,,,,0,18.0901,0.5859,20.7790,1.5000,,,,,0,41.9225,0.8848,44.2517,2.2500,,,,
1183,0,50.2524,0.7656,33.6661,1.6250,,,,,0,17.6574,0.5703,20.9569,1.0000,,,,,0,34.1364,0.8604,45.1586,1.8750,,,,
1184,0,20.2693,0.5938,43.7162,1.8750,,,,,0,17.9016,0.5352,21.6158,0.8750,,,,,0,43.2108,0.9424,46.7711,2.0000,,,,
1185,0,37.3336,0.7344,34.1046,1.7812,,,,,0,22.2383,0.5625,23.5548,0.8750,,,,,0,44.8153,0.8867,43.0032,1.8750,,,,
1186,0,40.0733,0.9062,36.5735,1.6875,,,,,0,17.7778,0.5957,23.1811,0.7969,,,,,0,38.2806,0.7993,50.0501,2.1250,,,,
1187,0,31.3225,0.7080,31.4565,1.3750,,,,,0,18.2378,0.4941,23.5990,0.8750,,,,,0,43.4837,1.0059,44.8904,2.6250,,,,
1188,0,26.5070,0.7188,33.5682,1.2500,,,,,0,24.1000,0.6919,24.5043,1.0000,,,,,0,62.1345,1.0996,43.0123,2.5000,,,,
1189,0,23.7270,0.6641,31.4068,1.5625,,,,,0,19.3486,0.5977,22.0576,0.9375,,,,,0,59.6594,1.0352,44.6102,2.3750,,,,
1190,0,45.1094,0.9023,33.8679,1.5859,,,,,0,18.4625,0.5469,24.8378,0.8750,,,,,0,50.5679,0.9922,38.7136,2.0078,,,,
1191,0,30.9685,0.6797,31.4218,1.1875,,,,,0,17.8706,0.5491,24.1650,0.9375,,,,,0,49.5155,0.9512,38.1830,1.9219,,,,
1192,0,24.6980,0.7188,30.2402,1.5000,,,,,0,17.0676,0.5537,26.4978,1.1250,,,,,0,68.4845,1.0781,33.6925,1.9219,,,,
1193,0,19.8492,0.5410,34.5865,1.6250,,,,,0,17.9446,0.5596,24.3789,1.0312,,,,,0,70.5707,1.1406,34.9790,1.4688,,,,
1194,0,23.4605,0.6863,32.7574,1.2812,,,,,0,18.6102,0.5684,23.1553,0.8750,,,,,0,70.9576,1.1528,32.6823,1.2500,,,,
1195,0,32.3176,0.8711,35.0267,1.4375,,,,,0,19.5857,0.6006,22.7342,1.0000,,,,,0,47.0867,0.9502,33.0776,1.2656,,,,
1196,0,29.4003,0.8164,39.9656,1.6875,,,,,0,20.4481,0.6074,22.2285,0.8750,,,,,0,40.3534,0.8633,34.0856,1.7031,,,,
1197,0,24.2284,0.6250,29.5513,1.3203,,,,,0,18.5515,0.5996,21.9370,0.7500,,,,,0,42.4216,0.8867,33.6165,1.5625,,,,
1198,0,27.7534,0.6992,33.6731,1.7500,,,,,0,19.4678,0.6025,22.9862,0.9375,,,,,0,34.2103,0.8721,34.8587,1.5000,,,,
1199,0,28.3493,0.8123,29.2278,1.2188,,,,,0,17.1064,0.5361,26.7730,1.2500,,,,,0,39.7233,0.8633,34.4596,2.0625,,,,
1200,0,66.0459,1.1973,35.2372,1.5000,,,,,0,18.1660,0.5918,23.5661,1.1250,,,,,0,35.4175,0.8203,34.6646,1.3750,,,,
1201,0,24.1565,0.6055,31.7533,1.4375,,,,,0,21.7553,0.6582,23.1570,1.0625,,,,,0,56.5512,0.9736,47.4147,1.8750,,,,
1202,0,27.0182,0.7812,33.7522,1.4688,,,,,0,20.1818,0.6484,27.6890,1.3125,,,,,0,43.9141,0.9746,42.8518,1.8750,,,,
1203,0,31.1093,0.8086,42.5203,2.4375,,,,,0,19.0019,0.5742,21.3282,0.8125,,,,,0,38.3729,0.9575,39.3508,1.6875,,,,
1204,0,32.5291,0.8867,34.9206,2.0000,,,,,0,27.4253,0.7188,23.5698,1.0625,,,,,0,70.8331,1.2969,43.4160,1.7188,,,,
1205,0,46.0937,0.9844,34.5598,1.2695,,,,,0,18.4082,0.5469,26.0515,1.1875,,,,,0,36.2317,0.9297,45.9293,1.6562,,,,
1206,0,20.4784,0.5938,28.4889,1.1250,,,,,0,22.4809,0.6172,24.4696,0.9375,,,,,0,34.0094,0.8555,45.0258,1.8125,,,,
1207,0,20.7410,0.6445,35.2166,2.0000,,,,,0,19.8192,0.6143,23.6250,0.8125,,,,,0,28.8816,0.7734,42.8788,1.6250,,,,
1208,0,21.1095,0.6152,32.3840,1.3125,,,,,0,17.9866,0.5625,25.1532,0.9375,,,,,0,29.2614,0.7812,46.1338,1.8125,,,,
1209,0,38.4748,0.7969,36.8108,1.5469,,,,,0,17.8875,0.5312,25.1880,1.0625,,,,,0,29.3012,0.7578,46.7445,1.8750,,,,
1210,0,19.9594,0.5522,34.0151,1.1377,,,,,0,19.0791,0.6074,25.6843,1.0312,,,,,0,30.4810,0.7266,42.2559,1.5625,,,,
1211,0,23.4229,0.6406,31.5642,1.2969,,,,,0,17.9898,0.5264,23.9079,0.9375,,,,,0,33.7056,0.7749,42.5896,1.7500,,,,
1212,0,21.9061,0.6616,40.1469,1.8750,,,,,0,18.6657,0.5010,25.7750,1.2188,,,,,0,33.0865,0.7354,49.5639,1.8750,,,,
1213,0,28.3361,0.8359,40.1382,1.9375,,,,,0,20.7167,0.6094,24.6966,0.9531,,,,,0,29.2280,0.7510,59.9122,2.8750,,,,
1214,0,22.8017,0.7109,32.2277,1.4062,,,,,0,18.6394,0.5820,22.8518,0.8125,,,,,0,41.5928,0.8906,51.1530,2.8750,,,,
1215,0,26.2618,0.6875,41.2632,2.5000,,,,,0,19.8733,0.5312,22.3184,0.9375,,,,,0,39.9275,0.8906,52.2042,2.7500,,,,
1216,0,21.6425,0.5664,39.3684,1.7383,,,,,0,22.7016,0.5820,22.6999,1.0000,,,,,0,48.0967,0.9844,51.7200,1.8281,,,,
1217,0,26.2437,0.7012,44.3087,2.0000,,,,,0,29.3018,0.6328,22.3683,0.9688,,,,,0,66.2020,1.0781,42.6214,1.8750,,,,
1218,0,36.6239,0.7891,37.1056,1.7812,,,,,0,21.2166,0.5625,21.8886,0.9688,,,,,0,57.6707,1.0371,43.0411,2.3750,,,,
1219,0,30.8917,0.7266,34.5006,1.2188,,,,,0,22.1339,0.6016,22.1084,0.7500,,,,,0,68.7563,1.1094,48.6881,2.3750,,,,
1220,0,20.9281,0.5859,42.7285,2.0312,,,,,0,19.4075,0.5312,22.7866,0.8750,,,,,0,40.7324,0.8752,54.6878,2.2500,,,,
1221,0,22.2831,0.6055,43.6833,1.8750,,,,,0,18.9696,0.5469,25.3162,0.8750,,,,,0,50.2927,0.9473,54.4280,2.2500,,,,
1222,0,22.2421,0.5938,44.5091,1.9375,,,,,0,19.9182,0.5391,23.9049,0.8750,,,,,0,41.0995,0.8330,41.1767,2.2500,,,,
1223,0,26.1824,0.6250,40.4664,2.2500,,,,,0,19.9148,0.5547,24.4956,1.5312,,,,,0,39.0809,0.8418,46.2056,2.1250,,,,
1224,0,21.4529,0.5938,39.9982,1.6250,,,,,0,20.2419,0.5273,22.9640,0.8750,,,,,0,35.0052,0.8281,50.6850,2.7500,,,,
1225,0,31.9191,0.6738,40.1688,1.7148,,,,,0,23.0863,0.5586,27.8718,1.5000,,,,,0,67.7689,1.2480,49.2139,3.0625,,,,
1226,0,31.5496,0.7422,35.4826,1.8750,,,,,0,18.5160,0.5791,25.7614,1.2500,,,,,0,44.5932,0.9153,49.7471,2.3203,,,,
1227,0,24.0855,0.6914,33.4177,1.5000,,,,,0,18.9054,0.5469,21.0502,0.7500,,,,,0,67.0408,1.1094,39.9238,1.8750,,,,
1228,0,47.0413,1.0107,43.4388,2.0000,,,,,0,18.2808,0.5576,24.6244,1.0625,,,,,0,48.4431,0.8818,38.0356,2.2539,,,,
1229,0,28.1852,0.7578,34.4019,1.8750,,,,,0,18.1770,0.5967,21.9619,0.8750,,,,,0,54.6203,0.9844,34.2454,1.7031,,,,
1230,0,43.0507,0.9043,40.8936,2.5000,,,,,0,17.2104,0.5586,20.9368,1.1055,,,,,0,51.7629,0.9990,33.6164,1.3438,,,,
1231,0,23.3874,0.6758,34.1095,1.7500,,,,,0,19.0718,0.6133,19.8551,0.7500,,,,,0,65.1218,1.1680,30.3879,1.2188,,,,
1232,0,34.5523,0.8594,33.0486,1.3750,,,,,0,21.3579,0.6104,20.2943,0.8086,,,,,0,41.1781,0.9570,31.1299,1.2812,,,,
1233,0,21.7252,0.5938,29.0834,1.5000,,,,,0,20.6799,0.5986,18.7875,0.7969,,,,,0,40.7161,0.9082,33.1455,1.5000,,,,
1234,0,29.9529,0.7344,28.6380,1.2500,,,,,0,17.9258,0.5991,21.2884,0.9062,,,,,0,51.5833,0.9414,34.5171,1.5625,,,,
1235,0,24.0273,0.6094,25.4844,0.9453,,,,,0,19.1565,0.6050,20.9314,0.8125,,,,,0,56.4850,1.0137,32.3210,1.6562,,,,
1236,0,27.6655,0.6377,27.4874,1.1562,,,,,0,19.3325,0.5903,20.9951,0.8281,,,,,0,46.8742,0.9448,40.0968,1.7521,,,,
1237,0,21.4634,0.6406,32.8110,1.3750,,,,,0,16.7402,0.5156,23.2049,1.2266,,,,,0,41.4021,0.8596,36.0782,1.5938,,,,
1238,0,28.1674,0.7617,33.0446,1.5000,,,,,0,20.5866,0.6172,23.2597,1.1250,,,,,0,30.5162,0.7109,49.8364,2.4375,,,,
1239,0,36.2860,0.9180,27.2957,1.3027,,,,,0,19.6409,0.6406,20.9829,0.7812,,,,,0,41.4300,0.9453,46.5227,2.1875,,,,
1240,0,23.6669,0.7344,34.1757,1.7500,,,,,0,19.3764,0.5859,19.7730,0.7500,,,,,0,35.6083,0.9531,48.1005,2.5000,,,,
1241,0,36.8176,0.8281,29.1094,1.2500,,,,,0,19.3063,0.5703,19.0128,0.6934,,,,,0,38.3422,0.9648,52.1560,2.1250,,,,
1242,0,30.4782,0.8906,29.7049,1.2500,,,,,0,20.3673,0.6016,19.9103,0.8125,,,,,0,46.7474,1.0000,48.2525,2.0352,,,,
1243,0,21.2970,0.6875,35.8657,1.5156,,,,,0,19.9429,0.5977,20.2227,0.8789,,,,,0,31.3491,0.8281,47.7973,2.0898,,,,
1244,0,25.1369,0.7188,29.8792,1.2344,,,,,0,18.7331,0.6025,21.0820,0.9688,,,,,0,30.7962,0.7344,44.8327,1.9805,,,,
1245,0,21.7859,0.6836,30.4395,1.5781,,,,,0,17.5940,0.5469,20.1862,0.9375,,,,,0,32.1780,0.8196,39.8000,1.7656,,,,
1246,0,35.0263,0.7461,30.4896,1.2500,,,,,0,18.3385,0.5986,22.4869,1.0859,,,,,0,37.3733,0.8125,44.2183,2.0312,,,,
1247,0,34.4960,0.8184,34.6117,1.5625,,,,,0,19.5977,0.6250,21.4147,0.9688,,,,,0,28.8712,0.6719,43.9336,1.8438,,,,
1248,0,30.6095,0.7773,34.4270,1.3906,,,,,0,18.3612,0.5400,22.6826,1.0703,,,,,0,31.3446,0.7539,41.7786,1.8438,,,,
1249,0,43.0316,0.9023,36.5442,1.5312,,,,,0,23.1778,0.5938,21.5761,1.0000,,,,,0,47.1102,0.8398,52.1297,2.1582,,,,
1250,0,27.1614,0.6133,30.4638,1.2129,,,,,0,20.9453,0.6064,20.9497,1.2188,,,,,0,34.9711,0.7979,55.2085,2.0938,,,,
1251,0,21.4045,0.6172,30.2440,1.3516,,,,,0,17.9318,0.5737,22.0966,0.9482,,,,,0,27.8162,0.7158,45.0602,1.8438,,,,
1252,0,23.5954,0.6719,41.1630,1.8750,,,,,0,21.0974,0.5625,22.0236,0.8750,,,,,0,60.6693,0.9492,54.1497,3.3125,,,,
1253,0,22.1411,0.6172,35.3352,1.5000,,,,,0,21.1714,0.5703,21.9436,1.0000,,,,,0,52.6620,1.0625,43.9502,2.6250,,,,
1254,0,43.3804,0.9141,44.7814,1.8145,,,,,0,21.9415,0.5781,24.3938,1.1250,,,,,0,54.2284,1.0156,52.1531,2.2500,,,,
1255,0,30.6372,0.8594,42.1219,1.6719,,,,,0,24.1466,0.6562,25.1247,1.3750,,,,,0,66.5193,1.0469,49.8771,2.3750,,,,
1256,0,22.3793,0.5938,40.3068,1.8164,,,,,0,21.1322,0.5625,24.9927,1.1406,,,,,0,69.1078,1.1250,47.0543,2.7500,,,,
1257,0,21.4901,0.6094,48.3852,3.0938,,,,,0,24.6046,0.6328,24.8122,1.0625,,,,,0,51.1261,0.9688,43.8676,2.3750,,,,
1258,0,60.3202,0.9141,38.5032,1.6602,,,,,0,17.9424,0.5469,26.2333,1.1250,,,,,0,38.8388,0.9082,49.5653,2.0371,,,,
1259,0,20.9375,0.5625,35.6598,1.6250,,,,,0,20.2236,0.5625,23.3263,1.0000,,,,,0,48.3274,0.9780,47.1173,2.0000,,,,
1260,0,35.7647,0.8125,41.7938,1.8750,,,,,0,23.3684,0.5742,23.5186,0.8125,,,,,0,44.4040,0.8672,44.9241,2.3750,,,,
1261,0,26.8079,0.7852,43.9703,2.0000,,,,,0,18.1958,0.6035,24.2838,0.8750,,,,,0,31.5052,0.7656,50.0510,2.2500,,,,
1262,0,25.0686,0.6094,42.1810,1.7500,,,,,0,18.4691,0.4902,25.2051,1.0625,,,,,0,41.6257,1.0156,51.6365,3.1250,,,,
1263,0,22.9397,0.7422,38.0622,1.7500,,,,,0,21.9079,0.5952,23.7770,0.8516,,,,,0,54.8134,1.0144,44.3035,1.7344,,,,
1264,0,21.8200,0.5845,28.8352,1.1875,,,,,0,18.2777,0.5508,20.1574,1.1250,,,,,0,51.0316,0.9844,44.9920,2.2344,,,,
1265,0,28.8395,0.7734,32.2980,1.2656,,,,,0,18.7832,0.5498,19.4712,0.9219,,,,,0,40.3820,0.8965,33.9913,1.4375,,,,
1266,0,22.1836,0.6152,31.5485,1.4531,,,,,0,17.4987,0.5332,20.0765,0.8125,,,,,0,54.5052,0.9863,34.6850,1.5625,,,,
1267,0,20.6645,0.6719,37.2126,1.6250,,,,,0,17.0562,0.5469,21.0906,0.9111,,,,,0,63.1312,1.0464,33.0282,1.5000,,,,
1268,0,21.0049,0.6982,27.6058,1.2188,,,,,0,17.2101,0.5156,18.5957,0.7852,,,,,0,66.3502,1.1479,30.2153,1.4727,,,,
1269,0,22.7425,0.6797,28.1606,1.2500,,,,,0,18.0997,0.5545,19.7747,0.8750,,,,,0,65.9786,1.1406,29.7169,1.3125,,,,
1270,0,21.1394,0.6406,27.1023,1.1875,,,,,0,18.1421,0.5332,18.5173,0.6875,,,,,0,44.1307,0.9492,29.8234,1.1875,,,,
1271,0,27.4633,0.7578,24.9781,1.1250,,,,,0,17.3100,0.5448,22.1579,0.8516,,,,,0,42.4056,0.9141,34.2554,1.4189,,,,
1272,0,37.8436,0.9219,34.8853,1.8125,,,,,0,18.8882,0.5752,24.8986,1.1406,,,,,0,39.3273,0.8477,30.1776,1.2500,,,,
1273,0,23.2408,0.6602,27.5344,1.0312,,,,,0,18.3806,0.5703,17.9459,0.7070,,,,,0,43.3273,0.9458,33.0454,1.3906,,,,
1274,0,31.7475,0.8438,37.5554,2.0000,,,,,0,19.1530,0.5713,21.9936,0.9375,,,,,0,35.2690,0.8027,31.8893,1.3750,,,,
1275,0,19.8313,0.4961,35.0186,1.1250,,,,,0,16.6916,0.5254,18.8296,0.9092,,,,,0,28.6818,0.7285,36.7693,1.5234,,,,
1276,0,23.6593,0.6094,29.0722,1.5000,,,,,0,20.9072,0.6479,20.9982,0.7656,,,,,0,35.6341,0.8145,56.1426,2.5000,,,,
1277,0,23.1231,0.7344,30.8767,1.6250,,,,,0,19.1055,0.5703,22.1125,0.8750,,,,,0,49.5879,1.0593,42.3671,2.0156,,,,
1278,0,24.4690,0.7578,32.6341,1.2734,,,,,0,19.7118,0.5723,20.7667,0.8750,,,,,0,44.1641,1.0371,41.3458,1.9375,,,,
1279,0,25.0579,0.7969,33.7651,1.6250,,,,,0,26.4893,0.7070,19.1049,0.8906,,,,,0,62.6813,1.1680,46.6158,1.8398,,,,
1280,0,38.9264,0.9180,34.4239,1.5312,,,,,0,19.1622,0.6172,19.8106,0.8125,,,,,0,31.3125,0.8281,49.3229,1.9062,,,,
1281,0,32.8895,0.8320,29.6089,1.5625,,,,,0,18.4949,0.5547,19.4040,0.8281,,,,,0,30.2184,0.8125,38.3678,1.7188,,,,
1282,0,37.7459,0.8281,29.9187,1.3750,,,,,0,17.6452,0.5375,17.6891,0.8125,,,,,0,30.1827,0.8125,35.5482,1.5469,,,,
1283,0,50.3356,1.0078,37.9884,2.0000,,,,,0,18.2251,0.5732,20.6165,0.9453,,,,,0,32.5882,0.7266,41.4472,1.6133,,,,
1284,0,35.0977,0.7422,36.5145,2.0625,,,,,0,18.9102,0.5310,19.5734,0.7812,,,,,0,30.2533,0.8086,38.5780,1.5312,,,,
1285,0,23.8229,0.6406,42.1295,2.8750,,,,,0,20.4292,0.6621,20.8951,0.8750,,,,,0,34.5624,0.7480,40.0316,1.9375,,,,
1286,0,28.3232,0.6406,48.1611,2.3125,,,,,0,23.7358,0.6450,19.8524,0.9844,,,,,0,56.1711,1.0469,44.6283,2.3750,,,,
1287,0,40.6082,0.7754,66.9992,3.3750,,,,,0,17.3216,0.5156,24.4723,0.8750,,,,,0,66.8436,1.1113,62.0631,3.7500,,,,
1288,0,26.5268,0.7930,34.8122,1.3594,,,,,0,17.9026,0.5781,23.0775,1.1250,,,,,0,41.9985,1.0039,58.4319,2.4375,,,,
1289,0,24.1641,0.6641,34.7420,1.2500,,,,,0,22.4518,0.6094,20.3713,1.2500,,,,,0,30.8740,0.7812,51.1424,2.8125,,,,
1290,0,23.5339,0.6953,35.9500,2.1250,,,,,0,20.7195,0.5625,21.7519,0.8750,,,,,0,32.8471,0.8125,52.8579,2.8750,,,,
1291,0,55.5299,1.0312,48.7937,2.6250,,,,,0,19.8570,0.5781,21.9780,0.8125,,,,,0,38.7713,1.0000,51.2411,1.9375,,,,
1292,0,22.7448,0.7188,47.8746,2.2812,,,,,0,19.5911,0.5430,24.4688,0.9688,,,,,0,56.5586,1.0156,49.7578,2.5000,,,,
1293,0,31.7317,0.7656,39.3278,1.4062,,,,,0,19.7025,0.5391,25.3437,0.9375,,,,,0,56.3415,1.0078,46.8917,3.0000,,,,
1294,0,31.3724,0.8125,38.2798,2.0000,,,,,0,21.8723,0.6250,22.6955,1.0000,,,,,0,70.5544,1.1562,44.4560,2.6250,,,,
1295,0,34.6668,0.8203,43.1719,2.1250,,,,,0,19.5877,0.5508,25.1582,1.0000,,,,,0,42.6348,0.8809,45.6313,2.2500,,,,
1296,0,25.6458,0.7461,48.2932,2.3750,,,,,0,17.9037,0.5508,23.5047,1.0625,,,,,0,53.9143,1.0156,47.7825,2.3750,,,,
1297,0,29.3888,0.6719,33.9340,1.5000,,,,,0,18.4129,0.5273,23.3444,1.6094,,,,,0,47.3369,0.8984,42.9460,2.6250,,,,
1298,0,51.9348,1.5000,34.1568,1.5000,,,,,0,52.2858,1.4062,27.0929,1.0000,,,,,0,60.1329,1.6250,47.1516,1.9062,,,,
1299,0,31.9601,0.8125,28.1540,1.0000,,,,,0,17.9386,0.5625,21.7598,0.7405,,,,,0,35.0725,0.7500,36.1739,1.3125,,,,
1300,0,26.4494,0.7188,44.7685,2.6641,,,,,0,19.1238,0.5000,22.9442,0.7812,,,,,0,31.6733,0.7188,35.5114,1.1719,,,,
1301,0,20.5306,0.5312,31.1698,1.1714,,,,,0,16.6183,0.4688,20.9782,0.8555,,,,,0,36.4920,0.6562,45.6494,1.7422,,,,
1302,0,20.0363,0.5000,29.8490,1.0781,,,,,0,14.4226,0.4219,21.8364,0.7500,,,,,0,23.6823,0.5383,55.2790,2.0264,,,,
1303,0,25.7378,0.6875,32.5343,1.4375,,,,,0,22.1107,0.6250,28.6770,1.3438,,,,,0,36.5964,1.1484,46.9843,1.6250,,,,
1304,0,61.3469,1.0000,29.4727,1.0703,,,,,0,21.1438,0.6172,19.4227,0.7500,,,,,0,27.2741,0.6562,46.4003,1.7812,,,,
1305,0,23.6095,0.5312,23.8956,0.8828,,,,,0,15.4238,0.4219,18.4055,0.7148,,,,,0,35.8216,0.7891,36.2217,1.3125,,,,
1306,0,31.5314,0.7188,25.3634,0.9023,,,,,0,20.5713,0.6562,22.5830,0.8125,,,,,0,33.4911,0.8125,59.9608,2.3262,,,,
1307,0,28.3867,0.7500,28.5801,1.0000,,,,,0,19.8574,0.5312,25.6313,1.0625,,,,,0,33.8155,0.7891,38.4529,1.4375,,,,
1308,0,37.9151,0.7188,32.8959,1.2031,,,,,0,18.4712,0.4375,21.1269,0.7188,,,,,0,41.9971,0.9062,38.6656,1.5312,,,,
1309,0,28.9346,0.8125,27.9830,0.9062,,,,,0,20.5078,0.6250,19.4009,0.6250,,,,,0,44.9996,0.8438,43.1672,1.5625,,,,
1310,0,37.4350,0.9688,33.3857,1.2188,,,,,0,24.2369,0.6875,20.1904,0.7812,,,,,0,47.7116,1.0312,32.2116,1.3594,,,,
1311,0,28.3529,0.9062,28.7045,1.1250,,,,,0,20.9076,0.6562,21.6683,0.9375,,,,,0,60.5025,1.0312,34.1753,1.5312,,,,
1312,0,27.9341,0.6094,30.0209,1.0431,,,,,0,18.0232,0.5938,17.5668,0.6875,,,,,0,44.8540,0.8906,41.7106,1.6016,,,,
1313,0,20.0618,0.4766,32.0855,1.1523,,,,,0,15.4457,0.5000,18.9884,0.6250,,,,,0,27.0022,0.6562,38.1381,1.5000,,,,
1314,0,49.0888,1.2188,30.3523,1.1562,,,,,0,47.1581,1.1875,22.1009,0.7812,,,,,0,64.5792,1.5938,40.1333,1.4375,,,,
1315,0,21.6841,0.5625,39.1455,2.1250,,,,,0,25.4024,0.6719,19.4004,1.0000,,,,,0,40.7621,0.8906,33.8758,1.7500,,,,
1316,0,22.7506,0.5312,30.8685,1.1875,,,,,0,19.7067,0.5625,21.8921,0.7188,,,,,0,38.0424,1.1250,45.8371,2.1094,,,,
1317,0,24.1776,0.5762,31.1980,1.1250,,,,,0,20.5999,0.4688,21.1740,0.9688,,,,,0,43.5015,1.0625,57.3319,2.3438,,,,
1318,0,33.8514,0.7812,29.6809,1.0625,,,,,0,19.0552,0.5312,20.4931,0.6470,,,,,0,49.4819,1.2969,51.5573,2.0938,,,,
1319,0,28.1343,0.7969,35.5785,1.3750,,,,,0,28.7719,0.7500,20.0993,0.7188,,,,,0,29.8157,0.8125,33.4859,1.2500,,,,
1320,0,29.6282,0.9844,30.0278,0.9531,,,,,0,28.4104,0.8750,19.4764,0.5703,,,,,0,33.7296,0.7969,54.5572,2.1875,,,,
1321,0,38.0500,0.6875,36.1555,1.4121,,,,,0,20.4313,0.6406,19.3577,0.7031,,,,,0,31.0589,0.6562,36.2196,1.3438,,,,
1322,0,26.7095,0.6562,26.6898,1.2500,,,,,0,16.0705,0.5312,21.1725,0.7129,,,,,0,23.7798,0.5781,35.2554,1.2344,,,,
1323,0,47.3819,0.7031,26.3395,1.2500,,,,,0,15.1877,0.4531,18.4169,0.7500,,,,,0,24.0537,0.6016,32.9638,1.0391,,,,
1324,0,48.5131,1.4688,39.0229,1.6250,,,,,0,47.9762,1.2188,19.9581,0.7188,,,,,0,55.1001,1.2344,28.2734,1.1250,,,,
1325,0,25.0379,0.6875,28.1014,0.9062,,,,,0,27.7991,1.5000,20.4883,0.7500,,,,,0,33.8095,1.0625,39.4010,1.5625,,,,
1326,0,45.8200,0.8125,31.1908,1.1328,,,,,0,31.7374,0.5938,19.4941,0.7617,,,,,0,40.4073,0.9844,53.5147,1.9531,,,,
1327,0,49.8130,0.9375,27.4098,0.8750,,,,,0,20.2680,0.5000,16.8439,0.5000,,,,,0,29.6295,0.9531,46.1722,1.7344,,,,
1328,0,60.0278,0.9531,27.8092,1.0000,,,,,0,15.6475,0.4375,20.0884,0.9062,,,,,0,25.3789,0.8438,48.3960,1.9062,,,,
1329,0,32.1294,0.7812,35.5377,1.9531,,,,,0,23.6381,0.5312,23.4302,0.9844,,,,,0,37.8228,1.2822,54.9933,2.7256,,,,
1330,0,27.0873,0.7969,26.9082,1.0312,,,,,0,19.7265,0.6250,21.1638,0.7500,,,,,0,50.1390,0.9219,44.2113,1.6875,,,,
1331,0,49.8728,0.9844,30.0234,1.1250,,,,,0,19.1952,0.5625,23.8107,0.8594,,,,,0,34.6013,0.8125,48.1004,2.1875,,,,
1332,0,20.8938,0.5156,27.6482,1.0625,,,,,0,23.8885,0.5625,18.9638,0.6250,,,,,0,40.9062,0.8281,31.5574,1.2188,,,,
1333,0,34.7320,0.7812,29.3133,1.1250,,,,,0,21.2351,0.5000,25.3329,0.8750,,,,,0,58.0387,0.9844,39.3259,1.5625,,,,
1334,0,21.7203,0.5938,28.2398,1.1875,,,,,0,24.5298,0.6719,25.9073,1.6250,,,,,0,32.0292,0.6875,42.5896,1.8359,,,,
1335,0,67.2133,1.0000,28.5162,1.0625,,,,,0,24.3015,0.5000,20.7470,0.6875,,,,,0,53.8146,1.3438,53.6212,1.9844,,,,
1336,0,24.8827,0.7188,29.6785,0.9473,,,,,0,18.1563,0.6572,33.3259,1.7134,,,,,0,53.7025,1.0938,45.8300,1.5781,,,,
1337,0,25.8343,0.6953,30.5037,0.9609,,,,,0,21.3351,0.5938,20.7358,0.6250,,,,,0,38.5918,1.0000,45.0450,1.8125,,,,
1338,0,38.4903,0.6406,37.8615,1.3125,,,,,0,24.6374,0.5938,21.7634,0.7500,,,,,0,39.4611,1.2266,49.2950,2.1562,,,,
1339,0,55.2243,0.7812,29.7570,0.9844,,,,,0,18.0851,0.5000,20.3358,0.8125,,,,,0,25.7803,0.6719,45.0998,1.5625,,,,
1340,0,22.4250,0.5000,27.3484,0.8125,,,,,0,14.5523,0.4688,19.1213,0.7500,,,,,0,38.5499,0.7344,50.5335,1.9375,,,,
1341,0,28.9928,0.7188,27.7160,0.8179,,,,,0,19.4350,0.4375,24.5981,1.0312,,,,,0,37.2423,1.1250,44.5631,1.7500,,,,
1342,0,23.5769,0.6094,31.5112,1.1250,,,,,0,33.7767,0.7500,20.9769,0.9375,,,,,0,40.1581,1.1562,38.1255,2.2500,,,,
1343,0,60.5982,1.0625,31.5943,1.1875,,,,,0,25.1030,0.5000,21.0419,0.6875,,,,,0,30.7161,0.9062,38.1663,1.4766,,,,
1344,0,26.3703,0.7812,31.4075,1.3125,,,,,0,29.2459,0.6875,22.7344,0.8594,,,,,0,33.2170,0.6797,38.0334,1.5000,,,,
1345,0,35.0812,0.8125,28.4926,1.0000,,,,,0,25.5741,0.7500,18.8732,0.6250,,,,,0,51.6288,1.1250,34.1667,1.1875,,,,
1346,0,44.7205,0.9844,27.0116,0.9375,,,,,0,21.0161,0.5938,19.4098,0.8750,,,,,0,68.6790,1.2500,49.7584,1.9844,,,,
1347,0,39.1436,0.9883,28.6628,0.8555,,,,,0,21.9696,0.6172,22.2079,0.8125,,,,,0,45.7366,1.0234,77.7525,3.8320,,,,
1348,0,23.4172,0.7656,29.4523,0.9375,,,,,0,21.8076,0.6484,21.9699,0.7500,,,,,0,29.4921,0.8328,39.1349,1.3516,,,,
1349,0,37.2920,0.9531,28.7869,1.0938,,,,,0,20.5244,0.6328,20.5683,0.8125,,,,,0,48.0905,1.0938,33.4168,1.2812,,,,
1350,0,25.1603,0.6953,23.5504,1.0000,,,,,0,21.7163,0.6016,19.4425,0.6328,,,,,0,57.1024,1.1758,29.2141,1.1562,,,,
1351,0,25.2599,0.6445,27.5410,1.1250,,,,,0,20.7477,0.5703,18.1803,0.8750,,,,,0,55.4788,1.1562,24.2963,0.9375,,,,
1352,0,22.8107,0.6250,20.1187,0.8438,,,,,0,23.8368,0.6797,16.8359,0.8750,,,,,0,45.9126,1.1484,31.0867,1.2500,,,,
1353,0,25.0924,0.7480,22.8780,0.9062,,,,,0,25.4725,0.7266,15.4642,0.7500,,,,,0,40.7755,1.0781,31.6084,1.4062,,,,
1354,0,35.9823,0.7656,23.1728,1.1250,,,,,0,24.9708,0.7266,18.0939,1.0000,,,,,0,45.6563,1.2188,34.8975,2.2812,,,,
1355,0,22.3350,0.6484,23.1689,1.1289,,,,,0,30.5940,0.7500,17.9415,0.8125,,,,,0,42.5384,1.2578,38.3796,2.0938,,,,
1356,0,23.7840,0.7109,28.3286,1.1953,,,,,0,22.1056,0.6406,14.9890,0.7500,,,,,0,37.9834,1.1484,31.0476,1.2109,,,,
1357,0,24.9785,0.7656,32.6867,1.4297,,,,,0,21.7639,0.6406,14.7125,0.8125,,,,,0,42.7066,1.2344,30.6383,1.1250,,,,
1358,0,25.3007,0.6797,24.9874,1.2188,,,,,0,21.0371,0.6797,16.0859,0.9375,,,,,0,43.6353,1.1875,33.5279,1.3125,,,,
1359,0,22.8917,0.6562,30.3883,1.5000,,,,,0,19.8344,0.6641,16.1894,0.7812,,,,,0,50.9721,1.2656,33.8831,1.3594,,,,
1360,0,44.6907,0.8594,27.2307,1.1875,,,,,0,23.6685,0.6953,16.9061,0.7734,,,,,0,55.5142,1.3125,34.8902,1.5625,,,,
1361,0,26.7473,0.8320,24.2317,1.5625,,,,,0,22.2132,0.7031,17.6562,0.8125,,,,,0,43.9006,1.1094,34.7535,1.5000,,,,
1362,0,30.4622,0.7188,32.6729,1.1250,,,,,0,28.9182,0.7109,28.9444,1.0859,,,,,0,64.3157,1.3281,36.5553,1.5391,,,,
1363,0,28.2798,0.8359,29.4766,1.3750,,,,,0,21.3044,0.5859,20.4810,0.8438,,,,,0,50.7489,1.1211,47.6117,2.1875,,,,
1364,0,22.1559,0.6831,21.0923,0.6875,,,,,0,25.3246,0.6250,15.5272,0.8125,,,,,0,46.0204,1.0859,40.5601,1.7188,,,,
1365,0,20.6001,0.5938,31.3808,2.3750,,,,,0,25.5304,0.6172,18.2610,1.0000,,,,,0,48.3319,1.0391,38.6179,1.6250,,,,
1366,0,20.5697,0.5488,23.9096,1.2500,,,,,0,17.9375,0.5566,19.1265,1.1875,,,,,0,32.8743,0.8569,32.5723,1.2969,,,,
1367,0,24.8786,0.6836,23.6012,1.2500,,,,,0,23.8781,0.6289,17.3825,0.8750,,,,,0,53.3719,1.0547,33.2167,2.0000,,,,
1368,0,51.1972,0.9199,26.2237,1.2500,,,,,0,20.6240,0.5898,19.0869,1.1250,,,,,0,41.1543,0.9688,39.0831,2.0625,,,,
1369,0,40.0884,0.8311,28.2989,1.4727,,,,,0,26.1416,0.6660,17.6035,0.6875,,,,,0,45.4035,1.0254,41.3842,1.8750,,,,
1370,0,49.7046,0.8652,29.0883,1.5000,,,,,0,22.8682,0.6055,19.2141,1.0000,,,,,0,30.3566,0.8662,44.0446,2.3125,,,,
1371,0,22.9429,0.6328,28.5077,1.5625,,,,,0,20.7018,0.5820,19.2433,0.8750,,,,,0,36.0833,0.9180,41.8151,2.1250,,,,
1372,0,23.5502,0.5625,35.8693,2.1250,,,,,0,22.7826,0.5898,21.3986,1.2500,,,,,0,34.3153,0.8306,38.3933,2.0000,,,,
1373,0,27.6515,0.7393,34.8350,2.2500,,,,,0,23.0096,0.5938,20.9517,1.1875,,,,,0,33.1188,0.8848,43.4405,2.1875,,,,
1374,0,21.0454,0.5186,23.1062,1.0000,,,,,0,19.8326,0.5297,17.6556,0.6875,,,,,0,30.9864,0.8730,42.9240,2.1250,,,,
1375,0,23.1000,0.6504,27.2098,1.2500,,,,,0,25.5774,0.6035,22.6581,1.3125,,,,,0,54.4616,1.1484,45.8150,3.0000,,,,
1376,0,23.2320,0.6836,23.2163,1.7500,,,,,0,22.7987,0.6387,18.1901,0.8125,,,,,0,44.8323,1.0024,39.8692,2.2500,,,,
1377,0,20.2877,0.6260,24.2680,1.0703,,,,,0,19.0930,0.5381,15.3743,0.6250,,,,,0,51.7364,1.0312,34.2175,1.8750,,,,
1378,0,20.5805,0.6201,23.1152,1.0000,,,,,0,18.8806,0.5410,16.8678,0.8125,,,,,0,47.6154,0.9668,31.7500,1.5625,,,,
1379,0,38.2250,0.7700,21.4612,0.9375,,,,,0,18.4899,0.5254,16.6522,0.8750,,,,,0,50.4753,0.9609,32.6924,1.7812,,,,
1380,0,21.0985,0.6016,25.3646,1.1250,,,,,0,18.1796,0.5430,17.2088,0.6875,,,,,0,43.8757,0.9741,30.7439,1.7500,,,,
1381,0,22.4879,0.6602,23.6267,1.2500,,,,,0,18.0598,0.5176,17.6741,0.9375,,,,,0,52.7613,1.1113,29.9721,2.1250,,,,
1382,0,21.2672,0.6699,21.9544,0.8750,,,,,0,20.3578,0.5942,18.0094,0.8125,,,,,0,34.7387,0.9023,29.9466,1.8750,,,,
1383,0,22.4786,0.6855,21.8475,1.3438,,,,,0,17.9259,0.5176,17.1997,0.6875,,,,,0,39.4444,0.9531,34.4160,1.7500,,,,
1384,0,49.3857,0.9785,25.0020,1.3125,,,,,0,17.6322,0.5273,17.5583,0.9375,,,,,0,51.1784,0.9902,31.0355,1.3750,,,,
1385,0,22.2683,0.6504,21.7874,0.8750,,,,,0,18.5975,0.5547,17.9486,0.8125,,,,,0,51.7795,1.0000,37.9125,1.8750,,,,
1386,0,23.6709,0.7139,23.3396,1.3125,,,,,0,19.9489,0.5586,16.4373,0.8125,,,,,0,48.9685,1.0088,30.2341,1.7500,,,,
1387,0,32.7832,0.7500,21.8756,1.1875,,,,,0,16.7871,0.5078,17.4827,0.6875,,,,,0,44.4302,0.8984,28.7080,1.5000,,,,
1388,0,31.6744,0.7656,25.9403,1.1875,,,,,0,19.3402,0.6016,19.2519,0.8125,,,,,0,38.6383,0.8438,32.7683,1.0625,,,,
1389,0,22.7361,0.6367,21.5693,1.1250,,,,,0,19.9651,0.5664,17.0073,0.6562,,,,,0,45.8475,0.9893,30.4328,1.6094,,,,
1390,0,24.0401,0.6699,21.4178,1.1250,,,,,0,19.4060,0.5586,19.5489,1.1250,,,,,0,37.7195,0.9609,30.4114,1.6562,,,,
1391,0,35.1826,0.8086,25.0745,1.5625,,,,,0,20.0473,0.5820,17.7220,0.7188,,,,,0,43.0220,0.9766,37.2049,1.5000,,,,
1392,0,21.6149,0.5771,23.7827,1.1250,,,,,0,29.1392,0.7500,17.5813,0.8750,,,,,0,66.3829,1.2051,38.7468,1.8750,,,,
1393,0,25.3484,0.7754,23.6897,0.9375,,,,,0,24.4673,0.6445,17.0402,0.8438,,,,,0,52.8786,1.0703,38.8272,2.1875,,,,
1394,0,31.5220,0.7178,24.4017,1.2012,,,,,0,18.8371,0.5410,17.6095,0.7500,,,,,0,36.7231,1.0000,36.8139,1.5000,,,,
1395,0,27.5230,0.6797,22.3668,1.2500,,,,,0,23.8450,0.6250,17.9434,0.8125,,,,,0,46.7444,1.0977,36.3460,1.4375,,,,
1396,0,23.5039,0.7522,24.2558,1.3750,,,,,0,18.6069,0.6250,18.1365,0.8750,,,,,0,34.4982,0.9531,39.1112,1.5000,,,,
1397,0,24.3383,0.6543,25.3280,1.0625,,,,,0,27.7978,0.6484,17.7802,0.7500,,,,,0,57.5822,1.1328,42.0311,1.5156,,,,
1398,0,27.4908,0.7070,28.2279,1.2754,,,,,0,28.0415,0.7500,19.3447,0.8145,,,,,0,44.8463,1.1250,35.7515,1.4375,,,,
1399,0,22.4725,0.6289,27.6924,1.4531,,,,,0,22.3628,0.6367,18.4741,0.8750,,,,,0,35.7872,0.8750,38.2240,2.2500,,,,
1400,0,35.8468,0.9033,28.9623,1.2500,,,,,0,21.4545,0.5430,21.4187,1.0938,,,,,0,35.2093,0.8555,37.5619,2.0000,,,,
1401,0,34.5613,0.8359,29.7313,1.4375,,,,,0,20.8422,0.6094,19.9724,0.7656,,,,,0,31.4355,0.7891,49.7150,3.8750,,,,
1402,0,58.6773,0.9648,31.7224,1.5625,,,,,0,21.0070,0.5234,21.5144,1.1250,,,,,0,35.2595,0.7910,45.4568,3.2500,,,,
1403,0,24.5201,0.5527,28.2048,1.2812,,,,,0,19.0608,0.5273,17.1252,0.6250,,,,,0,30.5877,0.7744,43.1009,3.1250,,,,
1404,0,49.6543,1.0625,29.4635,1.7500,,,,,0,21.8175,0.6055,17.3614,0.6250,,,,,0,38.5156,0.9062,46.8540,2.7500,,,,
1405,0,24.0252,0.6250,26.8113,1.2188,,,,,0,20.7846,0.5938,17.0819,0.5938,,,,,0,39.2114,0.9180,50.6197,3.0000,,,,
1406,0,27.5723,0.7070,28.5779,1.5000,,,,,0,19.3591,0.5430,17.1835,0.6875,,,,,0,42.4459,0.9102,45.2372,3.5000,,,,
1407,0,30.8359,0.6367,26.0107,1.5000,,,,,0,19.2479,0.5938,18.2859,1.0000,,,,,0,30.5990,0.8262,40.5117,2.5000,,,,
1408,0,20.6476,0.6055,30.8547,1.9375,,,,,0,20.5363,0.5674,19.0690,0.8125,,,,,0,33.0649,0.9448,37.0655,2.2500,,,,
1409,0,54.2547,0.9644,31.7329,1.7500,,,,,0,18.6062,0.5527,18.8924,0.7500,,,,,0,46.3518,0.9688,43.0314,2.6250,,,,
1410,0,21.9816,0.6426,28.1549,1.4844,,,,,0,22.1977,0.5869,20.3494,0.9375,,,,,0,39.5584,0.8867,43.0772,2.2500,,,,
1411,0,29.8343,0.8066,32.0389,1.3750,,,,,0,17.5429,0.5234,20.4287,0.8750,,,,,0,31.4102,0.7891,46.6001,2.5000,,,,
1412,0,26.7693,0.5449,33.9901,1.9375,,,,,0,17.3445,0.4778,24.5614,0.9375,,,,,0,42.4110,1.1235,43.1199,3.0000,,,,
1413,0,22.7047,0.6143,22.4833,1.6250,,,,,0,22.2659,0.6367,19.6741,0.8125,,,,,0,63.0596,1.1621,42.0075,1.7656,,,,
1414,0,28.6625,0.8125,24.2603,1.1875,,,,,0,18.3440,0.5762,16.9510,1.0000,,,,,0,55.5972,1.0977,33.3481,2.0000,,,,
1415,0,20.6912,0.6641,25.5266,1.0625,,,,,0,18.1506,0.5225,16.9202,1.0625,,,,,0,39.5848,0.8965,33.7319,1.4590,,,,
1416,0,20.9037,0.5342,26.8096,1.1738,,,,,0,18.3421,0.5547,16.6213,0.8750,,,,,0,44.9389,0.9062,29.8820,1.8125,,,,
1417,0,42.8508,0.7207,27.2169,1.2998,,,,,0,16.8401,0.5000,16.8386,1.1250,,,,,0,50.6891,0.9395,26.7931,1.7500,,,,
1418,0,21.9435,0.7113,23.7530,1.3750,,,,,0,16.8821,0.4888,17.6428,1.3750,,,,,0,57.1941,1.0879,26.2774,1.8750,,,,
1419,0,41.1316,0.8770,26.7333,1.6875,,,,,0,18.0483,0.5205,16.7523,1.3750,,,,,0,53.9170,1.0801,24.5733,1.6250,,,,
1420,0,56.5740,1.1582,33.6310,1.9375,,,,,0,18.7439,0.5459,16.4476,0.9375,,,,,0,40.7059,0.9219,25.5256,1.3750,,,,
1421,0,32.7645,0.9473,23.4798,1.0312,,,,,0,17.8763,0.5391,17.4444,1.1250,,,,,0,49.3097,1.0156,26.1548,1.6250,,,,
1422,0,25.4298,0.6328,20.7755,1.1816,,,,,0,17.4454,0.5273,16.8245,0.8750,,,,,0,39.4040,0.8535,28.7585,2.5000,,,,
1423,0,20.3627,0.5938,21.4766,1.5000,,,,,0,18.3185,0.5352,18.1739,0.6250,,,,,0,34.6582,0.8477,30.9369,1.2500,,,,
1424,0,20.6830,0.6772,23.1636,1.6250,,,,,0,17.6797,0.5425,17.0019,0.7031,,,,,0,31.8534,0.7852,29.9468,1.8750,,,,
1425,0,20.2809,0.5537,25.8677,1.0000,,,,,0,16.6856,0.4844,16.6508,0.8125,,,,,0,33.5267,0.7871,32.8186,2.3750,,,,
1426,0,19.9528,0.5586,24.1544,1.5469,,,,,0,18.5692,0.5859,16.4848,1.1250,,,,,0,36.4154,0.8047,34.1507,2.5000,,,,
1427,0,22.3790,0.7031,20.1070,0.8125,,,,,0,19.9016,0.5898,17.3122,1.6250,,,,,0,33.2352,0.8506,33.3172,2.3125,,,,
1428,0,31.0798,0.8633,22.8795,1.2500,,,,,0,18.8839,0.5312,15.9269,0.7812,,,,,0,37.9341,0.9399,37.4591,2.2500,,,,
1429,0,38.3736,0.8359,23.5986,1.1250,,,,,0,20.2738,0.6328,16.3692,0.8750,,,,,0,40.7904,0.9492,41.1284,2.5000,,,,
1430,0,34.2001,0.7910,21.1512,1.3125,,,,,0,19.1910,0.6016,14.9651,0.6875,,,,,0,37.9733,0.9017,38.6094,1.8750,,,,
1431,0,26.8508,0.7148,20.7490,1.6875,,,,,0,18.7022,0.5430,14.0800,0.6406,,,,,0,39.8375,0.9600,34.4090,1.8750,,,,
1432,0,21.8918,0.6211,20.2994,1.0000,,,,,0,18.3589,0.5391,14.3688,0.6875,,,,,0,36.5299,0.9297,31.7470,1.5000,,,,
1433,0,28.0502,0.7168,20.1978,1.3125,,,,,0,18.5723,0.6250,13.9799,0.6562,,,,,0,34.2679,0.9062,32.1375,1.5625,,,,
1434,0,44.0741,1.0352,30.6179,1.9375,,,,,0,18.3219,0.6250,15.0669,0.6875,,,,,0,38.5278,0.9268,33.4048,2.0000,,,,
1435,0,22.7388,0.6562,22.6919,1.2344,,,,,0,19.0310,0.7500,14.7362,0.6875,,,,,0,39.3377,0.9453,31.7790,1.6250,,,,
1436,0,49.1838,0.9453,27.4002,1.3125,,,,,0,22.3576,0.6504,14.4100,0.6250,,,,,0,34.0257,0.8320,34.8189,1.8750,,,,
1437,0,28.7035,0.8496,29.5816,1.8750,,,,,0,28.0196,0.7070,15.0594,1.1250,,,,,0,45.2847,0.9473,35.1377,1.8125,,,,
1438,0,20.3200,0.5801,25.5269,0.9209,,,,,0,24.5038,0.6328,17.1890,0.7500,,,,,0,33.2903,0.8750,40.6067,1.6250,,,,
1439,0,38.8630,0.9360,23.5310,1.2578,,,,,0,19.4351,0.5312,14.3368,0.5547,,,,,0,36.2928,0.8594,46.4002,2.9688,,,,
1440,0,24.0634,0.7539,25.2303,1.3438,,,,,0,20.6902,0.5469,16.5965,0.8125,,,,,0,39.8839,0.9219,33.9690,2.5000,,,,
1441,0,27.6765,0.6035,31.5302,1.9062,,,,,0,20.1823,0.5820,16.2738,0.7500,,,,,0,47.1580,0.9531,34.4490,1.6250,,,,
1442,0,32.8762,0.6992,25.1150,1.2188,,,,,0,19.0567,0.5273,16.3184,0.8750,,,,,0,49.1178,1.0156,33.9325,2.1875,,,,
1443,0,34.0180,0.8867,24.9803,1.3750,,,,,0,19.1188,0.5547,16.4036,0.7500,,,,,0,51.7463,1.0195,32.7359,2.0625,,,,
1444,0,34.0923,0.7968,26.0032,1.4375,,,,,0,23.0462,0.6328,15.3118,0.6875,,,,,0,61.5696,1.1094,39.1072,2.5000,,,,
1445,0,42.7126,0.7793,26.9404,1.5000,,,,,0,17.5499,0.5273,18.1861,0.8750,,,,,0,40.5858,0.9524,37.1584,2.2500,,,,
1446,0,20.3372,0.5469,31.5776,1.7500,,,,,0,19.7047,0.5693,18.5813,0.9688,,,,,0,54.8088,1.0630,36.0475,2.0000,,,,
1447,0,28.8896,0.7891,30.8358,1.8750,,,,,0,24.4784,0.6143,19.7033,1.0000,,,,,0,58.5907,1.0625,34.4347,1.7500,,,,
1448,0,48.8337,0.9492,23.2939,1.4375,,,,,0,20.9399,0.5771,19.6352,1.0000,,,,,0,42.9565,0.9434,35.6601,2.2500,,,,
1449,0,21.3977,0.4961,23.1743,1.0625,,,,,0,18.9390,0.5232,16.4308,0.6875,,,,,0,41.4093,0.9199,37.7242,2.5000,,,,
1450,0,40.2474,0.7207,23.9158,1.4688,,,,,0,22.1854,0.5610,17.7318,0.7188,,,,,0,56.0073,1.2031,35.3407,2.5000,,,,
1451,0,41.4642,0.9199,23.5079,1.4375,,,,,0,18.7597,0.5708,17.4332,0.8750,,,,,0,50.6904,1.0068,31.8790,1.7500,,,,
1452,0,30.8636,0.8311,22.6997,1.0000,,,,,0,17.9999,0.5332,15.5830,0.8125,,,,,0,62.5475,1.0664,28.7415,1.4062,,,,
1453,0,27.6854,0.8091,25.0655,1.3125,,,,,0,19.8750,0.5391,15.6160,0.7500,,,,,0,47.6366,0.9199,30.3714,1.3984,,,,
1454,0,32.0097,0.7910,21.8565,1.5078,,,,,0,17.1885,0.5195,17.0401,0.6250,,,,,0,53.2159,0.9609,25.5448,1.2500,,,,
1455,0,19.8855,0.6157,22.4001,1.0000,,,,,0,17.9704,0.5469,15.0479,0.6250,,,,,0,57.6308,1.0352,22.7949,1.0000,,,,
1456,0,34.5061,0.8984,22.2897,1.1367,,,,,0,19.5916,0.5957,15.7367,0.7500,,,,,0,58.7009,1.0820,20.5870,0.8750,,,,
1457,0,27.1147,0.5938,20.9745,1.0000,,,,,0,29.0536,0.6641,15.3700,0.8750,,,,,0,36.6136,0.8799,22.3315,1.3750,,,,
1458,0,43.0370,0.8643,26.4917,1.5312,,,,,0,18.2534,0.5273,15.8115,0.8750,,,,,0,44.9879,0.9531,23.9471,1.1250,,,,
1459,0,21.8876,0.6602,18.8277,0.9258,,,,,0,19.5627,0.5771,16.6402,0.8750,,,,,0,56.6224,1.0078,23.7786,1.2500,,,,
1460,0,20.4184,0.5547,21.7903,1.0625,,,,,0,19.3859,0.5684,17.2938,0.8750,,,,,0,54.8674,1.0234,25.4154,1.5000,,,,
1461,0,36.0603,0.8442,20.8707,1.2188,,,,,0,21.2765,0.5938,18.0466,0.7500,,,,,0,45.4143,0.9414,21.5629,1.3789,,,,
1462,0,24.5702,0.7681,24.1569,1.2500,,,,,0,19.7759,0.6113,17.3073,0.7812,,,,,0,49.4660,0.9297,24.1570,1.0723,,,,
1463,0,24.1143,0.5312,20.1724,1.0000,,,,,0,26.7830,0.6562,18.4801,0.8125,,,,,0,34.3051,0.7388,31.6901,1.3750,,,,
1464,0,36.7971,0.8672,18.7045,0.6953,,,,,0,19.7346,0.6265,17.2959,1.1875,,,,,0,40.3432,0.9062,31.5835,1.4688,,,,
1465,0,28.3328,0.7227,19.9236,0.7500,,,,,0,20.1436,0.6016,15.6528,0.7500,,,,,0,36.3828,0.9355,30.0855,1.7500,,,,
1466,0,56.2958,0.9844,20.6424,0.7500,,,,,0,18.7620,0.5703,16.4928,0.6875,,,,,0,35.7030,0.8809,31.3049,1.8750,,,,
1467,0,21.4663,0.7188,22.0012,0.8750,,,,,0,18.6531,0.5586,17.2646,0.8125,,,,,0,56.0454,1.0977,31.3529,1.4062,,,,
1468,0,41.1421,0.9219,26.7711,1.1250,,,,,0,19.2026,0.5430,16.9543,0.6250,,,,,0,41.3778,0.9805,31.8987,1.5000,,,,
1469,0,22.6232,0.7617,24.3559,1.1875,,,,,0,18.5405,0.6250,17.6375,0.8125,,,,,0,41.0995,0.9846,32.7848,1.5000,,,,
1470,0,24.9308,0.6631,26.6075,0.9688,,,,,0,18.8313,0.5391,18.0493,0.6875,,,,,0,37.6691,1.0000,36.8721,1.5312,,,,
1471,0,21.2657,0.8750,25.6321,1.0000,,,,,0,19.6650,0.5605,17.9061,0.7188,,,,,0,31.6064,0.8125,37.0395,1.7812,,,,
1472,0,38.2164,0.7715,25.7969,0.9375,,,,,0,19.1901,0.5693,19.8678,0.7812,,,,,0,30.1464,0.7734,37.5626,2.0000,,,,
1473,0,29.5186,0.8037,26.9657,1.0625,,,,,0,18.5467,0.5493,19.4320,0.8125,,,,,0,32.4290,0.8486,39.2909,1.8750,,,,
1474,0,27.0509,0.7891,38.3270,1.4375,,,,,0,20.7874,0.5547,21.9136,0.8281,,,,,0,41.6395,0.8438,45.2259,2.6328,,,,
1475,0,46.5994,0.9102,31.9471,1.1250,,,,,0,21.8702,0.6243,24.2587,0.9375,,,,,0,32.7654,0.7734,45.6655,1.6562,,,,
1476,0,40.6417,0.9961,29.9911,1.1875,,,,,0,18.1576,0.5884,22.3749,0.7500,,,,,0,30.1041,0.7302,53.4997,2.1328,,,,
1477,0,23.2052,0.6797,34.8036,1.8750,,,,,0,18.1633,0.5859,20.8450,1.1250,,,,,0,46.5036,0.8721,43.1174,2.9375,,,,
1478,0,38.5213,0.7734,34.6811,1.7500,,,,,0,18.7191,0.5352,21.3273,0.7500,,,,,0,42.8254,1.0156,44.3739,2.6250,,,,
1479,0,21.6070,0.6250,34.8123,1.3125,,,,,0,17.7436,0.5664,22.1481,0.8750,,,,,0,53.4556,1.0029,54.9419,2.8750,,,,
1480,0,33.0641,0.7969,40.8475,2.0000,,,,,0,18.6017,0.5312,22.7872,1.0000,,,,,0,56.0241,1.0352,52.3179,2.5000,,,,
1481,0,29.3957,0.7695,37.3359,1.6875,,,,,0,17.9524,0.5469,23.7392,1.0000,,,,,0,49.0974,0.9727,48.2675,2.3750,,,,
1482,0,22.3260,0.6875,33.6204,1.8750,,,,,0,20.6002,0.6562,24.8956,1.1875,,,,,0,35.2481,0.8887,42.2944,2.0000,,,,
1483,0,20.8517,0.5625,36.3060,2.3125,,,,,0,17.5569,0.5938,24.2596,1.0000,,,,,0,40.8124,0.9810,44.7688,2.0000,,,,
1484,0,20.9465,0.6719,37.4879,1.6250,,,,,0,17.2986,0.5391,22.9254,0.9062,,,,,0,55.1705,1.0361,45.6474,2.5000,,,,
1485,0,57.8231,0.9883,37.6391,1.3750,,,,,0,18.3715,0.5938,24.6953,0.8750,,,,,0,44.8562,0.9141,48.2276,2.7500,,,,
1486,0,31.0555,0.6836,38.4748,1.3750,,,,,0,18.0790,0.6113,24.9562,0.9375,,,,,0,39.6013,0.8730,54.2084,2.8750,,,,
1487,0,42.9725,0.8125,36.1716,1.4375,,,,,0,17.7157,0.4766,23.7832,0.8125,,,,,0,40.2952,1.0332,43.8944,2.8750,,,,
1488,0,22.5907,0.6641,32.0411,1.6250,,,,,0,21.8134,0.6494,23.9387,0.9062,,,,,0,65.3970,1.1914,43.4500,2.2500,,,,
1489,0,21.8926,0.6250,30.9911,1.2500,,,,,0,18.5162,0.5781,20.2260,0.7500,,,,,0,65.4186,1.1045,47.1953,2.7031,,,,
1490,0,22.4683,0.6777,34.0741,1.5938,,,,,0,18.3408,0.5508,22.5261,0.8750,,,,,0,51.2466,1.0273,35.8273,1.5000,,,,
1491,0,45.3080,0.9399,28.4278,1.2500,,,,,0,17.2457,0.5156,23.9399,0.8125,,,,,0,52.4401,0.9688,36.6149,1.6719,,,,
1492,0,24.8322,0.6846,34.6333,1.4375,,,,,0,17.6442,0.5781,25.6490,0.9375,,,,,0,56.8731,0.9924,35.5413,1.5898,,,,
1493,0,26.3639,0.6797,32.6533,1.2500,,,,,0,21.0752,0.6270,24.7314,1.1250,,,,,0,67.1807,1.1597,33.4150,1.5625,,,,
1494,0,28.5046,0.7656,33.9596,1.3125,,,,,0,19.4720,0.5679,22.8824,0.8438,,,,,0,65.4762,1.1777,34.1236,1.3750,,,,
1495,0,60.0519,1.2422,38.8676,2.0938,,,,,0,20.9428,0.5986,23.6875,0.8750,,,,,0,49.8706,1.0391,33.4139,1.2969,,,,
1496,0,66.8812,1.1172,37.8469,1.7500,,,,,0,19.7835,0.5938,23.0028,0.8750,,,,,0,48.7540,0.9922,36.2782,1.7031,,,,
1497,0,41.3176,0.8164,29.9352,1.7500,,,,,0,19.8021,0.6189,23.8520,0.8750,,,,,0,46.4054,0.9199,33.8769,1.4023,,,,
1498,0,20.8279,0.6055,31.4207,1.6250,,,,,0,24.7680,0.6641,24.7873,1.0000,,,,,0,46.2229,0.9775,35.8339,1.3438,,,,
1499,0,22.1553,0.6313,33.3014,1.5000,,,,,0,26.1567,0.6846,23.6759,1.0312,,,,,0,42.8866,0.9399,34.2465,1.4688,,,,
