frame,fp8_diverged,fp8_text_l2,fp8_text_maxabs,fp8_audio_l2,fp8_audio_maxabs,fp8_rms,fp8_click,fp8_centroid_hz,fp8_flatness,w8a16_diverged,w8a16_text_l2,w8a16_text_maxabs,w8a16_audio_l2,w8a16_audio_maxabs,w8a16_rms,w8a16_click,w8a16_centroid_hz,w8a16_flatness
0,,,,,,,,,,,,,,,,,,
1,,,,,,,,,,,,,,,,,,
2,1,55.5987,1.4531,254.3378,15.5625,0.00072,0.01129,83.3,0.00107,1,73.9631,1.3750,241.5483,12.6875,0.00072,0.01130,86.7,0.00086
3,1,,,,,0.00022,0.00001,3.8,0.00009,1,,,,,0.00022,0.00000,3.1,0.00004
4,1,,,,,0.00022,0.00000,3.5,0.00008,1,,,,,0.00022,0.00000,4.4,0.00013
5,1,,,,,0.00022,0.00000,3.2,0.00005,1,,,,,0.00022,0.00000,3.0,0.00004
6,1,,,,,0.00022,0.00000,3.1,0.00004,1,,,,,0.00022,0.00000,3.2,0.00004
7,1,,,,,0.00022,0.00001,3.1,0.00004,1,,,,,0.00022,0.00000,3.2,0.00004
8,1,,,,,0.00022,0.00000,3.2,0.00004,1,,,,,0.00022,0.00000,3.2,0.00004
9,1,,,,,0.00022,0.00000,3.2,0.00004,1,,,,,0.00022,0.00000,3.2,0.00004
10,1,,,,,0.00022,0.00000,3.3,0.00004,1,,,,,0.00022,0.00000,3.3,0.00004
11,1,,,,,0.00022,0.00000,3.1,0.00003,1,,,,,0.00022,0.00000,3.2,0.00004
12,1,,,,,0.00022,0.00000,3.2,0.00003,1,,,,,0.00022,0.00000,3.2,0.00004
13,1,,,,,0.00022,0.00000,3.2,0.00004,1,,,,,0.00022,0.00000,3.2,0.00004
14,1,,,,,0.00022,0.00000,3.2,0.00004,1,,,,,0.00022,0.00000,3.2,0.00004
15,1,,,,,0.00022,0.00000,3.2,0.00004,1,,,,,0.00022,0.00000,3.2,0.00004
16,1,,,,,0.00022,0.00000,3.2,0.00003,1,,,,,0.00022,0.00000,3.3,0.00004
17,1,,,,,0.00022,0.00000,3.1,0.00004,1,,,,,0.00022,0.00000,3.2,0.00004
18,1,,,,,0.00022,0.00000,3.3,0.00004,1,,,,,0.00022,0.00000,3.3,0.00004
19,1,,,,,0.00066,0.00000,10.4,0.00010,1,,,,,0.00099,0.00000,28.9,0.00011
20,1,,,,,0.05338,0.00122,503.3,0.00001,1,,,,,0.08846,0.00048,462.3,0.00001
21,1,,,,,0.06861,0.00869,638.2,0.00003,1,,,,,0.16786,0.00073,527.0,0.00003
22,1,,,,,0.06100,0.00059,592.5,0.00000,1,,,,,0.09053,0.03132,453.6,0.00001
23,1,,,,,0.05411,0.00023,504.8,0.00000,1,,,,,0.02117,0.00133,326.2,0.00000
24,1,,,,,0.01851,0.00111,237.4,0.00000,1,,,,,0.00408,0.00044,127.2,0.00000
25,1,,,,,0.00024,0.00002,7.0,0.00014,1,,,,,0.00281,0.00001,18.4,0.00007
26,1,,,,,0.00375,0.00001,17.2,0.00013,1,,,,,0.02385,0.00029,512.3,0.00003
27,1,,,,,0.04522,0.00110,761.2,0.00002,1,,,,,0.04037,0.00159,309.4,0.00000
28,1,,,,,0.06023,0.00135,699.8,0.00003,1,,,,,0.04020,0.01505,269.5,0.00001
29,1,,,,,0.03781,0.01349,255.4,0.00000,1,,,,,0.04341,0.00326,289.9,0.00000
30,1,,,,,0.03894,0.00472,744.4,0.00004,1,,,,,0.00813,0.00256,2449.6,0.00195
31,1,,,,,0.03306,0.00117,319.5,0.00002,1,,,,,0.02819,0.00001,794.5,0.00003
32,1,,,,,0.02370,0.00025,494.5,0.01095,1,,,,,0.06331,0.00484,718.0,0.00005
33,1,,,,,0.00907,0.02130,3846.7,0.05143,1,,,,,0.03342,0.00363,479.1,0.00001
34,1,,,,,0.02769,0.00080,722.6,0.00005,1,,,,,0.01094,0.00150,543.5,0.00003
35,1,,,,,0.02121,0.00055,1156.4,0.00010,1,,,,,0.00503,0.00000,5600.4,0.02775
36,1,,,,,0.00156,0.00021,386.2,0.00073,1,,,,,0.00548,0.00520,5877.2,0.03162
37,1,,,,,0.01391,0.00043,718.9,0.00010,1,,,,,0.00026,0.00013,74.1,0.00151
38,1,,,,,0.02752,0.00059,651.5,0.00002,1,,,,,0.02468,0.00022,575.9,0.00004
39,1,,,,,0.02130,0.00572,296.4,0.00000,1,,,,,0.04909,0.00749,505.1,0.00001
40,1,,,,,0.00116,0.00053,22.8,0.00009,1,,,,,0.03501,0.00011,610.2,0.00034
41,1,,,,,0.00022,0.00000,3.2,0.00005,1,,,,,0.05810,0.00548,446.3,0.00001
42,1,,,,,0.00523,0.00000,1769.2,0.00124,1,,,,,0.06690,0.00171,532.5,0.00004
43,1,,,,,0.06664,0.00177,925.7,0.00002,1,,,,,0.09140,0.00725,557.8,0.00001
44,1,,,,,0.02146,0.00871,478.8,0.00004,1,,,,,0.00332,0.00142,254.7,0.00003
45,1,,,,,0.03418,0.00006,479.3,0.00005,1,,,,,0.02405,0.00001,280.0,0.00001
46,1,,,,,0.05228,0.00091,730.7,0.00003,1,,,,,0.01209,0.00004,134.6,0.00000
47,1,,,,,0.04703,0.02816,422.2,0.00043,1,,,,,0.01518,0.00001,1321.7,0.01692
48,1,,,,,0.01462,0.00027,631.9,0.00337,1,,,,,0.01898,0.00006,455.6,0.00002
49,1,,,,,0.03883,0.00305,576.9,0.00000,1,,,,,0.02131,0.00049,524.3,0.00002
50,1,,,,,0.00175,0.00006,804.3,0.00181,1,,,,,0.00598,0.00041,130.3,0.00001
51,1,,,,,0.02331,0.00105,334.0,0.00000,1,,,,,0.00026,0.00001,29.1,0.00224
52,1,,,,,0.00784,0.00174,966.0,0.01406,1,,,,,0.00022,0.00001,3.1,0.00004
53,1,,,,,0.01309,0.00046,1565.6,0.00979,1,,,,,0.00022,0.00000,3.1,0.00004
54,1,,,,,0.00936,0.00022,951.7,0.00113,1,,,,,0.00022,0.00000,3.1,0.00004
55,1,,,,,0.01280,0.00177,575.7,0.00048,1,,,,,0.00022,0.00000,3.0,0.00004
56,1,,,,,0.01365,0.00012,486.8,0.00009,1,,,,,0.00022,0.00000,3.2,0.00004
57,1,,,,,0.00541,0.00018,185.0,0.00001,1,,,,,0.00022,0.00000,3.0,0.00004
58,1,,,,,0.00021,0.00001,3.4,0.00006,1,,,,,0.00022,0.00001,3.1,0.00004
59,1,,,,,0.00022,0.00000,3.1,0.00004,1,,,,,0.00022,0.00000,3.1,0.00004
60,1,,,,,0.00022,0.00000,3.1,0.00004,1,,,,,0.00022,0.00000,3.1,0.00003
61,1,,,,,0.00022,0.00000,3.1,0.00004,1,,,,,0.00022,0.00000,3.1,0.00004
62,1,,,,,0.00022,0.00000,3.2,0.00004,1,,,,,0.00022,0.00000,3.2,0.00004
63,1,,,,,0.00022,0.00000,3.0,0.00004,1,,,,,0.00022,0.00000,3.1,0.00004
64,1,,,,,0.00022,0.00000,3.1,0.00004,1,,,,,0.00022,0.00000,3.2,0.00004
65,1,,,,,0.00022,0.00000,3.1,0.00004,1,,,,,0.00022,0.00000,3.1,0.00004
66,1,,,,,0.00022,0.00000,3.2,0.00004,1,,,,,0.00022,0.00000,3.2,0.00004
67,1,,,,,0.00022,0.00000,3.2,0.00004,1,,,,,0.00022,0.00000,3.1,0.00004
68,1,,,,,0.00022,0.00000,3.2,0.00004,1,,,,,0.00022,0.00000,3.2,0.00004
69,1,,,,,0.00022,0.00000,3.1,0.00004,1,,,,,0.00022,0.00000,3.1,0.00004
70,1,,,,,0.00022,0.00000,3.2,0.00004,1,,,,,0.00022,0.00001,3.1,0.00004
71,1,,,,,0.00022,0.00000,3.1,0.00004,1,,,,,0.00022,0.00000,3.1,0.00004
72,1,,,,,0.00022,0.00000,3.1,0.00004,1,,,,,0.00022,0.00000,3.1,0.00003
73,1,,,,,0.00022,0.00000,3.1,0.00004,1,,,,,0.00022,0.00000,3.1,0.00004
74,1,,,,,0.00022,0.00000,3.2,0.00004,1,,,,,0.00022,0.00000,3.2,0.00004
75,1,,,,,0.00022,0.00000,3.1,0.00004,1,,,,,0.00022,0.00000,3.1,0.00004
76,1,,,,,0.00022,0.00000,3.1,0.00004,1,,,,,0.00022,0.00001,3.2,0.00004
77,1,,,,,0.00022,0.00000,3.1,0.00003,1,,,,,0.00022,0.00000,3.1,0.00004
78,1,,,,,0.00022,0.00000,3.2,0.00004,1,,,,,0.00022,0.00000,3.2,0.00004
79,1,,,,,0.00022,0.00000,3.1,0.00004,1,,,,,0.00022,0.00000,3.1,0.00004
80,1,,,,,0.00022,0.00000,3.1,0.00004,1,,,,,0.00022,0.00000,3.1,0.00004
81,1,,,,,0.00022,0.00001,3.1,0.00003,1,,,,,0.00022,0.00000,3.1,0.00004
82,1,,,,,0.00022,0.00000,3.1,0.00004,1,,,,,0.00022,0.00000,3.1,0.00004
83,1,,,,,0.00022,0.00000,3.2,0.00004,1,,,,,0.00022,0.00000,3.1,0.00004
84,1,,,,,0.00022,0.00000,3.1,0.00004,1,,,,,0.00022,0.00000,3.2,0.00004
85,1,,,,,0.00022,0.00000,3.2,0.00004,1,,,,,0.00022,0.00000,3.1,0.00004
86,1,,,,,0.00022,0.00000,3.1,0.00004,1,,,,,0.00022,0.00001,3.1,0.00004
87,1,,,,,0.00022,0.00000,3.1,0.00004,1,,,,,0.00022,0.00000,3.2,0.00004
88,1,,,,,0.00022,0.00000,3.1,0.00004,1,,,,,0.00022,0.00000,3.2,0.00004
89,1,,,,,0.00022,0.00000,3.2,0.00004,1,,,,,0.00022,0.00000,3.0,0.00004
90,1,,,,,0.00022,0.00000,3.2,0.00003,1,,,,,0.00022,0.00000,3.1,0.00004
91,1,,,,,0.00022,0.00000,3.1,0.00004,1,,,,,0.00022,0.00001,3.0,0.00004
92,1,,,,,0.00022,0.00000,3.2,0.00004,1,,,,,0.00022,0.00000,3.2,0.00004
93,1,,,,,0.00022,0.00000,3.1,0.00004,1,,,,,0.00022,0.00000,3.0,0.00004
94,1,,,,,0.00022,0.00000,3.1,0.00004,1,,,,,0.00022,0.00001,3.2,0.00004
95,1,,,,,0.00022,0.00000,3.1,0.00004,1,,,,,0.00022,0.00001,3.1,0.00004
96,1,,,,,0.00022,0.00000,3.1,0.00004,1,,,,,0.00022,0.00000,3.2,0.00004
97,1,,,,,0.00022,0.00000,3.1,0.00004,1,,,,,0.00022,0.00000,3.0,0.00004
98,1,,,,,0.00022,0.00000,3.1,0.00004,1,,,,,0.00022,0.00000,3.1,0.00004
99,1,,,,,0.00022,0.00000,3.1,0.00004,1,,,,,0.00022,0.00000,3.1,0.00004
100,1,,,,,0.00022,0.00000,3.2,0.00003,1,,,,,0.00022,0.00000,3.2,0.00004
101,1,,,,,0.00022,0.00000,3.1,0.00003,1,,,,,0.00022,0.00000,3.2,0.00004
102,1,,,,,0.00022,0.00000,3.2,0.00004,1,,,,,0.00022,0.00001,3.2,0.00004
103,1,,,,,0.00022,0.00000,3.2,0.00004,1,,,,,0.00022,0.00000,3.1,0.00004
104,1,,,,,0.00022,0.00000,3.1,0.00004,1,,,,,0.00022,0.00000,3.1,0.00004
105,1,,,,,0.00022,0.00000,3.1,0.00004,1,,,,,0.00022,0.00000,3.2,0.00004
106,1,,,,,0.00022,0.00001,3.2,0.00004,1,,,,,0.00022,0.00000,3.2,0.00004
107,1,,,,,0.00022,0.00000,3.1,0.00004,1,,,,,0.00022,0.00000,3.1,0.00004
108,1,,,,,0.00022,0.00000,3.1,0.00004,1,,,,,0.00022,0.00000,3.2,0.00004
109,1,,,,,0.00022,0.00000,3.2,0.00003,1,,,,,0.00022,0.00000,3.2,0.00004
110,1,,,,,0.00022,0.00000,3.2,0.00003,1,,,,,0.00022,0.00000,3.2,0.00004
111,1,,,,,0.00022,0.00000,3.2,0.00004,1,,,,,0.00022,0.00000,3.1,0.00004
112,1,,,,,0.00022,0.00000,3.2,0.00004,1,,,,,0.00022,0.00000,3.3,0.00004
113,1,,,,,0.00022,0.00001,3.1,0.00004,1,,,,,0.00022,0.00000,3.1,0.00004
114,1,,,,,0.00022,0.00000,3.2,0.00004,1,,,,,0.00022,0.00000,3.2,0.00004
115,1,,,,,0.00022,0.00000,3.1,0.00004,1,,,,,0.00022,0.00000,3.1,0.00004
116,1,,,,,0.00022,0.00000,3.1,0.00003,1,,,,,0.00022,0.00001,3.2,0.00004
117,1,,,,,0.00022,0.00000,3.1,0.00004,1,,,,,0.00022,0.00000,3.1,0.00004
118,1,,,,,0.00022,0.00000,3.1,0.00004,1,,,,,0.00022,0.00000,3.2,0.00004
119,1,,,,,0.00022,0.00000,3.1,0.00003,1,,,,,0.00022,0.00000,3.1,0.00004
120,1,,,,,0.00022,0.00000,3.2,0.00004,1,,,,,0.00022,0.00000,3.2,0.00004
121,1,,,,,0.00022,0.00001,3.1,0.00004,1,,,,,0.00022,0.00000,3.1,0.00004
122,1,,,,,0.00022,0.00001,3.2,0.00004,1,,,,,0.00022,0.00000,3.2,0.00004
123,1,,,,,0.00022,0.00000,3.1,0.00004,1,,,,,0.00022,0.00000,3.1,0.00004
124,1,,,,,0.00022,0.00000,3.2,0.00004,1,,,,,0.00022,0.00001,3.2,0.00004
125,1,,,,,0.00022,0.00000,3.2,0.00004,1,,,,,0.00022,0.00000,3.1,0.00004
126,1,,,,,0.00022,0.00001,3.2,0.00004,1,,,,,0.00022,0.00000,3.2,0.00004
127,1,,,,,0.00022,0.00000,3.1,0.00004,1,,,,,0.00022,0.00000,3.1,0.00004
128,1,,,,,0.00022,0.00000,3.2,0.00003,1,,,,,0.00022,0.00000,3.2,0.00004
129,1,,,,,0.00022,0.00000,3.2,0.00004,1,,,,,0.00022,0.00000,3.1,0.00004
130,1,,,,,0.00022,0.00001,3.2,0.00003,1,,,,,0.00022,0.00000,3.2,0.00004
131,1,,,,,0.00022,0.00000,3.1,0.00004,1,,,,,0.00022,0.00000,3.1,0.00004
132,1,,,,,0.00022,0.00001,3.2,0.00004,1,,,,,0.00022,0.00000,3.2,0.00004
133,1,,,,,0.00022,0.00000,3.1,0.00004,1,,,,,0.00022,0.00000,3.1,0.00004
134,1,,,,,0.00022,0.00001,3.2,0.00004,1,,,,,0.00022,0.00000,3.1,0.00004
135,1,,,,,0.00022,0.00000,3.1,0.00004,1,,,,,0.00022,0.00000,3.1,0.00004
136,1,,,,,0.00022,0.00001,3.1,0.00004,1,,,,,0.00022,0.00000,3.2,0.00004
137,1,,,,,0.00022,0.00000,3.1,0.00004,1,,,,,0.00022,0.00000,3.1,0.00004
138,1,,,,,0.00022,0.00000,3.2,0.00004,1,,,,,0.00022,0.00000,3.2,0.00004
139,1,,,,,0.00022,0.00000,3.2,0.00004,1,,,,,0.00022,0.00000,3.2,0.00004
140,1,,,,,0.00022,0.00000,3.1,0.00003,1,,,,,0.00022,0.00000,3.2,0.00004
141,1,,,,,0.00022,0.00000,3.0,0.00004,1,,,,,0.00022,0.00000,3.0,0.00004
142,1,,,,,0.00022,0.00000,3.1,0.00003,1,,,,,0.00022,0.00000,3.2,0.00004
143,1,,,,,0.00022,0.00000,3.1,0.00004,1,,,,,0.00022,0.00001,3.1,0.00004
144,1,,,,,0.00022,0.00000,3.1,0.00004,1,,,,,0.00022,0.00000,3.2,0.00004
145,1,,,,,0.00022,0.00000,3.1,0.00004,1,,,,,0.00022,0.00000,3.1,0.00004
146,1,,,,,0.00022,0.00000,3.2,0.00004,1,,,,,0.00022,0.00000,3.2,0.00004
147,1,,,,,0.00022,0.00000,3.1,0.00004,1,,,,,0.00022,0.00000,3.1,0.00004
148,1,,,,,0.00022,0.00000,3.1,0.00004,1,,,,,0.00022,0.00000,3.2,0.00004
149,1,,,,,0.00022,0.00000,3.1,0.00004,1,,,,,0.00022,0.00000,3.1,0.00004
150,1,,,,,0.00022,0.00001,3.1,0.00004,1,,,,,0.00022,0.00000,3.2,0.00004
151,1,,,,,0.00022,0.00000,3.1,0.00004,1,,,,,0.00022,0.00000,3.1,0.00004
152,1,,,,,0.00022,0.00000,3.2,0.00004,1,,,,,0.00022,0.00000,3.2,0.00004
153,1,,,,,0.00022,0.00000,3.1,0.00004,1,,,,,0.00022,0.00000,3.1,0.00004
154,1,,,,,0.00022,0.00000,3.2,0.00004,1,,,,,0.00022,0.00000,3.3,0.00004
155,1,,,,,0.00022,0.00000,3.1,0.00004,1,,,,,0.00022,0.00000,3.1,0.00004
156,1,,,,,0.00022,0.00001,3.2,0.00004,1,,,,,0.00022,0.00000,3.3,0.00004
157,1,,,,,0.00022,0.00000,3.2,0.00004,1,,,,,0.00022,0.00000,3.1,0.00004
158,1,,,,,0.00022,0.00000,3.3,0.00004,1,,,,,0.00022,0.00000,3.2,0.00004
159,1,,,,,0.00022,0.00000,3.2,0.00004,1,,,,,0.00022,0.00000,3.2,0.00004
160,1,,,,,0.00022,0.00001,3.1,0.00004,1,,,,,0.00022,0.00000,3.2,0.00004
161,1,,,,,0.00022,0.00000,3.1,0.00004,1,,,,,0.00022,0.00000,3.1,0.00004
162,1,,,,,0.00022,0.00001,3.2,0.00004,1,,,,,0.00022,0.00000,3.2,0.00004
163,1,,,,,0.00022,0.00000,3.1,0.00004,1,,,,,0.00022,0.00000,3.2,0.00004
164,1,,,,,0.00022,0.00000,3.2,0.00004,1,,,,,0.00022,0.00000,3.2,0.00004
165,1,,,,,0.00022,0.00000,3.1,0.00003,1,,,,,0.00022,0.00000,3.1,0.00004
166,1,,,,,0.00022,0.00000,3.1,0.00004,1,,,,,0.00022,0.00000,3.2,0.00004
167,1,,,,,0.00022,0.00001,3.1,0.00004,1,,,,,0.00022,0.00000,3.2,0.00004
168,1,,,,,0.00022,0.00000,3.2,0.00004,1,,,,,0.00022,0.00000,3.3,0.00004
169,1,,,,,0.00022,0.00001,3.2,0.00004,1,,,,,0.00022,0.00000,3.3,0.00004
170,1,,,,,0.00022,0.00000,3.3,0.00004,1,,,,,0.00022,0.00000,3.3,0.00004
171,1,,,,,0.00022,0.00001,3.2,0.00004,1,,,,,0.00022,0.00001,3.3,0.00004
172,1,,,,,0.00022,0.00001,3.3,0.00004,1,,,,,0.00022,0.00000,3.2,0.00004
173,1,,,,,0.00022,0.00000,3.3,0.00004,1,,,,,0.00022,0.00000,3.3,0.00004
174,1,,,,,0.00022,0.00000,3.2,0.00004,1,,,,,0.00022,0.00001,3.6,0.00004
175,1,,,,,0.00022,0.00001,3.2,0.00004,1,,,,,0.00022,0.00000,3.4,0.00005
176,1,,,,,0.00022,0.00001,3.3,0.00004,1,,,,,0.00022,0.00000,3.5,0.00004
177,1,,,,,0.00022,0.00000,3.3,0.00004,1,,,,,0.00022,0.00000,3.4,0.00004
178,1,,,,,0.00022,0.00000,3.3,0.00004,1,,,,,0.00022,0.00000,3.4,0.00004
179,1,,,,,0.00022,0.00000,3.3,0.00004,1,,,,,0.00022,0.00000,3.4,0.00004
180,1,,,,,0.00022,0.00000,3.4,0.00004,1,,,,,0.00022,0.00000,3.4,0.00004
181,1,,,,,0.00022,0.00000,3.5,0.00004,1,,,,,0.00022,0.00000,3.4,0.00004
182,1,,,,,0.00022,0.00000,3.5,0.00004,1,,,,,0.00022,0.00000,3.5,0.00004
183,1,,,,,0.00022,0.00000,3.4,0.00004,1,,,,,0.00022,0.00000,3.4,0.00004
184,1,,,,,0.00022,0.00000,3.5,0.00004,1,,,,,0.00022,0.00000,3.5,0.00004
185,1,,,,,0.00022,0.00000,3.5,0.00004,1,,,,,0.00022,0.00000,3.4,0.00004
186,1,,,,,0.00022,0.00001,3.5,0.00004,1,,,,,0.00022,0.00000,3.4,0.00004
187,1,,,,,0.00022,0.00000,3.4,0.00004,1,,,,,0.00022,0.00000,3.4,0.00004
188,1,,,,,0.00022,0.00000,3.5,0.00004,1,,,,,0.00022,0.00001,3.5,0.00004
189,1,,,,,0.00022,0.00001,3.5,0.00004,1,,,,,0.00022,0.00001,3.4,0.00004
190,1,,,,,0.00022,0.00001,3.5,0.00004,1,,,,,0.00022,0.00000,3.5,0.00004
191,1,,,,,0.00022,0.00000,3.5,0.00004,1,,,,,0.00022,0.00001,3.4,0.00004
192,1,,,,,0.00022,0.00000,3.5,0.00004,1,,,,,0.00022,0.00000,3.4,0.00004
193,1,,,,,0.00022,0.00000,3.6,0.00004,1,,,,,0.00022,0.00000,3.4,0.00004
194,1,,,,,0.00022,0.00001,3.5,0.00004,1,,,,,0.00022,0.00001,3.5,0.00004
195,1,,,,,0.00022,0.00000,3.5,0.00004,1,,,,,0.00022,0.00000,3.4,0.00004
196,1,,,,,0.00022,0.00000,3.5,0.00004,1,,,,,0.00022,0.00000,3.4,0.00004
197,1,,,,,0.00022,0.00000,3.5,0.00004,1,,,,,0.00022,0.00000,3.5,0.00004
198,1,,,,,0.00022,0.00000,3.6,0.00004,1,,,,,0.00022,0.00000,3.4,0.00004
199,1,,,,,0.00022,0.00000,3.5,0.00004,1,,,,,0.00022,0.00001,3.4,0.00004
200,1,,,,,0.00022,0.00000,3.5,0.00004,1,,,,,0.00022,0.00000,3.4,0.00004
201,1,,,,,0.00022,0.00000,3.5,0.00004,1,,,,,0.00022,0.00000,3.4,0.00004
202,1,,,,,0.00022,0.00000,3.5,0.00004,1,,,,,0.00022,0.00000,3.5,0.00004
203,1,,,,,0.00022,0.00000,3.5,0.00004,1,,,,,0.00022,0.00000,3.4,0.00004
204,1,,,,,0.00022,0.00001,3.6,0.00004,1,,,,,0.00022,0.00000,3.5,0.00004
205,1,,,,,0.00022,0.00000,3.5,0.00004,1,,,,,0.00022,0.00000,3.4,0.00004
206,1,,,,,0.00022,0.00000,3.6,0.00004,1,,,,,0.00022,0.00000,3.5,0.00004
207,1,,,,,0.00022,0.00000,3.6,0.00004,1,,,,,0.00022,0.00001,3.5,0.00004
208,1,,,,,0.00022,0.00000,3.6,0.00004,1,,,,,0.00022,0.00001,3.6,0.00004
209,1,,,,,0.00022,0.00001,3.6,0.00004,1,,,,,0.00022,0.00000,3.5,0.00004
210,1,,,,,0.00022,0.00000,3.7,0.00004,1,,,,,0.00022,0.00000,3.5,0.00004
211,1,,,,,0.00022,0.00000,3.6,0.00004,1,,,,,0.00022,0.00000,3.5,0.00004
212,1,,,,,0.00022,0.00000,3.6,0.00004,1,,,,,0.00022,0.00000,3.6,0.00004
213,1,,,,,0.00022,0.00000,3.6,0.00004,1,,,,,0.00022,0.00000,3.5,0.00004
214,1,,,,,0.00022,0.00000,3.7,0.00004,1,,,,,0.00022,0.00000,3.6,0.00004
215,1,,,,,0.00022,0.00000,3.7,0.00004,1,,,,,0.00022,0.00000,3.6,0.00004
216,1,,,,,0.00022,0.00000,3.6,0.00004,1,,,,,0.00022,0.00000,3.6,0.00004
217,1,,,,,0.00022,0.00001,3.7,0.00004,1,,,,,0.00022,0.00000,3.6,0.00004
218,1,,,,,0.00022,0.00000,3.7,0.00004,1,,,,,0.00022,0.00000,3.6,0.00004
219,1,,,,,0.00022,0.00000,3.7,0.00004,1,,,,,0.00022,0.00000,3.6,0.00004
220,1,,,,,0.00022,0.00000,3.7,0.00004,1,,,,,0.00022,0.00000,3.6,0.00004
221,1,,,,,0.00022,0.00000,3.7,0.00004,1,,,,,0.00022,0.00000,3.6,0.00004
222,1,,,,,0.00022,0.00000,3.7,0.00004,1,,,,,0.00022,0.00000,3.6,0.00004
223,1,,,,,0.00022,0.00000,3.6,0.00004,1,,,,,0.00022,0.00000,3.6,0.00004
224,1,,,,,0.00022,0.00000,3.6,0.00004,1,,,,,0.00022,0.00001,3.6,0.00004
225,1,,,,,0.00022,0.00000,3.6,0.00004,1,,,,,0.00022,0.00000,3.6,0.00004
226,1,,,,,0.00022,0.00000,3.6,0.00004,1,,,,,0.00022,0.00000,3.6,0.00004
227,1,,,,,0.00022,0.00000,3.6,0.00004,1,,,,,0.00022,0.00000,3.6,0.00004
228,1,,,,,0.00022,0.00000,3.7,0.00004,1,,,,,0.00022,0.00000,3.6,0.00004
229,1,,,,,0.00022,0.00000,3.6,0.00004,1,,,,,0.00022,0.00000,3.6,0.00004
230,1,,,,,0.00022,0.00000,3.6,0.00004,1,,,,,0.00022,0.00000,3.6,0.00004
231,1,,,,,0.00022,0.00000,3.7,0.00004,1,,,,,0.00022,0.00000,3.6,0.00004
232,1,,,,,0.00022,0.00000,3.6,0.00004,1,,,,,0.00022,0.00000,3.7,0.00004
233,1,,,,,0.00022,0.00001,3.6,0.00004,1,,,,,0.00022,0.00000,3.6,0.00004
234,1,,,,,0.00022,0.00000,3.6,0.00005,1,,,,,0.00022,0.00000,3.6,0.00004
235,1,,,,,0.00022,0.00000,3.7,0.00004,1,,,,,0.00022,0.00000,3.6,0.00004
236,1,,,,,0.00022,0.00000,3.6,0.00004,1,,,,,0.00022,0.00000,3.6,0.00004
237,1,,,,,0.00022,0.00000,3.6,0.00004,1,,,,,0.00022,0.00000,3.7,0.00004
238,1,,,,,0.00022,0.00000,3.7,0.00004,1,,,,,0.00022,0.00000,3.6,0.00004
239,1,,,,,0.00022,0.00000,3.7,0.00004,1,,,,,0.00022,0.00000,3.6,0.00004
240,1,,,,,0.00022,0.00000,3.5,0.00004,1,,,,,0.00022,0.00000,3.7,0.00004
241,1,,,,,0.00022,0.00000,3.5,0.00004,1,,,,,0.00022,0.00000,3.6,0.00004
242,1,,,,,0.00022,0.00000,3.6,0.00004,1,,,,,0.00022,0.00001,3.5,0.00004
243,1,,,,,0.00022,0.00000,3.5,0.00004,1,,,,,0.00022,0.00001,3.6,0.00004
244,1,,,,,0.00022,0.00000,3.5,0.00004,1,,,,,0.00022,0.00001,3.6,0.00004
245,1,,,,,0.00022,0.00000,3.5,0.00004,1,,,,,0.00022,0.00000,3.5,0.00004
246,1,,,,,0.00022,0.00000,3.5,0.00004,1,,,,,0.00022,0.00000,3.6,0.00004
247,1,,,,,0.00022,0.00000,3.6,0.00004,1,,,,,0.00022,0.00001,3.5,0.00004
248,1,,,,,0.00022,0.00000,3.6,0.00004,1,,,,,0.00022,0.00000,3.6,0.00004
249,1,,,,,0.00022,0.00000,3.5,0.00004,1,,,,,0.00022,0.00001,3.5,0.00004
250,1,,,,,0.00022,0.00000,3.5,0.00004,1,,,,,0.00022,0.00000,3.6,0.00004
251,1,,,,,0.00022,0.00001,3.6,0.00004,1,,,,,0.00022,0.00000,3.6,0.00004
252,1,,,,,0.00022,0.00000,3.6,0.00004,1,,,,,0.00022,0.00000,3.6,0.00004
253,1,,,,,0.00022,0.00000,3.6,0.00004,1,,,,,0.00022,0.00000,3.6,0.00004
254,1,,,,,0.00022,0.00000,3.6,0.00004,1,,,,,0.00022,0.00000,3.6,0.00004
255,1,,,,,0.00022,0.00001,3.6,0.00004,1,,,,,0.00022,0.00000,3.6,0.00004
256,1,,,,,0.00022,0.00000,3.6,0.00004,1,,,,,0.00022,0.00001,3.6,0.00004
257,1,,,,,0.00022,0.00000,3.6,0.00004,1,,,,,0.00022,0.00000,3.7,0.00004
258,1,,,,,0.00022,0.00000,3.6,0.00004,1,,,,,0.00022,0.00000,3.6,0.00004
259,1,,,,,0.00022,0.00000,3.7,0.00004,1,,,,,0.00022,0.00000,3.6,0.00004
260,1,,,,,0.00022,0.00001,3.7,0.00004,1,,,,,0.00022,0.00000,3.6,0.00004
261,1,,,,,0.00022,0.00001,3.7,0.00004,1,,,,,0.00022,0.00000,3.6,0.00004
262,1,,,,,0.00022,0.00000,3.7,0.00004,1,,,,,0.00022,0.00000,3.7,0.00004
263,1,,,,,0.00022,0.00000,3.7,0.00004,1,,,,,0.00022,0.00001,3.7,0.00004
264,1,,,,,0.00022,0.00001,3.8,0.00004,1,,,,,0.00022,0.00000,3.7,0.00004
265,1,,,,,0.00022,0.00000,3.8,0.00004,1,,,,,0.00022,0.00000,3.6,0.00004
266,1,,,,,0.00022,0.00000,3.7,0.00004,1,,,,,0.00022,0.00000,3.7,0.00004
267,1,,,,,0.00022,0.00000,3.7,0.00004,1,,,,,0.00022,0.00000,3.7,0.00004
268,1,,,,,0.00022,0.00000,3.7,0.00004,1,,,,,0.00022,0.00001,3.7,0.00004
269,1,,,,,0.00022,0.00001,3.8,0.00004,1,,,,,0.00022,0.00000,3.7,0.00004
270,1,,,,,0.00022,0.00000,3.8,0.00004,1,,,,,0.00022,0.00000,3.7,0.00004
271,1,,,,,0.00022,0.00001,3.7,0.00004,1,,,,,0.00022,0.00000,3.8,0.00004
272,1,,,,,0.00022,0.00001,3.8,0.00004,1,,,,,0.00022,0.00000,3.7,0.00004
273,1,,,,,0.00022,0.00000,3.8,0.00004,1,,,,,0.00022,0.00000,3.7,0.00004
274,1,,,,,0.00022,0.00000,3.8,0.00004,1,,,,,0.00022,0.00000,3.8,0.00004
275,1,,,,,0.00022,0.00000,3.7,0.00004,1,,,,,0.00022,0.00000,3.8,0.00004
276,1,,,,,0.00022,0.00001,3.8,0.00004,1,,,,,0.00022,0.00000,3.8,0.00005
277,1,,,,,0.00022,0.00000,3.5,0.00004,1,,,,,0.00022,0.00000,3.5,0.00004
278,1,,,,,0.00022,0.00000,3.5,0.00004,1,,,,,0.00022,0.00000,3.5,0.00004
279,1,,,,,0.00022,0.00000,3.5,0.00004,1,,,,,0.00022,0.00000,3.5,0.00004
280,1,,,,,0.00022,0.00000,3.5,0.00004,1,,,,,0.00022,0.00000,3.5,0.00004
281,1,,,,,0.00022,0.00000,3.6,0.00004,1,,,,,0.00022,0.00000,3.6,0.00004
282,1,,,,,0.00022,0.00000,3.4,0.00004,1,,,,,0.00022,0.00000,3.6,0.00004
283,1,,,,,0.00022,0.00000,3.5,0.00004,1,,,,,0.00022,0.00000,3.5,0.00004
284,1,,,,,0.00022,0.00000,3.5,0.00004,1,,,,,0.00022,0.00000,3.5,0.00004
285,1,,,,,0.00022,0.00000,3.5,0.00004,1,,,,,0.00022,0.00000,3.6,0.00004
286,1,,,,,0.00022,0.00000,3.5,0.00004,1,,,,,0.00022,0.00000,3.6,0.00004
287,1,,,,,0.00022,0.00000,3.8,0.00004,1,,,,,0.00022,0.00000,3.6,0.00004
288,1,,,,,0.00022,0.00000,3.8,0.00004,1,,,,,0.00022,0.00000,3.6,0.00004
289,1,,,,,0.00022,0.00000,3.7,0.00004,1,,,,,0.00022,0.00000,3.6,0.00004
290,1,,,,,0.00022,0.00000,3.8,0.00004,1,,,,,0.00022,0.00000,3.6,0.00004
291,1,,,,,0.00022,0.00001,3.9,0.00004,1,,,,,0.00022,0.00000,3.6,0.00004
292,1,,,,,0.00022,0.00000,3.6,0.00004,1,,,,,0.00022,0.00000,3.6,0.00004
293,1,,,,,0.00022,0.00000,3.7,0.00004,1,,,,,0.00022,0.00000,3.6,0.00004
294,1,,,,,0.00022,0.00000,3.7,0.00004,1,,,,,0.00022,0.00000,3.5,0.00004
295,1,,,,,0.00022,0.00000,3.8,0.00004,1,,,,,0.00022,0.00000,3.5,0.00004
296,1,,,,,0.00022,0.00001,3.8,0.00004,1,,,,,0.00022,0.00000,3.5,0.00004
297,1,,,,,0.00022,0.00000,3.9,0.00004,1,,,,,0.00022,0.00000,3.5,0.00004
298,1,,,,,0.00022,0.00000,3.8,0.00004,1,,,,,0.00022,0.00001,3.5,0.00005
299,1,,,,,0.00022,0.00000,3.8,0.00004,1,,,,,0.00022,0.00000,3.5,0.00004
300,1,,,,,0.00022,0.00001,3.8,0.00004,1,,,,,0.00022,0.00000,3.5,0.00004
301,1,,,,,0.00022,0.00001,3.8,0.00004,1,,,,,0.00022,0.00000,3.5,0.00004
302,1,,,,,0.00022,0.00001,3.7,0.00004,1,,,,,0.00022,0.00000,3.5,0.00004
303,1,,,,,0.00022,0.00000,3.7,0.00004,1,,,,,0.00022,0.00000,3.5,0.00004
304,1,,,,,0.00022,0.00000,3.8,0.00004,1,,,,,0.00022,0.00000,3.5,0.00004
305,1,,,,,0.00022,0.00000,3.7,0.00004,1,,,,,0.00022,0.00000,3.5,0.00004
306,1,,,,,0.00022,0.00000,3.8,0.00004,1,,,,,0.00022,0.00000,3.5,0.00004
307,1,,,,,0.00022,0.00000,3.7,0.00004,1,,,,,0.00022,0.00001,3.6,0.00004
308,1,,,,,0.00022,0.00000,3.7,0.00004,1,,,,,0.00022,0.00001,3.5,0.00004
309,1,,,,,0.00022,0.00000,3.8,0.00004,1,,,,,0.00022,0.00000,3.5,0.00004
310,1,,,,,0.00022,0.00000,3.8,0.00004,1,,,,,0.00022,0.00000,3.5,0.00004
311,1,,,,,0.00022,0.00000,3.7,0.00004,1,,,,,0.00022,0.00000,3.5,0.00004
312,1,,,,,0.00022,0.00000,3.8,0.00004,1,,,,,0.00022,0.00001,3.5,0.00004
313,1,,,,,0.00022,0.00000,3.8,0.00004,1,,,,,0.00022,0.00000,3.5,0.00004
314,1,,,,,0.00022,0.00000,3.7,0.00004,1,,,,,0.00022,0.00000,3.5,0.00004
315,1,,,,,0.00022,0.00001,3.8,0.00004,1,,,,,0.00022,0.00000,3.5,0.00004
316,1,,,,,0.00022,0.00000,3.8,0.00004,1,,,,,0.00022,0.00000,3.5,0.00004
317,1,,,,,0.00022,0.00000,3.8,0.00004,1,,,,,0.00022,0.00000,3.5,0.00004
318,1,,,,,0.00022,0.00000,3.8,0.00004,1,,,,,0.00022,0.00000,3.5,0.00004
319,1,,,,,0.00022,0.00000,3.8,0.00004,1,,,,,0.00022,0.00000,3.5,0.00004
320,1,,,,,0.00022,0.00000,3.9,0.00004,1,,,,,0.00022,0.00000,3.5,0.00004
321,1,,,,,0.00022,0.00000,3.6,0.00004,1,,,,,0.00022,0.00000,3.5,0.00004
322,1,,,,,0.00022,0.00000,3.6,0.00004,1,,,,,0.00022,0.00000,3.5,0.00005
323,1,,,,,0.00022,0.00001,3.5,0.00004,1,,,,,0.00022,0.00000,3.5,0.00004
324,1,,,,,0.00022,0.00000,3.5,0.00004,1,,,,,0.00022,0.00000,3.6,0.00004
325,1,,,,,0.00022,0.00000,3.6,0.00004,1,,,,,0.00022,0.00000,3.5,0.00004
326,1,,,,,0.00022,0.00000,3.5,0.00004,1,,,,,0.00022,0.00000,3.5,0.00004
327,1,,,,,0.00022,0.00000,3.6,0.00004,1,,,,,0.00022,0.00000,3.5,0.00004
328,1,,,,,0.00022,0.00000,3.6,0.00004,1,,,,,0.00022,0.00000,3.5,0.00004
329,1,,,,,0.00022,0.00000,3.6,0.00004,1,,,,,0.00022,0.00000,3.6,0.00004
330,1,,,,,0.00022,0.00000,3.6,0.00004,1,,,,,0.00022,0.00000,3.5,0.00004
331,1,,,,,0.00022,0.00000,3.6,0.00004,1,,,,,0.00022,0.00001,3.6,0.00004
332,1,,,,,0.00022,0.00000,3.6,0.00004,1,,,,,0.00022,0.00000,3.5,0.00004
333,1,,,,,0.00022,0.00000,3.6,0.00004,1,,,,,0.00022,0.00000,3.6,0.00004
334,1,,,,,0.00022,0.00000,3.6,0.00004,1,,,,,0.00022,0.00001,3.6,0.00004
335,1,,,,,0.00022,0.00000,3.5,0.00004,1,,,,,0.00022,0.00001,3.5,0.00004
336,1,,,,,0.00022,0.00000,3.5,0.00004,1,,,,,0.00022,0.00000,3.5,0.00004
337,1,,,,,0.00022,0.00000,3.6,0.00004,1,,,,,0.00022,0.00000,3.5,0.00004
338,1,,,,,0.00022,0.00001,3.6,0.00004,1,,,,,0.00022,0.00000,3.5,0.00004
339,1,,,,,0.00022,0.00000,3.6,0.00004,1,,,,,0.00022,0.00000,3.6,0.00004
340,1,,,,,0.00022,0.00000,3.6,0.00004,1,,,,,0.00022,0.00000,3.6,0.00004
341,1,,,,,0.00022,0.00000,3.5,0.00004,1,,,,,0.00022,0.00000,3.5,0.00004
342,1,,,,,0.00022,0.00000,3.9,0.00004,1,,,,,0.00022,0.00001,3.7,0.00004
343,1,,,,,0.00022,0.00000,3.9,0.00004,1,,,,,0.00022,0.00000,3.9,0.00005
344,1,,,,,0.00022,0.00000,3.9,0.00005,1,,,,,0.00022,0.00000,3.8,0.00004
345,1,,,,,0.00022,0.00000,3.8,0.00004,1,,,,,0.00022,0.00000,3.8,0.00004
346,1,,,,,0.00022,0.00000,3.8,0.00004,1,,,,,0.00022,0.00000,3.8,0.00004
347,1,,,,,0.00022,0.00000,3.8,0.00004,1,,,,,0.00022,0.00000,3.8,0.00004
348,1,,,,,0.00022,0.00000,3.8,0.00004,1,,,,,0.00022,0.00000,3.8,0.00004
349,1,,,,,0.00022,0.00000,3.8,0.00004,1,,,,,0.00022,0.00000,3.8,0.00004
350,1,,,,,0.00022,0.00001,3.8,0.00004,1,,,,,0.00022,0.00000,3.8,0.00005
351,1,,,,,0.00022,0.00001,3.8,0.00004,1,,,,,0.00022,0.00001,3.8,0.00004
352,1,,,,,0.00022,0.00001,3.8,0.00004,1,,,,,0.00022,0.00000,3.8,0.00004
353,1,,,,,0.00022,0.00001,3.9,0.00005,1,,,,,0.00022,0.00000,3.8,0.00004
354,1,,,,,0.00022,0.00000,3.9,0.00004,1,,,,,0.00022,0.00000,3.8,0.00004
355,1,,,,,0.00022,0.00000,3.8,0.00004,1,,,,,0.00022,0.00000,3.8,0.00005
356,1,,,,,0.00022,0.00001,3.8,0.00005,1,,,,,0.00022,0.00000,3.8,0.00005
357,1,,,,,0.00022,0.00000,3.8,0.00004,1,,,,,0.00022,0.00001,3.8,0.00004
358,1,,,,,0.00022,0.00000,3.8,0.00004,1,,,,,0.00022,0.00000,3.8,0.00004
359,1,,,,,0.00022,0.00000,3.8,0.00004,1,,,,,0.00022,0.00000,3.8,0.00004
360,1,,,,,0.00022,0.00000,3.8,0.00005,1,,,,,0.00022,0.00000,3.8,0.00004
361,1,,,,,0.00022,0.00001,3.8,0.00004,1,,,,,0.00022,0.00000,3.7,0.00004
362,1,,,,,0.00022,0.00001,3.7,0.00004,1,,,,,0.00022,0.00000,3.7,0.00004
363,1,,,,,0.00022,0.00000,3.7,0.00004,1,,,,,0.00022,0.00000,3.8,0.00004
364,1,,,,,0.00022,0.00000,3.7,0.00004,1,,,,,0.00022,0.00000,3.8,0.00004
365,1,,,,,0.00022,0.00000,3.7,0.00004,1,,,,,0.00022,0.00000,3.7,0.00004
366,1,,,,,0.00022,0.00000,3.8,0.00004,1,,,,,0.00022,0.00000,3.8,0.00004
367,1,,,,,0.00022,0.00001,3.7,0.00004,1,,,,,0.00022,0.00000,3.7,0.00004
368,1,,,,,0.00022,0.00000,3.7,0.00004,1,,,,,0.00022,0.00000,3.8,0.00004
369,1,,,,,0.00022,0.00001,3.7,0.00004,1,,,,,0.00022,0.00000,3.8,0.00004
370,1,,,,,0.00022,0.00000,3.8,0.00004,1,,,,,0.00022,0.00000,3.8,0.00004
371,1,,,,,0.00022,0.00000,3.7,0.00004,1,,,,,0.00022,0.00000,3.8,0.00004
372,1,,,,,0.00022,0.00000,3.7,0.00004,1,,,,,0.00022,0.00001,3.8,0.00004
373,1,,,,,0.00022,0.00000,3.8,0.00004,1,,,,,0.00022,0.00000,3.7,0.00004
374,1,,,,,0.00022,0.00001,3.8,0.00004,1,,,,,0.00022,0.00000,3.8,0.00005
375,1,,,,,0.00022,0.00000,3.8,0.00005,1,,,,,0.00022,0.00001,3.8,0.00005
376,1,,,,,0.00022,0.00000,3.7,0.00005,1,,,,,0.00022,0.00000,3.7,0.00004
377,1,,,,,0.00022,0.00001,3.7,0.00005,1,,,,,0.00022,0.00000,3.7,0.00004
378,1,,,,,0.00022,0.00000,3.7,0.00005,1,,,,,0.00022,0.00000,3.7,0.00004
379,1,,,,,0.00022,0.00000,3.7,0.00005,1,,,,,0.00022,0.00000,3.8,0.00004
380,1,,,,,0.00022,0.00000,3.7,0.00004,1,,,,,0.00022,0.00000,3.8,0.00005
381,1,,,,,0.00022,0.00000,3.8,0.00004,1,,,,,0.00022,0.00000,3.8,0.00005
382,1,,,,,0.00022,0.00000,3.7,0.00004,1,,,,,0.00022,0.00001,3.7,0.00004
383,1,,,,,0.00022,0.00000,3.7,0.00004,1,,,,,0.00022,0.00000,3.7,0.00004
384,1,,,,,0.00022,0.00000,3.7,0.00004,1,,,,,0.00022,0.00000,3.8,0.00004
385,1,,,,,0.00022,0.00000,3.7,0.00004,1,,,,,0.00022,0.00001,3.8,0.00004
386,1,,,,,0.00022,0.00001,3.7,0.00004,1,,,,,0.00022,0.00000,3.8,0.00005
387,1,,,,,0.00022,0.00000,3.7,0.00004,1,,,,,0.00022,0.00000,3.7,0.00004
388,1,,,,,0.00022,0.00000,3.7,0.00004,1,,,,,0.00022,0.00000,3.7,0.00004
389,1,,,,,0.00022,0.00000,3.7,0.00004,1,,,,,0.00022,0.00001,3.7,0.00004
390,1,,,,,0.00022,0.00000,3.7,0.00005,1,,,,,0.00022,0.00001,3.7,0.00004
391,1,,,,,0.00022,0.00000,3.7,0.00004,1,,,,,0.00022,0.00001,3.5,0.00004
392,1,,,,,0.00022,0.00000,3.7,0.00005,1,,,,,0.00022,0.00000,3.4,0.00004
393,1,,,,,0.00022,0.00000,3.7,0.00004,1,,,,,0.00022,0.00000,3.5,0.00004
394,1,,,,,0.00022,0.00000,3.6,0.00004,1,,,,,0.00022,0.00000,3.5,0.00004
395,1,,,,,0.00022,0.00000,3.5,0.00004,1,,,,,0.00022,0.00000,3.4,0.00004
396,1,,,,,0.00022,0.00000,3.6,0.00004,1,,,,,0.00022,0.00000,3.5,0.00004
397,1,,,,,0.00022,0.00000,3.6,0.00004,1,,,,,0.00022,0.00000,3.4,0.00004
398,1,,,,,0.00022,0.00001,3.7,0.00004,1,,,,,0.00022,0.00000,3.5,0.00004
399,1,,,,,0.00022,0.00000,3.7,0.00005,1,,,,,0.00022,0.00000,3.5,0.00004
400,1,,,,,0.00022,0.00000,3.5,0.00004,1,,,,,0.00022,0.00000,3.5,0.00004
401,1,,,,,0.00022,0.00000,3.7,0.00004,1,,,,,0.00022,0.00000,3.5,0.00004
402,1,,,,,0.00022,0.00001,3.7,0.00004,1,,,,,0.00022,0.00000,3.5,0.00004
403,1,,,,,0.00022,0.00000,3.6,0.00004,1,,,,,0.00022,0.00001,3.5,0.00004
404,1,,,,,0.00022,0.00001,3.5,0.00004,1,,,,,0.00022,0.00000,3.5,0.00004
405,1,,,,,0.00022,0.00000,3.5,0.00004,1,,,,,0.00022,0.00000,3.5,0.00004
406,1,,,,,0.00022,0.00000,3.7,0.00004,1,,,,,0.00022,0.00000,3.5,0.00004
407,1,,,,,0.00022,0.00000,3.6,0.00004,1,,,,,0.00022,0.00000,3.5,0.00005
408,1,,,,,0.00022,0.00000,3.5,0.00004,1,,,,,0.00022,0.00001,3.5,0.00004
409,1,,,,,0.00022,0.00000,3.6,0.00004,1,,,,,0.00022,0.00000,3.5,0.00004
410,1,,,,,0.00022,0.00000,3.6,0.00004,1,,,,,0.00022,0.00000,3.5,0.00004
411,1,,,,,0.00022,0.00000,3.7,0.00004,1,,,,,0.00022,0.00000,3.5,0.00004
412,1,,,,,0.00022,0.00000,3.7,0.00004,1,,,,,0.00022,0.00000,3.5,0.00004
413,1,,,,,0.00022,0.00000,3.6,0.00004,1,,,,,0.00022,0.00000,3.5,0.00004
414,1,,,,,0.00022,0.00000,3.5,0.00004,1,,,,,0.00022,0.00000,3.5,0.00004
415,1,,,,,0.00022,0.00000,3.7,0.00005,1,,,,,0.00022,0.00001,3.5,0.00004
416,1,,,,,0.00022,0.00000,3.7,0.00005,1,,,,,0.00022,0.00000,3.5,0.00004
417,1,,,,,0.00022,0.00000,3.6,0.00004,1,,,,,0.00022,0.00000,3.4,0.00004
418,1,,,,,0.00022,0.00001,3.7,0.00005,1,,,,,0.00022,0.00000,3.4,0.00004
419,1,,,,,0.00022,0.00000,3.7,0.00004,1,,,,,0.00022,0.00000,3.5,0.00004
420,1,,,,,0.00022,0.00000,3.7,0.00005,1,,,,,0.00022,0.00000,3.5,0.00004
421,1,,,,,0.00022,0.00000,3.8,0.00005,1,,,,,0.00022,0.00000,3.5,0.00004
422,1,,,,,0.00022,0.00000,3.7,0.00004,1,,,,,0.00022,0.00000,3.4,0.00004
423,1,,,,,0.00022,0.00001,3.7,0.00004,1,,,,,0.00022,0.00000,3.5,0.00004
424,1,,,,,0.00022,0.00000,3.7,0.00004,1,,,,,0.00022,0.00000,3.4,0.00004
425,1,,,,,0.00022,0.00000,3.7,0.00004,1,,,,,0.00022,0.00000,3.4,0.00004
426,1,,,,,0.00022,0.00000,3.7,0.00005,1,,,,,0.00022,0.00000,3.5,0.00004
427,1,,,,,0.00022,0.00000,3.7,0.00004,1,,,,,0.00022,0.00000,3.5,0.00004
428,1,,,,,0.00022,0.00000,3.7,0.00005,1,,,,,0.00022,0.00000,3.5,0.00004
429,1,,,,,0.00022,0.00001,3.7,0.00004,1,,,,,0.00022,0.00000,3.4,0.00004
430,1,,,,,0.00022,0.00000,3.8,0.00005,1,,,,,0.00022,0.00000,3.4,0.00004
431,1,,,,,0.00022,0.00000,3.8,0.00004,1,,,,,0.00022,0.00000,3.5,0.00004
432,1,,,,,0.00022,0.00000,3.5,0.00004,1,,,,,0.00022,0.00000,3.4,0.00004
433,1,,,,,0.00022,0.00000,3.4,0.00004,1,,,,,0.00022,0.00000,3.4,0.00004
434,1,,,,,0.00022,0.00000,3.4,0.00004,1,,,,,0.00022,0.00000,3.4,0.00004
435,1,,,,,0.00022,0.00000,3.6,0.00004,1,,,,,0.00022,0.00000,3.4,0.00004
436,1,,,,,0.00022,0.00001,3.4,0.00004,1,,,,,0.00022,0.00000,3.4,0.00004
437,1,,,,,0.00022,0.00000,3.4,0.00004,1,,,,,0.00022,0.00001,3.4,0.00004
438,1,,,,,0.00022,0.00000,3.4,0.00004,1,,,,,0.00022,0.00000,3.4,0.00004
439,1,,,,,0.00022,0.00000,3.5,0.00004,1,,,,,0.00022,0.00001,3.5,0.00004
440,1,,,,,0.00022,0.00000,3.4,0.00004,1,,,,,0.00022,0.00000,3.4,0.00004
441,1,,,,,0.00022,0.00000,3.5,0.00004,1,,,,,0.00022,0.00000,3.4,0.00004
442,1,,,,,0.00022,0.00000,3.4,0.00004,1,,,,,0.00022,0.00000,3.4,0.00004
443,1,,,,,0.00022,0.00000,3.4,0.00004,1,,,,,0.00022,0.00000,3.4,0.00004
444,1,,,,,0.00022,0.00000,3.4,0.00004,1,,,,,0.00022,0.00000,3.4,0.00004
445,1,,,,,0.00022,0.00000,3.5,0.00004,1,,,,,0.00022,0.00000,3.4,0.00004
446,1,,,,,0.00022,0.00000,3.4,0.00004,1,,,,,0.00022,0.00000,3.4,0.00004
447,1,,,,,0.00022,0.00000,3.4,0.00004,1,,,,,0.00022,0.00000,3.4,0.00004
448,1,,,,,0.00022,0.00000,3.5,0.00004,1,,,,,0.00022,0.00000,3.4,0.00004
449,1,,,,,0.00022,0.00000,3.4,0.00004,1,,,,,0.00022,0.00000,3.4,0.00004
450,1,,,,,0.00022,0.00000,3.4,0.00004,1,,,,,0.00022,0.00000,3.4,0.00004
451,1,,,,,0.00022,0.00000,3.4,0.00004,1,,,,,0.00022,0.00001,3.4,0.00004
452,1,,,,,0.00022,0.00000,3.6,0.00004,1,,,,,0.00022,0.00000,3.6,0.00004
453,1,,,,,0.00022,0.00001,3.6,0.00004,1,,,,,0.00022,0.00000,3.6,0.00004
454,1,,,,,0.00022,0.00000,3.6,0.00004,1,,,,,0.00022,0.00000,3.6,0.00004
455,1,,,,,0.00022,0.00000,3.7,0.00005,1,,,,,0.00022,0.00001,3.7,0.00005
456,1,,,,,0.00022,0.00000,3.7,0.00004,1,,,,,0.00022,0.00001,3.6,0.00004
457,1,,,,,0.00022,0.00000,3.7,0.00004,1,,,,,0.00022,0.00000,3.6,0.00005
458,1,,,,,0.00022,0.00000,3.7,0.00004,1,,,,,0.00022,0.00001,3.7,0.00004
459,1,,,,,0.00022,0.00000,3.7,0.00004,1,,,,,0.00022,0.00001,3.6,0.00004
460,1,,,,,0.00022,0.00000,3.6,0.00004,1,,,,,0.00022,0.00000,3.6,0.00004
461,1,,,,,0.00022,0.00000,3.7,0.00004,1,,,,,0.00022,0.00000,3.6,0.00004
462,1,,,,,0.00022,0.00000,3.7,0.00004,1,,,,,0.00022,0.00000,3.7,0.00004
463,1,,,,,0.00022,0.00000,3.4,0.00004,1,,,,,0.00022,0.00000,3.4,0.00004
464,1,,,,,0.00022,0.00001,3.4,0.00004,1,,,,,0.00022,0.00000,3.4,0.00004
465,1,,,,,0.00022,0.00000,3.4,0.00004,1,,,,,0.00022,0.00000,3.4,0.00004
466,1,,,,,0.00022,0.00001,3.6,0.00005,1,,,,,0.00022,0.00000,3.4,0.00004
467,1,,,,,0.00022,0.00000,3.4,0.00004,1,,,,,0.00022,0.00000,3.4,0.00004
468,1,,,,,0.00022,0.00000,3.3,0.00004,1,,,,,0.00022,0.00000,3.4,0.00004
469,1,,,,,0.00022,0.00000,3.4,0.00004,1,,,,,0.00022,0.00000,3.4,0.00004
470,1,,,,,0.00022,0.00000,3.4,0.00004,1,,,,,0.00022,0.00000,3.4,0.00004
471,1,,,,,0.00022,0.00000,3.4,0.00004,1,,,,,0.00022,0.00000,3.4,0.00004
472,1,,,,,0.00022,0.00000,3.5,0.00004,1,,,,,0.00022,0.00000,3.4,0.00004
473,1,,,,,0.00022,0.00000,3.4,0.00004,1,,,,,0.00022,0.00000,3.5,0.00004
474,1,,,,,0.00022,0.00000,3.4,0.00004,1,,,,,0.00022,0.00000,3.4,0.00004
475,1,,,,,0.00022,0.00000,3.4,0.00005,1,,,,,0.00022,0.00000,3.4,0.00003
476,1,,,,,0.00022,0.00000,3.4,0.00004,1,,,,,0.00022,0.00000,3.5,0.00004
477,1,,,,,0.00022,0.00001,3.4,0.00004,1,,,,,0.00022,0.00000,3.4,0.00004
478,1,,,,,0.00022,0.00000,3.4,0.00004,1,,,,,0.00022,0.00000,3.5,0.00004
479,1,,,,,0.00022,0.00001,3.4,0.00004,1,,,,,0.00022,0.00001,3.4,0.00004
480,1,,,,,0.00022,0.00000,3.4,0.00004,1,,,,,0.00022,0.00000,3.4,0.00004
481,1,,,,,0.00022,0.00000,3.4,0.00004,1,,,,,0.00022,0.00000,3.5,0.00004
482,1,,,,,0.00022,0.00001,3.4,0.00004,1,,,,,0.00022,0.00000,3.5,0.00004
483,1,,,,,0.00022,0.00000,3.4,0.00004,1,,,,,0.00022,0.00000,3.5,0.00004
484,1,,,,,0.00022,0.00000,3.4,0.00004,1,,,,,0.00022,0.00000,3.5,0.00004
485,1,,,,,0.00022,0.00000,3.4,0.00004,1,,,,,0.00022,0.00000,3.5,0.00004
486,1,,,,,0.00022,0.00000,3.5,0.00004,1,,,,,0.00022,0.00000,3.4,0.00004
487,1,,,,,0.00022,0.00000,3.4,0.00004,1,,,,,0.00022,0.00000,3.5,0.00004
488,1,,,,,0.00022,0.00000,3.4,0.00004,1,,,,,0.00022,0.00001,3.5,0.00004
489,1,,,,,0.00022,0.00000,3.7,0.00004,1,,,,,0.00022,0.00000,3.5,0.00004
490,1,,,,,0.00022,0.00000,3.7,0.00004,1,,,,,0.00022,0.00000,3.5,0.00004
491,1,,,,,0.00022,0.00000,3.4,0.00004,1,,,,,0.00022,0.00000,3.5,0.00004
492,1,,,,,0.00022,0.00000,3.4,0.00004,1,,,,,0.00022,0.00001,3.4,0.00004
493,1,,,,,0.00022,0.00000,3.5,0.00004,1,,,,,0.00022,0.00000,3.5,0.00004
494,1,,,,,0.00022,0.00000,3.4,0.00004,1,,,,,0.00022,0.00001,3.5,0.00004
495,1,,,,,0.00022,0.00000,3.4,0.00004,1,,,,,0.00022,0.00000,3.4,0.00004
496,1,,,,,0.00022,0.00000,3.4,0.00004,1,,,,,0.00022,0.00000,3.5,0.00004
497,1,,,,,0.00022,0.00000,3.4,0.00004,1,,,,,0.00022,0.00000,3.5,0.00004
498,1,,,,,0.00022,0.00000,3.5,0.00004,1,,,,,0.00022,0.00000,3.4,0.00004
499,1,,,,,0.00022,0.00000,3.5,0.00004,1,,,,,0.00022,0.00000,3.5,0.00004
500,1,,,,,0.00022,0.00000,3.5,0.00004,1,,,,,0.00022,0.00000,3.5,0.00004
501,1,,,,,0.00022,0.00000,3.5,0.00004,1,,,,,0.00022,0.00000,3.5,0.00004
502,1,,,,,0.00022,0.00000,3.4,0.00004,1,,,,,0.00022,0.00000,3.4,0.00004
503,1,,,,,0.00022,0.00000,3.5,0.00004,1,,,,,0.00022,0.00000,3.5,0.00004
504,1,,,,,0.00022,0.00000,3.5,0.00004,1,,,,,0.00022,0.00000,3.5,0.00004
505,1,,,,,0.00022,0.00000,3.4,0.00004,1,,,,,0.00022,0.00000,3.5,0.00004
506,1,,,,,0.00022,0.00000,3.5,0.00004,1,,,,,0.00022,0.00000,3.5,0.00004
507,1,,,,,0.00022,0.00000,3.5,0.00004,1,,,,,0.00022,0.00000,3.5,0.00004
508,1,,,,,0.00022,0.00000,3.4,0.00004,1,,,,,0.00022,0.00000,3.5,0.00004
509,1,,,,,0.00022,0.00000,3.4,0.00004,1,,,,,0.00022,0.00000,3.6,0.00004
510,1,,,,,0.00022,0.00000,3.5,0.00004,1,,,,,0.00022,0.00001,3.6,0.00004
511,1,,,,,0.00022,0.00000,3.5,0.00004,1,,,,,0.00022,0.00000,3.5,0.00004
512,1,,,,,0.00022,0.00000,3.5,0.00004,1,,,,,0.00022,0.00000,3.5,0.00004
513,1,,,,,0.00022,0.00000,3.4,0.00004,1,,,,,0.00022,0.00000,3.5,0.00004
514,1,,,,,0.00022,0.00000,3.4,0.00004,1,,,,,0.00022,0.00001,3.5,0.00004
515,1,,,,,0.00022,0.00000,3.5,0.00004,1,,,,,0.00022,0.00000,3.5,0.00004
516,1,,,,,0.00022,0.00001,3.5,0.00004,1,,,,,0.00022,0.00001,3.5,0.00004
517,1,,,,,0.00022,0.00000,3.5,0.00004,1,,,,,0.00022,0.00000,3.6,0.00004
518,1,,,,,0.00022,0.00000,3.5,0.00004,1,,,,,0.00022,0.00000,3.6,0.00004
519,1,,,,,0.00022,0.00000,3.5,0.00004,1,,,,,0.00022,0.00000,3.5,0.00004
520,1,,,,,0.00022,0.00001,3.5,0.00004,1,,,,,0.00022,0.00000,3.5,0.00004
521,1,,,,,0.00022,0.00000,3.5,0.00004,1,,,,,0.00022,0.00000,3.5,0.00004
522,1,,,,,0.00022,0.00000,3.5,0.00004,1,,,,,0.00022,0.00000,3.5,0.00004
523,1,,,,,0.00022,0.00000,3.5,0.00004,1,,,,,0.00022,0.00000,3.5,0.00004
524,1,,,,,0.00022,0.00000,3.5,0.00004,1,,,,,0.00022,0.00000,3.5,0.00004
525,1,,,,,0.00022,0.00000,3.4,0.00004,1,,,,,0.00022,0.00000,3.5,0.00004
526,1,,,,,0.00022,0.00000,3.4,0.00004,1,,,,,0.00022,0.00000,3.5,0.00004
527,1,,,,,0.00022,0.00001,3.7,0.00004,1,,,,,0.00022,0.00000,3.8,0.00004
528,1,,,,,0.00022,0.00001,3.8,0.00004,1,,,,,0.00022,0.00001,3.8,0.00004
529,1,,,,,0.00022,0.00000,3.7,0.00004,1,,,,,0.00022,0.00000,3.8,0.00004
530,1,,,,,0.00022,0.00000,3.8,0.00004,1,,,,,0.00022,0.00000,3.8,0.00004
531,1,,,,,0.00022,0.00000,3.8,0.00004,1,,,,,0.00022,0.00000,3.7,0.00004
532,1,,,,,0.00022,0.00001,3.7,0.00004,1,,,,,0.00022,0.00000,3.7,0.00004
533,1,,,,,0.00022,0.00000,3.7,0.00004,1,,,,,0.00022,0.00000,3.8,0.00004
534,1,,,,,0.00022,0.00000,3.7,0.00005,1,,,,,0.00022,0.00000,3.8,0.00004
535,1,,,,,0.00022,0.00001,3.7,0.00004,1,,,,,0.00022,0.00000,3.7,0.00004
536,1,,,,,0.00022,0.00000,3.7,0.00004,1,,,,,0.00022,0.00000,3.8,0.00004
537,1,,,,,0.00022,0.00000,3.8,0.00005,1,,,,,0.00022,0.00000,3.8,0.00004
538,1,,,,,0.00022,0.00000,3.7,0.00004,1,,,,,0.00022,0.00000,3.8,0.00004
539,1,,,,,0.00022,0.00001,3.8,0.00005,1,,,,,0.00022,0.00001,3.8,0.00004
540,1,,,,,0.00022,0.00000,3.8,0.00004,1,,,,,0.00022,0.00001,3.8,0.00004
541,1,,,,,0.00022,0.00000,3.8,0.00004,1,,,,,0.00022,0.00000,3.8,0.00004
542,1,,,,,0.00022,0.00000,3.8,0.00004,1,,,,,0.00022,0.00000,3.6,0.00004
543,1,,,,,0.00022,0.00000,3.7,0.00004,1,,,,,0.00022,0.00000,3.5,0.00004
544,1,,,,,0.00022,0.00000,3.7,0.00004,1,,,,,0.00022,0.00001,3.5,0.00004
545,1,,,,,0.00022,0.00000,3.6,0.00004,1,,,,,0.00022,0.00000,3.5,0.00004
546,1,,,,,0.00022,0.00000,3.6,0.00004,1,,,,,0.00022,0.00001,3.5,0.00004
547,1,,,,,0.00022,0.00001,3.6,0.00004,1,,,,,0.00022,0.00000,3.5,0.00004
548,1,,,,,0.00022,0.00000,3.6,0.00004,1,,,,,0.00022,0.00000,3.5,0.00004
549,1,,,,,0.00022,0.00000,3.7,0.00004,1,,,,,0.00022,0.00000,3.8,0.00004
550,1,,,,,0.00022,0.00000,3.6,0.00004,1,,,,,0.00022,0.00000,3.7,0.00005
551,1,,,,,0.00022,0.00000,3.6,0.00004,1,,,,,0.00022,0.00000,3.6,0.00004
552,1,,,,,0.00022,0.00000,3.6,0.00004,1,,,,,0.00022,0.00000,3.5,0.00004
553,1,,,,,0.00022,0.00000,3.5,0.00004,1,,,,,0.00022,0.00000,3.5,0.00004
554,1,,,,,0.00022,0.00000,3.5,0.00004,1,,,,,0.00022,0.00000,3.5,0.00004
555,1,,,,,0.00022,0.00000,3.6,0.00005,1,,,,,0.00022,0.00000,3.5,0.00004
556,1,,,,,0.00022,0.00000,3.6,0.00004,1,,,,,0.00022,0.00000,3.5,0.00004
557,1,,,,,0.00022,0.00000,3.6,0.00004,1,,,,,0.00022,0.00001,3.5,0.00004
558,1,,,,,0.00022,0.00000,3.6,0.00004,1,,,,,0.00022,0.00000,3.5,0.00004
559,1,,,,,0.00022,0.00001,3.5,0.00004,1,,,,,0.00022,0.00000,3.5,0.00004
560,1,,,,,0.00022,0.00000,3.6,0.00004,1,,,,,0.00022,0.00000,3.5,0.00004
561,1,,,,,0.00022,0.00000,3.5,0.00004,1,,,,,0.00022,0.00000,3.5,0.00004
562,1,,,,,0.00022,0.00000,3.5,0.00004,1,,,,,0.00022,0.00000,3.5,0.00004
563,1,,,,,0.00022,0.00000,3.5,0.00004,1,,,,,0.00022,0.00000,3.5,0.00004
564,1,,,,,0.00022,0.00001,3.6,0.00004,1,,,,,0.00022,0.00001,3.5,0.00004
565,1,,,,,0.00022,0.00000,3.6,0.00005,1,,,,,0.00022,0.00000,3.5,0.00004
566,1,,,,,0.00022,0.00000,3.6,0.00004,1,,,,,0.00022,0.00000,3.5,0.00004
567,1,,,,,0.00022,0.00000,3.5,0.00004,1,,,,,0.00022,0.00001,3.6,0.00004
568,1,,,,,0.00022,0.00001,3.7,0.00004,1,,,,,0.00022,0.00000,3.7,0.00004
569,1,,,,,0.00022,0.00000,3.6,0.00004,1,,,,,0.00022,0.00000,3.6,0.00004
570,1,,,,,0.00022,0.00001,3.5,0.00004,1,,,,,0.00022,0.00000,3.5,0.00004
571,1,,,,,0.00022,0.00000,3.5,0.00004,1,,,,,0.00022,0.00000,3.5,0.00004
572,1,,,,,0.00022,0.00000,3.5,0.00004,1,,,,,0.00022,0.00000,3.5,0.00004
573,1,,,,,0.00022,0.00000,3.5,0.00004,1,,,,,0.00022,0.00000,3.5,0.00004
574,1,,,,,0.00022,0.00000,3.5,0.00004,1,,,,,0.00022,0.00000,3.5,0.00004
575,1,,,,,0.00022,0.00000,3.5,0.00004,1,,,,,0.00022,0.00000,3.5,0.00004
576,1,,,,,0.00022,0.00001,3.5,0.00004,1,,,,,0.00022,0.00000,3.4,0.00004
577,1,,,,,0.00022,0.00000,3.6,0.00004,1,,,,,0.00022,0.00000,3.4,0.00004
578,1,,,,,0.00022,0.00000,3.5,0.00004,1,,,,,0.00022,0.00000,3.5,0.00004
579,1,,,,,0.00022,0.00001,3.5,0.00004,1,,,,,0.00022,0.00000,3.4,0.00004
580,1,,,,,0.00022,0.00000,3.5,0.00004,1,,,,,0.00022,0.00000,3.5,0.00004
581,1,,,,,0.00022,0.00000,3.5,0.00004,1,,,,,0.00022,0.00000,3.5,0.00004
582,1,,,,,0.00022,0.00000,3.5,0.00004,1,,,,,0.00022,0.00000,3.5,0.00004
583,1,,,,,0.00022,0.00000,3.6,0.00004,1,,,,,0.00022,0.00000,3.5,0.00004
584,1,,,,,0.00022,0.00001,3.5,0.00004,1,,,,,0.00022,0.00001,3.5,0.00004
585,1,,,,,0.00022,0.00001,3.7,0.00004,1,,,,,0.00022,0.00001,3.5,0.00004
586,1,,,,,0.00840,0.00000,197.1,0.00001,1,,,,,0.00022,0.00000,3.5,0.00004
587,1,,,,,0.06018,0.00242,396.7,0.00000,1,,,,,0.01832,0.00001,211.2,0.00001
588,1,,,,,0.09344,0.00987,540.8,0.00000,1,,,,,0.07688,0.00447,620.3,0.00006
589,1,,,,,0.00026,0.00000,19.4,0.00014,1,,,,,0.04646,0.00697,638.8,0.00006
590,1,,,,,0.09888,0.00001,748.0,0.00000,1,,,,,0.00406,0.00003,6797.7,0.06555
591,1,,,,,0.07323,0.00300,951.7,0.00000,1,,,,,0.00407,0.00311,6021.0,0.02671
592,1,,,,,0.00625,0.00205,221.0,0.00013,1,,,,,0.00021,0.00004,3.6,0.00005
593,1,,,,,0.02344,0.00007,398.6,0.00000,1,,,,,0.02132,0.00000,464.3,0.00005
594,1,,,,,0.01348,0.00298,478.5,0.00000,1,,,,,0.01830,0.00570,169.5,0.00006
595,1,,,,,0.00534,0.00072,203.8,0.00000,1,,,,,0.04024,0.00136,455.7,0.00414
596,1,,,,,0.00023,0.00000,4.9,0.00006,1,,,,,0.01100,0.00131,155.6,0.00001
597,1,,,,,0.05119,0.00002,1127.9,0.00006,1,,,,,0.08130,0.00002,420.0,0.00000
598,1,,,,,0.02453,0.00422,551.5,0.00001,1,,,,,0.09280,0.00082,581.7,0.00006
599,1,,,,,0.00829,0.00001,2274.8,0.00169,1,,,,,0.10750,0.00016,630.9,0.00004
600,1,,,,,0.03313,0.00120,366.4,0.00000,1,,,,,0.06225,0.00477,406.6,0.00005
601,1,,,,,0.02092,0.00298,387.2,0.00004,1,,,,,0.01914,0.00083,426.7,0.00426
602,1,,,,,0.05054,0.00180,710.1,0.00001,1,,,,,0.05031,0.00026,381.0,0.00002
603,1,,,,,0.02602,0.00806,553.1,0.00000,1,,,,,0.04534,0.00281,531.9,0.00005
604,1,,,,,0.01623,0.00000,458.2,0.00001,1,,,,,0.00583,0.00226,362.0,0.00004
605,1,,,,,0.01851,0.00790,482.1,0.00000,1,,,,,0.00023,0.00002,3.5,0.00005
606,1,,,,,0.01334,0.00000,621.7,0.00004,1,,,,,0.00022,0.00000,3.3,0.00004
607,1,,,,,0.01993,0.00275,843.5,0.00004,1,,,,,0.02838,0.00000,249.9,0.00000
608,1,,,,,0.01889,0.00047,840.1,0.00003,1,,,,,0.00906,0.00058,882.1,0.02769
609,1,,,,,0.00366,0.00188,594.4,0.00009,1,,,,,0.06471,0.00011,354.4,0.00012
610,1,,,,,0.00216,0.00000,4907.0,0.00055,1,,,,,0.03221,0.00068,276.0,0.00003
611,1,,,,,0.00022,0.00004,5.9,0.00010,1,,,,,0.02371,0.01213,558.5,0.00599
612,1,,,,,0.00022,0.00000,3.3,0.00004,1,,,,,0.04993,0.00505,433.2,0.00029
613,1,,,,,0.00973,0.00001,1366.3,0.00006,1,,,,,0.00377,0.00010,3496.6,0.05132
614,1,,,,,0.05650,0.00142,355.7,0.00000,1,,,,,0.03932,0.00164,575.4,0.00029
615,1,,,,,0.02937,0.00148,3810.8,0.00382,1,,,,,0.07000,0.01136,848.2,0.00005
616,1,,,,,0.06420,0.00946,346.5,0.00001,1,,,,,0.04462,0.01781,287.3,0.00001
617,1,,,,,0.02127,0.00275,4015.4,0.01843,1,,,,,0.06088,0.00382,584.0,0.00001
618,1,,,,,0.02257,0.00752,3011.9,0.01252,1,,,,,0.01944,0.00338,832.8,0.00002
619,1,,,,,0.05076,0.01326,696.2,0.00001,1,,,,,0.01603,0.00569,211.2,0.00000
620,1,,,,,0.06336,0.02152,577.0,0.00000,1,,,,,0.00949,0.00001,2826.8,0.06086
621,1,,,,,0.00610,0.00146,1974.6,0.11314,1,,,,,0.06205,0.00382,670.8,0.00006
622,1,,,,,0.01231,0.00015,1938.4,0.01477,1,,,,,0.03310,0.00473,274.2,0.00001
623,1,,,,,0.03875,0.00007,310.7,0.00000,1,,,,,0.06864,0.00007,526.8,0.00025
624,1,,,,,0.01408,0.00425,234.8,0.00000,1,,,,,0.05443,0.03208,534.9,0.00003
625,1,,,,,0.02651,0.00000,289.3,0.00014,1,,,,,0.03929,0.00466,353.7,0.00001
626,1,,,,,0.02009,0.00274,303.7,0.00001,1,,,,,0.03536,0.00165,248.3,0.00000
627,1,,,,,0.00526,0.00005,4998.3,0.06024,1,,,,,0.03829,0.00007,331.7,0.00000
628,1,,,,,0.05946,0.00108,499.5,0.00001,1,,,,,0.03487,0.00189,410.3,0.00000
629,1,,,,,0.06144,0.01372,475.2,0.00002,1,,,,,0.00902,0.00008,6780.3,0.02082
630,1,,,,,0.00229,0.00681,4422.5,0.10741,1,,,,,0.02171,0.00015,217.5,0.00000
631,1,,,,,0.05955,0.00001,507.8,0.00000,1,,,,,0.02686,0.00001,1239.6,0.04975
632,1,,,,,0.00038,0.00009,704.4,0.01575,1,,,,,0.03020,0.00534,284.2,0.00000
633,1,,,,,0.03607,0.00001,263.5,0.00000,1,,,,,0.03999,0.00003,485.9,0.00002
634,1,,,,,0.03976,0.00077,306.3,0.00001,1,,,,,0.06317,0.01257,538.3,0.00007
635,1,,,,,0.01175,0.00197,4622.4,0.10208,1,,,,,0.00241,0.00049,268.0,0.00207
636,1,,,,,0.01891,0.00195,4944.9,0.09798,1,,,,,0.01073,0.00070,240.3,0.00337
637,1,,,,,0.04844,0.00588,530.3,0.00000,1,,,,,0.01638,0.00019,547.6,0.00002
638,1,,,,,0.03098,0.01058,800.0,0.00006,1,,,,,0.01056,0.00052,190.4,0.00001
639,1,,,,,0.00095,0.00002,2328.5,0.00311,1,,,,,0.00192,0.00016,107.8,0.00002
640,1,,,,,0.01160,0.00118,184.4,0.00000,1,,,,,0.00022,0.00000,3.1,0.00004
641,1,,,,,0.01236,0.00055,333.4,0.00001,1,,,,,0.07427,0.00001,453.7,0.00000
642,1,,,,,0.01006,0.00089,545.7,0.00005,1,,,,,0.11423,0.00696,484.1,0.00000
643,1,,,,,0.01457,0.00100,3678.6,0.00493,1,,,,,0.04053,0.00464,346.6,0.00000
644,1,,,,,0.02112,0.00150,525.9,0.00012,1,,,,,0.04372,0.00433,353.6,0.00035
645,1,,,,,0.03198,0.00422,793.0,0.00000,1,,,,,0.04173,0.00508,564.9,0.00738
646,1,,,,,0.01360,0.01042,282.8,0.00001,1,,,,,0.01579,0.00009,172.6,0.00000
647,1,,,,,0.00223,0.00108,1082.3,0.00365,1,,,,,0.11516,0.00001,650.4,0.00002
648,1,,,,,0.02397,0.00001,855.6,0.00008,1,,,,,0.05504,0.02310,518.1,0.00005
649,1,,,,,0.02073,0.00179,624.7,0.00005,1,,,,,0.01151,0.00009,6153.9,0.07785
650,1,,,,,0.00210,0.00001,3423.6,0.00511,1,,,,,0.04593,0.00136,784.3,0.00004
651,1,,,,,0.02279,0.00014,489.3,0.00000,1,,,,,0.04034,0.00754,248.5,0.00000
652,1,,,,,0.02446,0.00012,527.6,0.00000,1,,,,,0.00764,0.00015,5398.6,0.04029
653,1,,,,,0.00852,0.00433,568.4,0.00003,1,,,,,0.05017,0.00434,525.3,0.00006
654,1,,,,,0.00221,0.00076,355.7,0.00020,1,,,,,0.03409,0.01008,473.7,0.00000
655,1,,,,,0.00458,0.00000,5023.4,0.00175,1,,,,,0.01642,0.00088,162.8,0.00000
656,1,,,,,0.00021,0.00006,4.8,0.00008,1,,,,,0.00470,0.00030,136.9,0.00000
657,1,,,,,0.00021,0.00001,3.2,0.00004,1,,,,,0.04875,0.00001,420.3,0.00000
658,1,,,,,0.00022,0.00000,3.2,0.00004,1,,,,,0.10537,0.01943,438.1,0.00000
659,1,,,,,0.00022,0.00000,3.1,0.00004,1,,,,,0.01062,0.00818,2782.0,0.06333
660,1,,,,,0.00022,0.00000,3.1,0.00004,1,,,,,0.04123,0.00002,321.6,0.00000
661,1,,,,,0.00022,0.00000,3.2,0.00004,1,,,,,0.06399,0.00334,442.6,0.00000
662,1,,,,,0.00022,0.00000,3.1,0.00004,1,,,,,0.00690,0.00323,168.6,0.00001
663,1,,,,,0.00022,0.00000,3.2,0.00004,1,,,,,0.02790,0.00000,392.1,0.00000
664,1,,,,,0.00022,0.00000,3.2,0.00003,1,,,,,0.05006,0.00150,566.9,0.00000
665,1,,,,,0.00022,0.00000,3.2,0.00003,1,,,,,0.02232,0.00578,541.3,0.00000
666,1,,,,,0.00022,0.00000,3.2,0.00004,1,,,,,0.00130,0.00011,90.3,0.00005
667,1,,,,,0.00022,0.00000,3.2,0.00004,1,,,,,0.00022,0.00000,3.2,0.00004
668,1,,,,,0.00022,0.00000,3.2,0.00004,1,,,,,0.00022,0.00000,3.2,0.00004
669,1,,,,,0.00022,0.00000,3.1,0.00004,1,,,,,0.00022,0.00001,3.2,0.00004
670,1,,,,,0.00022,0.00000,3.1,0.00004,1,,,,,0.00022,0.00000,3.1,0.00004
671,1,,,,,0.00022,0.00000,3.1,0.00004,1,,,,,0.00022,0.00000,3.1,0.00004
672,1,,,,,0.00022,0.00000,3.1,0.00004,1,,,,,0.00022,0.00000,3.1,0.00004
673,1,,,,,0.00022,0.00000,3.1,0.00003,1,,,,,0.00022,0.00000,3.2,0.00004
674,1,,,,,0.00022,0.00000,3.1,0.00004,1,,,,,0.00022,0.00000,3.2,0.00003
675,1,,,,,0.00022,0.00000,3.1,0.00003,1,,,,,0.00022,0.00000,3.2,0.00004
676,1,,,,,0.00022,0.00000,3.1,0.00004,1,,,,,0.00022,0.00000,3.1,0.00004
677,1,,,,,0.00022,0.00000,3.1,0.00004,1,,,,,0.00022,0.00000,3.2,0.00004
678,1,,,,,0.00022,0.00000,3.2,0.00004,1,,,,,0.00022,0.00000,3.2,0.00004
679,1,,,,,0.00022,0.00000,3.1,0.00004,1,,,,,0.00022,0.00000,3.2,0.00004
680,1,,,,,0.00022,0.00000,3.2,0.00004,1,,,,,0.00022,0.00000,3.2,0.00004
681,1,,,,,0.00022,0.00000,3.2,0.00004,1,,,,,0.00022,0.00000,3.1,0.00004
682,1,,,,,0.00022,0.00000,3.2,0.00004,1,,,,,0.00022,0.00000,3.2,0.00004
683,1,,,,,0.00022,0.00000,3.2,0.00003,1,,,,,0.00022,0.00000,3.2,0.00004
684,1,,,,,0.00022,0.00000,3.2,0.00004,1,,,,,0.00022,0.00000,3.2,0.00004
685,1,,,,,0.00022,0.00000,3.2,0.00003,1,,,,,0.00022,0.00000,3.2,0.00004
686,1,,,,,0.00022,0.00000,3.2,0.00004,1,,,,,0.00022,0.00000,3.2,0.00004
687,1,,,,,0.00022,0.00000,3.2,0.00004,1,,,,,0.00022,0.00000,3.2,0.00004
688,1,,,,,0.00022,0.00000,3.2,0.00004,1,,,,,0.00022,0.00000,3.2,0.00004
689,1,,,,,0.00022,0.00000,3.2,0.00004,1,,,,,0.00022,0.00001,3.2,0.00004
690,1,,,,,0.00022,0.00000,3.1,0.00004,1,,,,,0.00022,0.00000,3.2,0.00004
691,1,,,,,0.00022,0.00000,3.2,0.00003,1,,,,,0.00022,0.00000,3.2,0.00004
692,1,,,,,0.00022,0.00000,3.2,0.00004,1,,,,,0.00022,0.00000,3.2,0.00004
693,1,,,,,0.00022,0.00001,3.1,0.00004,1,,,,,0.00022,0.00000,3.2,0.00004
694,1,,,,,0.00022,0.00000,3.2,0.00004,1,,,,,0.00022,0.00000,3.2,0.00004
695,1,,,,,0.00022,0.00000,3.2,0.00004,1,,,,,0.00022,0.00000,3.1,0.00004
696,1,,,,,0.00022,0.00000,3.2,0.00003,1,,,,,0.00022,0.00001,3.2,0.00004
697,1,,,,,0.00022,0.00001,3.1,0.00004,1,,,,,0.00022,0.00000,3.2,0.00004
698,1,,,,,0.00022,0.00000,3.2,0.00004,1,,,,,0.00022,0.00000,3.1,0.00003
699,1,,,,,0.00022,0.00000,3.2,0.00004,1,,,,,0.00022,0.00000,3.2,0.00004
700,1,,,,,0.00022,0.00000,3.2,0.00004,1,,,,,0.00022,0.00001,3.2,0.00004
701,1,,,,,0.00022,0.00000,3.2,0.00004,1,,,,,0.00022,0.00000,3.1,0.00004
702,1,,,,,0.00022,0.00000,3.2,0.00004,1,,,,,0.00022,0.00001,3.2,0.00004
703,1,,,,,0.00022,0.00000,3.1,0.00004,1,,,,,0.00022,0.00000,3.2,0.00004
704,1,,,,,0.00022,0.00000,3.1,0.00004,1,,,,,0.00022,0.00001,3.2,0.00004
705,1,,,,,0.00022,0.00001,3.1,0.00004,1,,,,,0.00022,0.00000,3.2,0.00004
706,1,,,,,0.00022,0.00000,3.1,0.00004,1,,,,,0.00022,0.00000,3.2,0.00004
707,1,,,,,0.00022,0.00000,3.1,0.00004,1,,,,,0.00022,0.00000,3.2,0.00004
708,1,,,,,0.00022,0.00001,3.1,0.00004,1,,,,,0.00022,0.00000,3.1,0.00004
709,1,,,,,0.00022,0.00000,3.1,0.00004,1,,,,,0.00022,0.00000,3.1,0.00004
710,1,,,,,0.00022,0.00000,3.1,0.00004,1,,,,,0.00022,0.00000,3.1,0.00004
711,1,,,,,0.00022,0.00000,3.1,0.00004,1,,,,,0.00022,0.00001,3.2,0.00004
712,1,,,,,0.00022,0.00000,3.1,0.00004,1,,,,,0.00022,0.00000,3.1,0.00004
713,1,,,,,0.00022,0.00000,3.1,0.00004,1,,,,,0.00022,0.00000,3.2,0.00004
714,1,,,,,0.00022,0.00000,3.1,0.00004,1,,,,,0.00022,0.00000,3.2,0.00004
715,1,,,,,0.00022,0.00000,3.1,0.00004,1,,,,,0.00022,0.00000,3.1,0.00004
716,1,,,,,0.00022,0.00000,3.1,0.00004,1,,,,,0.00022,0.00000,3.2,0.00004
717,1,,,,,0.00022,0.00000,3.1,0.00004,1,,,,,0.00022,0.00000,3.2,0.00004
718,1,,,,,0.00022,0.00000,3.2,0.00004,1,,,,,0.00022,0.00000,3.1,0.00004
719,1,,,,,0.00022,0.00000,3.1,0.00004,1,,,,,0.00022,0.00000,3.1,0.00004
720,1,,,,,0.00022,0.00000,3.1,0.00004,1,,,,,0.00022,0.00000,3.2,0.00004
721,1,,,,,0.00022,0.00000,3.2,0.00004,1,,,,,0.00022,0.00000,3.2,0.00003
722,1,,,,,0.00022,0.00000,3.2,0.00004,1,,,,,0.00022,0.00001,3.1,0.00004
723,1,,,,,0.00022,0.00000,3.1,0.00004,1,,,,,0.00022,0.00001,3.2,0.00004
724,1,,,,,0.00022,0.00000,3.1,0.00004,1,,,,,0.00022,0.00000,3.1,0.00004
725,1,,,,,0.00022,0.00000,3.1,0.00003,1,,,,,0.00022,0.00000,3.2,0.00004
726,1,,,,,0.00022,0.00000,3.1,0.00004,1,,,,,0.00022,0.00000,3.1,0.00004
727,1,,,,,0.00022,0.00000,3.1,0.00004,1,,,,,0.00022,0.00000,3.1,0.00004
728,1,,,,,0.00022,0.00000,3.1,0.00004,1,,,,,0.00022,0.00000,3.2,0.00004
729,1,,,,,0.00022,0.00000,3.1,0.00004,1,,,,,0.00022,0.00000,3.2,0.00003
730,1,,,,,0.00022,0.00000,3.1,0.00004,1,,,,,0.00022,0.00000,3.1,0.00004
731,1,,,,,0.00022,0.00001,3.1,0.00004,1,,,,,0.00022,0.00000,3.2,0.00004
732,1,,,,,0.00022,0.00000,3.1,0.00004,1,,,,,0.00022,0.00000,3.2,0.00004
733,1,,,,,0.00022,0.00000,3.2,0.00004,1,,,,,0.00022,0.00000,3.2,0.00004
734,1,,,,,0.00022,0.00000,3.2,0.00004,1,,,,,0.00022,0.00001,3.2,0.00004
735,1,,,,,0.00022,0.00000,3.2,0.00004,1,,,,,0.00022,0.00000,3.2,0.00004
736,1,,,,,0.00022,0.00000,3.2,0.00004,1,,,,,0.00022,0.00000,3.2,0.00004
737,1,,,,,0.00022,0.00000,3.1,0.00004,1,,,,,0.00022,0.00000,3.3,0.00004
738,1,,,,,0.00022,0.00000,3.2,0.00003,1,,,,,0.00022,0.00000,3.2,0.00004
739,1,,,,,0.00022,0.00000,3.2,0.00004,1,,,,,0.00022,0.00000,3.1,0.00004
740,1,,,,,0.00022,0.00000,3.1,0.00004,1,,,,,0.00022,0.00000,3.2,0.00004
741,1,,,,,0.00022,0.00000,3.1,0.00003,1,,,,,0.00022,0.00000,3.1,0.00004
742,1,,,,,0.00022,0.00000,3.2,0.00004,1,,,,,0.00022,0.00000,3.1,0.00003
743,1,,,,,0.00022,0.00001,3.1,0.00004,1,,,,,0.00022,0.00000,3.2,0.00004
744,1,,,,,0.00022,0.00000,3.1,0.00004,1,,,,,0.00022,0.00000,3.2,0.00004
745,1,,,,,0.00022,0.00000,3.2,0.00004,1,,,,,0.00022,0.00000,3.1,0.00003
746,1,,,,,0.00022,0.00000,3.1,0.00004,1,,,,,0.00022,0.00000,3.2,0.00004
747,1,,,,,0.00022,0.00000,3.1,0.00004,1,,,,,0.00022,0.00000,3.1,0.00004
748,1,,,,,0.00022,0.00000,3.1,0.00004,1,,,,,0.00022,0.00001,3.2,0.00004
749,1,,,,,0.00022,0.00000,3.1,0.00004,1,,,,,0.00022,0.00000,3.2,0.00004
750,1,,,,,0.00022,0.00000,3.1,0.00004,1,,,,,0.00022,0.00001,3.2,0.00004
751,1,,,,,0.00022,0.00000,3.1,0.00004,1,,,,,0.00022,0.00000,3.2,0.00004
752,1,,,,,0.00022,0.00000,3.1,0.00004,1,,,,,0.00022,0.00001,3.2,0.00004
753,1,,,,,0.00022,0.00000,3.1,0.00003,1,,,,,0.00022,0.00000,3.2,0.00004
754,1,,,,,0.00022,0.00000,3.1,0.00003,1,,,,,0.00022,0.00000,3.2,0.00003
755,1,,,,,0.00022,0.00000,3.1,0.00004,1,,,,,0.00022,0.00000,3.2,0.00004
756,1,,,,,0.00022,0.00000,3.1,0.00003,1,,,,,0.00022,0.00000,3.1,0.00003
757,1,,,,,0.00022,0.00000,3.1,0.00004,1,,,,,0.00022,0.00000,3.2,0.00004
758,1,,,,,0.00022,0.00000,3.2,0.00004,1,,,,,0.00022,0.00000,3.2,0.00004
759,1,,,,,0.00022,0.00000,3.1,0.00004,1,,,,,0.00022,0.00000,3.2,0.00004
760,1,,,,,0.00022,0.00000,3.1,0.00004,1,,,,,0.00022,0.00000,3.2,0.00003
761,1,,,,,0.00022,0.00000,3.2,0.00004,1,,,,,0.00022,0.00000,3.2,0.00004
762,1,,,,,0.00022,0.00000,3.2,0.00004,1,,,,,0.00022,0.00000,3.3,0.00004
763,1,,,,,0.00022,0.00000,3.2,0.00004,1,,,,,0.00022,0.00000,3.1,0.00003
764,1,,,,,0.00022,0.00000,3.2,0.00004,1,,,,,0.00022,0.00000,3.1,0.00004
765,1,,,,,0.00022,0.00000,3.2,0.00004,1,,,,,0.00022,0.00000,3.2,0.00004
766,1,,,,,0.00022,0.00000,3.2,0.00004,1,,,,,0.00022,0.00000,3.3,0.00004
767,1,,,,,0.00022,0.00000,3.2,0.00004,1,,,,,0.00022,0.00000,3.2,0.00004
768,1,,,,,0.00022,0.00000,3.3,0.00004,1,,,,,0.00022,0.00000,3.3,0.00004
769,1,,,,,0.00022,0.00001,3.2,0.00004,1,,,,,0.00022,0.00001,3.2,0.00004
770,1,,,,,0.00022,0.00000,3.2,0.00004,1,,,,,0.00022,0.00001,3.2,0.00004
771,1,,,,,0.00022,0.00000,3.2,0.00004,1,,,,,0.00022,0.00000,3.2,0.00004
772,1,,,,,0.00022,0.00000,3.2,0.00004,1,,,,,0.00022,0.00000,3.2,0.00004
773,1,,,,,0.00022,0.00000,3.2,0.00004,1,,,,,0.00022,0.00000,3.2,0.00004
774,1,,,,,0.00022,0.00000,3.2,0.00004,1,,,,,0.00022,0.00000,3.2,0.00004
775,1,,,,,0.00022,0.00000,3.2,0.00004,1,,,,,0.00022,0.00000,3.3,0.00004
776,1,,,,,0.00022,0.00000,3.4,0.00004,1,,,,,0.00022,0.00000,3.2,0.00004
777,1,,,,,0.00022,0.00000,3.4,0.00004,1,,,,,0.00022,0.00000,3.3,0.00004
778,1,,,,,0.00022,0.00000,3.5,0.00004,1,,,,,0.00022,0.00000,3.3,0.00004
779,1,,,,,0.00022,0.00000,3.5,0.00004,1,,,,,0.00022,0.00001,3.4,0.00004
780,1,,,,,0.00022,0.00000,3.4,0.00004,1,,,,,0.00022,0.00000,3.3,0.00003
781,1,,,,,0.00022,0.00000,3.5,0.00004,1,,,,,0.00022,0.00000,3.3,0.00004
782,1,,,,,0.00022,0.00000,3.5,0.00004,1,,,,,0.00022,0.00000,3.5,0.00004
783,1,,,,,0.00022,0.00001,3.5,0.00004,1,,,,,0.00022,0.00000,3.3,0.00004
784,1,,,,,0.00022,0.00000,3.5,0.00004,1,,,,,0.00022,0.00000,3.4,0.00004
785,1,,,,,0.00022,0.00000,3.6,0.00004,1,,,,,0.00022,0.00000,3.4,0.00004
786,1,,,,,0.00022,0.00001,3.5,0.00004,1,,,,,0.00022,0.00000,3.4,0.00004
787,1,,,,,0.00022,0.00000,3.6,0.00004,1,,,,,0.00022,0.00000,3.1,0.00004
788,1,,,,,0.00022,0.00000,3.5,0.00004,1,,,,,0.00022,0.00000,3.3,0.00004
789,1,,,,,0.00022,0.00000,3.6,0.00004,1,,,,,0.00022,0.00001,3.4,0.00004
790,1,,,,,0.00022,0.00000,3.5,0.00004,1,,,,,0.00022,0.00001,3.7,0.00004
791,1,,,,,0.00022,0.00000,3.5,0.00004,1,,,,,0.00022,0.00000,3.5,0.00004
792,1,,,,,0.00022,0.00000,3.5,0.00004,1,,,,,0.00022,0.00000,3.5,0.00004
793,1,,,,,0.00022,0.00001,3.5,0.00004,1,,,,,0.00022,0.00000,3.4,0.00004
794,1,,,,,0.00022,0.00001,3.5,0.00004,1,,,,,0.00022,0.00000,3.5,0.00004
795,1,,,,,0.00022,0.00000,3.5,0.00004,1,,,,,0.00022,0.00000,3.5,0.00004
796,1,,,,,0.00022,0.00000,3.5,0.00004,1,,,,,0.00022,0.00000,3.5,0.00004
797,1,,,,,0.00022,0.00000,3.6,0.00004,1,,,,,0.00022,0.00001,3.5,0.00004
798,1,,,,,0.00022,0.00000,3.5,0.00004,1,,,,,0.00022,0.00000,3.5,0.00004
799,1,,,,,0.00022,0.00000,3.5,0.00004,1,,,,,0.00022,0.00000,3.4,0.00004
800,1,,,,,0.00022,0.00000,3.6,0.00004,1,,,,,0.00022,0.00000,3.4,0.00004
801,1,,,,,0.00022,0.00001,3.5,0.00004,1,,,,,0.00022,0.00000,3.5,0.00004
802,1,,,,,0.00022,0.00000,3.6,0.00004,1,,,,,0.00022,0.00000,3.5,0.00004
803,1,,,,,0.00022,0.00000,3.5,0.00004,1,,,,,0.00022,0.00000,3.5,0.00004
804,1,,,,,0.00022,0.00000,3.6,0.00004,1,,,,,0.00022,0.00000,3.5,0.00004
805,1,,,,,0.00022,0.00000,3.6,0.00004,1,,,,,0.00022,0.00001,3.6,0.00005
806,1,,,,,0.00022,0.00000,3.5,0.00004,1,,,,,0.00022,0.00000,3.5,0.00004
807,1,,,,,0.00022,0.00000,3.6,0.00004,1,,,,,0.00022,0.00000,3.5,0.00004
808,1,,,,,0.00022,0.00000,3.6,0.00004,1,,,,,0.00022,0.00000,3.5,0.00004
809,1,,,,,0.00022,0.00000,3.5,0.00004,1,,,,,0.00022,0.00000,3.5,0.00004
810,1,,,,,0.00022,0.00000,3.5,0.00004,1,,,,,0.00022,0.00000,3.5,0.00004
811,1,,,,,0.00022,0.00000,3.5,0.00004,1,,,,,0.00022,0.00000,3.5,0.00004
812,1,,,,,0.00022,0.00000,3.5,0.00004,1,,,,,0.00022,0.00001,3.4,0.00004
813,1,,,,,0.00022,0.00000,3.5,0.00004,1,,,,,0.00022,0.00000,3.5,0.00004
814,1,,,,,0.00022,0.00000,3.5,0.00004,1,,,,,0.00022,0.00000,3.5,0.00004
815,1,,,,,0.00022,0.00000,3.5,0.00004,1,,,,,0.00022,0.00000,3.5,0.00004
816,1,,,,,0.00022,0.00000,3.6,0.00004,1,,,,,0.00022,0.00000,3.5,0.00004
817,1,,,,,0.00022,0.00000,3.6,0.00004,1,,,,,0.00022,0.00000,3.5,0.00004
818,1,,,,,0.00022,0.00000,3.6,0.00004,1,,,,,0.00022,0.00000,3.5,0.00004
819,1,,,,,0.00022,0.00000,3.5,0.00004,1,,,,,0.00022,0.00000,3.5,0.00004
820,1,,,,,0.00022,0.00000,3.5,0.00004,1,,,,,0.00022,0.00000,3.5,0.00005
821,1,,,,,0.00022,0.00000,3.5,0.00004,1,,,,,0.00022,0.00000,3.5,0.00004
822,1,,,,,0.00022,0.00000,3.5,0.00004,1,,,,,0.00022,0.00000,3.6,0.00004
823,1,,,,,0.00022,0.00000,3.6,0.00004,1,,,,,0.00022,0.00000,3.5,0.00005
824,1,,,,,0.00022,0.00000,3.6,0.00004,1,,,,,0.00022,0.00000,3.5,0.00004
825,1,,,,,0.00022,0.00001,3.5,0.00004,1,,,,,0.00022,0.00001,3.5,0.00004
826,1,,,,,0.00022,0.00000,3.5,0.00004,1,,,,,0.00022,0.00000,3.5,0.00004
827,1,,,,,0.00022,0.00000,3.6,0.00004,1,,,,,0.00022,0.00001,3.5,0.00004
828,1,,,,,0.00022,0.00000,3.5,0.00004,1,,,,,0.00022,0.00000,3.6,0.00004
829,1,,,,,0.00022,0.00001,3.6,0.00004,1,,,,,0.00022,0.00000,3.6,0.00004
830,1,,,,,0.00022,0.00000,3.6,0.00004,1,,,,,0.00022,0.00000,3.6,0.00004
831,1,,,,,0.00022,0.00000,3.5,0.00004,1,,,,,0.00022,0.00000,3.6,0.00004
832,1,,,,,0.00022,0.00000,3.5,0.00004,1,,,,,0.00022,0.00000,3.6,0.00004
833,1,,,,,0.00022,0.00000,3.5,0.00004,1,,,,,0.00022,0.00000,3.6,0.00004
834,1,,,,,0.00022,0.00001,3.5,0.00004,1,,,,,0.00022,0.00000,3.6,0.00004
835,1,,,,,0.00022,0.00001,3.6,0.00004,1,,,,,0.00022,0.00000,3.6,0.00004
836,1,,,,,0.00022,0.00000,3.6,0.00004,1,,,,,0.00022,0.00000,3.6,0.00004
837,1,,,,,0.00022,0.00001,3.6,0.00004,1,,,,,0.00022,0.00000,3.6,0.00004
838,1,,,,,0.00022,0.00001,3.5,0.00004,1,,,,,0.00022,0.00000,3.6,0.00004
839,1,,,,,0.00022,0.00001,3.6,0.00004,1,,,,,0.00022,0.00000,3.6,0.00004
840,1,,,,,0.00022,0.00001,3.6,0.00004,1,,,,,0.00022,0.00000,3.6,0.00004
841,1,,,,,0.00022,0.00000,3.6,0.00004,1,,,,,0.00022,0.00000,3.6,0.00004
842,1,,,,,0.00022,0.00000,3.6,0.00004,1,,,,,0.00022,0.00000,3.6,0.00004
843,1,,,,,0.00022,0.00000,3.6,0.00004,1,,,,,0.00022,0.00000,3.6,0.00004
844,1,,,,,0.00022,0.00001,3.6,0.00004,1,,,,,0.00022,0.00000,3.6,0.00004
845,1,,,,,0.00022,0.00000,3.6,0.00004,1,,,,,0.00022,0.00000,3.6,0.00004
846,1,,,,,0.00022,0.00000,3.6,0.00004,1,,,,,0.00022,0.00000,3.6,0.00004
847,1,,,,,0.00022,0.00000,3.6,0.00004,1,,,,,0.00022,0.00000,3.6,0.00004
848,1,,,,,0.00022,0.00001,3.6,0.00004,1,,,,,0.00022,0.00000,3.6,0.00004
849,1,,,,,0.00022,0.00001,3.5,0.00004,1,,,,,0.00022,0.00000,3.7,0.00004
850,1,,,,,0.00022,0.00001,3.5,0.00004,1,,,,,0.00022,0.00000,3.6,0.00004
851,1,,,,,0.00022,0.00000,3.5,0.00004,1,,,,,0.00022,0.00000,3.5,0.00004
852,1,,,,,0.00022,0.00000,3.5,0.00004,1,,,,,0.00022,0.00000,3.6,0.00004
853,1,,,,,0.00022,0.00000,3.5,0.00004,1,,,,,0.00022,0.00000,3.6,0.00004
854,1,,,,,0.00022,0.00001,3.5,0.00004,1,,,,,0.00022,0.00000,3.6,0.00004
855,1,,,,,0.00022,0.00000,3.5,0.00004,1,,,,,0.00022,0.00000,3.6,0.00004
856,1,,,,,0.00022,0.00000,3.5,0.00004,1,,,,,0.00022,0.00001,3.6,0.00004
857,1,,,,,0.00022,0.00000,3.5,0.00004,1,,,,,0.00022,0.00000,3.6,0.00004
858,1,,,,,0.00022,0.00000,3.6,0.00004,1,,,,,0.00022,0.00000,3.6,0.00004
859,1,,,,,0.00022,0.00000,3.6,0.00004,1,,,,,0.00022,0.00001,3.6,0.00004
860,1,,,,,0.00022,0.00001,3.6,0.00004,1,,,,,0.00022,0.00000,3.6,0.00004
861,1,,,,,0.00022,0.00000,3.6,0.00004,1,,,,,0.00022,0.00000,3.6,0.00004
862,1,,,,,0.00022,0.00000,3.6,0.00004,1,,,,,0.00022,0.00000,3.6,0.00004
863,1,,,,,0.00022,0.00000,3.5,0.00004,1,,,,,0.00022,0.00000,3.6,0.00004
864,1,,,,,0.00022,0.00000,3.6,0.00004,1,,,,,0.00022,0.00000,3.6,0.00005
865,1,,,,,0.00022,0.00000,3.6,0.00004,1,,,,,0.00022,0.00000,3.6,0.00005
866,1,,,,,0.00022,0.00000,3.6,0.00004,1,,,,,0.00022,0.00000,3.6,0.00004
867,1,,,,,0.00022,0.00000,3.6,0.00004,1,,,,,0.00022,0.00000,3.6,0.00005
868,1,,,,,0.00022,0.00000,3.6,0.00004,1,,,,,0.00022,0.00000,3.6,0.00004
869,1,,,,,0.00022,0.00001,3.6,0.00004,1,,,,,0.00022,0.00000,3.6,0.00004
870,1,,,,,0.00022,0.00000,3.6,0.00004,1,,,,,0.00022,0.00000,3.6,0.00004
871,1,,,,,0.00022,0.00000,3.6,0.00004,1,,,,,0.00022,0.00000,3.6,0.00004
872,1,,,,,0.00022,0.00000,3.6,0.00004,1,,,,,0.00022,0.00000,3.6,0.00004
873,1,,,,,0.00022,0.00000,3.7,0.00004,1,,,,,0.00022,0.00000,3.6,0.00004
874,1,,,,,0.00022,0.00001,3.7,0.00004,1,,,,,0.00022,0.00000,3.7,0.00004
875,1,,,,,0.00022,0.00000,3.6,0.00004,1,,,,,0.00022,0.00000,3.7,0.00005
876,1,,,,,0.00022,0.00000,3.6,0.00004,1,,,,,0.00022,0.00001,3.6,0.00004
877,1,,,,,0.00022,0.00000,3.7,0.00004,1,,,,,0.00022,0.00000,3.7,0.00004
878,1,,,,,0.00022,0.00001,3.7,0.00004,1,,,,,0.00022,0.00001,3.6,0.00004
879,1,,,,,0.00022,0.00000,3.7,0.00004,1,,,,,0.00022,0.00001,3.7,0.00004
880,1,,,,,0.00022,0.00000,3.6,0.00004,1,,,,,0.00022,0.00000,3.6,0.00004
881,1,,,,,0.00022,0.00000,3.6,0.00004,1,,,,,0.00022,0.00000,3.6,0.00004
882,1,,,,,0.00022,0.00000,3.7,0.00004,1,,,,,0.00022,0.00000,3.7,0.00004
883,1,,,,,0.00022,0.00000,3.6,0.00004,1,,,,,0.00299,0.00000,22.6,0.00026
884,1,,,,,0.00729,0.00000,3158.7,0.00144,1,,,,,0.05426,0.00906,935.6,0.00007
885,1,,,,,0.01833,0.00002,3144.4,0.00359,1,,,,,0.05935,0.01258,680.9,0.00004
886,1,,,,,0.02809,0.00151,2772.4,0.00524,1,,,,,0.05809,0.00237,431.6,0.00001
887,1,,,,,0.06739,0.00248,739.7,0.00001,1,,,,,0.04962,0.00134,359.2,0.00000
888,1,,,,,0.06920,0.00765,729.6,0.00001,1,,,,,0.02435,0.01350,3169.8,0.07567
889,1,,,,,0.01911,0.00681,571.1,0.00000,1,,,,,0.01403,0.03173,6334.6,0.07696
890,1,,,,,0.00391,0.00053,566.1,0.00001,1,,,,,0.01864,0.00017,468.4,0.00548
891,1,,,,,0.00079,0.00010,346.9,0.00005,1,,,,,0.01983,0.00356,583.8,0.00008
892,1,,,,,0.00022,0.00004,34.9,0.00011,1,,,,,0.01239,0.00091,242.8,0.00002
893,1,,,,,0.02651,0.00000,460.4,0.00000,1,,,,,0.00682,0.00025,159.4,0.00000
894,1,,,,,0.00254,0.00234,196.1,0.00100,1,,,,,0.00047,0.00000,50.1,0.00110
895,1,,,,,0.02661,0.00003,289.6,0.00006,1,,,,,0.02942,0.00001,451.3,0.00002
896,1,,,,,0.02049,0.00069,253.7,0.00000,1,,,,,0.00381,0.00033,1726.8,0.00343
897,1,,,,,0.02957,0.00002,325.1,0.00003,1,,,,,0.05241,0.00158,303.3,0.00001
898,1,,,,,0.02965,0.00248,239.8,0.00000,1,,,,,0.02577,0.00540,240.0,0.00001
899,1,,,,,0.07594,0.00001,478.2,0.00005,1,,,,,0.04425,0.00039,424.8,0.00003
900,1,,,,,0.11612,0.02046,484.3,0.00000,1,,,,,0.01788,0.00283,285.9,0.00078
901,1,,,,,0.03955,0.00036,251.1,0.00000,1,,,,,0.11303,0.00230,690.7,0.00001
902,1,,,,,0.05818,0.00478,335.4,0.00001,1,,,,,0.07575,0.00448,443.2,0.00000
903,1,,,,,0.03061,0.00430,354.5,0.00000,1,,,,,0.02504,0.00024,548.1,0.00055
904,1,,,,,0.04015,0.00015,412.8,0.00001,1,,,,,0.04950,0.00040,438.1,0.00005
905,1,,,,,0.04151,0.00165,291.3,0.00000,1,,,,,0.05354,0.00870,415.0,0.00002
906,1,,,,,0.04626,0.00252,436.9,0.00001,1,,,,,0.03349,0.00002,441.4,0.00001
907,1,,,,,0.04324,0.00779,302.0,0.00000,1,,,,,0.02535,0.00028,238.1,0.00000
908,1,,,,,0.04448,0.00189,481.4,0.00000,1,,,,,0.02413,0.00065,350.1,0.00002
909,1,,,,,0.00049,0.00019,7.5,0.00006,1,,,,,0.00912,0.00141,6420.8,0.08459
910,1,,,,,0.03139,0.00000,477.7,0.00001,1,,,,,0.01316,0.01411,2932.5,0.06966
911,1,,,,,0.00200,0.00015,160.6,0.00002,1,,,,,0.04649,0.00077,374.8,0.00012
912,1,,,,,0.06092,0.00000,584.5,0.00001,1,,,,,0.02140,0.00365,243.2,0.00002
913,1,,,,,0.04634,0.00495,692.4,0.00004,1,,,,,0.00050,0.00006,4.1,0.00005
914,1,,,,,0.04142,0.00358,340.9,0.00000,1,,,,,0.00070,0.00000,2561.9,0.05173
915,1,,,,,0.01004,0.00353,281.0,0.00001,1,,,,,0.00522,0.00001,3484.6,0.07225
916,1,,,,,0.01245,0.00021,484.4,0.00001,1,,,,,0.05924,0.00572,601.3,0.01048
917,1,,,,,0.04634,0.00193,486.1,0.00000,1,,,,,0.15418,0.01000,689.3,0.00002
918,1,,,,,0.02189,0.00162,246.5,0.00001,1,,,,,0.09389,0.03333,655.3,0.00007
919,1,,,,,0.03184,0.00375,350.8,0.00000,1,,,,,0.00477,0.00188,2315.6,0.00968
920,1,,,,,0.01717,0.00158,292.9,0.00000,1,,,,,0.04847,0.00188,310.7,0.00000
921,1,,,,,0.00315,0.00018,6589.6,0.08668,1,,,,,0.01436,0.00045,4975.2,0.04618
922,1,,,,,0.00990,0.00184,4458.0,0.01682,1,,,,,0.03445,0.04523,535.1,0.00466
923,1,,,,,0.00990,0.00230,301.4,0.00003,1,,,,,0.01927,0.00664,4987.9,0.06252
924,1,,,,,0.00829,0.00000,4451.0,0.01155,1,,,,,0.02518,0.00002,3754.2,0.08207
925,1,,,,,0.03812,0.00117,330.2,0.00000,1,,,,,0.06590,0.01149,406.5,0.00001
926,1,,,,,0.02191,0.00208,604.0,0.00278,1,,,,,0.03458,0.00021,310.7,0.00000
927,1,,,,,0.01730,0.00272,3499.1,0.00850,1,,,,,0.05121,0.00228,333.7,0.00000
928,1,,,,,0.03705,0.00083,518.0,0.00001,1,,,,,0.01131,0.00098,148.2,0.00001
929,1,,,,,0.01381,0.00104,319.0,0.00000,1,,,,,0.00859,0.00000,5891.0,0.13333
930,1,,,,,0.00274,0.00087,327.4,0.00002,1,,,,,0.05550,0.00171,361.2,0.00003
931,1,,,,,0.00021,0.00001,3.5,0.00005,1,,,,,0.05316,0.00043,367.0,0.00001
932,1,,,,,0.00022,0.00000,3.3,0.00004,1,,,,,0.01748,0.00088,203.3,0.00000
933,1,,,,,0.00022,0.00000,56.8,0.00075,1,,,,,0.02259,0.00148,243.7,0.00000
934,1,,,,,0.00024,0.00004,369.4,0.00029,1,,,,,0.03752,0.00602,518.6,0.00006
935,1,,,,,0.01125,0.00002,234.0,0.00033,1,,,,,0.00858,0.00020,148.4,0.00000
936,1,,,,,0.11890,0.00590,432.4,0.00002,1,,,,,0.04371,0.00019,464.6,0.00706
937,1,,,,,0.07243,0.01688,497.7,0.00002,1,,,,,0.06865,0.00081,296.9,0.00000
938,1,,,,,0.00488,0.00001,3138.9,0.03924,1,,,,,0.05330,0.00344,349.9,0.00000
939,1,,,,,0.03164,0.00808,473.7,0.00015,1,,,,,0.04278,0.00457,271.9,0.00000
940,1,,,,,0.04612,0.00842,794.8,0.00000,1,,,,,0.05719,0.00266,445.8,0.00000
941,1,,,,,0.00961,0.00611,294.2,0.00001,1,,,,,0.06839,0.00568,371.7,0.00001
942,1,,,,,0.01813,0.00007,200.3,0.00000,1,,,,,0.07809,0.01919,696.2,0.00021
943,1,,,,,0.02050,0.00584,501.5,0.00001,1,,,,,0.05074,0.00449,395.0,0.00003
944,1,,,,,0.01408,0.00154,208.1,0.00000,1,,,,,0.00389,0.00008,7062.5,0.11104
945,1,,,,,0.03637,0.00002,481.5,0.00000,1,,,,,0.02114,0.00723,341.1,0.00013
946,1,,,,,0.02651,0.01049,464.2,0.00000,1,,,,,0.01712,0.00011,169.7,0.00000
947,1,,,,,0.00801,0.00074,358.4,0.00000,1,,,,,0.05130,0.00196,350.5,0.00000
948,1,,,,,0.00021,0.00002,3.8,0.00005,1,,,,,0.02987,0.00372,328.6,0.00000
949,1,,,,,0.00022,0.00000,8.7,0.00041,1,,,,,0.02486,0.00071,221.9,0.00000
950,1,,,,,0.00026,0.00001,206.9,0.00148,1,,,,,0.01613,0.00257,169.7,0.00000
951,1,,,,,0.00025,0.00010,253.6,0.00012,1,,,,,0.03146,0.00014,349.8,0.00000
952,1,,,,,0.06695,0.00000,449.1,0.00001,1,,,,,0.06125,0.00487,452.3,0.00000
953,1,,,,,0.02778,0.01266,351.9,0.00004,1,,,,,0.01106,0.00456,511.7,0.00002
954,1,,,,,0.02302,0.00002,1516.0,0.00792,1,,,,,0.00109,0.00004,2142.5,0.00240
955,1,,,,,0.06540,0.00820,598.7,0.00001,1,,,,,0.00023,0.00033,3.3,0.00006
956,1,,,,,0.02041,0.00019,455.6,0.00008,1,,,,,0.00022,0.00000,3.2,0.00004
957,1,,,,,0.02415,0.00285,359.7,0.00000,1,,,,,0.00022,0.00000,3.2,0.00003
958,1,,,,,0.02158,0.00055,454.4,0.00001,1,,,,,0.00022,0.00000,3.2,0.00004
959,1,,,,,0.00386,0.00006,2751.1,0.00269,1,,,,,0.00022,0.00000,3.2,0.00004
960,1,,,,,0.02047,0.00310,921.6,0.00036,1,,,,,0.00022,0.00000,3.1,0.00004
961,1,,,,,0.03445,0.00091,734.3,0.00001,1,,,,,0.00022,0.00000,3.2,0.00004
962,1,,,,,0.01080,0.01130,452.4,0.00001,1,,,,,0.00022,0.00001,3.2,0.00004
963,1,,,,,0.04811,0.00286,647.1,0.00001,1,,,,,0.00022,0.00000,3.2,0.00004
964,1,,,,,0.01082,0.00132,212.2,0.00003,1,,,,,0.00022,0.00000,3.2,0.00004
965,1,,,,,0.01147,0.00002,4015.9,0.01949,1,,,,,0.00022,0.00000,3.2,0.00004
966,1,,,,,0.03862,0.00588,564.1,0.00013,1,,,,,0.00022,0.00000,3.2,0.00004
967,1,,,,,0.02241,0.00042,568.7,0.00007,1,,,,,0.00022,0.00000,3.2,0.00004
968,1,,,,,0.02211,0.00003,340.0,0.00013,1,,,,,0.00022,0.00000,3.2,0.00004
969,1,,,,,0.03530,0.00507,269.4,0.00000,1,,,,,0.00022,0.00000,3.2,0.00004
970,1,,,,,0.03548,0.00231,456.4,0.00000,1,,,,,0.00022,0.00000,3.2,0.00004
971,1,,,,,0.01987,0.00388,483.1,0.00161,1,,,,,0.00022,0.00000,3.2,0.00004
972,1,,,,,0.00435,0.00434,6636.1,0.08443,1,,,,,0.00022,0.00000,3.2,0.00004
973,1,,,,,0.04644,0.00057,418.7,0.00002,1,,,,,0.00022,0.00000,3.1,0.00003
974,1,,,,,0.08644,0.00685,427.0,0.00000,1,,,,,0.00022,0.00001,3.2,0.00004
975,1,,,,,0.02476,0.01172,250.5,0.00001,1,,,,,0.00022,0.00000,3.1,0.00004
976,1,,,,,0.02810,0.00570,393.1,0.00000,1,,,,,0.00022,0.00000,3.2,0.00004
977,1,,,,,0.03211,0.00214,322.0,0.00000,1,,,,,0.00022,0.00000,3.2,0.00004
978,1,,,,,0.01275,0.00275,2406.4,0.02118,1,,,,,0.00022,0.00000,3.1,0.00004
979,1,,,,,0.00166,0.00176,5835.0,0.03608,1,,,,,0.00022,0.00000,3.1,0.00004
980,1,,,,,0.00059,0.00000,2118.9,0.00245,1,,,,,0.00022,0.00000,3.1,0.00004
981,1,,,,,0.00075,0.00020,2230.1,0.00168,1,,,,,0.00022,0.00000,3.1,0.00004
982,1,,,,,0.01111,0.00008,514.7,0.00018,1,,,,,0.00022,0.00000,3.1,0.00004
983,1,,,,,0.04435,0.00605,293.0,0.00000,1,,,,,0.00022,0.00000,3.1,0.00003
984,1,,,,,0.06697,0.00043,510.7,0.00001,1,,,,,0.00022,0.00000,3.1,0.00004
985,1,,,,,0.08523,0.00230,453.4,0.00000,1,,,,,0.00022,0.00000,3.1,0.00004
986,1,,,,,0.10228,0.02624,862.4,0.00002,1,,,,,0.00022,0.00000,3.1,0.00004
987,1,,,,,0.04503,0.00270,749.2,0.00510,1,,,,,0.00022,0.00000,3.1,0.00004
988,1,,,,,0.01060,0.07331,5264.9,0.06809,1,,,,,0.00022,0.00000,3.1,0.00004
989,1,,,,,0.02501,0.00042,476.9,0.00144,1,,,,,0.00022,0.00000,3.1,0.00004
990,1,,,,,0.07004,0.00332,438.8,0.00000,1,,,,,0.00022,0.00000,3.1,0.00004
991,1,,,,,0.03012,0.00665,316.0,0.00000,1,,,,,0.00022,0.00001,3.1,0.00004
992,1,,,,,0.01488,0.00005,4972.5,0.01358,1,,,,,0.00022,0.00000,3.1,0.00004
993,1,,,,,0.06812,0.00557,459.6,0.00001,1,,,,,0.00022,0.00000,3.1,0.00004
994,1,,,,,0.01289,0.00035,4527.6,0.01918,1,,,,,0.00022,0.00000,3.2,0.00004
995,1,,,,,0.03928,0.00353,383.3,0.00001,1,,,,,0.00022,0.00000,3.2,0.00004
996,1,,,,,0.00566,0.00004,6406.7,0.03187,1,,,,,0.00022,0.00000,3.1,0.00004
997,1,,,,,0.03268,0.00024,507.6,0.00002,1,,,,,0.00022,0.00000,3.2,0.00003
998,1,,,,,0.00647,0.00007,196.5,0.00009,1,,,,,0.00022,0.00000,3.2,0.00004
999,1,,,,,0.03080,0.00021,367.7,0.00000,1,,,,,0.00022,0.00000,3.1,0.00003
1000,1,,,,,0.00829,0.00265,5507.0,0.09314,1,,,,,0.00022,0.00000,3.2,0.00004
1001,1,,,,,0.03826,0.00466,446.7,0.00174,1,,,,,0.00022,0.00000,3.1,0.00004
1002,1,,,,,0.03250,0.00168,364.6,0.00218,1,,,,,0.00022,0.00000,3.2,0.00004
1003,1,,,,,0.01352,0.00198,3167.8,0.02587,1,,,,,0.00022,0.00000,3.1,0.00004
1004,1,,,,,0.01824,0.00319,981.1,0.00402,1,,,,,0.00022,0.00000,3.1,0.00004
1005,1,,,,,0.00791,0.00225,6043.2,0.05185,1,,,,,0.00022,0.00000,3.2,0.00004
1006,1,,,,,0.00505,0.00182,198.4,0.00021,1,,,,,0.00022,0.00000,3.1,0.00004
1007,1,,,,,0.00303,0.00151,4222.2,0.01028,1,,,,,0.00022,0.00000,3.1,0.00004
1008,1,,,,,0.04095,0.00058,520.6,0.00001,1,,,,,0.00022,0.00000,3.1,0.00004
1009,1,,,,,0.02909,0.00087,381.1,0.00001,1,,,,,0.00022,0.00000,3.1,0.00004
1010,1,,,,,0.02661,0.00151,346.2,0.00000,1,,,,,0.00022,0.00000,3.2,0.00003
1011,1,,,,,0.01363,0.00163,212.7,0.00000,1,,,,,0.00022,0.00000,3.1,0.00004
1012,1,,,,,0.01352,0.00073,547.7,0.00001,1,,,,,0.00022,0.00000,3.1,0.00004
1013,1,,,,,0.00874,0.00024,208.4,0.00000,1,,,,,0.00022,0.00000,3.2,0.00004
1014,1,,,,,0.03807,0.00035,526.2,0.00000,1,,,,,0.00022,0.00000,3.2,0.00004
1015,1,,,,,0.02461,0.00412,476.1,0.00001,1,,,,,0.00022,0.00000,3.1,0.00004
1016,1,,,,,0.00082,0.00125,24.0,0.00032,1,,,,,0.00022,0.00000,3.2,0.00004
1017,1,,,,,0.00049,0.00001,1149.1,0.00172,1,,,,,0.00022,0.00000,3.1,0.00004
1018,1,,,,,0.00066,0.00005,1216.1,0.00116,1,,,,,0.00022,0.00000,3.1,0.00004
1019,1,,,,,0.01510,0.00005,1235.6,0.00018,1,,,,,0.00022,0.00000,3.1,0.00003
1020,1,,,,,0.07013,0.00129,925.6,0.00021,1,,,,,0.00022,0.00000,3.1,0.00004
1021,1,,,,,0.00952,0.00982,2654.0,0.00376,1,,,,,0.00022,0.00000,3.1,0.00004
1022,1,,,,,0.03748,0.00263,322.0,0.00002,1,,,,,0.00022,0.00001,3.1,0.00004
1023,1,,,,,0.01968,0.00341,263.3,0.00022,1,,,,,0.00022,0.00000,3.1,0.00004
1024,1,,,,,0.03727,0.00207,585.8,0.00000,1,,,,,0.00022,0.00000,3.1,0.00004
1025,1,,,,,0.00162,0.00002,1362.7,0.00877,1,,,,,0.00022,0.00001,3.1,0.00004
1026,1,,,,,0.01931,0.00040,275.0,0.00000,1,,,,,0.00022,0.00000,3.1,0.00004
1027,1,,,,,0.00493,0.00122,227.0,0.00575,1,,,,,0.00022,0.00000,3.1,0.00004
1028,1,,,,,0.04158,0.00064,696.9,0.00001,1,,,,,0.00022,0.00000,3.1,0.00004
1029,1,,,,,0.04106,0.01695,585.3,0.00003,1,,,,,0.00022,0.00000,3.1,0.00004
1030,1,,,,,0.02636,0.00074,223.3,0.00000,1,,,,,0.00022,0.00000,3.1,0.00004
1031,1,,,,,0.02723,0.00159,472.0,0.00000,1,,,,,0.00022,0.00000,3.2,0.00004
1032,1,,,,,0.00053,0.00001,208.5,0.00435,1,,,,,0.00022,0.00001,3.2,0.00004
1033,1,,,,,0.03778,0.00001,399.2,0.00000,1,,,,,0.00022,0.00000,3.1,0.00003
1034,1,,,,,0.03302,0.00105,353.3,0.00000,1,,,,,0.00022,0.00001,3.2,0.00004
1035,1,,,,,0.00595,0.00268,196.1,0.00070,1,,,,,0.00022,0.00000,3.1,0.00004
1036,1,,,,,0.02474,0.00001,537.2,0.00011,1,,,,,0.00022,0.00000,3.2,0.00004
1037,1,,,,,0.08530,0.01391,476.1,0.00000,1,,,,,0.00022,0.00001,3.2,0.00004
1038,1,,,,,0.00146,0.00004,1046.6,0.00119,1,,,,,0.00022,0.00000,3.2,0.00004
1039,1,,,,,0.01938,0.00011,401.7,0.00000,1,,,,,0.00022,0.00000,3.2,0.00004
1040,1,,,,,0.01336,0.00163,339.4,0.00000,1,,,,,0.00022,0.00000,3.1,0.00004
1041,1,,,,,0.00348,0.00024,152.2,0.00003,1,,,,,0.00022,0.00000,3.2,0.00004
1042,1,,,,,0.00026,0.00002,8.8,0.00045,1,,,,,0.00022,0.00001,3.2,0.00004
1043,1,,,,,0.00022,0.00001,3.2,0.00004,1,,,,,0.00022,0.00000,3.1,0.00004
1044,1,,,,,0.00022,0.00000,3.1,0.00004,1,,,,,0.00022,0.00000,3.2,0.00004
1045,1,,,,,0.00022,0.00000,3.2,0.00004,1,,,,,0.00022,0.00000,3.1,0.00004
1046,1,,,,,0.00022,0.00000,3.2,0.00004,1,,,,,0.00022,0.00001,3.2,0.00004
1047,1,,,,,0.00022,0.00000,3.1,0.00004,1,,,,,0.00022,0.00000,3.1,0.00004
1048,1,,,,,0.00022,0.00000,3.1,0.00004,1,,,,,0.00022,0.00000,3.1,0.00004
1049,1,,,,,0.00022,0.00001,3.2,0.00004,1,,,,,0.00022,0.00000,3.1,0.00004
1050,1,,,,,0.00022,0.00000,3.2,0.00004,1,,,,,0.00022,0.00000,3.1,0.00004
1051,1,,,,,0.00022,0.00000,3.2,0.00004,1,,,,,0.00022,0.00000,3.2,0.00004
1052,1,,,,,0.00022,0.00000,3.2,0.00004,1,,,,,0.00022,0.00000,3.2,0.00004
1053,1,,,,,0.00022,0.00000,3.2,0.00004,1,,,,,0.00022,0.00000,3.2,0.00004
1054,1,,,,,0.00022,0.00000,3.2,0.00004,1,,,,,0.00022,0.00000,3.2,0.00004
1055,1,,,,,0.00022,0.00000,3.2,0.00004,1,,,,,0.00022,0.00000,3.2,0.00004
1056,1,,,,,0.00022,0.00000,3.2,0.00004,1,,,,,0.00022,0.00000,3.2,0.00004
1057,1,,,,,0.00022,0.00000,3.2,0.00004,1,,,,,0.00022,0.00000,3.2,0.00004
1058,1,,,,,0.00022,0.00000,3.1,0.00004,1,,,,,0.00022,0.00000,3.2,0.00004
1059,1,,,,,0.00022,0.00000,3.1,0.00004,1,,,,,0.00022,0.00000,3.2,0.00004
1060,1,,,,,0.00022,0.00000,3.2,0.00004,1,,,,,0.00022,0.00000,3.2,0.00003
1061,1,,,,,0.00022,0.00000,3.2,0.00003,1,,,,,0.00022,0.00000,3.2,0.00003
1062,1,,,,,0.00022,0.00000,3.1,0.00004,1,,,,,0.00022,0.00000,3.2,0.00004
1063,1,,,,,0.00022,0.00000,3.2,0.00004,1,,,,,0.00022,0.00000,3.2,0.00004
1064,1,,,,,0.00022,0.00000,3.1,0.00004,1,,,,,0.00022,0.00000,3.3,0.00004
1065,1,,,,,0.00022,0.00000,3.2,0.00004,1,,,,,0.00022,0.00000,3.2,0.00004
1066,1,,,,,0.00022,0.00000,3.1,0.00004,1,,,,,0.00022,0.00000,3.2,0.00004
1067,1,,,,,0.00022,0.00000,3.1,0.00003,1,,,,,0.00022,0.00000,3.2,0.00004
1068,1,,,,,0.00022,0.00000,3.1,0.00004,1,,,,,0.00022,0.00000,3.2,0.00004
1069,1,,,,,0.00022,0.00000,3.1,0.00004,1,,,,,0.00022,0.00000,3.2,0.00003
1070,1,,,,,0.00022,0.00000,3.1,0.00004,1,,,,,0.00022,0.00000,3.2,0.00003
1071,1,,,,,0.00022,0.00000,3.1,0.00004,1,,,,,0.00022,0.00000,3.2,0.00003
1072,1,,,,,0.00022,0.00000,3.1,0.00004,1,,,,,0.00022,0.00000,3.3,0.00004
1073,1,,,,,0.00022,0.00000,3.1,0.00004,1,,,,,0.00022,0.00000,3.2,0.00004
1074,1,,,,,0.00022,0.00000,3.2,0.00004,1,,,,,0.00022,0.00000,3.2,0.00004
1075,1,,,,,0.00022,0.00000,3.1,0.00004,1,,,,,0.00022,0.00000,3.2,0.00004
1076,1,,,,,0.00022,0.00000,3.2,0.00004,1,,,,,0.00022,0.00000,3.2,0.00004
1077,1,,,,,0.00022,0.00001,3.2,0.00004,1,,,,,0.00022,0.00000,3.3,0.00004
1078,1,,,,,0.00022,0.00000,3.1,0.00004,1,,,,,0.00022,0.00000,3.7,0.00004
1079,1,,,,,0.00022,0.00000,3.2,0.00004,1,,,,,0.00022,0.00000,3.4,0.00004
1080,1,,,,,0.00022,0.00000,3.1,0.00004,1,,,,,0.00022,0.00000,3.4,0.00004
1081,1,,,,,0.00022,0.00000,3.1,0.00004,1,,,,,0.00022,0.00000,3.5,0.00004
1082,1,,,,,0.00022,0.00000,3.1,0.00004,1,,,,,0.00022,0.00000,3.5,0.00004
1083,1,,,,,0.00022,0.00000,3.1,0.00004,1,,,,,0.00022,0.00001,3.5,0.00004
1084,1,,,,,0.00022,0.00000,3.1,0.00003,1,,,,,0.00022,0.00000,3.5,0.00004
1085,1,,,,,0.00022,0.00000,3.1,0.00004,1,,,,,0.00022,0.00001,3.4,0.00004
1086,1,,,,,0.00022,0.00000,3.1,0.00003,1,,,,,0.00022,0.00000,3.4,0.00004
1087,1,,,,,0.00022,0.00000,3.1,0.00004,1,,,,,0.00022,0.00000,3.4,0.00004
1088,1,,,,,0.00022,0.00000,3.1,0.00004,1,,,,,0.00022,0.00001,3.4,0.00004
1089,1,,,,,0.00022,0.00000,3.1,0.00004,1,,,,,0.00022,0.00000,3.5,0.00004
1090,1,,,,,0.00022,0.00000,3.2,0.00004,1,,,,,0.00022,0.00000,3.5,0.00004
1091,1,,,,,0.00022,0.00001,3.1,0.00004,1,,,,,0.00022,0.00000,3.5,0.00004
1092,1,,,,,0.00022,0.00000,3.1,0.00003,1,,,,,0.00022,0.00000,3.4,0.00004
1093,1,,,,,0.00022,0.00000,3.2,0.00004,1,,,,,0.00022,0.00000,3.5,0.00004
1094,1,,,,,0.00022,0.00000,3.1,0.00004,1,,,,,0.00022,0.00000,3.4,0.00004
1095,1,,,,,0.00022,0.00000,3.1,0.00004,1,,,,,0.00022,0.00000,3.4,0.00004
1096,1,,,,,0.00022,0.00000,3.1,0.00003,1,,,,,0.00022,0.00000,3.5,0.00004
1097,1,,,,,0.00022,0.00000,3.1,0.00004,1,,,,,0.00022,0.00000,3.4,0.00004
1098,1,,,,,0.00022,0.00000,3.1,0.00003,1,,,,,0.00022,0.00000,3.4,0.00004
1099,1,,,,,0.00022,0.00000,3.2,0.00004,1,,,,,0.00022,0.00000,3.5,0.00004
1100,1,,,,,0.00022,0.00000,3.1,0.00004,1,,,,,0.00022,0.00000,3.4,0.00004
1101,1,,,,,0.00022,0.00000,3.2,0.00004,1,,,,,0.00022,0.00000,3.4,0.00004
1102,1,,,,,0.00022,0.00000,3.2,0.00004,1,,,,,0.00022,0.00001,3.5,0.00004
1103,1,,,,,0.00022,0.00000,3.2,0.00004,1,,,,,0.00022,0.00000,3.5,0.00004
1104,1,,,,,0.00022,0.00000,3.2,0.00004,1,,,,,0.00022,0.00000,3.5,0.00004
1105,1,,,,,0.00022,0.00000,3.2,0.00004,1,,,,,0.00022,0.00001,3.5,0.00004
1106,1,,,,,0.00022,0.00000,3.2,0.00004,1,,,,,0.00022,0.00000,3.5,0.00004
1107,1,,,,,0.00022,0.00000,3.2,0.00003,1,,,,,0.00022,0.00000,3.6,0.00004
1108,1,,,,,0.00022,0.00000,3.2,0.00004,1,,,,,0.00022,0.00001,3.5,0.00004
1109,1,,,,,0.00022,0.00000,3.2,0.00003,1,,,,,0.00022,0.00000,3.6,0.00004
1110,1,,,,,0.00022,0.00001,3.3,0.00004,1,,,,,0.00022,0.00000,3.6,0.00004
1111,1,,,,,0.00022,0.00000,3.2,0.00004,1,,,,,0.00022,0.00000,3.5,0.00004
1112,1,,,,,0.00022,0.00000,3.1,0.00004,1,,,,,0.00022,0.00000,3.6,0.00004
1113,1,,,,,0.00022,0.00000,3.2,0.00004,1,,,,,0.00022,0.00001,3.6,0.00004
1114,1,,,,,0.00022,0.00000,3.2,0.00004,1,,,,,0.00022,0.00000,3.6,0.00004
1115,1,,,,,0.00022,0.00000,3.2,0.00004,1,,,,,0.00022,0.00000,3.6,0.00004
1116,1,,,,,0.00022,0.00000,3.1,0.00003,1,,,,,0.00022,0.00000,3.6,0.00004
1117,1,,,,,0.00022,0.00000,3.1,0.00003,1,,,,,0.00022,0.00000,3.7,0.00004
1118,1,,,,,0.00022,0.00000,3.2,0.00004,1,,,,,0.00022,0.00000,3.6,0.00005
1119,1,,,,,0.00022,0.00000,3.2,0.00004,1,,,,,0.00022,0.00000,3.5,0.00004
1120,1,,,,,0.00022,0.00000,3.2,0.00004,1,,,,,0.00022,0.00000,3.6,0.00004
1121,1,,,,,0.00022,0.00000,3.2,0.00004,1,,,,,0.00022,0.00000,3.6,0.00004
1122,1,,,,,0.00022,0.00001,3.2,0.00004,1,,,,,0.00022,0.00000,3.6,0.00004
1123,1,,,,,0.00022,0.00000,3.1,0.00004,1,,,,,0.00022,0.00001,3.6,0.00004
1124,1,,,,,0.00022,0.00000,3.1,0.00004,1,,,,,0.00022,0.00000,3.6,0.00004
1125,1,,,,,0.00022,0.00001,3.1,0.00004,1,,,,,0.00022,0.00000,3.5,0.00004
1126,1,,,,,0.00022,0.00000,3.2,0.00004,1,,,,,0.00022,0.00001,3.6,0.00004
1127,1,,,,,0.00022,0.00000,3.1,0.00004,1,,,,,0.00022,0.00001,3.6,0.00004
1128,1,,,,,0.00022,0.00000,3.1,0.00004,1,,,,,0.00022,0.00000,3.6,0.00004
1129,1,,,,,0.00022,0.00000,3.2,0.00004,1,,,,,0.00022,0.00000,3.7,0.00004
1130,1,,,,,0.00022,0.00000,3.1,0.00004,1,,,,,0.00022,0.00000,3.6,0.00004
1131,1,,,,,0.00022,0.00000,3.2,0.00004,1,,,,,0.00022,0.00000,3.6,0.00004
1132,1,,,,,0.00022,0.00000,3.2,0.00003,1,,,,,0.00022,0.00000,3.6,0.00004
1133,1,,,,,0.00022,0.00000,3.1,0.00003,1,,,,,0.00022,0.00000,3.6,0.00004
1134,1,,,,,0.00022,0.00000,3.1,0.00003,1,,,,,0.00022,0.00000,3.6,0.00004
1135,1,,,,,0.00022,0.00000,3.2,0.00004,1,,,,,0.00022,0.00000,3.6,0.00004
1136,1,,,,,0.00022,0.00000,3.2,0.00004,1,,,,,0.00022,0.00001,3.6,0.00004
1137,1,,,,,0.00022,0.00001,3.2,0.00004,1,,,,,0.00022,0.00000,3.6,0.00004
1138,1,,,,,0.00022,0.00000,3.2,0.00004,1,,,,,0.00022,0.00000,3.6,0.00004
1139,1,,,,,0.00022,0.00000,3.2,0.00004,1,,,,,0.00022,0.00000,3.6,0.00004
1140,1,,,,,0.00022,0.00000,3.2,0.00004,1,,,,,0.00022,0.00000,3.5,0.00004
1141,1,,,,,0.00022,0.00000,3.2,0.00004,1,,,,,0.00022,0.00000,3.6,0.00003
1142,1,,,,,0.00022,0.00000,3.2,0.00004,1,,,,,0.00022,0.00000,3.6,0.00004
1143,1,,,,,0.00022,0.00000,3.2,0.00003,1,,,,,0.00022,0.00000,3.6,0.00004
1144,1,,,,,0.00022,0.00000,3.2,0.00003,1,,,,,0.00022,0.00000,3.6,0.00004
1145,1,,,,,0.00022,0.00000,3.2,0.00004,1,,,,,0.00022,0.00000,3.6,0.00004
1146,1,,,,,0.00022,0.00000,3.2,0.00003,1,,,,,0.00022,0.00000,3.6,0.00004
1147,1,,,,,0.00022,0.00000,3.2,0.00004,1,,,,,0.00022,0.00000,3.6,0.00004
1148,1,,,,,0.00022,0.00000,3.2,0.00004,1,,,,,0.00022,0.00000,3.6,0.00004
1149,1,,,,,0.00022,0.00000,3.2,0.00003,1,,,,,0.00022,0.00000,3.6,0.00004
1150,1,,,,,0.00022,0.00000,3.3,0.00004,1,,,,,0.00022,0.00000,3.5,0.00004
1151,1,,,,,0.00022,0.00000,3.3,0.00004,1,,,,,0.00022,0.00000,3.5,0.00004
1152,1,,,,,0.00022,0.00000,3.3,0.00004,1,,,,,0.00022,0.00000,3.6,0.00004
1153,1,,,,,0.00022,0.00000,3.3,0.00003,1,,,,,0.00022,0.00000,3.6,0.00004
1154,1,,,,,0.00022,0.00000,3.4,0.00004,1,,,,,0.00022,0.00001,3.5,0.00004
1155,1,,,,,0.00022,0.00000,3.4,0.00004,1,,,,,0.00022,0.00000,3.6,0.00004
1156,1,,,,,0.00022,0.00000,3.3,0.00004,1,,,,,0.00022,0.00000,3.6,0.00004
1157,1,,,,,0.00022,0.00000,3.3,0.00004,1,,,,,0.00022,0.00000,3.5,0.00004
1158,1,,,,,0.00022,0.00000,3.5,0.00004,1,,,,,0.00022,0.00000,3.6,0.00004
1159,1,,,,,0.00022,0.00000,3.4,0.00003,1,,,,,0.00022,0.00000,3.6,0.00004
1160,1,,,,,0.00022,0.00000,3.4,0.00004,1,,,,,0.00022,0.00000,3.6,0.00004
1161,1,,,,,0.00022,0.00000,3.5,0.00004,1,,,,,0.00022,0.00001,3.6,0.00004
1162,1,,,,,0.00022,0.00000,3.4,0.00004,1,,,,,0.00022,0.00000,3.6,0.00004
1163,1,,,,,0.00022,0.00000,3.3,0.00004,1,,,,,0.00022,0.00000,3.6,0.00004
1164,1,,,,,0.00022,0.00000,3.5,0.00004,1,,,,,0.00022,0.00000,3.6,0.00004
1165,1,,,,,0.00022,0.00000,3.6,0.00004,1,,,,,0.00022,0.00000,3.6,0.00004
1166,1,,,,,0.00022,0.00000,3.5,0.00004,1,,,,,0.00022,0.00000,3.7,0.00004
1167,1,,,,,0.00022,0.00001,3.6,0.00004,1,,,,,0.00022,0.00000,3.7,0.00004
1168,1,,,,,0.00022,0.00000,3.6,0.00005,1,,,,,0.00022,0.00000,3.7,0.00004
1169,1,,,,,0.00022,0.00000,3.6,0.00004,1,,,,,0.00022,0.00000,3.7,0.00004
1170,1,,,,,0.00022,0.00000,3.6,0.00004,1,,,,,0.00022,0.00000,3.7,0.00004
1171,1,,,,,0.00022,0.00000,3.5,0.00004,1,,,,,0.00022,0.00000,3.7,0.00004
1172,1,,,,,0.00022,0.00000,3.6,0.00004,1,,,,,0.00022,0.00001,3.7,0.00004
1173,1,,,,,0.00022,0.00000,3.5,0.00004,1,,,,,0.00022,0.00000,3.7,0.00004
1174,1,,,,,0.00022,0.00000,3.6,0.00004,1,,,,,0.00022,0.00000,3.6,0.00004
1175,1,,,,,0.00022,0.00001,3.6,0.00005,1,,,,,0.00022,0.00001,3.7,0.00005
1176,1,,,,,0.00022,0.00000,3.6,0.00004,1,,,,,0.00022,0.00000,3.7,0.00004
1177,1,,,,,0.00022,0.00000,3.6,0.00004,1,,,,,0.00022,0.00000,3.6,0.00004
1178,1,,,,,0.00022,0.00000,3.5,0.00004,1,,,,,0.00022,0.00001,3.7,0.00005
1179,1,,,,,0.00022,0.00000,3.6,0.00004,1,,,,,0.00022,0.00000,3.6,0.00004
1180,1,,,,,0.00022,0.00000,3.6,0.00004,1,,,,,0.00022,0.00001,3.7,0.00004
1181,1,,,,,0.00022,0.00000,3.5,0.00004,1,,,,,0.00022,0.00000,3.7,0.00004
1182,1,,,,,0.00022,0.00000,3.5,0.00004,1,,,,,0.00022,0.00000,3.7,0.00004
1183,1,,,,,0.00022,0.00000,3.6,0.00004,1,,,,,0.00022,0.00001,3.8,0.00004
1184,1,,,,,0.00022,0.00000,3.5,0.00004,1,,,,,0.00022,0.00001,3.6,0.00004
1185,1,,,,,0.00022,0.00000,3.6,0.00004,1,,,,,0.00022,0.00000,3.5,0.00004
1186,1,,,,,0.00022,0.00001,3.6,0.00004,1,,,,,0.00022,0.00000,3.5,0.00004
1187,1,,,,,0.00022,0.00000,3.6,0.00004,1,,,,,0.00022,0.00000,3.6,0.00004
1188,1,,,,,0.00022,0.00001,3.6,0.00004,1,,,,,0.00022,0.00000,3.6,0.00004
1189,1,,,,,0.00022,0.00000,3.6,0.00004,1,,,,,0.00022,0.00000,3.6,0.00004
1190,1,,,,,0.00022,0.00001,3.6,0.00004,1,,,,,0.00022,0.00000,3.6,0.00004
1191,1,,,,,0.00022,0.00000,3.6,0.00004,1,,,,,0.00022,0.00000,3.5,0.00004
1192,1,,,,,0.00022,0.00000,3.6,0.00004,1,,,,,0.00022,0.00000,3.5,0.00004
1193,1,,,,,0.00022,0.00001,3.6,0.00004,1,,,,,0.00022,0.00000,3.6,0.00004
1194,1,,,,,0.00022,0.00001,3.5,0.00004,1,,,,,0.00022,0.00000,3.6,0.00004
1195,1,,,,,0.00022,0.00000,3.5,0.00004,1,,,,,0.00022,0.00000,3.6,0.00004
1196,1,,,,,0.00022,0.00000,3.6,0.00004,1,,,,,0.00022,0.00000,3.6,0.00004
1197,1,,,,,0.00022,0.00000,3.5,0.00004,1,,,,,0.00022,0.00000,3.6,0.00004
1198,1,,,,,0.00022,0.00000,3.6,0.00005,1,,,,,0.00022,0.00000,3.6,0.00004
1199,1,,,,,0.00022,0.00000,3.6,0.00004,1,,,,,0.00022,0.00000,3.6,0.00004
1200,1,,,,,0.00022,0.00001,3.7,0.00005,1,,,,,0.00022,0.00000,3.6,0.00004
1201,1,,,,,0.00022,0.00000,3.6,0.00004,1,,,,,0.00022,0.00000,3.6,0.00004
1202,1,,,,,0.00022,0.00000,3.6,0.00004,1,,,,,0.00022,0.00000,3.6,0.00004
1203,1,,,,,0.00022,0.00001,3.6,0.00004,1,,,,,0.00022,0.00000,3.5,0.00004
1204,1,,,,,0.00022,0.00000,3.6,0.00004,1,,,,,0.00022,0.00000,3.6,0.00004
1205,1,,,,,0.00022,0.00000,3.6,0.00004,1,,,,,0.00022,0.00000,3.7,0.00004
1206,1,,,,,0.00022,0.00000,3.6,0.00004,1,,,,,0.00022,0.00000,3.6,0.00004
1207,1,,,,,0.00022,0.00000,3.6,0.00004,1,,,,,0.00022,0.00000,3.6,0.00004
1208,1,,,,,0.00022,0.00001,3.6,0.00004,1,,,,,0.00022,0.00000,3.6,0.00004
1209,1,,,,,0.00022,0.00000,3.5,0.00004,1,,,,,0.00022,0.00000,3.6,0.00004
1210,1,,,,,0.00022,0.00000,3.6,0.00004,1,,,,,0.00022,0.00001,3.6,0.00004
1211,1,,,,,0.00022,0.00000,3.5,0.00004,1,,,,,0.00022,0.00000,3.6,0.00004
1212,1,,,,,0.00022,0.00000,3.5,0.00004,1,,,,,0.00022,0.00000,3.6,0.00004
1213,1,,,,,0.00022,0.00000,3.5,0.00004,1,,,,,0.00022,0.00000,3.7,0.00004
1214,1,,,,,0.00022,0.00001,3.5,0.00004,1,,,,,0.00022,0.00000,3.7,0.00004
1215,1,,,,,0.00022,0.00000,3.6,0.00004,1,,,,,0.00022,0.00000,3.8,0.00004
1216,1,,,,,0.00022,0.00000,3.5,0.00004,1,,,,,0.00022,0.00000,3.8,0.00004
1217,1,,,,,0.00022,0.00000,3.6,0.00004,1,,,,,0.00022,0.00000,3.7,0.00005
1218,1,,,,,0.00022,0.00000,3.6,0.00004,1,,,,,0.00022,0.00000,3.8,0.00004
1219,1,,,,,0.00022,0.00000,3.6,0.00004,1,,,,,0.00022,0.00001,3.7,0.00004
1220,1,,,,,0.00022,0.00000,3.6,0.00004,1,,,,,0.00022,0.00001,3.6,0.00004
1221,1,,,,,0.00022,0.00000,3.6,0.00004,1,,,,,0.00022,0.00000,3.7,0.00005
1222,1,,,,,0.00022,0.00000,3.6,0.00004,1,,,,,0.00022,0.00000,3.7,0.00004
1223,1,,,,,0.00022,0.00000,3.6,0.00004,1,,,,,0.00022,0.00000,3.7,0.00005
1224,1,,,,,0.00022,0.00000,3.6,0.00004,1,,,,,0.00022,0.00000,3.6,0.00004
1225,1,,,,,0.00022,0.00000,3.5,0.00004,1,,,,,0.00022,0.00000,3.6,0.00004
1226,1,,,,,0.00022,0.00000,3.6,0.00004,1,,,,,0.00022,0.00000,3.7,0.00004
1227,1,,,,,0.00022,0.00000,3.6,0.00004,1,,,,,0.00022,0.00000,3.6,0.00004
1228,1,,,,,0.00022,0.00000,3.6,0.00004,1,,,,,0.00022,0.00000,3.6,0.00004
1229,1,,,,,0.00022,0.00000,3.6,0.00004,1,,,,,0.00022,0.00000,3.6,0.00004
1230,1,,,,,0.00022,0.00000,3.5,0.00004,1,,,,,0.00022,0.00000,3.6,0.00005
1231,1,,,,,0.00022,0.00000,3.5,0.00004,1,,,,,0.00022,0.00000,3.7,0.00004
1232,1,,,,,0.00022,0.00000,3.5,0.00004,1,,,,,0.00022,0.00001,3.7,0.00004
1233,1,,,,,0.00022,0.00001,3.5,0.00004,1,,,,,0.00022,0.00000,3.8,0.00004
1234,1,,,,,0.00022,0.00000,3.6,0.00004,1,,,,,0.00022,0.00000,3.8,0.00004
1235,1,,,,,0.00022,0.00000,3.5,0.00004,1,,,,,0.00022,0.00000,3.8,0.00004
1236,1,,,,,0.00022,0.00000,3.5,0.00004,1,,,,,0.00022,0.00001,3.8,0.00004
1237,1,,,,,0.00022,0.00000,3.6,0.00004,1,,,,,0.00022,0.00001,3.8,0.00004
1238,1,,,,,0.00022,0.00000,3.6,0.00004,1,,,,,0.00022,0.00000,3.8,0.00004
1239,1,,,,,0.00022,0.00000,3.6,0.00004,1,,,,,0.00022,0.00000,3.8,0.00004
1240,1,,,,,0.00022,0.00000,3.5,0.00004,1,,,,,0.00022,0.00000,3.8,0.00004
1241,1,,,,,0.00022,0.00000,3.6,0.00004,1,,,,,0.00022,0.00000,3.8,0.00004
1242,1,,,,,0.00022,0.00001,3.5,0.00004,1,,,,,0.00022,0.00001,3.8,0.00004
1243,1,,,,,0.00022,0.00000,3.6,0.00004,1,,,,,0.00022,0.00000,3.8,0.00004
1244,1,,,,,0.00022,0.00000,3.6,0.00005,1,,,,,0.00022,0.00001,3.8,0.00004
1245,1,,,,,0.00022,0.00000,3.6,0.00004,1,,,,,0.00022,0.00000,3.8,0.00004
1246,1,,,,,0.00022,0.00000,3.6,0.00004,1,,,,,0.00022,0.00000,3.8,0.00004
1247,1,,,,,0.00022,0.00000,3.6,0.00004,1,,,,,0.00022,0.00001,3.9,0.00004
1248,1,,,,,0.00022,0.00000,3.6,0.00004,1,,,,,0.00022,0.00000,3.9,0.00004
1249,1,,,,,0.00022,0.00000,3.6,0.00004,1,,,,,0.00022,0.00000,3.9,0.00004
1250,1,,,,,0.00022,0.00001,3.6,0.00004,1,,,,,0.00022,0.00000,3.8,0.00004
1251,1,,,,,0.00022,0.00000,3.5,0.00004,1,,,,,0.00022,0.00000,3.9,0.00004
1252,1,,,,,0.00022,0.00000,3.7,0.00004,1,,,,,0.00022,0.00000,3.9,0.00004
1253,1,,,,,0.00022,0.00000,3.6,0.00004,1,,,,,0.00022,0.00001,3.9,0.00004
1254,1,,,,,0.00022,0.00000,3.5,0.00004,1,,,,,0.00022,0.00001,3.8,0.00004
1255,1,,,,,0.00022,0.00001,3.6,0.00004,1,,,,,0.00022,0.00001,3.8,0.00004
1256,1,,,,,0.00022,0.00000,3.5,0.00004,1,,,,,0.00022,0.00000,3.6,0.00004
1257,1,,,,,0.00022,0.00000,3.6,0.00004,1,,,,,0.00022,0.00000,3.5,0.00004
1258,1,,,,,0.00022,0.00000,3.6,0.00004,1,,,,,0.00022,0.00000,3.5,0.00004
1259,1,,,,,0.00022,0.00000,3.6,0.00004,1,,,,,0.00022,0.00000,3.5,0.00004
1260,1,,,,,0.00022,0.00000,3.7,0.00004,1,,,,,0.00022,0.00000,3.5,0.00004
1261,1,,,,,0.00022,0.00000,3.7,0.00004,1,,,,,0.00022,0.00000,3.5,0.00004
1262,1,,,,,0.00022,0.00001,3.6,0.00004,1,,,,,0.00022,0.00000,3.5,0.00004
1263,1,,,,,0.00022,0.00000,3.6,0.00004,1,,,,,0.00022,0.00001,3.5,0.00004
1264,1,,,,,0.00022,0.00000,3.6,0.00004,1,,,,,0.00022,0.00000,3.5,0.00004
1265,1,,,,,0.00022,0.00000,3.7,0.00004,1,,,,,0.00022,0.00000,3.5,0.00004
1266,1,,,,,0.00022,0.00000,3.6,0.00004,1,,,,,0.00022,0.00000,3.5,0.00004
1267,1,,,,,0.00022,0.00000,3.6,0.00004,1,,,,,0.00022,0.00000,3.5,0.00004
1268,1,,,,,0.00022,0.00000,3.6,0.00004,1,,,,,0.00022,0.00000,3.5,0.00004
1269,1,,,,,0.00022,0.00000,3.6,0.00004,1,,,,,0.00022,0.00000,3.5,0.00004
1270,1,,,,,0.00022,0.00000,3.6,0.00004,1,,,,,0.00022,0.00000,3.5,0.00004
1271,1,,,,,0.00022,0.00000,3.6,0.00004,1,,,,,0.00022,0.00001,3.4,0.00004
1272,1,,,,,0.00022,0.00000,3.6,0.00004,1,,,,,0.00022,0.00000,3.4,0.00004
1273,1,,,,,0.00022,0.00000,3.6,0.00004,1,,,,,0.00022,0.00000,3.5,0.00004
1274,1,,,,,0.00022,0.00000,3.6,0.00004,1,,,,,0.00022,0.00000,3.4,0.00004
1275,1,,,,,0.00022,0.00001,3.6,0.00004,1,,,,,0.00022,0.00000,3.7,0.00004
1276,1,,,,,0.00022,0.00000,3.7,0.00004,1,,,,,0.00022,0.00000,3.5,0.00004
1277,1,,,,,0.00022,0.00000,3.6,0.00004,1,,,,,0.00022,0.00000,3.7,0.00004
1278,1,,,,,0.00022,0.00001,3.6,0.00004,1,,,,,0.00022,0.00000,3.8,0.00004
1279,1,,,,,0.00022,0.00000,3.6,0.00004,1,,,,,0.00022,0.00000,3.7,0.00004
1280,1,,,,,0.00022,0.00000,3.6,0.00005,1,,,,,0.00022,0.00000,3.7,0.00004
1281,1,,,,,0.00022,0.00001,3.6,0.00005,1,,,,,0.00022,0.00000,3.7,0.00004
1282,1,,,,,0.00022,0.00001,3.7,0.00004,1,,,,,0.00022,0.00000,3.8,0.00005
1283,1,,,,,0.00022,0.00000,3.6,0.00004,1,,,,,0.00022,0.00000,3.7,0.00004
1284,1,,,,,0.00022,0.00000,3.6,0.00004,1,,,,,0.00022,0.00000,3.7,0.00004
1285,1,,,,,0.00022,0.00000,3.6,0.00004,1,,,,,0.00022,0.00000,3.7,0.00004
1286,1,,,,,0.00022,0.00000,3.6,0.00004,1,,,,,0.00022,0.00000,3.7,0.00005
1287,1,,,,,0.00022,0.00000,3.6,0.00004,1,,,,,0.00022,0.00001,3.7,0.00005
1288,1,,,,,0.00022,0.00000,3.6,0.00004,1,,,,,0.00022,0.00001,3.6,0.00004
1289,1,,,,,0.00022,0.00000,3.7,0.00004,1,,,,,0.00022,0.00000,3.7,0.00004
1290,1,,,,,0.00022,0.00000,3.8,0.00004,1,,,,,0.00022,0.00000,3.7,0.00005
1291,1,,,,,0.00022,0.00000,3.7,0.00004,1,,,,,0.00022,0.00001,3.6,0.00004
1292,1,,,,,0.00022,0.00001,3.8,0.00004,1,,,,,0.00022,0.00000,3.7,0.00005
1293,1,,,,,0.00022,0.00000,3.7,0.00004,1,,,,,0.00022,0.00000,3.6,0.00005
1294,1,,,,,0.00022,0.00000,3.6,0.00004,1,,,,,0.00022,0.00000,3.7,0.00004
1295,1,,,,,0.00022,0.00001,3.6,0.00004,1,,,,,0.00022,0.00000,3.7,0.00004
1296,1,,,,,0.00022,0.00000,3.6,0.00004,1,,,,,0.00022,0.00000,3.5,0.00004
1297,1,,,,,0.00022,0.00000,3.6,0.00004,1,,,,,0.00022,0.00000,3.4,0.00004
1298,1,,,,,0.00022,0.00001,3.6,0.00004,1,,,,,0.00022,0.00000,3.4,0.00004
1299,1,,,,,0.00022,0.00000,3.6,0.00004,1,,,,,0.00022,0.00000,3.4,0.00004
1300,1,,,,,0.00022,0.00000,3.6,0.00004,1,,,,,0.00022,0.00000,3.4,0.00004
1301,1,,,,,0.00022,0.00000,3.6,0.00004,1,,,,,0.00022,0.00000,3.5,0.00004
1302,1,,,,,0.00022,0.00000,3.5,0.00004,1,,,,,0.00022,0.00001,3.4,0.00004
1303,1,,,,,0.00022,0.00000,3.5,0.00004,1,,,,,0.00022,0.00001,3.4,0.00004
1304,1,,,,,0.00022,0.00000,3.5,0.00004,1,,,,,0.00022,0.00001,3.5,0.00004
1305,1,,,,,0.00022,0.00000,3.5,0.00004,1,,,,,0.00022,0.00000,3.4,0.00004
1306,1,,,,,0.00022,0.00000,3.5,0.00004,1,,,,,0.00022,0.00001,3.4,0.00004
1307,1,,,,,0.00022,0.00000,3.5,0.00004,1,,,,,0.00022,0.00000,3.5,0.00004
1308,1,,,,,0.00022,0.00001,3.5,0.00004,1,,,,,0.00022,0.00000,3.4,0.00004
1309,1,,,,,0.00022,0.00000,3.5,0.00004,1,,,,,0.00022,0.00000,3.4,0.00004
1310,1,,,,,0.00022,0.00000,3.4,0.00004,1,,,,,0.00022,0.00000,3.5,0.00004
1311,1,,,,,0.00022,0.00000,3.5,0.00004,1,,,,,0.00022,0.00000,3.5,0.00004
1312,1,,,,,0.00022,0.00001,3.4,0.00003,1,,,,,0.00022,0.00000,3.4,0.00004
1313,1,,,,,0.00022,0.00000,3.5,0.00004,1,,,,,0.00022,0.00000,3.5,0.00004
1314,1,,,,,0.00022,0.00000,3.5,0.00004,1,,,,,0.00022,0.00000,3.4,0.00004
1315,1,,,,,0.00022,0.00000,3.5,0.00004,1,,,,,0.00022,0.00001,3.4,0.00004
1316,1,,,,,0.00022,0.00000,3.5,0.00004,1,,,,,0.00022,0.00000,3.5,0.00004
1317,1,,,,,0.00022,0.00000,3.5,0.00004,1,,,,,0.00022,0.00000,3.5,0.00004
1318,1,,,,,0.00022,0.00000,3.5,0.00004,1,,,,,0.00022,0.00000,3.5,0.00004
1319,1,,,,,0.00022,0.00000,3.5,0.00004,1,,,,,0.00022,0.00000,3.4,0.00004
1320,1,,,,,0.00022,0.00000,3.5,0.00004,1,,,,,0.00022,0.00000,3.5,0.00004
1321,1,,,,,0.00022,0.00000,3.5,0.00004,1,,,,,0.00022,0.00000,3.5,0.00004
1322,1,,,,,0.00022,0.00000,3.5,0.00004,1,,,,,0.00022,0.00000,3.5,0.00004
1323,1,,,,,0.00022,0.00000,3.5,0.00004,1,,,,,0.00022,0.00000,3.5,0.00004
1324,1,,,,,0.00022,0.00000,3.5,0.00004,1,,,,,0.00022,0.00000,3.5,0.00004
1325,1,,,,,0.00022,0.00000,3.6,0.00004,1,,,,,0.00022,0.00000,3.4,0.00004
1326,1,,,,,0.00022,0.00000,3.5,0.00004,1,,,,,0.00022,0.00000,3.4,0.00004
1327,1,,,,,0.00022,0.00000,3.5,0.00004,1,,,,,0.00022,0.00000,3.5,0.00004
1328,1,,,,,0.00022,0.00000,3.5,0.00004,1,,,,,0.00022,0.00000,3.4,0.00004
1329,1,,,,,0.00022,0.00000,3.6,0.00004,1,,,,,0.00022,0.00000,3.4,0.00004
1330,1,,,,,0.00022,0.00000,3.5,0.00004,1,,,,,0.00022,0.00000,3.5,0.00004
1331,1,,,,,0.00022,0.00000,3.6,0.00004,1,,,,,0.00022,0.00001,3.4,0.00004
1332,1,,,,,0.00022,0.00000,3.5,0.00004,1,,,,,0.00022,0.00000,3.5,0.00004
1333,1,,,,,0.00022,0.00001,3.5,0.00004,1,,,,,0.00022,0.00000,3.4,0.00004
1334,1,,,,,0.00022,0.00000,3.5,0.00004,1,,,,,0.00022,0.00000,3.4,0.00004
1335,1,,,,,0.00022,0.00001,3.5,0.00004,1,,,,,0.00022,0.00000,3.4,0.00004
1336,1,,,,,0.00022,0.00000,3.6,0.00004,1,,,,,0.00022,0.00000,3.4,0.00004
1337,1,,,,,0.00022,0.00000,3.6,0.00004,1,,,,,0.00022,0.00000,3.4,0.00004
1338,1,,,,,0.00022,0.00000,3.5,0.00004,1,,,,,0.00022,0.00000,3.4,0.00004
1339,1,,,,,0.00022,0.00000,3.5,0.00004,1,,,,,0.00022,0.00001,3.4,0.00004
1340,1,,,,,0.00022,0.00000,3.6,0.00004,1,,,,,0.00022,0.00000,3.4,0.00004
1341,1,,,,,0.00022,0.00001,3.5,0.00004,1,,,,,0.00022,0.00001,3.4,0.00004
1342,1,,,,,0.00022,0.00000,3.5,0.00004,1,,,,,0.00022,0.00000,3.5,0.00004
1343,1,,,,,0.00022,0.00000,3.5,0.00004,1,,,,,0.00022,0.00000,3.4,0.00004
1344,1,,,,,0.00022,0.00000,3.5,0.00004,1,,,,,0.00022,0.00000,3.4,0.00004
1345,1,,,,,0.00022,0.00000,3.6,0.00004,1,,,,,0.00022,0.00001,3.4,0.00004
1346,1,,,,,0.00022,0.00000,3.5,0.00004,1,,,,,0.00022,0.00000,3.4,0.00004
1347,1,,,,,0.00022,0.00000,3.6,0.00004,1,,,,,0.00022,0.00001,3.5,0.00004
1348,1,,,,,0.00022,0.00000,3.5,0.00004,1,,,,,0.00022,0.00000,3.4,0.00004
1349,1,,,,,0.00022,0.00000,3.5,0.00004,1,,,,,0.00022,0.00000,3.4,0.00004
1350,1,,,,,0.00022,0.00000,3.5,0.00004,1,,,,,0.00022,0.00000,3.5,0.00004
1351,1,,,,,0.00022,0.00000,3.6,0.00004,1,,,,,0.00022,0.00001,3.4,0.00004
1352,1,,,,,0.00022,0.00000,3.9,0.00005,1,,,,,0.00022,0.00000,3.6,0.00004
1353,1,,,,,0.00022,0.00000,3.9,0.00005,1,,,,,0.00022,0.00001,3.6,0.00005
1354,1,,,,,0.00022,0.00000,3.8,0.00004,1,,,,,0.00022,0.00000,3.7,0.00004
1355,1,,,,,0.00022,0.00000,3.8,0.00004,1,,,,,0.00022,0.00001,3.6,0.00004
1356,1,,,,,0.00022,0.00001,3.8,0.00004,1,,,,,0.00022,0.00000,3.6,0.00004
1357,1,,,,,0.00022,0.00000,3.9,0.00005,1,,,,,0.00022,0.00000,3.7,0.00004
1358,1,,,,,0.00022,0.00000,3.8,0.00004,1,,,,,0.00022,0.00000,3.7,0.00004
1359,1,,,,,0.00022,0.00000,3.7,0.00004,1,,,,,0.00022,0.00000,3.7,0.00004
1360,1,,,,,0.00022,0.00000,3.8,0.00004,1,,,,,0.00022,0.00000,3.7,0.00004
1361,1,,,,,0.00022,0.00000,3.8,0.00005,1,,,,,0.00022,0.00000,3.7,0.00004
1362,1,,,,,0.00022,0.00000,3.8,0.00004,1,,,,,0.00022,0.00001,3.7,0.00004
1363,1,,,,,0.00022,0.00000,3.8,0.00004,1,,,,,0.00022,0.00001,3.7,0.00004
1364,1,,,,,0.00022,0.00000,3.8,0.00004,1,,,,,0.00022,0.00000,3.7,0.00005
1365,1,,,,,0.00022,0.00000,3.9,0.00005,1,,,,,0.00022,0.00000,3.7,0.00005
1366,1,,,,,0.00022,0.00000,3.8,0.00004,1,,,,,0.00022,0.00000,3.5,0.00004
1367,1,,,,,0.00022,0.00000,3.8,0.00004,1,,,,,0.00022,0.00000,3.6,0.00004
1368,1,,,,,0.00022,0.00000,3.8,0.00004,1,,,,,0.00022,0.00000,3.5,0.00004
1369,1,,,,,0.00022,0.00001,3.6,0.00004,1,,,,,0.00022,0.00000,3.5,0.00004
1370,1,,,,,0.00022,0.00000,3.7,0.00004,1,,,,,0.00022,0.00000,3.5,0.00004
1371,1,,,,,0.00022,0.00001,3.6,0.00004,1,,,,,0.00022,0.00000,3.7,0.00004
1372,1,,,,,0.00022,0.00000,3.7,0.00004,1,,,,,0.00022,0.00000,3.5,0.00004
1373,1,,,,,0.00022,0.00000,3.6,0.00004,1,,,,,0.00022,0.00000,3.5,0.00004
1374,1,,,,,0.00022,0.00001,3.6,0.00004,1,,,,,0.00022,0.00000,3.5,0.00004
1375,1,,,,,0.00022,0.00000,3.6,0.00004,1,,,,,0.00022,0.00000,3.5,0.00004
1376,1,,,,,0.00022,0.00000,3.6,0.00004,1,,,,,0.00022,0.00000,3.5,0.00004
1377,1,,,,,0.00022,0.00000,3.6,0.00004,1,,,,,0.00022,0.00000,3.5,0.00004
1378,1,,,,,0.00022,0.00000,3.6,0.00004,1,,,,,0.00022,0.00000,3.5,0.00004
1379,1,,,,,0.00022,0.00000,3.7,0.00004,1,,,,,0.00022,0.00000,3.5,0.00004
1380,1,,,,,0.00022,0.00000,3.6,0.00004,1,,,,,0.00022,0.00001,3.5,0.00004
1381,1,,,,,0.00022,0.00000,3.7,0.00004,1,,,,,0.00022,0.00000,3.5,0.00004
1382,1,,,,,0.00022,0.00000,3.8,0.00004,1,,,,,0.00022,0.00000,3.5,0.00004
1383,1,,,,,0.00022,0.00000,3.6,0.00004,1,,,,,0.00022,0.00000,3.5,0.00004
1384,1,,,,,0.00022,0.00000,3.7,0.00004,1,,,,,0.00022,0.00001,3.5,0.00004
1385,1,,,,,0.00022,0.00000,3.8,0.00004,1,,,,,0.00022,0.00000,3.5,0.00004
1386,1,,,,,0.00022,0.00000,3.8,0.00004,1,,,,,0.00022,0.00000,3.5,0.00004
1387,1,,,,,0.00022,0.00001,3.7,0.00004,1,,,,,0.00022,0.00000,3.4,0.00003
1388,1,,,,,0.00022,0.00000,3.7,0.00004,1,,,,,0.00022,0.00000,3.5,0.00004
1389,1,,,,,0.00022,0.00000,3.7,0.00004,1,,,,,0.00022,0.00000,3.5,0.00004
1390,1,,,,,0.00022,0.00000,3.7,0.00004,1,,,,,0.00022,0.00000,3.5,0.00004
1391,1,,,,,0.00022,0.00000,3.7,0.00004,1,,,,,0.00022,0.00000,3.8,0.00004
1392,1,,,,,0.00022,0.00000,3.7,0.00004,1,,,,,0.00022,0.00000,3.8,0.00004
1393,1,,,,,0.00022,0.00000,3.7,0.00004,1,,,,,0.00022,0.00000,3.8,0.00004
1394,1,,,,,0.00022,0.00000,3.7,0.00004,1,,,,,0.00022,0.00000,3.8,0.00004
1395,1,,,,,0.00022,0.00000,3.7,0.00004,1,,,,,0.00022,0.00000,3.8,0.00004
1396,1,,,,,0.00022,0.00001,3.7,0.00004,1,,,,,0.00022,0.00000,3.7,0.00004
1397,1,,,,,0.00022,0.00000,3.7,0.00004,1,,,,,0.00022,0.00000,3.7,0.00004
1398,1,,,,,0.00022,0.00000,3.7,0.00004,1,,,,,0.00022,0.00000,3.7,0.00004
1399,1,,,,,0.00022,0.00000,3.7,0.00004,1,,,,,0.00022,0.00000,3.5,0.00004
1400,1,,,,,0.00022,0.00001,3.7,0.00004,1,,,,,0.00022,0.00000,3.4,0.00004
1401,1,,,,,0.00022,0.00001,3.7,0.00004,1,,,,,0.00022,0.00000,3.5,0.00004
1402,1,,,,,0.00022,0.00000,3.7,0.00005,1,,,,,0.00022,0.00000,3.5,0.00004
1403,1,,,,,0.00022,0.00000,3.7,0.00004,1,,,,,0.00022,0.00000,3.5,0.00004
1404,1,,,,,0.00022,0.00000,3.8,0.00005,1,,,,,0.00022,0.00001,3.4,0.00004
1405,1,,,,,0.00022,0.00000,3.7,0.00004,1,,,,,0.00022,0.00000,3.5,0.00004
1406,1,,,,,0.00022,0.00000,3.6,0.00004,1,,,,,0.00022,0.00000,3.5,0.00004
1407,1,,,,,0.00022,0.00000,3.6,0.00004,1,,,,,0.00022,0.00000,3.5,0.00004
1408,1,,,,,0.00022,0.00001,3.6,0.00004,1,,,,,0.00022,0.00001,3.5,0.00004
1409,1,,,,,0.00022,0.00000,3.5,0.00004,1,,,,,0.00022,0.00000,3.6,0.00004
1410,1,,,,,0.00022,0.00001,3.6,0.00004,1,,,,,0.00022,0.00000,3.5,0.00004
1411,1,,,,,0.00022,0.00000,3.5,0.00004,1,,,,,0.00022,0.00001,3.5,0.00004
1412,1,,,,,0.00022,0.00000,3.5,0.00004,1,,,,,0.00022,0.00000,3.5,0.00004
1413,1,,,,,0.00022,0.00000,3.7,0.00004,1,,,,,0.00022,0.00000,3.6,0.00004
1414,1,,,,,0.00022,0.00001,3.7,0.00004,1,,,,,0.00022,0.00000,3.5,0.00004
1415,1,,,,,0.00022,0.00000,3.6,0.00004,1,,,,,0.00022,0.00000,3.5,0.00004
1416,1,,,,,0.00022,0.00000,3.6,0.00004,1,,,,,0.00022,0.00000,3.5,0.00005
1417,1,,,,,0.00022,0.00001,3.6,0.00004,1,,,,,0.00022,0.00000,3.6,0.00004
1418,1,,,,,0.00022,0.00000,3.7,0.00004,1,,,,,0.00022,0.00000,3.6,0.00004
1419,1,,,,,0.00022,0.00000,3.6,0.00004,1,,,,,0.00022,0.00000,3.5,0.00004
1420,1,,,,,0.00022,0.00000,3.6,0.00004,1,,,,,0.00022,0.00001,3.5,0.00004
1421,1,,,,,0.00022,0.00000,3.6,0.00004,1,,,,,0.00022,0.00001,3.5,0.00004
1422,1,,,,,0.00022,0.00000,3.6,0.00004,1,,,,,0.00022,0.00000,3.5,0.00004
1423,1,,,,,0.00022,0.00000,3.6,0.00004,1,,,,,0.00022,0.00001,3.5,0.00004
1424,1,,,,,0.00022,0.00000,3.7,0.00004,1,,,,,0.00022,0.00000,3.5,0.00003
1425,1,,,,,0.00022,0.00000,3.8,0.00004,1,,,,,0.00022,0.00001,3.5,0.00004
1426,1,,,,,0.00022,0.00000,3.7,0.00004,1,,,,,0.00022,0.00000,3.5,0.00004
1427,1,,,,,0.00022,0.00000,3.7,0.00005,1,,,,,0.00022,0.00000,3.8,0.00004
1428,1,,,,,0.00022,0.00000,3.7,0.00004,1,,,,,0.00022,0.00001,3.8,0.00004
1429,1,,,,,0.00022,0.00000,3.7,0.00004,1,,,,,0.00022,0.00000,3.8,0.00004
1430,1,,,,,0.00022,0.00000,3.7,0.00004,1,,,,,0.00022,0.00000,3.8,0.00004
1431,1,,,,,0.00022,0.00000,3.7,0.00004,1,,,,,0.00022,0.00000,3.8,0.00004
1432,1,,,,,0.00022,0.00001,3.7,0.00004,1,,,,,0.00022,0.00001,3.8,0.00004
1433,1,,,,,0.00022,0.00000,3.7,0.00004,1,,,,,0.00022,0.00000,3.8,0.00004
1434,1,,,,,0.00022,0.00000,3.7,0.00004,1,,,,,0.00022,0.00001,3.8,0.00004
1435,1,,,,,0.00022,0.00000,3.8,0.00004,1,,,,,0.00022,0.00001,3.8,0.00004
1436,1,,,,,0.00022,0.00001,3.8,0.00005,1,,,,,0.00022,0.00001,3.8,0.00004
1437,1,,,,,0.00022,0.00000,3.7,0.00005,1,,,,,0.00022,0.00000,3.7,0.00004
1438,1,,,,,0.00022,0.00001,3.7,0.00004,1,,,,,0.00022,0.00001,3.8,0.00004
1439,1,,,,,0.00022,0.00000,3.7,0.00004,1,,,,,0.00022,0.00000,3.8,0.00004
1440,1,,,,,0.00022,0.00001,3.7,0.00004,1,,,,,0.00022,0.00000,3.7,0.00004
1441,1,,,,,0.00022,0.00000,3.6,0.00004,1,,,,,0.00022,0.00000,3.7,0.00004
1442,1,,,,,0.00022,0.00001,3.7,0.00004,1,,,,,0.00022,0.00000,3.8,0.00004
1443,1,,,,,0.00022,0.00001,3.7,0.00004,1,,,,,0.00022,0.00000,3.8,0.00004
1444,1,,,,,0.00022,0.00001,3.6,0.00004,1,,,,,0.00022,0.00000,3.6,0.00004
1445,1,,,,,0.00022,0.00000,3.5,0.00004,1,,,,,0.00022,0.00000,3.6,0.00004
1446,1,,,,,0.00022,0.00000,3.5,0.00004,1,,,,,0.00022,0.00000,3.6,0.00004
1447,1,,,,,0.00022,0.00000,3.7,0.00004,1,,,,,0.00022,0.00001,3.5,0.00004
1448,1,,,,,0.00022,0.00000,3.6,0.00004,1,,,,,0.00022,0.00000,3.5,0.00004
1449,1,,,,,0.00022,0.00000,3.6,0.00004,1,,,,,0.00022,0.00000,3.5,0.00004
1450,1,,,,,0.00022,0.00000,3.6,0.00004,1,,,,,0.00022,0.00000,3.5,0.00004
1451,1,,,,,0.00022,0.00001,3.6,0.00004,1,,,,,0.00022,0.00000,3.5,0.00004
1452,1,,,,,0.00022,0.00000,3.6,0.00004,1,,,,,0.00022,0.00000,3.5,0.00004
1453,1,,,,,0.00022,0.00000,3.6,0.00004,1,,,,,0.00022,0.00000,3.5,0.00004
1454,1,,,,,0.00022,0.00000,3.6,0.00004,1,,,,,0.00022,0.00000,3.5,0.00004
1455,1,,,,,0.00022,0.00000,3.6,0.00005,1,,,,,0.00022,0.00001,3.5,0.00004
1456,1,,,,,0.00022,0.00000,3.6,0.00004,1,,,,,0.00022,0.00000,3.6,0.00004
1457,1,,,,,0.00022,0.00000,3.7,0.00004,1,,,,,0.00022,0.00000,3.6,0.00004
1458,1,,,,,0.00022,0.00001,3.7,0.00004,1,,,,,0.00022,0.00000,3.6,0.00004
1459,1,,,,,0.00022,0.00000,3.7,0.00004,1,,,,,0.00022,0.00000,3.7,0.00004
1460,1,,,,,0.00022,0.00000,3.7,0.00005,1,,,,,0.00022,0.00000,3.7,0.00004
1461,1,,,,,0.00022,0.00000,3.7,0.00004,1,,,,,0.00022,0.00000,3.8,0.00004
1462,1,,,,,0.00022,0.00000,3.7,0.00004,1,,,,,0.00022,0.00001,3.8,0.00004
1463,1,,,,,0.00022,0.00001,3.7,0.00004,1,,,,,0.00022,0.00000,3.7,0.00004
1464,1,,,,,0.00022,0.00000,3.6,0.00004,1,,,,,0.00022,0.00000,3.7,0.00004
1465,1,,,,,0.00022,0.00000,3.6,0.00004,1,,,,,0.00022,0.00000,3.7,0.00004
1466,1,,,,,0.00022,0.00000,3.6,0.00004,1,,,,,0.00022,0.00000,3.7,0.00004
1467,1,,,,,0.00022,0.00000,3.6,0.00004,1,,,,,0.00022,0.00000,3.7,0.00004
1468,1,,,,,0.00022,0.00000,3.7,0.00004,1,,,,,0.00022,0.00000,3.7,0.00005
1469,1,,,,,0.00022,0.00000,3.6,0.00004,1,,,,,0.00022,0.00000,3.7,0.00004
1470,1,,,,,0.00022,0.00000,3.7,0.00004,1,,,,,0.00022,0.00000,3.7,0.00004
1471,1,,,,,0.00022,0.00001,3.6,0.00005,1,,,,,0.00022,0.00000,3.7,0.00004
1472,1,,,,,0.00022,0.00000,3.6,0.00005,1,,,,,0.00022,0.00000,3.7,0.00004
1473,1,,,,,0.00022,0.00000,3.7,0.00004,1,,,,,0.00022,0.00000,3.7,0.00004
1474,1,,,,,0.00022,0.00001,3.7,0.00005,1,,,,,0.00022,0.00001,3.7,0.00004
1475,1,,,,,0.00022,0.00000,3.6,0.00004,1,,,,,0.00022,0.00000,3.7,0.00004
1476,1,,,,,0.00022,0.00001,3.6,0.00005,1,,,,,0.00022,0.00000,3.7,0.00004
1477,1,,,,,0.00022,0.00000,3.6,0.00004,1,,,,,0.00022,0.00000,3.7,0.00004
1478,1,,,,,0.00022,0.00000,3.7,0.00004,1,,,,,0.00022,0.00000,3.7,0.00005
1479,1,,,,,0.00022,0.00001,3.7,0.00005,1,,,,,0.00022,0.00000,3.7,0.00005
1480,1,,,,,0.00022,0.00000,3.5,0.00004,1,,,,,0.00022,0.00000,3.8,0.00004
1481,1,,,,,0.00022,0.00000,3.5,0.00004,1,,,,,0.00022,0.00000,3.7,0.00005
1482,1,,,,,0.00022,0.00000,3.5,0.00004,1,,,,,0.00022,0.00001,3.7,0.00004
1483,1,,,,,0.00022,0.00000,3.5,0.00004,1,,,,,0.00022,0.00000,3.7,0.00004
1484,1,,,,,0.00022,0.00001,3.5,0.00004,1,,,,,0.00022,0.00000,3.7,0.00004
1485,1,,,,,0.00022,0.00000,3.5,0.00004,1,,,,,0.00022,0.00000,3.8,0.00004
1486,1,,,,,0.00022,0.00000,3.5,0.00004,1,,,,,0.00022,0.00000,3.5,0.00004
1487,1,,,,,0.00022,0.00000,3.5,0.00004,1,,,,,0.00022,0.00000,3.4,0.00004
1488,1,,,,,0.00022,0.00000,3.7,0.00004,1,,,,,0.00022,0.00000,3.5,0.00004
1489,1,,,,,0.00022,0.00001,3.5,0.00004,1,,,,,0.00022,0.00000,3.5,0.00004
1490,1,,,,,0.00022,0.00000,3.5,0.00004,1,,,,,0.00022,0.00000,3.5,0.00004
1491,1,,,,,0.00022,0.00001,3.5,0.00004,1,,,,,0.00022,0.00000,3.5,0.00004
1492,1,,,,,0.00022,0.00001,3.5,0.00004,1,,,,,0.00022,0.00000,3.5,0.00004
1493,1,,,,,0.00022,0.00000,3.4,0.00004,1,,,,,0.00022,0.00000,3.5,0.00004
1494,1,,,,,0.00022,0.00001,3.7,0.00004,1,,,,,0.00022,0.00000,3.5,0.00004
1495,1,,,,,0.00022,0.00001,3.5,0.00004,1,,,,,0.00022,0.00000,3.5,0.00004
1496,1,,,,,0.00022,0.00000,3.5,0.00004,1,,,,,0.00022,0.00000,3.5,0.00004
1497,1,,,,,0.00022,0.00000,3.5,0.00004,1,,,,,0.00022,0.00000,3.5,0.00004
1498,1,,,,,0.00022,0.00000,3.5,0.00004,1,,,,,0.00022,0.00000,3.4,0.00004
1499,1,,,,,0.00022,0.00000,3.5,0.00004,1,,,,,0.00022,0.00000,3.5,0.00004
1500,1,,,,,0.00022,0.00000,3.6,0.00004,1,,,,,0.00022,0.00000,3.5,0.00004
1501,1,,,,,0.00022,0.00000,3.6,0.00004,1,,,,,0.00022,0.00000,3.7,0.00004
1502,1,,,,,0.00022,0.00000,3.7,0.00004,1,,,,,0.00022,0.00001,3.7,0.00004
1503,1,,,,,0.00022,0.00000,3.6,0.00004,1,,,,,0.00022,0.00001,3.6,0.00004
1504,1,,,,,0.00022,0.00000,3.6,0.00004,1,,,,,0.00022,0.00000,3.6,0.00004
1505,1,,,,,0.00022,0.00000,3.6,0.00004,1,,,,,0.00022,0.00000,3.6,0.00004
1506,1,,,,,0.00022,0.00000,3.7,0.00005,1,,,,,0.00022,0.00000,3.7,0.00004
1507,1,,,,,0.00022,0.00000,3.6,0.00004,1,,,,,0.00022,0.00001,3.7,0.00004
1508,1,,,,,0.00022,0.00000,3.7,0.00004,1,,,,,0.00022,0.00001,3.6,0.00004
1509,1,,,,,0.00022,0.00000,3.7,0.00005,1,,,,,0.00022,0.00000,3.7,0.00004
1510,1,,,,,0.00022,0.00000,3.6,0.00005,1,,,,,0.00022,0.00000,3.7,0.00004
1511,1,,,,,0.00022,0.00001,3.6,0.00005,1,,,,,0.00022,0.00000,3.6,0.00004
1512,1,,,,,0.00022,0.00000,3.6,0.00005,1,,,,,0.00022,0.00000,3.6,0.00004
1513,1,,,,,0.00022,0.00000,3.7,0.00004,1,,,,,0.00022,0.00000,3.7,0.00004
1514,1,,,,,0.00022,0.00000,3.6,0.00005,1,,,,,0.00022,0.00000,3.6,0.00004
1515,1,,,,,0.00022,0.00001,3.7,0.00005,1,,,,,0.00022,0.00000,3.7,0.00004
1516,1,,,,,0.00022,0.00000,3.6,0.00004,1,,,,,0.00022,0.00000,3.5,0.00004
1517,1,,,,,0.00022,0.00000,3.7,0.00004,1,,,,,0.00022,0.00000,3.5,0.00004
1518,1,,,,,0.00022,0.00001,3.6,0.00004,1,,,,,0.00022,0.00000,3.5,0.00004
1519,1,,,,,0.00022,0.00000,3.6,0.00004,1,,,,,0.00022,0.00000,3.5,0.00004
1520,1,,,,,0.00022,0.00000,3.6,0.00004,1,,,,,0.00022,0.00000,3.5,0.00004
1521,1,,,,,0.00022,0.00000,3.5,0.00004,1,,,,,0.00022,0.00000,3.5,0.00004
1522,1,,,,,0.00022,0.00000,3.6,0.00004,1,,,,,0.00022,0.00000,3.4,0.00004
1523,1,,,,,0.00022,0.00001,3.5,0.00004,1,,,,,0.00022,0.00000,3.5,0.00004
1524,1,,,,,0.00022,0.00001,3.6,0.00004,1,,,,,0.00022,0.00000,3.5,0.00004
1525,1,,,,,0.00022,0.00001,3.6,0.00004,1,,,,,0.00022,0.00000,3.5,0.00004
1526,1,,,,,0.00022,0.00000,3.6,0.00004,1,,,,,0.00022,0.00000,3.5,0.00004
1527,1,,,,,0.00022,0.00001,3.7,0.00004,1,,,,,0.00022,0.00000,3.5,0.00004
1528,1,,,,,0.00022,0.00000,3.6,0.00004,1,,,,,0.00022,0.00000,3.5,0.00004
1529,1,,,,,0.00022,0.00000,3.6,0.00004,1,,,,,0.00022,0.00000,3.4,0.00004
1530,1,,,,,0.00022,0.00000,3.5,0.00004,1,,,,,0.00022,0.00000,3.4,0.00004
1531,1,,,,,0.00022,0.00000,3.5,0.00004,1,,,,,0.00022,0.00000,3.4,0.00004
1532,1,,,,,0.00022,0.00000,3.5,0.00004,1,,,,,0.00022,0.00000,3.5,0.00004
1533,1,,,,,0.00022,0.00000,3.5,0.00004,1,,,,,0.00022,0.00001,3.5,0.00004
1534,1,,,,,0.00022,0.00000,3.5,0.00004,1,,,,,0.00022,0.00001,3.5,0.00004
1535,1,,,,,0.00022,0.00001,3.5,0.00004,1,,,,,0.00022,0.00000,3.4,0.00004
1536,1,,,,,0.00022,0.00000,3.7,0.00004,1,,,,,0.00022,0.00000,3.5,0.00004
1537,1,,,,,0.00022,0.00000,3.6,0.00004,1,,,,,0.00022,0.00000,3.5,0.00004
1538,1,,,,,0.00022,0.00000,3.5,0.00004,1,,,,,0.00022,0.00000,3.5,0.00004
1539,1,,,,,0.00022,0.00000,3.6,0.00004,1,,,,,0.00022,0.00000,3.5,0.00004
1540,1,,,,,0.00022,0.00000,3.6,0.00004,1,,,,,0.00022,0.00000,3.5,0.00004
1541,1,,,,,0.00022,0.00000,3.6,0.00004,1,,,,,0.00022,0.00000,3.5,0.00004
1542,1,,,,,0.00022,0.00000,3.6,0.00004,1,,,,,0.00022,0.00001,3.4,0.00004
1543,1,,,,,0.00022,0.00000,3.6,0.00004,1,,,,,0.00022,0.00000,3.5,0.00004
1544,1,,,,,0.00022,0.00000,3.7,0.00005,1,,,,,0.00022,0.00000,3.5,0.00004
1545,1,,,,,0.00022,0.00000,3.6,0.00004,1,,,,,0.00022,0.00000,3.5,0.00004
1546,1,,,,,0.00022,0.00000,3.7,0.00005,1,,,,,0.00022,0.00000,3.4,0.00004
1547,1,,,,,0.00022,0.00000,3.6,0.00004,1,,,,,0.00022,0.00001,3.4,0.00004
1548,1,,,,,0.00022,0.00000,3.6,0.00004,1,,,,,0.00022,0.00000,3.5,0.00004
1549,1,,,,,0.00022,0.00001,3.6,0.00004,1,,,,,0.00022,0.00000,3.4,0.00004
1550,1,,,,,0.00022,0.00000,3.6,0.00004,1,,,,,0.00022,0.00000,3.4,0.00004
1551,1,,,,,0.00022,0.00000,3.6,0.00004,1,,,,,0.00022,0.00000,3.4,0.00004
1552,1,,,,,0.00022,0.00000,3.8,0.00005,1,,,,,0.00022,0.00000,3.4,0.00004
1553,1,,,,,0.00022,0.00000,3.7,0.00004,1,,,,,0.00022,0.00001,3.4,0.00004
1554,1,,,,,0.00022,0.00000,3.7,0.00005,1,,,,,0.00022,0.00000,3.4,0.00004
1555,1,,,,,0.00022,0.00000,3.5,0.00004,1,,,,,0.00022,0.00000,3.4,0.00004
1556,1,,,,,0.00022,0.00000,3.6,0.00004,1,,,,,0.00022,0.00000,3.5,0.00004
1557,1,,,,,0.00022,0.00000,3.5,0.00004,1,,,,,0.00022,0.00000,3.4,0.00004
1558,1,,,,,0.00022,0.00000,3.6,0.00004,1,,,,,0.00022,0.00000,3.4,0.00004
1559,1,,,,,0.00022,0.00001,3.6,0.00004,1,,,,,0.00022,0.00000,3.4,0.00004
1560,1,,,,,0.00022,0.00000,3.6,0.00004,1,,,,,0.00022,0.00000,3.4,0.00004
1561,1,,,,,0.00022,0.00000,3.5,0.00004,1,,,,,0.00022,0.00000,3.4,0.00004
1562,1,,,,,0.00022,0.00000,3.5,0.00004,1,,,,,0.00022,0.00001,3.5,0.00004
1563,1,,,,,0.00022,0.00001,3.6,0.00004,1,,,,,0.00022,0.00001,3.4,0.00004
1564,1,,,,,0.00022,0.00000,3.5,0.00004,1,,,,,0.00022,0.00000,3.5,0.00004
1565,1,,,,,0.00022,0.00001,3.5,0.00004,1,,,,,0.00022,0.00000,3.5,0.00004
1566,1,,,,,0.00022,0.00000,3.6,0.00004,1,,,,,0.00022,0.00000,3.5,0.00004
1567,1,,,,,0.00022,0.00001,3.6,0.00004,1,,,,,0.00022,0.00001,3.5,0.00004
1568,1,,,,,0.00022,0.00000,3.6,0.00004,1,,,,,0.00022,0.00000,3.5,0.00004
1569,1,,,,,0.00022,0.00000,3.7,0.00004,1,,,,,0.00022,0.00000,3.4,0.00004
1570,1,,,,,0.00022,0.00000,3.7,0.00004,1,,,,,0.00022,0.00000,3.5,0.00004
1571,1,,,,,0.00022,0.00000,3.7,0.00004,1,,,,,0.00022,0.00000,3.5,0.00004
1572,1,,,,,0.00022,0.00001,3.7,0.00005,1,,,,,0.00022,0.00000,3.5,0.00004
1573,1,,,,,0.00022,0.00000,3.7,0.00004,1,,,,,0.00022,0.00000,3.4,0.00004
1574,1,,,,,0.00022,0.00000,3.7,0.00004,1,,,,,0.00022,0.00000,3.5,0.00004
1575,1,,,,,0.00022,0.00000,3.7,0.00004,1,,,,,0.00022,0.00000,3.5,0.00004
1576,1,,,,,0.00022,0.00000,3.7,0.00004,1,,,,,0.00022,0.00000,3.4,0.00004
1577,1,,,,,0.00022,0.00001,3.7,0.00004,1,,,,,0.00022,0.00000,3.7,0.00004
1578,1,,,,,0.00022,0.00000,3.7,0.00004,1,,,,,0.00022,0.00001,3.7,0.00004
1579,1,,,,,0.00022,0.00000,3.7,0.00004,1,,,,,0.00022,0.00000,3.7,0.00004
1580,1,,,,,0.00022,0.00000,3.7,0.00005,1,,,,,0.00022,0.00000,3.6,0.00004
1581,1,,,,,0.00022,0.00000,3.6,0.00004,1,,,,,0.00022,0.00000,3.7,0.00004
1582,1,,,,,0.00022,0.00000,3.6,0.00004,1,,,,,0.00022,0.00000,3.6,0.00004
1583,1,,,,,0.00022,0.00000,3.7,0.00004,1,,,,,0.00022,0.00001,3.6,0.00004
1584,1,,,,,0.00022,0.00001,3.7,0.00005,1,,,,,0.00022,0.00000,3.7,0.00004
1585,1,,,,,0.00022,0.00001,3.7,0.00004,1,,,,,0.00022,0.00000,3.7,0.00004
1586,1,,,,,0.00022,0.00000,3.7,0.00004,1,,,,,0.00022,0.00000,3.7,0.00004
1587,1,,,,,0.00022,0.00000,3.7,0.00005,1,,,,,0.00022,0.00001,3.7,0.00004
1588,1,,,,,0.00022,0.00001,3.7,0.00004,1,,,,,0.00022,0.00000,3.7,0.00004
1589,1,,,,,0.00022,0.00001,3.7,0.00005,1,,,,,0.00022,0.00000,3.6,0.00004
1590,1,,,,,0.00022,0.00001,3.8,0.00004,1,,,,,0.00022,0.00001,3.7,0.00004
1591,1,,,,,0.00022,0.00000,3.7,0.00005,1,,,,,0.00022,0.00000,3.7,0.00004
1592,1,,,,,0.00022,0.00000,3.7,0.00005,1,,,,,0.00022,0.00000,3.7,0.00004
1593,1,,,,,0.00022,0.00000,3.7,0.00004,1,,,,,0.00022,0.00000,3.7,0.00004
1594,1,,,,,0.00022,0.00001,3.6,0.00004,1,,,,,0.00022,0.00000,3.7,0.00004
1595,1,,,,,0.00022,0.00000,3.5,0.00004,1,,,,,0.00022,0.00000,3.6,0.00004
1596,1,,,,,0.00022,0.00000,3.6,0.00004,1,,,,,0.00022,0.00001,3.6,0.00004
1597,1,,,,,0.00022,0.00001,3.4,0.00004,1,,,,,0.00022,0.00000,3.4,0.00004
1598,1,,,,,0.00022,0.00001,3.4,0.00004,1,,,,,0.00022,0.00000,3.6,0.00004
1599,1,,,,,0.00022,0.00001,3.6,0.00004,1,,,,,0.00022,0.00000,3.5,0.00004
1600,1,,,,,0.00022,0.00000,3.5,0.00004,1,,,,,0.00022,0.00000,3.5,0.00004
1601,1,,,,,0.00022,0.00000,3.7,0.00004,1,,,,,0.00022,0.00000,3.7,0.00004
1602,1,,,,,0.00022,0.00000,3.5,0.00004,1,,,,,0.00022,0.00000,3.5,0.00004
1603,1,,,,,0.00022,0.00001,3.5,0.00004,1,,,,,0.00022,0.00000,3.4,0.00004
1604,1,,,,,0.00022,0.00000,3.5,0.00004,1,,,,,0.00022,0.00000,3.5,0.00004
1605,1,,,,,0.00022,0.00000,3.5,0.00004,1,,,,,0.00022,0.00000,3.5,0.00004
1606,1,,,,,0.00022,0.00000,3.5,0.00004,1,,,,,0.00022,0.00000,3.5,0.00004
1607,1,,,,,0.00022,0.00000,3.4,0.00004,1,,,,,0.00022,0.00000,3.6,0.00004
1608,1,,,,,0.00022,0.00000,3.4,0.00004,1,,,,,0.00022,0.00001,3.5,0.00004
1609,1,,,,,0.00022,0.00000,3.5,0.00004,1,,,,,0.00022,0.00000,3.5,0.00004
1610,1,,,,,0.00022,0.00000,3.5,0.00004,1,,,,,0.00022,0.00001,3.5,0.00004
1611,1,,,,,0.00022,0.00000,3.5,0.00004,1,,,,,0.00022,0.00001,3.6,0.00004
1612,1,,,,,0.00022,0.00000,3.4,0.00004,1,,,,,0.00022,0.00000,3.5,0.00004
1613,1,,,,,0.00022,0.00000,3.4,0.00004,1,,,,,0.00022,0.00001,3.5,0.00004
1614,1,,,,,0.00022,0.00000,3.5,0.00004,1,,,,,0.00022,0.00001,3.5,0.00004
1615,1,,,,,0.00022,0.00000,3.4,0.00004,1,,,,,0.00022,0.00000,3.5,0.00004
1616,1,,,,,0.00022,0.00000,3.5,0.00004,1,,,,,0.00022,0.00000,3.5,0.00004
1617,1,,,,,0.00022,0.00000,3.4,0.00004,1,,,,,0.00022,0.00000,3.5,0.00004
1618,1,,,,,0.00022,0.00000,3.4,0.00004,1,,,,,0.00022,0.00000,3.6,0.00004
1619,1,,,,,0.00022,0.00000,3.4,0.00004,1,,,,,0.00022,0.00000,3.5,0.00004
1620,1,,,,,0.00022,0.00000,3.5,0.00004,1,,,,,0.00022,0.00000,3.5,0.00004
1621,1,,,,,0.00022,0.00000,3.4,0.00004,1,,,,,0.00022,0.00000,3.5,0.00004
1622,1,,,,,0.00022,0.00000,3.5,0.00004,1,,,,,0.00022,0.00000,3.5,0.00004
1623,1,,,,,0.00022,0.00000,3.4,0.00004,1,,,,,0.00022,0.00000,3.5,0.00004
1624,1,,,,,0.00022,0.00000,3.4,0.00004,1,,,,,0.00022,0.00000,3.5,0.00004
1625,1,,,,,0.00022,0.00001,3.5,0.00004,1,,,,,0.00022,0.00000,3.5,0.00004
1626,1,,,,,0.00022,0.00000,3.5,0.00004,1,,,,,0.00022,0.00000,3.5,0.00004
1627,1,,,,,0.00022,0.00000,3.4,0.00004,1,,,,,0.00022,0.00000,3.5,0.00004
1628,1,,,,,0.00022,0.00000,3.5,0.00004,1,,,,,0.00022,0.00000,3.4,0.00004
1629,1,,,,,0.00022,0.00000,3.5,0.00004,1,,,,,0.00022,0.00000,3.5,0.00004
1630,1,,,,,0.00022,0.00000,3.4,0.00004,1,,,,,0.00022,0.00000,3.5,0.00004
1631,1,,,,,0.00022,0.00000,3.4,0.00004,1,,,,,0.00022,0.00000,3.5,0.00004
1632,1,,,,,0.00022,0.00000,3.5,0.00004,1,,,,,0.00022,0.00000,3.5,0.00004
1633,1,,,,,0.00022,0.00000,3.5,0.00004,1,,,,,0.00022,0.00000,3.5,0.00004
1634,1,,,,,0.00022,0.00000,3.5,0.00004,1,,,,,0.00022,0.00000,3.6,0.00004
1635,1,,,,,0.00022,0.00000,3.4,0.00004,1,,,,,0.00022,0.00000,3.5,0.00004
1636,1,,,,,0.00022,0.00000,3.5,0.00004,1,,,,,0.00022,0.00000,3.5,0.00004
1637,1,,,,,0.00022,0.00000,3.5,0.00004,1,,,,,0.00022,0.00000,3.5,0.00004
1638,1,,,,,0.00022,0.00000,3.5,0.00004,1,,,,,0.00022,0.00000,3.5,0.00004
1639,1,,,,,0.00022,0.00000,3.5,0.00004,1,,,,,0.00022,0.00001,3.5,0.00004
1640,1,,,,,0.00022,0.00001,3.5,0.00004,1,,,,,0.00022,0.00000,3.5,0.00004
1641,1,,,,,0.00022,0.00000,3.4,0.00004,1,,,,,0.00022,0.00000,3.5,0.00004
1642,1,,,,,0.00022,0.00000,3.5,0.00004,1,,,,,0.00022,0.00000,3.5,0.00004
1643,1,,,,,0.00022,0.00000,3.5,0.00004,1,,,,,0.00022,0.00000,3.5,0.00004
1644,1,,,,,0.00022,0.00000,3.4,0.00004,1,,,,,0.00022,0.00000,3.5,0.00004
1645,1,,,,,0.00022,0.00000,3.5,0.00004,1,,,,,0.00022,0.00000,3.5,0.00004
1646,1,,,,,0.00022,0.00000,3.4,0.00004,1,,,,,0.00022,0.00000,3.5,0.00004
1647,1,,,,,0.00022,0.00001,3.5,0.00004,1,,,,,0.00022,0.00000,3.5,0.00004
1648,1,,,,,0.00022,0.00001,3.5,0.00004,1,,,,,0.00022,0.00000,3.5,0.00004
1649,1,,,,,0.00022,0.00001,3.5,0.00004,1,,,,,0.00022,0.00000,3.5,0.00004
1650,1,,,,,0.00022,0.00000,3.5,0.00004,1,,,,,0.00022,0.00000,3.5,0.00004
1651,1,,,,,0.00022,0.00000,3.6,0.00004,1,,,,,0.00022,0.00000,3.5,0.00004
1652,1,,,,,0.00022,0.00000,3.7,0.00004,1,,,,,0.00022,0.00000,3.7,0.00004
1653,1,,,,,0.00022,0.00000,3.7,0.00004,1,,,,,0.00022,0.00000,3.8,0.00004
1654,1,,,,,0.00022,0.00001,3.8,0.00004,1,,,,,0.00022,0.00001,3.7,0.00004
1655,1,,,,,0.00022,0.00001,3.7,0.00004,1,,,,,0.00022,0.00000,3.8,0.00004
1656,1,,,,,0.00022,0.00000,3.7,0.00004,1,,,,,0.00022,0.00000,3.8,0.00004
1657,1,,,,,0.00022,0.00000,3.7,0.00004,1,,,,,0.00022,0.00000,3.8,0.00004
1658,1,,,,,0.00022,0.00001,3.7,0.00004,1,,,,,0.00022,0.00000,3.8,0.00004
1659,1,,,,,0.00022,0.00000,3.7,0.00004,1,,,,,0.00022,0.00000,3.8,0.00004
1660,1,,,,,0.00022,0.00000,3.8,0.00005,1,,,,,0.00022,0.00000,3.8,0.00005
1661,1,,,,,0.00022,0.00000,3.7,0.00004,1,,,,,0.00022,0.00000,3.8,0.00004
1662,1,,,,,0.00022,0.00000,3.7,0.00004,1,,,,,0.00022,0.00000,3.7,0.00004
1663,1,,,,,0.00022,0.00001,3.7,0.00004,1,,,,,0.00022,0.00000,3.7,0.00004
1664,1,,,,,0.00022,0.00001,3.7,0.00004,1,,,,,0.00022,0.00000,3.8,0.00004
1665,1,,,,,0.00022,0.00001,3.7,0.00004,1,,,,,0.00022,0.00001,3.7,0.00004
1666,1,,,,,0.00022,0.00001,3.7,0.00004,1,,,,,0.00022,0.00000,3.8,0.00004
1667,1,,,,,0.00022,0.00001,3.6,0.00004,1,,,,,0.00022,0.00000,3.8,0.00004
1668,1,,,,,0.00022,0.00001,3.7,0.00004,1,,,,,0.00022,0.00000,3.8,0.00004
1669,1,,,,,0.00022,0.00000,3.7,0.00004,1,,,,,0.00022,0.00000,3.7,0.00004
1670,1,,,,,0.00022,0.00001,3.6,0.00004,1,,,,,0.00022,0.00000,3.6,0.00004
1671,1,,,,,0.00022,0.00000,3.5,0.00004,1,,,,,0.00022,0.00000,3.6,0.00004
1672,1,,,,,0.00022,0.00001,3.7,0.00004,1,,,,,0.00022,0.00001,3.6,0.00004
1673,1,,,,,0.00022,0.00000,3.6,0.00004,1,,,,,0.00022,0.00001,3.6,0.00004
1674,1,,,,,0.00022,0.00000,3.5,0.00004,1,,,,,0.00022,0.00000,3.6,0.00004
1675,1,,,,,0.00022,0.00000,3.6,0.00004,1,,,,,0.00022,0.00000,3.6,0.00004
1676,1,,,,,0.00022,0.00001,3.6,0.00004,1,,,,,0.00022,0.00001,3.6,0.00005
1677,1,,,,,0.00022,0.00000,3.7,0.00004,1,,,,,0.00022,0.00000,3.7,0.00004
1678,1,,,,,0.00022,0.00000,3.7,0.00004,1,,,,,0.00022,0.00000,3.7,0.00004
1679,1,,,,,0.00022,0.00000,3.6,0.00004,1,,,,,0.00022,0.00001,3.6,0.00004
1680,1,,,,,0.00022,0.00001,3.5,0.00004,1,,,,,0.00022,0.00001,3.6,0.00004
1681,1,,,,,0.00022,0.00001,3.8,0.00004,1,,,,,0.00022,0.00000,3.7,0.00004
1682,1,,,,,0.00022,0.00001,3.7,0.00004,1,,,,,0.00022,0.00001,3.8,0.00004
1683,1,,,,,0.00022,0.00001,3.8,0.00004,1,,,,,0.00022,0.00000,3.7,0.00004
1684,1,,,,,0.00022,0.00000,3.7,0.00004,1,,,,,0.00022,0.00000,3.7,0.00004
1685,1,,,,,0.00022,0.00000,3.7,0.00004,1,,,,,0.00022,0.00001,3.7,0.00004
1686,1,,,,,0.00022,0.00000,3.8,0.00005,1,,,,,0.00022,0.00001,3.7,0.00004
1687,1,,,,,0.00022,0.00000,3.7,0.00004,1,,,,,0.00022,0.00000,3.7,0.00004
1688,1,,,,,0.00022,0.00000,3.7,0.00004,1,,,,,0.00022,0.00000,3.7,0.00005
1689,1,,,,,0.00022,0.00000,3.7,0.00004,1,,,,,0.00022,0.00000,3.7,0.00004
1690,1,,,,,0.00022,0.00000,3.7,0.00004,1,,,,,0.00022,0.00000,3.7,0.00004
1691,1,,,,,0.00022,0.00000,3.8,0.00004,1,,,,,0.00022,0.00000,3.7,0.00004
1692,1,,,,,0.00022,0.00001,3.7,0.00004,1,,,,,0.00022,0.00000,3.7,0.00004
1693,1,,,,,0.00022,0.00000,3.7,0.00004,1,,,,,0.00022,0.00000,3.7,0.00004
1694,1,,,,,0.00022,0.00000,3.8,0.00004,1,,,,,0.00022,0.00001,3.7,0.00004
1695,1,,,,,0.00022,0.00001,3.8,0.00004,1,,,,,0.00022,0.00001,3.7,0.00004
1696,1,,,,,0.00022,0.00001,3.8,0.00005,1,,,,,0.00022,0.00000,3.7,0.00004
1697,1,,,,,0.00022,0.00000,3.7,0.00004,1,,,,,0.00022,0.00000,3.7,0.00004
1698,1,,,,,0.00022,0.00001,3.8,0.00004,1,,,,,0.00022,0.00000,3.7,0.00005
1699,1,,,,,0.00022,0.00001,3.7,0.00004,1,,,,,0.00022,0.00000,3.6,0.00004
1700,1,,,,,0.00022,0.00000,3.7,0.00004,1,,,,,0.00022,0.00001,3.7,0.00004
1701,1,,,,,0.00022,0.00000,3.7,0.00004,1,,,,,0.00022,0.00000,3.7,0.00004
1702,1,,,,,0.00022,0.00000,3.7,0.00004,1,,,,,0.00022,0.00000,3.6,0.00004
1703,1,,,,,0.00022,0.00000,3.8,0.00004,1,,,,,0.00022,0.00000,3.5,0.00004
1704,1,,,,,0.00022,0.00000,3.7,0.00004,1,,,,,0.00022,0.00000,3.5,0.00004
1705,1,,,,,0.00022,0.00000,3.8,0.00004,1,,,,,0.00022,0.00000,3.4,0.00004
1706,1,,,,,0.00022,0.00000,3.7,0.00004,1,,,,,0.00022,0.00000,3.4,0.00004
1707,1,,,,,0.00022,0.00001,3.8,0.00004,1,,,,,0.00022,0.00000,3.4,0.00004
1708,1,,,,,0.00022,0.00000,3.8,0.00004,1,,,,,0.00022,0.00000,3.5,0.00004
1709,1,,,,,0.00545,0.00001,217.1,0.00000,1,,,,,0.00022,0.00000,3.5,0.00004
1710,1,,,,,0.00559,0.00034,930.7,0.00100,1,,,,,0.00022,0.00000,3.4,0.00004
1711,1,,,,,0.01405,0.00367,1490.7,0.00027,1,,,,,0.00022,0.00001,3.4,0.00004
1712,1,,,,,0.03384,0.00244,479.8,0.00000,1,,,,,0.00022,0.00000,3.4,0.00004
1713,1,,,,,0.03961,0.00123,435.0,0.00001,1,,,,,0.00022,0.00000,3.4,0.00004
1714,1,,,,,0.04879,0.00661,443.1,0.00000,1,,,,,0.00022,0.00000,3.4,0.00004
1715,1,,,,,0.01306,0.00039,320.9,0.00000,1,,,,,0.00022,0.00001,3.5,0.00004
1716,1,,,,,0.00023,0.00004,4.4,0.00005,1,,,,,0.00022,0.00000,3.4,0.00004
1717,1,,,,,0.00199,0.00000,5629.1,0.05702,1,,,,,0.00022,0.00000,3.5,0.00004
1718,1,,,,,0.02152,0.00347,4457.6,0.08486,1,,,,,0.00022,0.00000,3.5,0.00004
1719,1,,,,,0.07841,0.01115,441.3,0.00000,1,,,,,0.00022,0.00000,3.5,0.00004
1720,1,,,,,0.02178,0.00002,308.9,0.00000,1,,,,,0.00022,0.00000,3.5,0.00004
1721,1,,,,,0.01254,0.00108,5047.2,0.07092,1,,,,,0.00022,0.00000,3.5,0.00004
1722,1,,,,,0.03447,0.03649,454.2,0.00090,1,,,,,0.00022,0.00000,3.5,0.00004
1723,1,,,,,0.01922,0.00261,205.3,0.00000,1,,,,,0.00022,0.00000,3.5,0.00004
1724,1,,,,,0.04307,0.00019,410.1,0.00001,1,,,,,0.00022,0.00000,3.5,0.00004
1725,1,,,,,0.02928,0.00046,221.8,0.00000,1,,,,,0.00022,0.00000,3.7,0.00004
1726,1,,,,,0.03096,0.00240,322.8,0.00003,1,,,,,0.00022,0.00000,3.7,0.00004
1727,1,,,,,0.04822,0.00036,375.7,0.00000,1,,,,,0.00022,0.00000,3.7,0.00004
1728,1,,,,,0.02533,0.00263,293.9,0.00012,1,,,,,0.00022,0.00000,3.7,0.00004
1729,1,,,,,0.02064,0.00020,429.3,0.00005,1,,,,,0.00022,0.00000,3.7,0.00004
1730,1,,,,,0.00547,0.00013,167.6,0.00000,1,,,,,0.00022,0.00001,3.7,0.00004
1731,1,,,,,0.05138,0.00001,580.2,0.00001,1,,,,,0.00022,0.00000,3.9,0.00004
1732,1,,,,,0.04316,0.00146,560.9,0.00002,1,,,,,0.00022,0.00000,3.7,0.00004
1733,1,,,,,0.03342,0.01237,487.9,0.00003,1,,,,,0.00022,0.00000,3.7,0.00004
1734,1,,,,,0.01922,0.00099,254.4,0.00000,1,,,,,0.00022,0.00001,3.8,0.00005
1735,1,,,,,0.06385,0.00000,446.2,0.00000,1,,,,,0.00022,0.00001,3.8,0.00004
1736,1,,,,,0.03388,0.01170,4096.6,0.03270,1,,,,,0.00022,0.00001,3.7,0.00004
1737,1,,,,,0.00409,0.00093,4772.6,0.08005,1,,,,,0.00022,0.00000,3.7,0.00004
1738,1,,,,,0.02522,0.00072,398.4,0.00015,1,,,,,0.00022,0.00000,3.7,0.00004
1739,1,,,,,0.07922,0.00779,450.4,0.00000,1,,,,,0.00022,0.00000,3.6,0.00004
1740,1,,,,,0.01457,0.00033,4717.1,0.03385,1,,,,,0.00022,0.00000,3.7,0.00004
1741,1,,,,,0.01950,0.00192,225.5,0.00029,1,,,,,0.00022,0.00000,3.7,0.00004
1742,1,,,,,0.03511,0.00148,535.0,0.00013,1,,,,,0.00022,0.00000,3.7,0.00004
1743,1,,,,,0.02512,0.00408,327.0,0.00003,1,,,,,0.00022,0.00001,3.7,0.00004
1744,1,,,,,0.01294,0.00764,3284.0,0.00876,1,,,,,0.00022,0.00000,3.8,0.00004
1745,1,,,,,0.02067,0.00003,260.8,0.00000,1,,,,,0.00022,0.00001,3.7,0.00004
1746,1,,,,,0.02072,0.00254,343.1,0.00000,1,,,,,0.00022,0.00000,3.5,0.00004
1747,1,,,,,0.01557,0.00030,206.4,0.00003,1,,,,,0.00022,0.00000,3.4,0.00004
1748,1,,,,,0.03949,0.00683,523.8,0.00001,1,,,,,0.00022,0.00000,3.7,0.00004
1749,1,,,,,0.02030,0.00210,391.7,0.00002,1,,,,,0.00022,0.00001,3.6,0.00004
1750,1,,,,,0.02149,0.00276,265.8,0.00000,1,,,,,0.00022,0.00000,3.5,0.00004
1751,1,,,,,0.00197,0.00001,2833.1,0.00105,1,,,,,0.00022,0.00000,3.6,0.00004
1752,1,,,,,0.00032,0.00029,110.7,0.00014,1,,,,,0.00022,0.00001,3.4,0.00004
1753,1,,,,,0.01993,0.00001,563.9,0.00004,1,,,,,0.00022,0.00000,3.5,0.00004
1754,1,,,,,0.03458,0.00200,236.9,0.00000,1,,,,,0.00022,0.00000,3.4,0.00004
1755,1,,,,,0.03739,0.00146,303.8,0.00000,1,,,,,0.00022,0.00000,3.4,0.00004
1756,1,,,,,0.05193,0.00439,444.7,0.00003,1,,,,,0.00022,0.00001,3.4,0.00004
1757,1,,,,,0.00317,0.00168,1891.5,0.03665,1,,,,,0.00022,0.00001,3.4,0.00004
1758,1,,,,,0.01995,0.00055,498.2,0.00190,1,,,,,0.00022,0.00000,3.4,0.00004
1759,1,,,,,0.02598,0.00151,501.0,0.00002,1,,,,,0.00022,0.00000,3.5,0.00004
1760,1,,,,,0.00768,0.00010,240.5,0.00000,1,,,,,0.00022,0.00000,3.5,0.00005
1761,1,,,,,0.03699,0.00093,457.9,0.00001,1,,,,,0.00022,0.00000,3.4,0.00004
1762,1,,,,,0.03297,0.00083,253.3,0.00000,1,,,,,0.00022,0.00000,3.4,0.00004
1763,1,,,,,0.06064,0.00014,432.5,0.00000,1,,,,,0.00022,0.00000,3.5,0.00004
1764,1,,,,,0.02465,0.00688,487.6,0.00001,1,,,,,0.00022,0.00001,3.6,0.00004
1765,1,,,,,0.02743,0.00099,385.1,0.00002,1,,,,,0.00022,0.00000,3.5,0.00004
1766,1,,,,,0.00786,0.00043,5202.5,0.03141,1,,,,,0.00022,0.00000,3.4,0.00004
1767,1,,,,,0.00190,0.00312,5227.2,0.12036,1,,,,,0.00022,0.00000,3.5,0.00005
1768,1,,,,,0.02456,0.00000,370.4,0.00017,1,,,,,0.00022,0.00001,3.4,0.00004
1769,1,,,,,0.04641,0.00431,375.7,0.00001,1,,,,,0.00022,0.00000,3.7,0.00005
1770,1,,,,,0.03181,0.00075,328.9,0.00026,1,,,,,0.00022,0.00000,3.5,0.00004
1771,1,,,,,0.00566,0.00613,7724.3,0.14948,1,,,,,0.00022,0.00000,3.4,0.00004
1772,1,,,,,0.06548,0.00739,515.0,0.00014,1,,,,,0.00022,0.00000,3.4,0.00004
1773,1,,,,,0.05273,0.03094,470.9,0.00001,1,,,,,0.00022,0.00000,3.4,0.00004
1774,1,,,,,0.04945,0.00060,433.0,0.00001,1,,,,,0.00022,0.00000,3.4,0.00004
1775,1,,,,,0.01925,0.00048,301.1,0.00002,1,,,,,0.00022,0.00000,3.4,0.00004
1776,1,,,,,0.03372,0.00076,446.2,0.00005,1,,,,,0.00022,0.00000,3.5,0.00004
1777,1,,,,,0.03454,0.00687,395.2,0.00002,1,,,,,0.00022,0.00001,3.4,0.00004
1778,1,,,,,0.01298,0.00008,246.9,0.00001,1,,,,,0.00022,0.00001,3.4,0.00004
1779,1,,,,,0.02706,0.00073,595.6,0.00002,1,,,,,0.00022,0.00000,3.4,0.00004
1780,1,,,,,0.03667,0.00217,627.0,0.00005,1,,,,,0.00022,0.00000,3.4,0.00004
1781,1,,,,,0.03601,0.00072,371.4,0.00002,1,,,,,0.00022,0.00000,3.4,0.00004
1782,1,,,,,0.01443,0.00244,335.5,0.00000,1,,,,,0.00022,0.00000,3.5,0.00004
1783,1,,,,,0.00035,0.00015,12.4,0.00009,1,,,,,0.00022,0.00000,3.4,0.00004
1784,1,,,,,0.00022,0.00000,3.2,0.00004,1,,,,,0.00022,0.00000,3.4,0.00004
1785,1,,,,,0.00022,0.00000,3.1,0.00004,1,,,,,0.00022,0.00000,3.4,0.00004
1786,1,,,,,0.00022,0.00000,3.1,0.00004,1,,,,,0.00022,0.00001,3.4,0.00004
1787,1,,,,,0.00022,0.00000,3.1,0.00004,1,,,,,0.00022,0.00000,3.5,0.00004
1788,1,,,,,0.00022,0.00000,3.1,0.00004,1,,,,,0.00022,0.00001,3.4,0.00005
1789,1,,,,,0.00022,0.00001,3.1,0.00004,1,,,,,0.00022,0.00000,3.5,0.00004
1790,1,,,,,0.00022,0.00001,3.2,0.00004,1,,,,,0.00022,0.00000,3.4,0.00004
1791,1,,,,,0.00022,0.00000,3.1,0.00004,1,,,,,0.00022,0.00000,3.4,0.00004
1792,1,,,,,0.00022,0.00000,3.2,0.00004,1,,,,,0.00022,0.00001,3.4,0.00004
1793,1,,,,,0.00022,0.00000,3.1,0.00004,1,,,,,0.00022,0.00000,3.5,0.00004
1794,1,,,,,0.00022,0.00000,3.2,0.00004,1,,,,,0.00022,0.00000,3.5,0.00004
1795,1,,,,,0.00022,0.00000,3.1,0.00004,1,,,,,0.00022,0.00000,3.5,0.00004
1796,1,,,,,0.00022,0.00000,3.2,0.00004,1,,,,,0.00022,0.00000,3.5,0.00004
1797,1,,,,,0.00022,0.00001,3.2,0.00004,1,,,,,0.00022,0.00000,3.4,0.00004
1798,1,,,,,0.00022,0.00000,3.2,0.00004,1,,,,,0.00022,0.00000,3.5,0.00004
1799,1,,,,,0.00022,0.00000,3.1,0.00004,1,,,,,0.00022,0.00000,3.5,0.00004
1800,1,,,,,0.00022,0.00000,3.1,0.00004,1,,,,,0.00022,0.00000,3.4,0.00004
1801,1,,,,,0.00022,0.00000,3.2,0.00004,1,,,,,0.00022,0.00000,3.4,0.00004
1802,1,,,,,0.00022,0.00000,3.1,0.00003,1,,,,,0.00022,0.00000,3.7,0.00004
1803,1,,,,,0.00022,0.00000,3.1,0.00004,1,,,,,0.00022,0.00001,3.7,0.00004
1804,1,,,,,0.00022,0.00000,3.1,0.00004,1,,,,,0.00022,0.00001,3.6,0.00004
1805,1,,,,,0.00022,0.00001,3.1,0.00004,1,,,,,0.00022,0.00000,3.7,0.00004
1806,1,,,,,0.00022,0.00000,3.1,0.00004,1,,,,,0.00022,0.00001,3.7,0.00004
1807,1,,,,,0.00022,0.00000,3.1,0.00004,1,,,,,0.00022,0.00000,3.6,0.00004
1808,1,,,,,0.00022,0.00000,3.1,0.00004,1,,,,,0.00022,0.00000,3.7,0.00004
1809,1,,,,,0.00022,0.00000,3.0,0.00003,1,,,,,0.00022,0.00000,3.6,0.00004
1810,1,,,,,0.00022,0.00000,3.1,0.00004,1,,,,,0.00022,0.00000,3.7,0.00004
1811,1,,,,,0.00022,0.00000,3.1,0.00004,1,,,,,0.00022,0.00000,3.7,0.00004
1812,1,,,,,0.00022,0.00000,3.1,0.00004,1,,,,,0.00022,0.00000,3.6,0.00004
1813,1,,,,,0.00022,0.00000,3.1,0.00004,1,,,,,0.00022,0.00000,3.7,0.00004
1814,1,,,,,0.00022,0.00000,3.1,0.00004,1,,,,,0.00022,0.00000,3.7,0.00004
1815,1,,,,,0.00022,0.00000,3.1,0.00004,1,,,,,0.00022,0.00000,3.6,0.00004
1816,1,,,,,0.00022,0.00000,3.1,0.00004,1,,,,,0.00022,0.00000,3.5,0.00004
1817,1,,,,,0.00022,0.00000,3.1,0.00004,1,,,,,0.00022,0.00000,3.6,0.00004
1818,1,,,,,0.00022,0.00000,3.1,0.00003,1,,,,,0.00022,0.00000,3.5,0.00004
1819,1,,,,,0.00022,0.00000,3.1,0.00004,1,,,,,0.00022,0.00000,3.5,0.00004
1820,1,,,,,0.00022,0.00000,3.2,0.00004,1,,,,,0.00022,0.00000,3.7,0.00004
1821,1,,,,,0.00022,0.00000,3.2,0.00004,1,,,,,0.00022,0.00000,3.5,0.00004
1822,1,,,,,0.00022,0.00001,3.2,0.00004,1,,,,,0.00022,0.00000,3.5,0.00004
1823,1,,,,,0.00022,0.00000,3.1,0.00004,1,,,,,0.00022,0.00000,3.4,0.00004
1824,1,,,,,0.00022,0.00000,3.2,0.00004,1,,,,,0.00022,0.00000,3.5,0.00004
1825,1,,,,,0.00022,0.00000,3.2,0.00004,1,,,,,0.00022,0.00000,3.5,0.00004
1826,1,,,,,0.00022,0.00000,3.2,0.00004,1,,,,,0.00022,0.00000,3.5,0.00004
1827,1,,,,,0.00022,0.00000,3.2,0.00004,1,,,,,0.00022,0.00000,3.5,0.00004
1828,1,,,,,0.00022,0.00001,3.1,0.00004,1,,,,,0.00022,0.00000,3.5,0.00004
1829,1,,,,,0.00022,0.00000,3.1,0.00004,1,,,,,0.00022,0.00000,3.5,0.00004
1830,1,,,,,0.00022,0.00000,3.1,0.00004,1,,,,,0.00022,0.00000,3.5,0.00004
1831,1,,,,,0.00022,0.00000,3.2,0.00004,1,,,,,0.00022,0.00000,3.5,0.00004
1832,1,,,,,0.00022,0.00000,3.2,0.00004,1,,,,,0.00022,0.00000,3.5,0.00004
1833,1,,,,,0.00022,0.00001,3.2,0.00004,1,,,,,0.00022,0.00000,3.5,0.00004
1834,1,,,,,0.00022,0.00000,3.1,0.00004,1,,,,,0.00022,0.00000,3.5,0.00004
1835,1,,,,,0.00022,0.00000,3.2,0.00004,1,,,,,0.00022,0.00000,3.5,0.00004
1836,1,,,,,0.00022,0.00000,3.1,0.00004,1,,,,,0.00022,0.00000,3.5,0.00004
1837,1,,,,,0.00022,0.00000,3.1,0.00004,1,,,,,0.00022,0.00000,3.5,0.00004
1838,1,,,,,0.00022,0.00001,3.2,0.00004,1,,,,,0.00022,0.00000,3.5,0.00004
1839,1,,,,,0.00022,0.00000,3.2,0.00004,1,,,,,0.00022,0.00000,3.5,0.00004
1840,1,,,,,0.00022,0.00000,3.2,0.00004,1,,,,,0.00022,0.00000,3.5,0.00004
1841,1,,,,,0.00022,0.00000,3.2,0.00004,1,,,,,0.00022,0.00000,3.5,0.00004
1842,1,,,,,0.00022,0.00000,3.2,0.00004,1,,,,,0.00022,0.00000,3.5,0.00004
1843,1,,,,,0.00022,0.00000,3.2,0.00004,1,,,,,0.00022,0.00001,3.4,0.00004
1844,1,,,,,0.00022,0.00000,3.2,0.00004,1,,,,,0.00022,0.00000,3.4,0.00004
1845,1,,,,,0.00022,0.00001,3.2,0.00004,1,,,,,0.00022,0.00000,3.5,0.00004
1846,1,,,,,0.00022,0.00000,3.2,0.00004,1,,,,,0.00022,0.00000,3.5,0.00004
1847,1,,,,,0.00022,0.00000,3.2,0.00004,1,,,,,0.00022,0.00000,3.5,0.00004
1848,1,,,,,0.00022,0.00000,3.2,0.00004,1,,,,,0.00022,0.00000,3.5,0.00004
1849,1,,,,,0.00022,0.00000,3.2,0.00004,1,,,,,0.00022,0.00000,3.5,0.00004
1850,1,,,,,0.00022,0.00000,3.1,0.00003,1,,,,,0.00022,0.00000,3.5,0.00004
1851,1,,,,,0.00022,0.00000,3.2,0.00004,1,,,,,0.00022,0.00000,3.5,0.00004
1852,1,,,,,0.00022,0.00000,3.2,0.00004,1,,,,,0.00022,0.00000,3.5,0.00004
1853,1,,,,,0.00022,0.00000,3.3,0.00004,1,,,,,0.00022,0.00000,3.7,0.00004
1854,1,,,,,0.00022,0.00000,3.1,0.00004,1,,,,,0.00022,0.00000,3.5,0.00004
1855,1,,,,,0.00022,0.00001,3.2,0.00004,1,,,,,0.00022,0.00000,3.4,0.00004
1856,1,,,,,0.00022,0.00000,3.2,0.00004,1,,,,,0.00022,0.00000,3.5,0.00004
1857,1,,,,,0.00022,0.00000,3.2,0.00004,1,,,,,0.00022,0.00000,3.5,0.00004
1858,1,,,,,0.00022,0.00000,3.2,0.00004,1,,,,,0.00022,0.00000,3.4,0.00004
1859,1,,,,,0.00022,0.00000,3.2,0.00004,1,,,,,0.00022,0.00000,3.5,0.00004
1860,1,,,,,0.00022,0.00000,3.2,0.00003,1,,,,,0.00022,0.00000,3.5,0.00004
1861,1,,,,,0.00022,0.00000,3.2,0.00004,1,,,,,0.00022,0.00000,3.5,0.00004
1862,1,,,,,0.00022,0.00000,3.2,0.00003,1,,,,,0.00022,0.00000,3.5,0.00004
1863,1,,,,,0.00022,0.00000,3.2,0.00004,1,,,,,0.00022,0.00000,3.5,0.00004
1864,1,,,,,0.00022,0.00000,3.2,0.00004,1,,,,,0.00022,0.00000,3.5,0.00004
1865,1,,,,,0.00022,0.00000,3.2,0.00004,1,,,,,0.00022,0.00000,3.5,0.00004
1866,1,,,,,0.00022,0.00001,3.2,0.00003,1,,,,,0.00022,0.00000,3.5,0.00004
1867,1,,,,,0.00022,0.00000,3.2,0.00004,1,,,,,0.00022,0.00001,3.5,0.00004
1868,1,,,,,0.00022,0.00000,3.2,0.00004,1,,,,,0.00022,0.00000,3.6,0.00004
1869,1,,,,,0.00022,0.00001,3.2,0.00004,1,,,,,0.00022,0.00000,3.6,0.00004
1870,1,,,,,0.00022,0.00000,3.2,0.00004,1,,,,,0.00022,0.00000,3.5,0.00004
1871,1,,,,,0.00022,0.00000,3.2,0.00003,1,,,,,0.00022,0.00000,3.5,0.00004
1872,1,,,,,0.00022,0.00001,3.2,0.00004,1,,,,,0.00022,0.00000,3.6,0.00005
1873,1,,,,,0.00022,0.00000,3.2,0.00004,1,,,,,0.00022,0.00000,3.5,0.00004
1874,1,,,,,0.00022,0.00000,3.2,0.00004,1,,,,,0.00022,0.00000,3.5,0.00004
1875,1,,,,,0.00022,0.00001,3.2,0.00004,1,,,,,0.00022,0.00000,3.8,0.00004
1876,1,,,,,0.00022,0.00000,3.2,0.00004,1,,,,,0.00022,0.00000,3.8,0.00004
1877,1,,,,,0.00022,0.00000,3.2,0.00004,1,,,,,0.00022,0.00000,3.8,0.00004
1878,1,,,,,0.00022,0.00001,3.2,0.00004,1,,,,,0.00022,0.00000,3.7,0.00004
1879,1,,,,,0.00022,0.00000,3.2,0.00004,1,,,,,0.00022,0.00001,3.8,0.00004
1880,1,,,,,0.00022,0.00000,3.2,0.00004,1,,,,,0.00022,0.00000,3.8,0.00004
1881,1,,,,,0.00022,0.00000,3.2,0.00003,1,,,,,0.00022,0.00000,3.8,0.00004
1882,1,,,,,0.00022,0.00000,3.2,0.00004,1,,,,,0.00022,0.00000,3.7,0.00004
1883,1,,,,,0.00022,0.00001,3.2,0.00004,1,,,,,0.00022,0.00000,3.8,0.00004
1884,1,,,,,0.00022,0.00000,3.2,0.00003,1,,,,,0.00022,0.00000,3.8,0.00004
1885,1,,,,,0.00022,0.00000,3.2,0.00004,1,,,,,0.00022,0.00000,3.7,0.00004
1886,1,,,,,0.00022,0.00000,3.2,0.00003,1,,,,,0.00022,0.00001,3.8,0.00004
1887,1,,,,,0.00022,0.00000,3.3,0.00004,1,,,,,0.00022,0.00000,3.7,0.00004
1888,1,,,,,0.00022,0.00000,3.2,0.00004,1,,,,,0.00022,0.00000,3.7,0.00004
1889,1,,,,,0.00022,0.00000,3.2,0.00004,1,,,,,0.00022,0.00000,3.8,0.00004
1890,1,,,,,0.00022,0.00000,3.2,0.00004,1,,,,,0.00022,0.00000,3.8,0.00004
1891,1,,,,,0.00022,0.00000,3.2,0.00004,1,,,,,0.00022,0.00001,3.5,0.00004
1892,1,,,,,0.00022,0.00000,3.3,0.00004,1,,,,,0.00022,0.00000,3.7,0.00004
1893,1,,,,,0.00022,0.00000,3.2,0.00004,1,,,,,0.00022,0.00000,3.8,0.00004
1894,1,,,,,0.00022,0.00000,3.2,0.00004,1,,,,,0.00022,0.00001,3.8,0.00004
1895,1,,,,,0.00022,0.00000,3.2,0.00004,1,,,,,0.00022,0.00000,3.7,0.00004
1896,1,,,,,0.00022,0.00001,3.2,0.00004,1,,,,,0.00022,0.00000,3.6,0.00004
1897,1,,,,,0.00022,0.00001,3.2,0.00004,1,,,,,0.00022,0.00001,3.7,0.00004
1898,1,,,,,0.00022,0.00000,3.2,0.00004,1,,,,,0.00022,0.00000,3.7,0.00004
1899,1,,,,,0.00022,0.00000,3.1,0.00004,1,,,,,0.00022,0.00001,3.6,0.00004
1900,1,,,,,0.00022,0.00000,3.2,0.00004,1,,,,,0.00022,0.00000,3.6,0.00004
1901,1,,,,,0.00022,0.00000,3.2,0.00004,1,,,,,0.00022,0.00000,3.6,0.00004
1902,1,,,,,0.00022,0.00001,3.2,0.00004,1,,,,,0.00022,0.00000,3.5,0.00004
1903,1,,,,,0.00022,0.00000,3.2,0.00004,1,,,,,0.00022,0.00000,3.6,0.00004
1904,1,,,,,0.00022,0.00000,3.4,0.00004,1,,,,,0.00022,0.00000,3.6,0.00004
1905,1,,,,,0.00022,0.00001,3.6,0.00004,1,,,,,0.00022,0.00001,3.6,0.00004
1906,1,,,,,0.00022,0.00000,3.6,0.00004,1,,,,,0.00022,0.00000,3.7,0.00004
1907,1,,,,,0.00022,0.00000,3.5,0.00004,1,,,,,0.00022,0.00000,3.7,0.00004
1908,1,,,,,0.00022,0.00000,3.5,0.00004,1,,,,,0.00022,0.00000,3.7,0.00004
1909,1,,,,,0.00022,0.00001,3.5,0.00004,1,,,,,0.00022,0.00001,3.7,0.00004
1910,1,,,,,0.00022,0.00000,3.5,0.00004,1,,,,,0.00022,0.00000,3.5,0.00004
1911,1,,,,,0.00022,0.00000,3.5,0.00004,1,,,,,0.00022,0.00001,3.5,0.00004
1912,1,,,,,0.00022,0.00000,3.5,0.00004,1,,,,,0.00022,0.00000,3.5,0.00004
1913,1,,,,,0.00022,0.00000,3.5,0.00004,1,,,,,0.00022,0.00000,3.5,0.00004
1914,1,,,,,0.00022,0.00000,3.6,0.00004,1,,,,,0.00022,0.00000,3.5,0.00004
1915,1,,,,,0.00022,0.00000,3.5,0.00005,1,,,,,0.00022,0.00000,3.6,0.00004
1916,1,,,,,0.00022,0.00000,3.5,0.00004,1,,,,,0.00022,0.00000,3.5,0.00004
1917,1,,,,,0.00022,0.00000,3.6,0.00004,1,,,,,0.00022,0.00000,3.5,0.00004
1918,1,,,,,0.00022,0.00000,3.5,0.00004,1,,,,,0.00022,0.00000,3.5,0.00004
1919,1,,,,,0.00022,0.00000,3.6,0.00004,1,,,,,0.00022,0.00000,3.5,0.00004
1920,1,,,,,0.00022,0.00001,3.5,0.00005,1,,,,,0.00022,0.00000,3.5,0.00004
1921,1,,,,,0.00022,0.00000,3.5,0.00004,1,,,,,0.00022,0.00000,3.4,0.00004
1922,1,,,,,0.00022,0.00000,3.5,0.00004,1,,,,,0.00022,0.00001,3.4,0.00004
1923,1,,,,,0.00022,0.00000,3.5,0.00004,1,,,,,0.00022,0.00000,3.5,0.00004
1924,1,,,,,0.00022,0.00000,3.5,0.00004,1,,,,,0.00022,0.00000,3.4,0.00004
1925,1,,,,,0.00022,0.00000,3.5,0.00004,1,,,,,0.00022,0.00000,3.5,0.00004
1926,1,,,,,0.00022,0.00000,3.6,0.00004,1,,,,,0.00022,0.00000,3.4,0.00004
1927,1,,,,,0.00022,0.00000,3.5,0.00004,1,,,,,0.00022,0.00000,3.5,0.00004
1928,1,,,,,0.00022,0.00000,3.5,0.00004,1,,,,,0.00022,0.00000,3.5,0.00004
1929,1,,,,,0.00022,0.00000,3.5,0.00004,1,,,,,0.00022,0.00000,3.5,0.00004
1930,1,,,,,0.00022,0.00001,3.6,0.00004,1,,,,,0.00022,0.00000,3.5,0.00004
1931,1,,,,,0.00022,0.00000,3.6,0.00004,1,,,,,0.00022,0.00000,3.5,0.00005
1932,1,,,,,0.00022,0.00001,3.6,0.00004,1,,,,,0.00022,0.00000,3.4,0.00004
1933,1,,,,,0.00022,0.00001,3.5,0.00004,1,,,,,0.00022,0.00000,3.5,0.00004
1934,1,,,,,0.00022,0.00000,3.6,0.00004,1,,,,,0.00022,0.00000,3.5,0.00004
1935,1,,,,,0.00022,0.00001,3.6,0.00004,1,,,,,0.00022,0.00000,3.5,0.00004
1936,1,,,,,0.00022,0.00000,3.6,0.00004,1,,,,,0.00022,0.00000,3.5,0.00004
1937,1,,,,,0.00022,0.00000,3.7,0.00004,1,,,,,0.00022,0.00000,3.5,0.00004
1938,1,,,,,0.00022,0.00001,3.7,0.00004,1,,,,,0.00022,0.00000,3.4,0.00004
1939,1,,,,,0.00022,0.00000,3.6,0.00004,1,,,,,0.00022,0.00000,3.5,0.00004
1940,1,,,,,0.00022,0.00000,3.7,0.00004,1,,,,,0.00022,0.00000,3.5,0.00004
1941,1,,,,,0.00022,0.00000,3.7,0.00004,1,,,,,0.00022,0.00000,3.4,0.00004
1942,1,,,,,0.00022,0.00000,3.7,0.00004,1,,,,,0.00022,0.00000,3.4,0.00004
1943,1,,,,,0.00022,0.00000,3.7,0.00004,1,,,,,0.00022,0.00000,3.7,0.00004
1944,1,,,,,0.00022,0.00000,3.7,0.00004,1,,,,,0.00022,0.00000,3.6,0.00004
1945,1,,,,,0.00022,0.00000,3.7,0.00004,1,,,,,0.00022,0.00000,3.5,0.00004
1946,1,,,,,0.00022,0.00000,3.6,0.00004,1,,,,,0.00022,0.00000,3.5,0.00004
1947,1,,,,,0.00022,0.00000,3.6,0.00005,1,,,,,0.00022,0.00000,3.5,0.00004
1948,1,,,,,0.00022,0.00000,3.7,0.00004,1,,,,,0.00022,0.00000,3.5,0.00004
1949,1,,,,,0.00022,0.00000,3.7,0.00004,1,,,,,0.00022,0.00000,3.5,0.00004
1950,1,,,,,0.00022,0.00000,3.7,0.00004,1,,,,,0.00022,0.00000,3.5,0.00004
1951,1,,,,,0.00022,0.00000,3.7,0.00004,1,,,,,0.00022,0.00000,3.6,0.00004
1952,1,,,,,0.00022,0.00001,3.7,0.00004,1,,,,,0.00022,0.00001,3.7,0.00004
1953,1,,,,,0.00022,0.00000,3.8,0.00005,1,,,,,0.00022,0.00000,3.7,0.00004
1954,1,,,,,0.00022,0.00000,3.7,0.00004,1,,,,,0.00022,0.00000,3.7,0.00004
1955,1,,,,,0.00022,0.00000,3.7,0.00004,1,,,,,0.00022,0.00000,3.8,0.00005
1956,1,,,,,0.00022,0.00000,3.7,0.00004,1,,,,,0.00022,0.00001,3.7,0.00004
1957,1,,,,,0.00022,0.00000,3.7,0.00004,1,,,,,0.00022,0.00000,3.7,0.00004
1958,1,,,,,0.00022,0.00000,3.7,0.00004,1,,,,,0.00022,0.00000,3.8,0.00004
1959,1,,,,,0.00022,0.00000,3.7,0.00004,1,,,,,0.00022,0.00001,3.8,0.00004
1960,1,,,,,0.00022,0.00000,3.7,0.00004,1,,,,,0.00022,0.00001,3.7,0.00004
1961,1,,,,,0.00022,0.00000,3.7,0.00004,1,,,,,0.00022,0.00000,3.7,0.00004
1962,1,,,,,0.00022,0.00000,3.8,0.00004,1,,,,,0.00022,0.00001,3.7,0.00004
1963,1,,,,,0.00022,0.00000,3.8,0.00004,1,,,,,0.00022,0.00001,3.7,0.00004
1964,1,,,,,0.00022,0.00000,3.7,0.00004,1,,,,,0.00022,0.00000,3.7,0.00004
1965,1,,,,,0.00022,0.00000,3.7,0.00004,1,,,,,0.00022,0.00000,3.7,0.00004
1966,1,,,,,0.00022,0.00000,3.7,0.00004,1,,,,,0.00022,0.00000,3.7,0.00004
1967,1,,,,,0.00022,0.00001,3.6,0.00004,1,,,,,0.00022,0.00000,3.7,0.00004
1968,1,,,,,0.00022,0.00000,3.7,0.00004,1,,,,,0.00022,0.00001,3.7,0.00004
1969,1,,,,,0.00022,0.00000,3.7,0.00004,1,,,,,0.00022,0.00001,3.7,0.00005
1970,1,,,,,0.00022,0.00000,3.7,0.00004,1,,,,,0.00022,0.00000,3.6,0.00004
1971,1,,,,,0.00022,0.00000,3.7,0.00004,1,,,,,0.00022,0.00000,3.6,0.00004
1972,1,,,,,0.00022,0.00001,3.7,0.00004,1,,,,,0.00022,0.00000,3.7,0.00004
1973,1,,,,,0.00022,0.00000,3.6,0.00004,1,,,,,0.00022,0.00001,3.5,0.00004
1974,1,,,,,0.00022,0.00000,3.6,0.00004,1,,,,,0.00022,0.00000,3.4,0.00004
1975,1,,,,,0.00022,0.00000,3.5,0.00004,1,,,,,0.00022,0.00000,3.6,0.00004
1976,1,,,,,0.00022,0.00000,3.5,0.00004,1,,,,,0.00022,0.00000,3.4,0.00004
1977,1,,,,,0.00022,0.00000,3.6,0.00004,1,,,,,0.00022,0.00001,3.5,0.00005
1978,1,,,,,0.00022,0.00000,3.6,0.00004,1,,,,,0.00022,0.00001,3.5,0.00004
1979,1,,,,,0.00022,0.00000,3.6,0.00004,1,,,,,0.00022,0.00000,3.5,0.00004
1980,1,,,,,0.00022,0.00000,3.7,0.00004,1,,,,,0.00022,0.00000,3.4,0.00004
1981,1,,,,,0.00022,0.00000,3.6,0.00004,1,,,,,0.00022,0.00000,3.5,0.00004
1982,1,,,,,0.00022,0.00000,3.6,0.00004,1,,,,,0.00022,0.00000,3.4,0.00004
1983,1,,,,,0.00022,0.00001,3.6,0.00004,1,,,,,0.00022,0.00000,3.7,0.00005
1984,1,,,,,0.00022,0.00000,3.6,0.00004,1,,,,,0.00022,0.00000,3.8,0.00004
1985,1,,,,,0.00022,0.00000,3.7,0.00004,1,,,,,0.00022,0.00001,3.5,0.00004
1986,1,,,,,0.00022,0.00000,3.6,0.00004,1,,,,,0.00022,0.00000,3.5,0.00004
1987,1,,,,,0.00022,0.00000,3.6,0.00004,1,,,,,0.00022,0.00000,3.5,0.00004
1988,1,,,,,0.00022,0.00000,3.7,0.00004,1,,,,,0.00022,0.00000,3.5,0.00004
1989,1,,,,,0.00022,0.00000,3.6,0.00004,1,,,,,0.00022,0.00000,3.7,0.00004
1990,1,,,,,0.00022,0.00001,3.6,0.00004,1,,,,,0.00022,0.00000,3.5,0.00004
1991,1,,,,,0.00022,0.00000,3.6,0.00004,1,,,,,0.00022,0.00000,3.4,0.00004
1992,1,,,,,0.00022,0.00001,3.7,0.00004,1,,,,,0.00022,0.00000,3.4,0.00004
1993,1,,,,,0.00022,0.00000,3.6,0.00004,1,,,,,0.00022,0.00000,3.6,0.00004
1994,1,,,,,0.00022,0.00000,3.7,0.00005,1,,,,,0.00022,0.00001,3.8,0.00004
1995,1,,,,,0.00022,0.00000,3.7,0.00004,1,,,,,0.00022,0.00000,3.7,0.00004
1996,1,,,,,0.00022,0.00000,3.6,0.00004,1,,,,,0.00022,0.00001,3.6,0.00004
1997,1,,,,,0.00022,0.00000,3.7,0.00004,1,,,,,0.00022,0.00000,3.6,0.00004
1998,1,,,,,0.00022,0.00000,3.6,0.00004,1,,,,,0.00022,0.00001,3.6,0.00004
1999,1,,,,,0.00022,0.00000,3.6,0.00004,1,,,,,0.00022,0.00000,3.7,0.00004
2000,1,,,,,0.00022,0.00000,3.6,0.00004,1,,,,,0.00022,0.00000,3.7,0.00004
2001,1,,,,,0.00022,0.00000,3.7,0.00004,1,,,,,0.00022,0.00001,3.7,0.00005
2002,1,,,,,0.00022,0.00001,3.7,0.00004,1,,,,,0.00022,0.00001,3.7,0.00004
2003,1,,,,,0.00022,0.00000,3.8,0.00005,1,,,,,0.00022,0.00000,3.6,0.00004
2004,1,,,,,0.00022,0.00000,3.6,0.00004,1,,,,,0.00022,0.00000,3.4,0.00004
2005,1,,,,,0.00022,0.00001,3.6,0.00004,1,,,,,0.00022,0.00000,3.4,0.00004
2006,1,,,,,0.00022,0.00000,3.6,0.00004,1,,,,,0.00022,0.00001,3.5,0.00004
2007,1,,,,,0.00022,0.00000,3.6,0.00004,1,,,,,0.00022,0.00000,3.5,0.00004
2008,1,,,,,0.00022,0.00000,3.6,0.00004,1,,,,,0.00022,0.00000,3.4,0.00004
2009,1,,,,,0.00022,0.00000,3.6,0.00004,1,,,,,0.00022,0.00001,3.5,0.00004
2010,1,,,,,0.00022,0.00000,3.6,0.00004,1,,,,,0.00022,0.00000,3.5,0.00004
2011,1,,,,,0.00022,0.00000,3.6,0.00004,1,,,,,0.00022,0.00001,3.4,0.00004
2012,1,,,,,0.00022,0.00000,3.6,0.00004,1,,,,,0.00022,0.00000,3.4,0.00004
2013,1,,,,,0.00022,0.00000,3.7,0.00004,1,,,,,0.00022,0.00000,3.4,0.00004
2014,1,,,,,0.00022,0.00000,3.6,0.00004,1,,,,,0.00022,0.00000,3.5,0.00004
2015,1,,,,,0.00022,0.00001,3.7,0.00004,1,,,,,0.00022,0.00000,3.4,0.00004
2016,1,,,,,0.00022,0.00001,3.7,0.00004,1,,,,,0.00022,0.00000,3.4,0.00004
2017,1,,,,,0.00022,0.00000,3.6,0.00004,1,,,,,0.00022,0.00000,3.5,0.00004
2018,1,,,,,0.00022,0.00000,3.7,0.00004,1,,,,,0.00022,0.00000,3.5,0.00004
2019,1,,,,,0.00022,0.00000,3.6,0.00004,1,,,,,0.00022,0.00001,3.5,0.00004
2020,1,,,,,0.00022,0.00000,3.6,0.00004,1,,,,,0.00022,0.00000,3.5,0.00004
2021,1,,,,,0.00022,0.00001,3.7,0.00004,1,,,,,0.00022,0.00000,3.5,0.00004
2022,1,,,,,0.00022,0.00000,3.6,0.00004,1,,,,,0.00022,0.00000,3.5,0.00004
2023,1,,,,,0.00022,0.00000,3.7,0.00004,1,,,,,0.00022,0.00000,3.4,0.00004
2024,1,,,,,0.00022,0.00000,3.6,0.00004,1,,,,,0.00022,0.00000,3.5,0.00004
2025,1,,,,,0.00022,0.00000,3.6,0.00004,1,,,,,0.00022,0.00000,3.5,0.00004
2026,1,,,,,0.00022,0.00000,3.7,0.00004,1,,,,,0.00022,0.00001,3.7,0.00004
2027,1,,,,,0.00022,0.00001,3.6,0.00004,1,,,,,0.00022,0.00000,3.8,0.00004
2028,1,,,,,0.00022,0.00000,3.7,0.00004,1,,,,,0.00022,0.00000,3.7,0.00004
2029,1,,,,,0.00022,0.00000,3.6,0.00004,1,,,,,0.00022,0.00000,3.8,0.00004
2030,1,,,,,0.00022,0.00000,3.8,0.00004,1,,,,,0.00022,0.00000,3.7,0.00004
2031,1,,,,,0.00022,0.00000,3.8,0.00004,1,,,,,0.00022,0.00000,3.7,0.00004
2032,1,,,,,0.00022,0.00000,3.8,0.00004,1,,,,,0.00022,0.00000,3.7,0.00005
2033,1,,,,,0.00022,0.00000,3.8,0.00004,1,,,,,0.00022,0.00000,3.7,0.00004
2034,1,,,,,0.00022,0.00000,3.7,0.00004,1,,,,,0.00022,0.00000,3.7,0.00004
2035,1,,,,,0.00022,0.00000,3.8,0.00004,1,,,,,0.00022,0.00000,3.7,0.00004
2036,1,,,,,0.00022,0.00000,3.8,0.00004,1,,,,,0.00022,0.00000,3.7,0.00004
2037,1,,,,,0.00022,0.00000,3.7,0.00004,1,,,,,0.00022,0.00001,3.7,0.00004
2038,1,,,,,0.00022,0.00001,3.7,0.00004,1,,,,,0.00022,0.00000,3.7,0.00004
2039,1,,,,,0.00022,0.00000,3.8,0.00004,1,,,,,0.00022,0.00001,3.8,0.00004
2040,1,,,,,0.00022,0.00000,3.8,0.00004,1,,,,,0.00022,0.00001,3.7,0.00004
2041,1,,,,,0.00022,0.00000,3.8,0.00004,1,,,,,0.00022,0.00000,3.8,0.00004
2042,1,,,,,0.00022,0.00000,3.8,0.00005,1,,,,,0.00022,0.00000,3.7,0.00004
2043,1,,,,,0.00022,0.00000,3.8,0.00004,1,,,,,0.00022,0.00000,3.8,0.00004
2044,1,,,,,0.00022,0.00000,3.8,0.00005,1,,,,,0.00022,0.00000,3.6,0.00004
2045,1,,,,,0.00022,0.00000,3.8,0.00004,1,,,,,0.00022,0.00001,3.6,0.00004
2046,1,,,,,0.00022,0.00000,3.9,0.00005,1,,,,,0.00022,0.00001,3.6,0.00004
2047,1,,,,,0.00022,0.00000,3.8,0.00004,1,,,,,0.00022,0.00000,3.6,0.00004
2048,1,,,,,0.00022,0.00000,3.8,0.00004,1,,,,,0.00022,0.00000,3.7,0.00004
2049,1,,,,,0.00022,0.00001,3.7,0.00004,1,,,,,0.00022,0.00000,3.6,0.00004
2050,1,,,,,0.00022,0.00000,3.6,0.00004,1,,,,,0.00022,0.00000,3.6,0.00004
2051,1,,,,,0.00022,0.00000,3.6,0.00004,1,,,,,0.00022,0.00000,3.7,0.00004
2052,1,,,,,0.00022,0.00000,3.7,0.00004,1,,,,,0.00022,0.00000,3.6,0.00004
2053,1,,,,,0.00022,0.00000,3.6,0.00004,1,,,,,0.00022,0.00000,3.6,0.00004
2054,1,,,,,0.00022,0.00000,3.6,0.00004,1,,,,,0.00022,0.00000,3.5,0.00004
2055,1,,,,,0.00022,0.00001,3.6,0.00004,1,,,,,0.00022,0.00000,3.6,0.00004
2056,1,,,,,0.00022,0.00000,3.9,0.00004,1,,,,,0.00022,0.00000,3.7,0.00004
2057,1,,,,,0.00022,0.00000,3.9,0.00005,1,,,,,0.00022,0.00000,3.7,0.00004
2058,1,,,,,0.00022,0.00001,3.8,0.00004,1,,,,,0.00022,0.00001,3.7,0.00004
2059,1,,,,,0.00022,0.00001,3.8,0.00004,1,,,,,0.00022,0.00001,3.7,0.00004
2060,1,,,,,0.00022,0.00000,3.8,0.00004,1,,,,,0.00022,0.00000,3.7,0.00004
2061,1,,,,,0.00022,0.00000,3.8,0.00004,1,,,,,0.00022,0.00001,3.7,0.00004
2062,1,,,,,0.00022,0.00000,3.8,0.00004,1,,,,,0.00022,0.00000,3.7,0.00004
2063,1,,,,,0.00022,0.00000,3.8,0.00004,1,,,,,0.00022,0.00000,3.8,0.00004
2064,1,,,,,0.00022,0.00000,3.8,0.00004,1,,,,,0.00022,0.00000,3.7,0.00004
2065,1,,,,,0.00022,0.00000,3.8,0.00004,1,,,,,0.00022,0.00000,3.7,0.00004
2066,1,,,,,0.00022,0.00000,3.8,0.00004,1,,,,,0.00022,0.00001,3.7,0.00005
2067,1,,,,,0.00022,0.00000,3.8,0.00005,1,,,,,0.00022,0.00001,3.7,0.00005
2068,1,,,,,0.00022,0.00000,3.8,0.00004,1,,,,,0.00022,0.00001,3.7,0.00004
2069,1,,,,,0.00022,0.00000,3.8,0.00004,1,,,,,0.00022,0.00000,3.7,0.00004
2070,1,,,,,0.00022,0.00001,3.9,0.00004,1,,,,,0.00022,0.00000,3.8,0.00004
2071,1,,,,,0.00022,0.00000,3.8,0.00004,1,,,,,0.00022,0.00000,3.7,0.00004
2072,1,,,,,0.00022,0.00000,3.9,0.00004,1,,,,,0.00022,0.00000,3.7,0.00005
2073,1,,,,,0.00022,0.00000,3.8,0.00005,1,,,,,0.00022,0.00000,3.6,0.00004
2074,1,,,,,0.00022,0.00001,3.9,0.00005,1,,,,,0.00022,0.00000,3.7,0.00004
2075,1,,,,,0.00022,0.00001,3.9,0.00004,1,,,,,0.00022,0.00001,3.7,0.00004
2076,1,,,,,0.00022,0.00000,3.9,0.00004,1,,,,,0.00022,0.00001,3.7,0.00004
2077,1,,,,,0.00022,0.00000,3.9,0.00004,1,,,,,0.00022,0.00000,3.5,0.00004
2078,1,,,,,0.00022,0.00000,3.9,0.00005,1,,,,,0.00022,0.00000,3.5,0.00004
2079,1,,,,,0.00022,0.00001,3.8,0.00004,1,,,,,0.00022,0.00000,3.5,0.00004
2080,1,,,,,0.00022,0.00000,3.9,0.00005,1,,,,,0.00022,0.00000,3.4,0.00004
2081,1,,,,,0.00022,0.00000,3.8,0.00004,1,,,,,0.00022,0.00000,3.5,0.00004
2082,1,,,,,0.00022,0.00000,3.8,0.00004,1,,,,,0.00022,0.00000,3.4,0.00004
2083,1,,,,,0.00022,0.00001,3.8,0.00004,1,,,,,0.00022,0.00000,3.4,0.00004
2084,1,,,,,0.00022,0.00000,3.7,0.00004,1,,,,,0.00022,0.00000,3.4,0.00004
2085,1,,,,,0.00022,0.00000,3.8,0.00005,1,,,,,0.00022,0.00000,3.4,0.00004
2086,1,,,,,0.00022,0.00000,3.7,0.00004,1,,,,,0.00022,0.00000,3.4,0.00004
2087,1,,,,,0.00022,0.00000,3.8,0.00004,1,,,,,0.00022,0.00000,3.4,0.00004
2088,1,,,,,0.00022,0.00000,3.8,0.00004,1,,,,,0.00022,0.00000,3.4,0.00004
2089,1,,,,,0.00022,0.00000,3.8,0.00005,1,,,,,0.00022,0.00000,3.5,0.00004
2090,1,,,,,0.00022,0.00000,3.8,0.00004,1,,,,,0.00022,0.00000,3.4,0.00004
2091,1,,,,,0.00022,0.00000,3.8,0.00004,1,,,,,0.00022,0.00001,3.7,0.00004
2092,1,,,,,0.00022,0.00000,3.8,0.00004,1,,,,,0.00022,0.00000,3.7,0.00005
2093,1,,,,,0.00022,0.00000,3.8,0.00004,1,,,,,0.00022,0.00000,3.7,0.00004
2094,1,,,,,0.00022,0.00000,3.8,0.00004,1,,,,,0.00022,0.00000,3.7,0.00004
2095,1,,,,,0.00022,0.00000,3.8,0.00004,1,,,,,0.00022,0.00000,3.7,0.00004
2096,1,,,,,0.00022,0.00000,3.8,0.00004,1,,,,,0.00022,0.00001,3.7,0.00004
2097,1,,,,,0.00022,0.00000,3.8,0.00004,1,,,,,0.00022,0.00000,3.8,0.00004
2098,1,,,,,0.00022,0.00000,3.8,0.00004,1,,,,,0.00022,0.00000,3.7,0.00004
2099,1,,,,,0.00022,0.00000,3.8,0.00004,1,,,,,0.00022,0.00001,3.7,0.00004
2100,1,,,,,0.00022,0.00000,3.8,0.00005,1,,,,,0.00022,0.00001,3.7,0.00004
2101,1,,,,,0.00022,0.00001,3.8,0.00005,1,,,,,0.00022,0.00000,3.6,0.00004
2102,1,,,,,0.00022,0.00000,3.8,0.00004,1,,,,,0.00022,0.00000,3.7,0.00004
2103,1,,,,,0.00022,0.00001,3.8,0.00004,1,,,,,0.00022,0.00001,3.7,0.00004
2104,1,,,,,0.00022,0.00000,3.8,0.00004,1,,,,,0.00022,0.00000,3.8,0.00004
2105,1,,,,,0.00022,0.00000,3.8,0.00004,1,,,,,0.00022,0.00000,3.7,0.00004
2106,1,,,,,0.00022,0.00001,3.7,0.00004,1,,,,,0.00022,0.00001,3.7,0.00004
2107,1,,,,,0.00022,0.00000,3.8,0.00004,1,,,,,0.00022,0.00000,3.8,0.00004
2108,1,,,,,0.00022,0.00000,3.8,0.00004,1,,,,,0.00022,0.00001,3.7,0.00004
2109,1,,,,,0.00022,0.00000,3.9,0.00004,1,,,,,0.00022,0.00000,3.7,0.00004
2110,1,,,,,0.00022,0.00001,3.9,0.00004,1,,,,,0.00022,0.00000,3.7,0.00004
2111,1,,,,,0.00022,0.00000,3.8,0.00005,1,,,,,0.00022,0.00000,3.7,0.00004
2112,1,,,,,0.00022,0.00000,3.8,0.00004,1,,,,,0.00022,0.00000,3.7,0.00004
2113,1,,,,,0.00022,0.00000,3.8,0.00005,1,,,,,0.00022,0.00001,3.7,0.00005
2114,1,,,,,0.00022,0.00000,3.7,0.00004,1,,,,,0.00022,0.00000,3.7,0.00004
2115,1,,,,,0.00022,0.00000,3.8,0.00004,1,,,,,0.00022,0.00000,3.6,0.00004
2116,1,,,,,0.00022,0.00000,3.7,0.00004,1,,,,,0.00022,0.00001,3.7,0.00004
2117,1,,,,,0.00022,0.00000,3.7,0.00004,1,,,,,0.00022,0.00000,3.7,0.00004
2118,1,,,,,0.00022,0.00000,3.8,0.00005,1,,,,,0.00022,0.00000,3.7,0.00004
2119,1,,,,,0.00022,0.00000,3.8,0.00004,1,,,,,0.00022,0.00000,3.6,0.00004
2120,1,,,,,0.00022,0.00000,3.8,0.00005,1,,,,,0.00022,0.00000,3.7,0.00004
2121,1,,,,,0.00022,0.00001,3.8,0.00005,1,,,,,0.00022,0.00000,3.4,0.00004
2122,1,,,,,0.00022,0.00000,3.4,0.00004,1,,,,,0.00022,0.00001,3.6,0.00004
2123,1,,,,,0.00022,0.00000,3.5,0.00004,1,,,,,0.00022,0.00001,3.5,0.00004
2124,1,,,,,0.00022,0.00000,3.4,0.00004,1,,,,,0.00022,0.00000,3.5,0.00004
2125,1,,,,,0.00022,0.00000,3.4,0.00004,1,,,,,0.00022,0.00000,3.5,0.00004
2126,1,,,,,0.00022,0.00000,3.4,0.00004,1,,,,,0.00022,0.00000,3.4,0.00004
2127,1,,,,,0.00022,0.00000,3.4,0.00004,1,,,,,0.00022,0.00000,3.4,0.00004
2128,1,,,,,0.00022,0.00000,3.4,0.00004,1,,,,,0.00022,0.00000,3.5,0.00004
2129,1,,,,,0.00022,0.00000,3.4,0.00004,1,,,,,0.00022,0.00000,3.5,0.00004
2130,1,,,,,0.00022,0.00000,3.4,0.00004,1,,,,,0.00022,0.00000,3.5,0.00004
2131,1,,,,,0.00022,0.00000,3.4,0.00004,1,,,,,0.00022,0.00000,3.5,0.00004
2132,1,,,,,0.00022,0.00000,3.7,0.00005,1,,,,,0.00022,0.00000,3.7,0.00004
2133,1,,,,,0.00022,0.00000,3.8,0.00004,1,,,,,0.00022,0.00001,3.7,0.00004
2134,1,,,,,0.00022,0.00000,3.7,0.00004,1,,,,,0.00022,0.00000,3.7,0.00004
2135,1,,,,,0.00022,0.00000,3.7,0.00004,1,,,,,0.00022,0.00000,3.7,0.00004
2136,1,,,,,0.00022,0.00000,3.7,0.00005,1,,,,,0.00022,0.00000,3.8,0.00004
2137,1,,,,,0.00022,0.00000,3.7,0.00004,1,,,,,0.00022,0.00000,3.5,0.00005
2138,1,,,,,0.00022,0.00000,3.7,0.00004,1,,,,,0.00022,0.00000,3.5,0.00004
2139,1,,,,,0.00022,0.00000,3.7,0.00005,1,,,,,0.00022,0.00000,3.4,0.00004
2140,1,,,,,0.00022,0.00001,3.7,0.00004,1,,,,,0.00022,0.00000,3.4,0.00004
2141,1,,,,,0.00022,0.00000,3.7,0.00005,1,,,,,0.00022,0.00000,3.4,0.00004
2142,1,,,,,0.00022,0.00000,3.7,0.00004,1,,,,,0.00022,0.00000,3.4,0.00004
2143,1,,,,,0.00022,0.00000,3.7,0.00005,1,,,,,0.00022,0.00000,3.4,0.00004
2144,1,,,,,0.00022,0.00000,3.7,0.00004,1,,,,,0.00022,0.00000,3.4,0.00004
2145,1,,,,,0.00022,0.00000,3.6,0.00004,1,,,,,0.00022,0.00000,3.4,0.00004
2146,1,,,,,0.00022,0.00000,3.6,0.00004,1,,,,,0.00022,0.00000,3.4,0.00004
2147,1,,,,,0.00022,0.00000,3.5,0.00004,1,,,,,0.00022,0.00000,3.4,0.00004
2148,1,,,,,0.00022,0.00000,3.6,0.00004,1,,,,,0.00022,0.00000,3.4,0.00004
2149,1,,,,,0.00022,0.00001,3.5,0.00004,1,,,,,0.00022,0.00001,3.4,0.00004
2150,1,,,,,0.00022,0.00001,3.4,0.00004,1,,,,,0.00022,0.00000,3.4,0.00004
2151,1,,,,,0.00022,0.00000,3.6,0.00004,1,,,,,0.00022,0.00000,3.4,0.00004
2152,1,,,,,0.00022,0.00000,3.7,0.00004,1,,,,,0.00022,0.00000,3.4,0.00004
2153,1,,,,,0.00022,0.00000,3.7,0.00004,1,,,,,0.00022,0.00000,3.4,0.00004
2154,1,,,,,0.00022,0.00000,3.6,0.00005,1,,,,,0.00022,0.00000,3.4,0.00004
2155,1,,,,,0.00022,0.00000,3.6,0.00005,1,,,,,0.00022,0.00000,3.4,0.00004
2156,1,,,,,0.00022,0.00000,3.5,0.00004,1,,,,,0.00022,0.00000,3.4,0.00004
2157,1,,,,,0.00022,0.00000,3.5,0.00004,1,,,,,0.00022,0.00000,3.4,0.00004
2158,1,,,,,0.00022,0.00000,3.5,0.00004,1,,,,,0.00022,0.00000,3.4,0.00004
2159,1,,,,,0.00022,0.00001,3.5,0.00004,1,,,,,0.00022,0.00000,3.4,0.00004
2160,1,,,,,0.00022,0.00001,3.5,0.00004,1,,,,,0.00022,0.00000,3.4,0.00004
2161,1,,,,,0.00022,0.00001,3.5,0.00004,1,,,,,0.00022,0.00000,3.5,0.00004
2162,1,,,,,0.00022,0.00000,3.6,0.00004,1,,,,,0.00022,0.00000,3.4,0.00005
2163,1,,,,,0.00022,0.00000,3.5,0.00004,1,,,,,0.00022,0.00000,3.4,0.00004
2164,1,,,,,0.00022,0.00001,3.7,0.00005,1,,,,,0.00022,0.00000,3.6,0.00004
2165,1,,,,,0.00427,0.00000,1137.4,0.00012,1,,,,,0.00022,0.00000,3.6,0.00004
2166,1,,,,,0.07816,0.00135,698.2,0.00000,1,,,,,0.00022,0.00000,3.5,0.00004
2167,1,,,,,0.12613,0.00861,576.6,0.00001,1,,,,,0.00022,0.00000,3.6,0.00004
2168,1,,,,,0.07552,0.00147,379.0,0.00000,1,,,,,0.00022,0.00000,3.6,0.00004
2169,1,,,,,0.01127,0.00460,316.0,0.00000,1,,,,,0.00022,0.00000,3.4,0.00004
2170,1,,,,,0.00022,0.00001,3.7,0.00006,1,,,,,0.00022,0.00000,3.5,0.00004
2171,1,,,,,0.04390,0.00001,948.3,0.00001,1,,,,,0.00022,0.00000,3.6,0.00004
2172,1,,,,,0.07205,0.00789,534.9,0.00000,1,,,,,0.00022,0.00000,3.4,0.00004
2173,1,,,,,0.00112,0.00003,12.1,0.00012,1,,,,,0.00022,0.00000,3.4,0.00004
2174,1,,,,,0.00190,0.00001,36.8,0.00007,1,,,,,0.00022,0.00000,3.4,0.00004
2175,1,,,,,0.08814,0.00055,539.2,0.00000,1,,,,,0.00022,0.00000,3.5,0.00004
2176,1,,,,,0.02408,0.00669,239.6,0.00000,1,,,,,0.00022,0.00000,3.4,0.00004
2177,1,,,,,0.11802,0.01150,575.6,0.00000,1,,,,,0.00022,0.00000,3.7,0.00004
2178,1,,,,,0.00035,0.00038,34.8,0.00009,1,,,,,0.00022,0.00000,3.7,0.00004
2179,1,,,,,0.07469,0.00000,498.0,0.00000,1,,,,,0.00022,0.00000,3.7,0.00004
2180,1,,,,,0.05241,0.00447,349.2,0.00000,1,,,,,0.00022,0.00000,3.7,0.00004
2181,1,,,,,0.09502,0.00169,759.9,0.00001,1,,,,,0.00022,0.00001,3.7,0.00004
2182,1,,,,,0.03779,0.00183,546.9,0.00001,1,,,,,0.00022,0.00000,3.7,0.00004
2183,1,,,,,0.02419,0.00003,540.2,0.00001,1,,,,,0.00022,0.00000,3.7,0.00004
2184,1,,,,,0.03695,0.00039,454.3,0.00000,1,,,,,0.00022,0.00000,3.6,0.00004
2185,1,,,,,0.01843,0.00062,410.3,0.00000,1,,,,,0.00022,0.00000,3.6,0.00004
2186,1,,,,,0.00046,0.00004,1267.7,0.00020,1,,,,,0.00022,0.00000,3.7,0.00004
2187,1,,,,,0.00022,0.00002,3.1,0.00004,1,,,,,0.00022,0.00000,3.6,0.00004
2188,1,,,,,0.00022,0.00000,3.2,0.00004,1,,,,,0.00022,0.00000,3.6,0.00005
2189,1,,,,,0.01060,0.00000,352.4,0.00003,1,,,,,0.00022,0.00000,3.7,0.00004
2190,1,,,,,0.05825,0.00096,415.9,0.00015,1,,,,,0.00022,0.00000,3.7,0.00004
2191,1,,,,,0.05919,0.00093,419.0,0.00164,1,,,,,0.00022,0.00000,3.7,0.00004
2192,1,,,,,0.07045,0.00888,525.5,0.00000,1,,,,,0.00022,0.00000,3.7,0.00004
2193,1,,,,,0.02051,0.00055,1039.4,0.00003,1,,,,,0.00022,0.00000,3.8,0.00004
2194,1,,,,,0.04040,0.00508,291.2,0.00000,1,,,,,0.00022,0.00000,3.7,0.00005
2195,1,,,,,0.04245,0.01310,309.1,0.00000,1,,,,,0.00022,0.00001,3.7,0.00004
2196,1,,,,,0.00520,0.00010,101.1,0.00056,1,,,,,0.00022,0.00000,3.7,0.00004
2197,1,,,,,0.03886,0.00059,294.3,0.00000,1,,,,,0.00022,0.00001,3.7,0.00004
2198,1,,,,,0.01429,0.00042,2162.0,0.01259,1,,,,,0.00022,0.00000,3.7,0.00004
2199,1,,,,,0.00036,0.00203,84.8,0.00196,1,,,,,0.00022,0.00001,3.6,0.00004
2200,1,,,,,0.02711,0.00001,387.9,0.00014,1,,,,,0.00022,0.00000,3.6,0.00004
2201,1,,,,,0.00506,0.02043,7635.6,0.06103,1,,,,,0.00022,0.00001,3.6,0.00004
2202,1,,,,,0.04539,0.00007,432.4,0.00013,1,,,,,0.00022,0.00000,3.5,0.00004
2203,1,,,,,0.01536,0.00400,252.2,0.00003,1,,,,,0.00022,0.00000,3.5,0.00004
2204,1,,,,,0.03281,0.00000,439.1,0.00000,1,,,,,0.00022,0.00000,3.5,0.00004
2205,1,,,,,0.00073,0.00011,604.1,0.00049,1,,,,,0.00022,0.00001,3.4,0.00004
2206,1,,,,,0.03923,0.00034,344.4,0.00000,1,,,,,0.00022,0.00000,3.5,0.00004
2207,1,,,,,0.03708,0.00288,301.6,0.00000,1,,,,,0.00022,0.00000,3.4,0.00004
2208,1,,,,,0.03173,0.00061,316.1,0.00000,1,,,,,0.00022,0.00000,3.5,0.00004
2209,1,,,,,0.00329,0.00021,2466.7,0.00382,1,,,,,0.00022,0.00000,3.4,0.00003
2210,1,,,,,0.02255,0.00064,557.2,0.00002,1,,,,,0.00022,0.00001,3.6,0.00004
2211,1,,,,,0.03702,0.00209,517.1,0.00000,1,,,,,0.00022,0.00000,3.5,0.00004
2212,1,,,,,0.00027,0.00007,6.0,0.00007,1,,,,,0.00022,0.00000,3.4,0.00004
2213,1,,,,,0.04023,0.00002,425.5,0.00000,1,,,,,0.00022,0.00001,3.4,0.00004
2214,1,,,,,0.00118,0.00002,61.8,0.00006,1,,,,,0.00022,0.00000,3.5,0.00004
2215,1,,,,,0.00393,0.00000,5967.0,0.02223,1,,,,,0.00022,0.00000,3.4,0.00003
2216,1,,,,,0.03228,0.00300,372.1,0.00000,1,,,,,0.00022,0.00000,3.5,0.00004
2217,1,,,,,0.05272,0.01229,612.9,0.00001,1,,,,,0.00022,0.00000,3.5,0.00004
2218,1,,,,,0.02728,0.00105,532.6,0.00002,1,,,,,0.00022,0.00000,3.5,0.00004
2219,1,,,,,0.01124,0.00207,304.7,0.00000,1,,,,,0.00022,0.00000,3.5,0.00004
2220,1,,,,,0.00021,0.00001,3.5,0.00005,1,,,,,0.00022,0.00000,3.5,0.00004
2221,1,,,,,0.00022,0.00001,3.3,0.00004,1,,,,,0.00022,0.00000,3.4,0.00004
2222,1,,,,,0.00022,0.00000,3.2,0.00004,1,,,,,0.00022,0.00000,3.5,0.00004
2223,1,,,,,0.00022,0.00001,3.2,0.00004,1,,,,,0.00022,0.00000,3.5,0.00004
2224,1,,,,,0.00022,0.00000,3.1,0.00004,1,,,,,0.00022,0.00000,3.5,0.00004
2225,1,,,,,0.00022,0.00000,3.1,0.00004,1,,,,,0.00022,0.00000,3.4,0.00004
2226,1,,,,,0.00022,0.00001,3.1,0.00004,1,,,,,0.00022,0.00001,3.5,0.00004
2227,1,,,,,0.00022,0.00000,3.1,0.00004,1,,,,,0.00022,0.00000,3.5,0.00004
2228,1,,,,,0.00022,0.00000,3.2,0.00004,1,,,,,0.00022,0.00000,3.4,0.00004
2229,1,,,,,0.00022,0.00000,3.1,0.00004,1,,,,,0.00022,0.00000,3.5,0.00004
2230,1,,,,,0.00022,0.00000,3.1,0.00004,1,,,,,0.00022,0.00000,3.5,0.00004
2231,1,,,,,0.00022,0.00001,3.1,0.00004,1,,,,,0.00022,0.00000,3.5,0.00004
2232,1,,,,,0.00022,0.00000,3.2,0.00004,1,,,,,0.00022,0.00000,3.5,0.00004
2233,1,,,,,0.00022,0.00000,3.1,0.00003,1,,,,,0.00022,0.00000,3.4,0.00004
2234,1,,,,,0.00022,0.00000,3.1,0.00004,1,,,,,0.00022,0.00000,3.5,0.00004
2235,1,,,,,0.00022,0.00000,3.1,0.00004,1,,,,,0.00022,0.00000,3.5,0.00004
2236,1,,,,,0.00022,0.00000,3.2,0.00004,1,,,,,0.00022,0.00001,3.5,0.00004
2237,1,,,,,0.00022,0.00001,3.1,0.00004,1,,,,,0.00022,0.00001,3.5,0.00004
2238,1,,,,,0.00022,0.00000,3.2,0.00004,1,,,,,0.00022,0.00000,3.5,0.00004
2239,1,,,,,0.00022,0.00000,3.1,0.00004,1,,,,,0.00022,0.00000,3.5,0.00004
2240,1,,,,,0.00022,0.00000,3.1,0.00004,1,,,,,0.00022,0.00000,3.5,0.00004
2241,1,,,,,0.00022,0.00000,3.1,0.00004,1,,,,,0.00022,0.00000,3.5,0.00004
2242,1,,,,,0.00022,0.00000,3.1,0.00004,1,,,,,0.00022,0.00000,3.5,0.00004
2243,1,,,,,0.00022,0.00000,3.1,0.00004,1,,,,,0.00022,0.00000,3.5,0.00004
2244,1,,,,,0.00022,0.00000,3.1,0.00003,1,,,,,0.00022,0.00000,3.5,0.00004
2245,1,,,,,0.00022,0.00000,3.1,0.00004,1,,,,,0.00022,0.00000,3.5,0.00004
2246,1,,,,,0.00022,0.00000,3.2,0.00004,1,,,,,0.00022,0.00000,3.5,0.00004
2247,1,,,,,0.00022,0.00000,3.1,0.00004,1,,,,,0.00022,0.00000,3.5,0.00004
2248,1,,,,,0.00022,0.00000,3.1,0.00004,1,,,,,0.00022,0.00000,3.6,0.00004
2249,1,,,,,0.00022,0.00000,3.1,0.00004,1,,,,,0.00022,0.00000,3.5,0.00004
2250,1,,,,,0.00022,0.00000,3.1,0.00004,1,,,,,0.00022,0.00000,3.5,0.00004
2251,1,,,,,0.00022,0.00000,3.1,0.00003,1,,,,,0.00022,0.00000,3.7,0.00004
2252,1,,,,,0.00022,0.00000,3.1,0.00003,1,,,,,0.00022,0.00000,3.8,0.00004
2253,1,,,,,0.00022,0.00000,3.1,0.00004,1,,,,,0.00022,0.00000,3.8,0.00004
2254,1,,,,,0.00022,0.00001,3.1,0.00004,1,,,,,0.00022,0.00001,3.7,0.00004
2255,1,,,,,0.00022,0.00000,3.1,0.00004,1,,,,,0.00022,0.00000,3.7,0.00004
2256,1,,,,,0.00022,0.00000,3.1,0.00004,1,,,,,0.00022,0.00000,3.7,0.00004
2257,1,,,,,0.00022,0.00000,3.1,0.00004,1,,,,,0.00022,0.00000,3.7,0.00004
2258,1,,,,,0.00022,0.00000,3.1,0.00004,1,,,,,0.00022,0.00000,3.7,0.00004
2259,1,,,,,0.00022,0.00001,3.2,0.00004,1,,,,,0.00022,0.00001,3.8,0.00005
2260,1,,,,,0.00022,0.00000,3.2,0.00004,1,,,,,0.00022,0.00000,3.8,0.00004
2261,1,,,,,0.00022,0.00000,3.1,0.00003,1,,,,,0.00022,0.00000,3.7,0.00004
2262,1,,,,,0.00022,0.00000,3.2,0.00004,1,,,,,0.00022,0.00000,3.7,0.00004
2263,1,,,,,0.00022,0.00001,3.1,0.00004,1,,,,,0.00022,0.00000,3.7,0.00004
2264,1,,,,,0.00022,0.00000,3.2,0.00004,1,,,,,0.00022,0.00000,3.8,0.00004
2265,1,,,,,0.00022,0.00000,3.2,0.00003,1,,,,,0.00022,0.00000,3.8,0.00004
2266,1,,,,,0.00022,0.00000,3.1,0.00004,1,,,,,0.00022,0.00000,3.8,0.00004
2267,1,,,,,0.00022,0.00000,3.2,0.00004,1,,,,,0.00022,0.00000,3.8,0.00004
2268,1,,,,,0.00022,0.00000,3.1,0.00004,1,,,,,0.00022,0.00000,3.7,0.00004
2269,1,,,,,0.00022,0.00000,3.2,0.00004,1,,,,,0.00022,0.00000,3.8,0.00004
2270,1,,,,,0.00022,0.00000,3.1,0.00004,1,,,,,0.00022,0.00001,3.8,0.00004
2271,1,,,,,0.00022,0.00000,3.2,0.00004,1,,,,,0.00022,0.00000,3.8,0.00004
2272,1,,,,,0.00022,0.00000,3.2,0.00004,1,,,,,0.00022,0.00000,3.5,0.00004
2273,1,,,,,0.00022,0.00000,3.2,0.00004,1,,,,,0.00022,0.00000,3.4,0.00004
2274,1,,,,,0.00022,0.00000,3.2,0.00004,1,,,,,0.00022,0.00000,3.5,0.00004
2275,1,,,,,0.00022,0.00001,3.1,0.00004,1,,,,,0.00022,0.00000,3.5,0.00004
2276,1,,,,,0.00022,0.00000,3.1,0.00004,1,,,,,0.00022,0.00000,3.6,0.00004
2277,1,,,,,0.00022,0.00000,3.2,0.00004,1,,,,,0.00022,0.00000,3.5,0.00004
2278,1,,,,,0.00022,0.00000,3.1,0.00004,1,,,,,0.00022,0.00000,3.5,0.00004
2279,1,,,,,0.00022,0.00000,3.1,0.00004,1,,,,,0.00022,0.00000,3.5,0.00004
2280,1,,,,,0.00022,0.00000,3.1,0.00004,1,,,,,0.00022,0.00000,3.5,0.00004
2281,1,,,,,0.00022,0.00000,3.1,0.00003,1,,,,,0.00022,0.00000,3.5,0.00004
2282,1,,,,,0.00022,0.00000,3.1,0.00004,1,,,,,0.00022,0.00000,3.5,0.00004
2283,1,,,,,0.00022,0.00000,3.1,0.00003,1,,,,,0.00022,0.00000,3.5,0.00004
2284,1,,,,,0.00022,0.00000,3.1,0.00004,1,,,,,0.00022,0.00000,3.5,0.00004
2285,1,,,,,0.00022,0.00000,3.1,0.00004,1,,,,,0.00022,0.00000,3.5,0.00004
2286,1,,,,,0.00022,0.00000,3.2,0.00004,1,,,,,0.00022,0.00000,3.5,0.00004
2287,1,,,,,0.00022,0.00000,3.1,0.00004,1,,,,,0.00022,0.00000,3.5,0.00004
2288,1,,,,,0.00022,0.00000,3.1,0.00004,1,,,,,0.00022,0.00000,3.4,0.00004
2289,1,,,,,0.00022,0.00000,3.1,0.00004,1,,,,,0.00022,0.00000,3.4,0.00004
2290,1,,,,,0.00022,0.00000,3.1,0.00004,1,,,,,0.00022,0.00000,3.5,0.00004
2291,1,,,,,0.00022,0.00000,3.1,0.00004,1,,,,,0.00022,0.00000,3.5,0.00004
2292,1,,,,,0.00022,0.00000,3.1,0.00004,1,,,,,0.00022,0.00000,3.5,0.00004
2293,1,,,,,0.00022,0.00000,3.1,0.00004,1,,,,,0.00022,0.00000,3.6,0.00004
2294,1,,,,,0.00022,0.00001,3.1,0.00004,1,,,,,0.00022,0.00000,3.5,0.00004
2295,1,,,,,0.00022,0.00000,3.1,0.00004,1,,,,,0.00022,0.00000,3.4,0.00004
2296,1,,,,,0.00022,0.00000,3.1,0.00004,1,,,,,0.00022,0.00000,3.5,0.00004
2297,1,,,,,0.00022,0.00000,3.1,0.00004,1,,,,,0.00022,0.00000,3.4,0.00004
2298,1,,,,,0.00022,0.00001,3.1,0.00004,1,,,,,0.00022,0.00000,3.5,0.00004
2299,1,,,,,0.00022,0.00001,3.1,0.00004,1,,,,,0.00022,0.00000,3.5,0.00004
2300,1,,,,,0.00022,0.00000,3.1,0.00004,1,,,,,0.00022,0.00000,3.5,0.00004
2301,1,,,,,0.00022,0.00000,3.1,0.00003,1,,,,,0.00022,0.00000,3.4,0.00004
2302,1,,,,,0.00022,0.00000,3.2,0.00004,1,,,,,0.00022,0.00000,3.4,0.00004
2303,1,,,,,0.00022,0.00000,3.1,0.00004,1,,,,,0.00022,0.00000,3.5,0.00004
2304,1,,,,,0.00022,0.00000,3.2,0.00004,1,,,,,0.00022,0.00000,3.5,0.00004
2305,1,,,,,0.00022,0.00000,3.2,0.00004,1,,,,,0.00022,0.00000,3.5,0.00004
2306,1,,,,,0.00022,0.00000,3.1,0.00004,1,,,,,0.00022,0.00000,3.5,0.00004
2307,1,,,,,0.00022,0.00000,3.2,0.00004,1,,,,,0.00022,0.00000,3.5,0.00004
2308,1,,,,,0.00022,0.00000,3.2,0.00004,1,,,,,0.00022,0.00000,3.5,0.00004
2309,1,,,,,0.00022,0.00000,3.2,0.00004,1,,,,,0.00022,0.00001,3.5,0.00004
2310,1,,,,,0.00022,0.00000,3.1,0.00004,1,,,,,0.00022,0.00000,3.4,0.00004
2311,1,,,,,0.00022,0.00000,3.1,0.00004,1,,,,,0.00022,0.00000,3.5,0.00004
2312,1,,,,,0.00022,0.00000,3.1,0.00004,1,,,,,0.00022,0.00000,3.5,0.00004
2313,1,,,,,0.00022,0.00000,3.2,0.00004,1,,,,,0.00022,0.00001,3.5,0.00004
2314,1,,,,,0.00022,0.00000,3.2,0.00004,1,,,,,0.00022,0.00000,3.5,0.00004
2315,1,,,,,0.00022,0.00000,3.1,0.00004,1,,,,,0.00022,0.00000,3.4,0.00004
2316,1,,,,,0.00022,0.00000,3.2,0.00004,1,,,,,0.00022,0.00000,3.5,0.00004
2317,1,,,,,0.00022,0.00000,3.2,0.00004,1,,,,,0.00022,0.00000,3.5,0.00004
2318,1,,,,,0.00022,0.00000,3.2,0.00004,1,,,,,0.00022,0.00000,3.4,0.00004
2319,1,,,,,0.00022,0.00000,3.2,0.00004,1,,,,,0.00022,0.00000,3.5,0.00004
2320,1,,,,,0.00022,0.00000,3.2,0.00004,1,,,,,0.00022,0.00000,3.5,0.00004
2321,1,,,,,0.00022,0.00000,3.2,0.00004,1,,,,,0.00022,0.00000,3.5,0.00004
2322,1,,,,,0.00022,0.00001,3.2,0.00004,1,,,,,0.00022,0.00000,3.8,0.00004
2323,1,,,,,0.00022,0.00000,3.2,0.00004,1,,,,,0.00022,0.00000,3.8,0.00005
2324,1,,,,,0.00022,0.00000,3.2,0.00004,1,,,,,0.00022,0.00000,3.6,0.00004
2325,1,,,,,0.00022,0.00000,3.2,0.00004,1,,,,,0.00022,0.00000,3.7,0.00004
2326,1,,,,,0.00022,0.00000,3.2,0.00004,1,,,,,0.00022,0.00000,3.8,0.00004
2327,1,,,,,0.00022,0.00000,3.2,0.00004,1,,,,,0.00022,0.00000,3.7,0.00004
2328,1,,,,,0.00022,0.00000,3.2,0.00004,1,,,,,0.00022,0.00000,3.8,0.00004
2329,1,,,,,0.00022,0.00000,3.2,0.00004,1,,,,,0.00022,0.00000,3.7,0.00004
2330,1,,,,,0.00022,0.00000,3.3,0.00004,1,,,,,0.00022,0.00000,3.7,0.00004
2331,1,,,,,0.00022,0.00000,3.2,0.00004,1,,,,,0.00022,0.00000,3.8,0.00004
2332,1,,,,,0.00022,0.00000,3.2,0.00003,1,,,,,0.00022,0.00001,3.8,0.00004
2333,1,,,,,0.00022,0.00000,3.2,0.00004,1,,,,,0.00022,0.00000,3.7,0.00005
2334,1,,,,,0.00022,0.00000,3.2,0.00003,1,,,,,0.00022,0.00000,3.7,0.00004
2335,1,,,,,0.00022,0.00000,3.3,0.00004,1,,,,,0.00022,0.00000,3.8,0.00004
2336,1,,,,,0.00022,0.00000,3.3,0.00004,1,,,,,0.00022,0.00000,3.7,0.00004
2337,1,,,,,0.00022,0.00000,3.3,0.00004,1,,,,,0.00022,0.00000,3.8,0.00004
2338,1,,,,,0.00022,0.00000,3.4,0.00004,1,,,,,0.00022,0.00000,3.8,0.00004
2339,1,,,,,0.00022,0.00000,3.4,0.00004,1,,,,,0.00022,0.00000,3.7,0.00004
2340,1,,,,,0.00022,0.00000,3.2,0.00004,1,,,,,0.00022,0.00000,3.7,0.00004
2341,1,,,,,0.00022,0.00000,3.3,0.00004,1,,,,,0.00022,0.00000,3.8,0.00004
2342,1,,,,,0.00022,0.00000,3.4,0.00004,1,,,,,0.00022,0.00001,3.8,0.00004
2343,1,,,,,0.00022,0.00000,3.7,0.00004,1,,,,,0.00022,0.00000,3.8,0.00004
2344,1,,,,,0.00022,0.00000,3.5,0.00004,1,,,,,0.00022,0.00000,3.8,0.00004
2345,1,,,,,0.00022,0.00000,3.5,0.00004,1,,,,,0.00022,0.00000,3.7,0.00004
2346,1,,,,,0.00022,0.00000,3.5,0.00004,1,,,,,0.00022,0.00000,3.7,0.00004
2347,1,,,,,0.00022,0.00000,3.5,0.00004,1,,,,,0.00022,0.00000,3.8,0.00004
2348,1,,,,,0.00022,0.00000,3.5,0.00004,1,,,,,0.00022,0.00000,3.7,0.00004
2349,1,,,,,0.00022,0.00000,3.6,0.00004,1,,,,,0.00022,0.00000,3.7,0.00004
2350,1,,,,,0.00022,0.00000,3.4,0.00004,1,,,,,0.00022,0.00000,3.6,0.00004
2351,1,,,,,0.00022,0.00000,3.5,0.00004,1,,,,,0.00022,0.00001,3.6,0.00004
2352,1,,,,,0.00022,0.00000,3.5,0.00004,1,,,,,0.00022,0.00001,3.5,0.00004
2353,1,,,,,0.00022,0.00000,3.6,0.00004,1,,,,,0.00022,0.00000,3.5,0.00004
2354,1,,,,,0.00022,0.00000,3.6,0.00004,1,,,,,0.00022,0.00000,3.5,0.00004
2355,1,,,,,0.00022,0.00000,3.5,0.00004,1,,,,,0.00022,0.00000,3.5,0.00004
2356,1,,,,,0.00022,0.00000,3.5,0.00004,1,,,,,0.00022,0.00000,3.5,0.00004
2357,1,,,,,0.00022,0.00001,3.5,0.00004,1,,,,,0.00022,0.00000,3.5,0.00004
2358,1,,,,,0.00022,0.00001,3.5,0.00004,1,,,,,0.00022,0.00000,3.4,0.00004
2359,1,,,,,0.00022,0.00000,3.5,0.00004,1,,,,,0.00022,0.00000,3.5,0.00004
2360,1,,,,,0.00022,0.00000,3.5,0.00004,1,,,,,0.00022,0.00000,3.4,0.00004
2361,1,,,,,0.00022,0.00000,3.6,0.00004,1,,,,,0.00022,0.00000,3.5,0.00004
2362,1,,,,,0.00022,0.00000,3.6,0.00005,1,,,,,0.00022,0.00000,3.5,0.00004
2363,1,,,,,0.00022,0.00000,3.6,0.00004,1,,,,,0.00022,0.00000,3.4,0.00004
2364,1,,,,,0.00022,0.00001,3.5,0.00004,1,,,,,0.00022,0.00000,3.4,0.00004
2365,1,,,,,0.00022,0.00000,3.5,0.00004,1,,,,,0.00022,0.00000,3.5,0.00004
2366,1,,,,,0.00022,0.00000,3.5,0.00004,1,,,,,0.00022,0.00000,3.5,0.00004
2367,1,,,,,0.00022,0.00001,3.6,0.00004,1,,,,,0.00022,0.00000,3.4,0.00004
2368,1,,,,,0.00022,0.00000,3.5,0.00004,1,,,,,0.00022,0.00000,3.4,0.00004
2369,1,,,,,0.00022,0.00000,3.6,0.00004,1,,,,,0.00022,0.00000,3.7,0.00004
2370,1,,,,,0.00022,0.00000,3.6,0.00005,1,,,,,0.00022,0.00000,3.7,0.00004
2371,1,,,,,0.00022,0.00000,3.6,0.00004,1,,,,,0.00022,0.00000,3.7,0.00004
2372,1,,,,,0.00022,0.00000,3.6,0.00004,1,,,,,0.00022,0.00001,3.7,0.00004
2373,1,,,,,0.00022,0.00000,3.7,0.00004,1,,,,,0.00022,0.00001,3.7,0.00004
2374,1,,,,,0.00022,0.00000,3.6,0.00004,1,,,,,0.00022,0.00000,3.7,0.00004
2375,1,,,,,0.00022,0.00000,3.6,0.00004,1,,,,,0.00022,0.00001,3.5,0.00004
2376,1,,,,,0.00022,0.00001,3.7,0.00004,1,,,,,0.00022,0.00000,3.4,0.00004
2377,1,,,,,0.00022,0.00001,3.6,0.00004,1,,,,,0.00022,0.00000,3.4,0.00004
2378,1,,,,,0.00022,0.00000,3.6,0.00004,1,,,,,0.00022,0.00000,3.5,0.00005
2379,1,,,,,0.00022,0.00000,3.6,0.00004,1,,,,,0.00022,0.00000,3.4,0.00004
2380,1,,,,,0.00022,0.00000,3.7,0.00004,1,,,,,0.00022,0.00000,3.4,0.00004
2381,1,,,,,0.00022,0.00000,3.6,0.00004,1,,,,,0.00022,0.00000,3.4,0.00004
2382,1,,,,,0.00022,0.00000,3.6,0.00005,1,,,,,0.00022,0.00000,3.5,0.00004
2383,1,,,,,0.00022,0.00000,3.6,0.00004,1,,,,,0.00022,0.00000,3.5,0.00004
2384,1,,,,,0.00022,0.00000,3.6,0.00004,1,,,,,0.00022,0.00000,3.4,0.00004
2385,1,,,,,0.00022,0.00000,3.6,0.00004,1,,,,,0.00022,0.00000,3.4,0.00004
2386,1,,,,,0.00022,0.00000,3.6,0.00004,1,,,,,0.00022,0.00000,3.5,0.00004
2387,1,,,,,0.00022,0.00001,3.5,0.00004,1,,,,,0.00022,0.00000,3.4,0.00003
2388,1,,,,,0.00022,0.00001,3.5,0.00004,1,,,,,0.00022,0.00000,3.4,0.00004
2389,1,,,,,0.00022,0.00000,3.5,0.00004,1,,,,,0.00022,0.00000,3.5,0.00004
2390,1,,,,,0.00022,0.00000,3.5,0.00004,1,,,,,0.00022,0.00000,3.4,0.00004
2391,1,,,,,0.00022,0.00001,3.5,0.00004,1,,,,,0.00022,0.00000,3.5,0.00004
2392,1,,,,,0.00022,0.00000,3.5,0.00004,1,,,,,0.00022,0.00000,3.5,0.00004
2393,1,,,,,0.00022,0.00000,3.6,0.00004,1,,,,,0.00022,0.00000,3.7,0.00004
2394,1,,,,,0.00022,0.00000,3.5,0.00004,1,,,,,0.00022,0.00000,3.7,0.00004
2395,1,,,,,0.00022,0.00001,3.6,0.00004,1,,,,,0.00022,0.00000,3.7,0.00004
2396,1,,,,,0.00022,0.00000,3.6,0.00004,1,,,,,0.00022,0.00000,3.8,0.00004
2397,1,,,,,0.00022,0.00000,3.5,0.00004,1,,,,,0.00022,0.00001,3.7,0.00004
2398,1,,,,,0.00022,0.00000,3.5,0.00004,1,,,,,0.00022,0.00001,3.7,0.00004
2399,1,,,,,0.00022,0.00000,3.5,0.00004,1,,,,,0.00022,0.00000,3.8,0.00004
2400,1,,,,,0.00022,0.00000,3.5,0.00004,1,,,,,0.00022,0.00000,3.8,0.00005
2401,1,,,,,0.00022,0.00000,3.5,0.00004,1,,,,,0.00022,0.00000,3.8,0.00004
2402,1,,,,,0.00022,0.00000,3.5,0.00004,1,,,,,0.00022,0.00000,3.7,0.00004
2403,1,,,,,0.00022,0.00000,3.5,0.00004,1,,,,,0.00022,0.00000,3.7,0.00004
2404,1,,,,,0.00022,0.00000,3.6,0.00004,1,,,,,0.00022,0.00000,3.7,0.00004
2405,1,,,,,0.00022,0.00000,3.6,0.00004,1,,,,,0.00022,0.00001,3.7,0.00004
2406,1,,,,,0.00022,0.00000,3.6,0.00004,1,,,,,0.00022,0.00000,3.8,0.00004
2407,1,,,,,0.00022,0.00000,3.6,0.00004,1,,,,,0.00022,0.00001,3.8,0.00004
2408,1,,,,,0.00022,0.00001,3.5,0.00004,1,,,,,0.00022,0.00000,3.8,0.00004
2409,1,,,,,0.00022,0.00000,3.6,0.00004,1,,,,,0.00022,0.00000,3.8,0.00004
2410,1,,,,,0.00022,0.00001,3.6,0.00004,1,,,,,0.00022,0.00000,3.8,0.00005
2411,1,,,,,0.00022,0.00000,3.6,0.00004,1,,,,,0.00022,0.00000,3.7,0.00004
2412,1,,,,,0.00022,0.00000,3.6,0.00004,1,,,,,0.00022,0.00000,3.7,0.00005
2413,1,,,,,0.00022,0.00000,3.6,0.00004,1,,,,,0.00022,0.00000,3.7,0.00004
2414,1,,,,,0.00022,0.00000,3.5,0.00004,1,,,,,0.00022,0.00000,3.7,0.00004
2415,1,,,,,0.00022,0.00000,3.6,0.00004,1,,,,,0.00022,0.00000,3.8,0.00005
2416,1,,,,,0.00022,0.00000,3.5,0.00004,1,,,,,0.00022,0.00001,3.7,0.00004
2417,1,,,,,0.00022,0.00000,3.6,0.00004,1,,,,,0.00022,0.00000,3.7,0.00004
2418,1,,,,,0.00022,0.00000,3.5,0.00004,1,,,,,0.00022,0.00000,3.8,0.00004
2419,1,,,,,0.00022,0.00000,3.5,0.00004,1,,,,,0.00022,0.00001,3.7,0.00004
2420,1,,,,,0.00022,0.00000,3.6,0.00004,1,,,,,0.00022,0.00000,3.7,0.00004
2421,1,,,,,0.00022,0.00000,3.6,0.00004,1,,,,,0.00022,0.00000,3.7,0.00004
2422,1,,,,,0.00022,0.00000,3.5,0.00004,1,,,,,0.00022,0.00000,3.7,0.00004
2423,1,,,,,0.00022,0.00001,3.5,0.00004,1,,,,,0.00022,0.00000,3.7,0.00004
2424,1,,,,,0.00022,0.00000,3.5,0.00004,1,,,,,0.00022,0.00000,3.6,0.00004
2425,1,,,,,0.00022,0.00000,3.6,0.00005,1,,,,,0.00022,0.00000,3.6,0.00004
2426,1,,,,,0.00022,0.00000,3.5,0.00004,1,,,,,0.00022,0.00000,3.6,0.00004
2427,1,,,,,0.00022,0.00000,3.5,0.00004,1,,,,,0.00022,0.00000,3.5,0.00004
2428,1,,,,,0.00022,0.00001,3.5,0.00004,1,,,,,0.00022,0.00000,3.5,0.00004
2429,1,,,,,0.00022,0.00000,3.6,0.00004,1,,,,,0.00022,0.00000,3.5,0.00004
2430,1,,,,,0.00022,0.00001,3.5,0.00004,1,,,,,0.00022,0.00000,3.4,0.00004
2431,1,,,,,0.00022,0.00000,3.5,0.00004,1,,,,,0.00022,0.00000,3.4,0.00004
2432,1,,,,,0.00022,0.00000,3.6,0.00004,1,,,,,0.00022,0.00001,3.5,0.00004
2433,1,,,,,0.00022,0.00000,3.6,0.00004,1,,,,,0.00022,0.00000,3.5,0.00004
2434,1,,,,,0.00022,0.00000,3.5,0.00004,1,,,,,0.00022,0.00000,3.5,0.00004
2435,1,,,,,0.00022,0.00000,3.5,0.00004,1,,,,,0.00022,0.00000,3.4,0.00004
2436,1,,,,,0.00022,0.00000,3.6,0.00004,1,,,,,0.00022,0.00000,3.5,0.00004
2437,1,,,,,0.00022,0.00000,3.5,0.00004,1,,,,,0.00022,0.00000,3.5,0.00004
2438,1,,,,,0.00022,0.00001,3.5,0.00004,1,,,,,0.00022,0.00000,3.5,0.00004
2439,1,,,,,0.00022,0.00000,3.4,0.00004,1,,,,,0.00022,0.00000,3.7,0.00004
2440,1,,,,,0.00022,0.00000,3.5,0.00004,1,,,,,0.00022,0.00001,3.7,0.00005
2441,1,,,,,0.00022,0.00000,3.5,0.00004,1,,,,,0.00022,0.00000,3.7,0.00004
2442,1,,,,,0.00022,0.00000,3.4,0.00004,1,,,,,0.00022,0.00000,3.7,0.00005
2443,1,,,,,0.00022,0.00000,3.4,0.00004,1,,,,,0.00022,0.00000,3.6,0.00004
2444,1,,,,,0.00022,0.00000,3.4,0.00004,1,,,,,0.00022,0.00001,3.7,0.00004
2445,1,,,,,0.00022,0.00000,3.5,0.00004,1,,,,,0.00022,0.00000,3.6,0.00004
2446,1,,,,,0.00022,0.00000,3.5,0.00004,1,,,,,0.00022,0.00000,3.6,0.00004
2447,1,,,,,0.00022,0.00000,3.5,0.00004,1,,,,,0.00022,0.00001,3.7,0.00004
2448,1,,,,,0.00022,0.00000,3.5,0.00004,1,,,,,0.00022,0.00001,3.6,0.00004
2449,1,,,,,0.00022,0.00000,3.5,0.00004,1,,,,,0.00022,0.00000,3.6,0.00004
2450,1,,,,,0.00022,0.00000,3.5,0.00004,1,,,,,0.00022,0.00000,3.7,0.00004
2451,1,,,,,0.00022,0.00000,3.5,0.00004,1,,,,,0.00022,0.00000,3.6,0.00004
2452,1,,,,,0.00022,0.00000,3.5,0.00004,1,,,,,0.00022,0.00000,3.7,0.00004
2453,1,,,,,0.00022,0.00000,3.5,0.00004,1,,,,,0.00022,0.00000,3.5,0.00005
2454,1,,,,,0.00022,0.00000,3.5,0.00004,1,,,,,0.00022,0.00000,3.4,0.00004
2455,1,,,,,0.00022,0.00000,3.5,0.00004,1,,,,,0.00022,0.00000,3.4,0.00004
2456,1,,,,,0.00022,0.00000,3.5,0.00004,1,,,,,0.00022,0.00000,3.5,0.00004
2457,1,,,,,0.00022,0.00000,3.5,0.00004,1,,,,,0.00022,0.00000,3.5,0.00004
2458,1,,,,,0.00022,0.00000,3.4,0.00004,1,,,,,0.00022,0.00000,3.4,0.00004
2459,1,,,,,0.00022,0.00000,3.5,0.00004,1,,,,,0.00022,0.00000,3.4,0.00004
2460,1,,,,,0.00022,0.00000,3.5,0.00004,1,,,,,0.00022,0.00000,3.5,0.00004
2461,1,,,,,0.00022,0.00000,3.5,0.00004,1,,,,,0.00022,0.00000,3.4,0.00004
2462,1,,,,,0.00022,0.00000,3.5,0.00004,1,,,,,0.00022,0.00000,3.5,0.00004
2463,1,,,,,0.00022,0.00000,3.5,0.00004,1,,,,,0.00022,0.00000,3.5,0.00004
2464,1,,,,,0.00022,0.00000,3.5,0.00004,1,,,,,0.00022,0.00000,3.5,0.00004
2465,1,,,,,0.00022,0.00000,3.5,0.00004,1,,,,,0.00022,0.00000,3.5,0.00004
2466,1,,,,,0.00022,0.00000,3.5,0.00004,1,,,,,0.00022,0.00000,3.5,0.00004
2467,1,,,,,0.00022,0.00000,3.4,0.00004,1,,,,,0.00022,0.00000,3.7,0.00004
2468,1,,,,,0.00022,0.00000,3.5,0.00004,1,,,,,0.00022,0.00000,3.5,0.00004
2469,1,,,,,0.00022,0.00000,3.5,0.00004,1,,,,,0.00022,0.00000,3.4,0.00004
2470,1,,,,,0.00022,0.00000,3.4,0.00004,1,,,,,0.00022,0.00000,3.5,0.00004
2471,1,,,,,0.00022,0.00000,3.5,0.00004,1,,,,,0.00022,0.00001,3.5,0.00004
2472,1,,,,,0.00022,0.00000,3.5,0.00004,1,,,,,0.00022,0.00000,3.4,0.00004
2473,1,,,,,0.00022,0.00000,3.5,0.00004,1,,,,,0.00022,0.00000,3.5,0.00004
2474,1,,,,,0.00022,0.00000,3.5,0.00004,1,,,,,0.00022,0.00001,3.5,0.00004
2475,1,,,,,0.00022,0.00000,3.7,0.00004,1,,,,,0.00022,0.00000,3.7,0.00004
2476,1,,,,,0.00022,0.00001,3.7,0.00004,1,,,,,0.00022,0.00001,3.8,0.00004
2477,1,,,,,0.00022,0.00000,3.7,0.00004,1,,,,,0.00022,0.00000,3.7,0.00005
2478,1,,,,,0.00022,0.00000,3.6,0.00004,1,,,,,0.00022,0.00001,3.7,0.00004
2479,1,,,,,0.00022,0.00000,3.7,0.00004,1,,,,,0.00022,0.00001,3.7,0.00004
2480,1,,,,,0.00022,0.00000,3.7,0.00005,1,,,,,0.00022,0.00001,3.7,0.00004
2481,1,,,,,0.00022,0.00000,3.6,0.00004,1,,,,,0.00022,0.00000,3.7,0.00004
2482,1,,,,,0.00022,0.00000,3.6,0.00004,1,,,,,0.00022,0.00001,3.7,0.00004
2483,1,,,,,0.00022,0.00000,3.6,0.00004,1,,,,,0.00022,0.00001,3.7,0.00004
2484,1,,,,,0.00022,0.00000,3.6,0.00004,1,,,,,0.00022,0.00000,3.7,0.00004
2485,1,,,,,0.00022,0.00000,3.6,0.00004,1,,,,,0.00022,0.00000,3.7,0.00004
2486,1,,,,,0.00022,0.00000,3.7,0.00004,1,,,,,0.00022,0.00000,3.7,0.00004
2487,1,,,,,0.00022,0.00000,3.6,0.00004,1,,,,,0.00022,0.00000,3.7,0.00004
2488,1,,,,,0.00022,0.00000,3.7,0.00004,1,,,,,0.00022,0.00000,3.8,0.00004
2489,1,,,,,0.00022,0.00000,3.7,0.00004,1,,,,,0.00022,0.00000,3.7,0.00004
2490,1,,,,,0.00022,0.00000,3.7,0.00004,1,,,,,0.00022,0.00000,3.6,0.00004
2491,1,,,,,0.00022,0.00001,3.7,0.00004,1,,,,,0.00022,0.00000,3.7,0.00004
2492,1,,,,,0.00022,0.00000,3.8,0.00004,1,,,,,0.00022,0.00001,3.7,0.00004
2493,1,,,,,0.00022,0.00000,3.8,0.00004,1,,,,,0.00022,0.00000,3.6,0.00004
2494,1,,,,,0.00022,0.00000,3.8,0.00004,1,,,,,0.00022,0.00001,3.7,0.00005
2495,1,,,,,0.00022,0.00000,3.7,0.00004,1,,,,,0.00022,0.00000,3.7,0.00004
2496,1,,,,,0.00022,0.00000,3.8,0.00004,1,,,,,0.00022,0.00000,3.7,0.00004
2497,1,,,,,0.00022,0.00000,3.8,0.00004,1,,,,,0.00022,0.00000,3.5,0.00004
2498,1,,,,,0.00022,0.00000,3.8,0.00004,1,,,,,0.00022,0.00001,3.5,0.00004
2499,1,,,,,0.00022,0.00000,3.6,0.00004,1,,,,,0.00022,0.00000,3.5,0.00004
2500,1,,,,,0.00022,0.00000,3.6,0.00004,1,,,,,0.00022,0.00001,3.4,0.00004
2501,1,,,,,0.00022,0.00000,3.6,0.00004,1,,,,,0.00022,0.00000,3.4,0.00004
2502,1,,,,,0.00022,0.00000,3.7,0.00004,1,,,,,0.00022,0.00000,3.4,0.00004
2503,1,,,,,0.00022,0.00000,3.8,0.00004,1,,,,,0.00022,0.00000,3.4,0.00004
2504,1,,,,,0.00022,0.00000,3.8,0.00004,1,,,,,0.00022,0.00000,3.4,0.00004
2505,1,,,,,0.00022,0.00000,3.8,0.00004,1,,,,,0.00022,0.00000,3.4,0.00004
2506,1,,,,,0.00022,0.00000,3.8,0.00005,1,,,,,0.00022,0.00000,3.5,0.00004
2507,1,,,,,0.00022,0.00000,3.7,0.00004,1,,,,,0.00022,0.00000,3.5,0.00004
2508,1,,,,,0.00022,0.00001,3.8,0.00004,1,,,,,0.00022,0.00000,3.5,0.00004
2509,1,,,,,0.00022,0.00001,3.8,0.00004,1,,,,,0.00022,0.00000,3.5,0.00004
2510,1,,,,,0.00022,0.00001,3.8,0.00004,1,,,,,0.00022,0.00001,3.4,0.00005
2511,1,,,,,0.00022,0.00000,3.9,0.00005,1,,,,,0.00022,0.00000,3.5,0.00004
2512,1,,,,,0.00022,0.00000,3.8,0.00004,1,,,,,0.00022,0.00000,3.4,0.00004
2513,1,,,,,0.00022,0.00000,3.8,0.00004,1,,,,,0.00022,0.00000,3.4,0.00004
2514,1,,,,,0.00022,0.00000,3.8,0.00004,1,,,,,0.00022,0.00000,3.4,0.00004
2515,1,,,,,0.00022,0.00000,3.8,0.00004,1,,,,,0.00022,0.00000,3.5,0.00004
2516,1,,,,,0.00022,0.00001,3.8,0.00004,1,,,,,0.00022,0.00000,3.4,0.00004
2517,1,,,,,0.00022,0.00000,3.8,0.00005,1,,,,,0.00022,0.00000,3.6,0.00004
2518,1,,,,,0.00022,0.00001,3.8,0.00004,1,,,,,0.00022,0.00000,3.5,0.00004
2519,1,,,,,0.00022,0.00001,3.9,0.00004,1,,,,,0.00022,0.00000,3.4,0.00004
2520,1,,,,,0.00022,0.00000,3.9,0.00004,1,,,,,0.00022,0.00000,3.4,0.00004
2521,1,,,,,0.00022,0.00000,3.9,0.00004,1,,,,,0.00022,0.00000,3.4,0.00004
2522,1,,,,,0.00022,0.00001,3.9,0.00004,1,,,,,0.00022,0.00000,3.5,0.00004
2523,1,,,,,0.00022,0.00000,3.9,0.00004,1,,,,,0.00022,0.00001,3.4,0.00004
2524,1,,,,,0.00022,0.00000,3.9,0.00004,1,,,,,0.00022,0.00000,3.4,0.00004
2525,1,,,,,0.00022,0.00000,3.9,0.00004,1,,,,,0.00022,0.00001,3.4,0.00004
2526,1,,,,,0.00022,0.00000,3.9,0.00004,1,,,,,0.00022,0.00000,3.5,0.00004
2527,1,,,,,0.00022,0.00000,3.8,0.00004,1,,,,,0.00022,0.00000,3.4,0.00004
2528,1,,,,,0.00022,0.00000,3.9,0.00004,1,,,,,0.00022,0.00000,3.4,0.00004
2529,1,,,,,0.00022,0.00000,3.8,0.00004,1,,,,,0.00022,0.00001,3.5,0.00004
2530,1,,,,,0.00022,0.00001,3.5,0.00004,1,,,,,0.00022,0.00000,3.6,0.00004
2531,1,,,,,0.00022,0.00000,3.4,0.00004,1,,,,,0.00022,0.00000,3.4,0.00004
2532,1,,,,,0.00022,0.00000,3.5,0.00004,1,,,,,0.00022,0.00000,3.4,0.00004
2533,1,,,,,0.00022,0.00000,3.5,0.00004,1,,,,,0.00022,0.00000,3.4,0.00004
2534,1,,,,,0.00022,0.00000,3.5,0.00004,1,,,,,0.00022,0.00000,3.5,0.00004
2535,1,,,,,0.00022,0.00000,3.5,0.00004,1,,,,,0.00022,0.00000,3.5,0.00004
2536,1,,,,,0.00022,0.00000,3.5,0.00004,1,,,,,0.00022,0.00001,3.4,0.00004
2537,1,,,,,0.00022,0.00000,3.6,0.00004,1,,,,,0.00022,0.00000,3.4,0.00004
2538,1,,,,,0.00022,0.00000,3.5,0.00004,1,,,,,0.00022,0.00000,3.5,0.00004
2539,1,,,,,0.00022,0.00000,3.7,0.00004,1,,,,,0.00022,0.00001,3.7,0.00005
2540,1,,,,,0.00022,0.00000,3.8,0.00004,1,,,,,0.00022,0.00001,3.6,0.00004
2541,1,,,,,0.00022,0.00000,3.6,0.00004,1,,,,,0.00022,0.00000,3.5,0.00004
2542,1,,,,,0.00022,0.00000,3.6,0.00004,1,,,,,0.00022,0.00000,3.6,0.00005
2543,1,,,,,0.00022,0.00000,3.8,0.00004,1,,,,,0.00022,0.00000,3.6,0.00004
2544,1,,,,,0.00022,0.00001,3.8,0.00004,1,,,,,0.00022,0.00000,3.7,0.00004
2545,1,,,,,0.00022,0.00000,3.8,0.00004,1,,,,,0.00022,0.00001,3.7,0.00004
2546,1,,,,,0.00022,0.00000,3.8,0.00004,1,,,,,0.00022,0.00000,3.7,0.00004
2547,1,,,,,0.00022,0.00000,3.8,0.00004,1,,,,,0.00022,0.00000,3.7,0.00004
2548,1,,,,,0.00022,0.00000,3.8,0.00004,1,,,,,0.00022,0.00000,3.8,0.00004
2549,1,,,,,0.00022,0.00000,3.7,0.00004,1,,,,,0.00022,0.00000,3.7,0.00004
2550,1,,,,,0.00022,0.00000,3.8,0.00004,1,,,,,0.00022,0.00000,3.8,0.00004
2551,1,,,,,0.00022,0.00000,3.7,0.00004,1,,,,,0.00022,0.00000,3.7,0.00004
2552,1,,,,,0.00022,0.00000,3.7,0.00004,1,,,,,0.00022,0.00000,3.6,0.00004
2553,1,,,,,0.00022,0.00000,3.7,0.00004,1,,,,,0.00022,0.00001,3.7,0.00004
2554,1,,,,,0.00022,0.00001,3.7,0.00004,1,,,,,0.00022,0.00000,3.7,0.00004
2555,1,,,,,0.00022,0.00000,3.8,0.00004,1,,,,,0.00022,0.00000,3.6,0.00004
2556,1,,,,,0.00022,0.00001,3.8,0.00004,1,,,,,0.00022,0.00000,3.7,0.00004
2557,1,,,,,0.00022,0.00000,3.8,0.00005,1,,,,,0.00022,0.00001,3.8,0.00005
2558,1,,,,,0.00022,0.00000,3.8,0.00004,1,,,,,0.00022,0.00001,3.7,0.00004
2559,1,,,,,0.00022,0.00000,3.7,0.00004,1,,,,,0.00022,0.00000,3.7,0.00004
2560,1,,,,,0.00022,0.00000,3.7,0.00004,1,,,,,0.00022,0.00000,3.7,0.00004
2561,1,,,,,0.00022,0.00001,3.7,0.00004,1,,,,,0.00022,0.00000,3.7,0.00004
2562,1,,,,,0.00022,0.00000,3.7,0.00004,1,,,,,0.00022,0.00000,3.7,0.00004
2563,1,,,,,0.00022,0.00000,3.7,0.00004,1,,,,,0.00022,0.00000,3.7,0.00004
2564,1,,,,,0.00022,0.00000,3.8,0.00004,1,,,,,0.00022,0.00000,3.7,0.00005
2565,1,,,,,0.00022,0.00000,3.7,0.00004,1,,,,,0.00022,0.00001,3.7,0.00005
2566,1,,,,,0.00022,0.00000,3.7,0.00005,1,,,,,0.00022,0.00001,3.5,0.00004
2567,1,,,,,0.00022,0.00000,3.8,0.00005,1,,,,,0.00022,0.00000,3.5,0.00004
2568,1,,,,,0.00022,0.00000,3.8,0.00004,1,,,,,0.00022,0.00000,3.5,0.00004
2569,1,,,,,0.00022,0.00000,3.7,0.00004,1,,,,,0.00022,0.00001,3.5,0.00004
2570,1,,,,,0.00022,0.00000,3.7,0.00004,1,,,,,0.00022,0.00000,3.4,0.00004
2571,1,,,,,0.00022,0.00000,3.7,0.00004,1,,,,,0.00022,0.00000,3.5,0.00004
2572,1,,,,,0.00022,0.00000,3.8,0.00004,1,,,,,0.00022,0.00000,3.5,0.00004
2573,1,,,,,0.00022,0.00000,3.8,0.00004,1,,,,,0.00022,0.00000,3.5,0.00004
2574,1,,,,,0.00022,0.00001,3.8,0.00005,1,,,,,0.00022,0.00000,3.5,0.00004
2575,1,,,,,0.00022,0.00000,3.6,0.00004,1,,,,,0.00022,0.00001,3.5,0.00004
2576,1,,,,,0.00022,0.00000,3.6,0.00004,1,,,,,0.00022,0.00000,3.5,0.00004
2577,1,,,,,0.00022,0.00000,3.7,0.00004,1,,,,,0.00022,0.00000,3.5,0.00004
2578,1,,,,,0.00022,0.00000,3.6,0.00004,1,,,,,0.00022,0.00000,3.5,0.00004
2579,1,,,,,0.00022,0.00000,3.6,0.00004,1,,,,,0.00022,0.00000,3.5,0.00004
2580,1,,,,,0.00022,0.00000,3.6,0.00004,1,,,,,0.00022,0.00000,3.5,0.00004
2581,1,,,,,0.00022,0.00001,3.6,0.00004,1,,,,,0.00022,0.00000,3.5,0.00004
2582,1,,,,,0.00022,0.00001,3.7,0.00005,1,,,,,0.00022,0.00001,3.5,0.00004
2583,1,,,,,0.00022,0.00000,3.6,0.00005,1,,,,,0.00022,0.00000,3.5,0.00004
2584,1,,,,,0.00022,0.00001,3.7,0.00004,1,,,,,0.00022,0.00000,3.5,0.00004
2585,1,,,,,0.00022,0.00000,3.6,0.00004,1,,,,,0.00022,0.00000,3.5,0.00004
2586,1,,,,,0.00022,0.00000,3.7,0.00004,1,,,,,0.00022,0.00000,3.4,0.00004
2587,1,,,,,0.00022,0.00000,3.7,0.00005,1,,,,,0.00022,0.00000,3.4,0.00004
2588,1,,,,,0.00022,0.00001,3.6,0.00004,1,,,,,0.00022,0.00000,3.5,0.00004
2589,1,,,,,0.00022,0.00000,3.7,0.00005,1,,,,,0.00022,0.00000,3.5,0.00004
2590,1,,,,,0.00022,0.00000,3.6,0.00004,1,,,,,0.00022,0.00000,3.5,0.00004
2591,1,,,,,0.00022,0.00000,3.6,0.00004,1,,,,,0.00022,0.00000,3.5,0.00004
2592,1,,,,,0.00022,0.00001,3.7,0.00005,1,,,,,0.00022,0.00001,3.5,0.00004
2593,1,,,,,0.00022,0.00000,3.7,0.00005,1,,,,,0.00022,0.00001,3.5,0.00004
2594,1,,,,,0.00022,0.00001,3.6,0.00004,1,,,,,0.00022,0.00001,3.5,0.00004
2595,1,,,,,0.00022,0.00000,3.6,0.00005,1,,,,,0.00022,0.00000,3.5,0.00004
2596,1,,,,,0.00022,0.00000,3.6,0.00005,1,,,,,0.00022,0.00000,3.5,0.00004
2597,1,,,,,0.00022,0.00000,3.6,0.00005,1,,,,,0.00022,0.00000,3.4,0.00004
2598,1,,,,,0.00022,0.00000,3.6,0.00005,1,,,,,0.00022,0.00000,3.4,0.00004
2599,1,,,,,0.00022,0.00001,3.7,0.00005,1,,,,,0.00022,0.00000,3.4,0.00004
2600,1,,,,,0.00022,0.00000,3.6,0.00005,1,,,,,0.00022,0.00001,3.4,0.00004
2601,1,,,,,0.00022,0.00000,3.6,0.00005,1,,,,,0.00022,0.00000,3.4,0.00004
2602,1,,,,,0.00022,0.00000,3.7,0.00005,1,,,,,0.00022,0.00000,3.5,0.00004
2603,1,,,,,0.00022,0.00000,3.6,0.00005,1,,,,,0.00022,0.00000,3.4,0.00004
2604,1,,,,,0.00022,0.00000,3.6,0.00004,1,,,,,0.00022,0.00000,3.4,0.00004
2605,1,,,,,0.00022,0.00000,3.7,0.00005,1,,,,,0.00022,0.00000,3.5,0.00004
2606,1,,,,,0.00022,0.00000,3.7,0.00005,1,,,,,0.00022,0.00001,3.5,0.00004
2607,1,,,,,0.00022,0.00000,3.7,0.00005,1,,,,,0.00022,0.00000,3.5,0.00004
2608,1,,,,,0.00022,0.00000,3.6,0.00005,1,,,,,0.00022,0.00001,3.5,0.00004
2609,1,,,,,0.00022,0.00000,3.7,0.00005,1,,,,,0.00022,0.00001,3.5,0.00004
2610,1,,,,,0.00022,0.00000,3.5,0.00004,1,,,,,0.00022,0.00000,3.5,0.00004
2611,1,,,,,0.00022,0.00000,3.5,0.00004,1,,,,,0.00022,0.00001,3.5,0.00004
2612,1,,,,,0.00022,0.00000,3.6,0.00004,1,,,,,0.00022,0.00000,3.5,0.00004
2613,1,,,,,0.00022,0.00001,3.7,0.00005,1,,,,,0.00022,0.00000,3.5,0.00004
2614,1,,,,,0.00022,0.00000,3.7,0.00005,1,,,,,0.00022,0.00000,3.4,0.00004
2615,1,,,,,0.00022,0.00000,3.5,0.00004,1,,,,,0.00022,0.00000,3.5,0.00004
2616,1,,,,,0.00022,0.00000,3.5,0.00004,1,,,,,0.00022,0.00000,3.5,0.00004
2617,1,,,,,0.00022,0.00000,3.5,0.00004,1,,,,,0.00022,0.00000,3.5,0.00004
2618,1,,,,,0.00022,0.00000,3.5,0.00004,1,,,,,0.00022,0.00000,3.5,0.00004
2619,1,,,,,0.00022,0.00000,3.6,0.00004,1,,,,,0.00022,0.00001,3.5,0.00004
2620,1,,,,,0.00022,0.00000,3.6,0.00004,1,,,,,0.00022,0.00001,3.5,0.00004
2621,1,,,,,0.00022,0.00000,3.5,0.00004,1,,,,,0.00022,0.00000,3.5,0.00004
2622,1,,,,,0.00022,0.00000,3.5,0.00004,1,,,,,0.00022,0.00001,3.5,0.00004
2623,1,,,,,0.00022,0.00001,3.5,0.00004,1,,,,,0.00022,0.00001,3.5,0.00004
2624,1,,,,,0.00022,0.00001,3.5,0.00004,1,,,,,0.00022,0.00001,3.5,0.00004
2625,1,,,,,0.00022,0.00001,3.6,0.00004,1,,,,,0.00022,0.00001,3.5,0.00004
2626,1,,,,,0.00022,0.00001,3.6,0.00005,1,,,,,0.00022,0.00001,3.5,0.00004
2627,1,,,,,0.00022,0.00000,3.7,0.00005,1,,,,,0.00022,0.00000,3.8,0.00004
2628,1,,,,,0.00022,0.00000,3.6,0.00005,1,,,,,0.00022,0.00000,3.8,0.00004
2629,1,,,,,0.00022,0.00000,3.6,0.00004,1,,,,,0.00022,0.00000,3.8,0.00004
2630,1,,,,,0.00022,0.00000,3.7,0.00004,1,,,,,0.00022,0.00001,3.8,0.00004
2631,1,,,,,0.00022,0.00001,3.7,0.00004,1,,,,,0.00022,0.00000,3.9,0.00005
2632,1,,,,,0.00022,0.00000,3.6,0.00004,1,,,,,0.00022,0.00001,3.8,0.00004
2633,1,,,,,0.00022,0.00001,3.7,0.00005,1,,,,,0.00022,0.00000,3.8,0.00004
2634,1,,,,,0.00022,0.00001,3.7,0.00005,1,,,,,0.00022,0.00000,3.8,0.00004
2635,1,,,,,0.00022,0.00000,3.7,0.00005,1,,,,,0.00022,0.00000,3.8,0.00004
2636,1,,,,,0.00022,0.00000,3.7,0.00005,1,,,,,0.00022,0.00000,3.7,0.00004
2637,1,,,,,0.00022,0.00001,3.7,0.00005,1,,,,,0.00022,0.00000,3.7,0.00004
2638,1,,,,,0.00022,0.00000,3.7,0.00004,1,,,,,0.00022,0.00000,3.8,0.00005
2639,1,,,,,0.00022,0.00000,3.7,0.00005,1,,,,,0.00022,0.00001,3.8,0.00004
2640,1,,,,,0.00022,0.00000,3.7,0.00005,1,,,,,0.00022,0.00000,3.8,0.00004
2641,1,,,,,0.00022,0.00000,3.7,0.00005,1,,,,,0.00022,0.00000,3.8,0.00004
2642,1,,,,,0.00022,0.00000,3.7,0.00004,1,,,,,0.00022,0.00001,3.7,0.00004
2643,1,,,,,0.00022,0.00000,3.7,0.00004,1,,,,,0.00022,0.00000,3.7,0.00004
2644,1,,,,,0.00022,0.00000,3.6,0.00005,1,,,,,0.00022,0.00001,3.7,0.00004
2645,1,,,,,0.00022,0.00000,3.5,0.00004,1,,,,,0.00022,0.00001,3.7,0.00004
2646,1,,,,,0.00022,0.00000,3.5,0.00004,1,,,,,0.00022,0.00000,3.7,0.00004
2647,1,,,,,0.00022,0.00000,3.5,0.00004,1,,,,,0.00022,0.00000,3.5,0.00004
2648,1,,,,,0.00022,0.00001,3.5,0.00004,1,,,,,0.00022,0.00000,3.5,0.00004
2649,1,,,,,0.00022,0.00000,3.6,0.00004,1,,,,,0.00022,0.00000,3.5,0.00004
2650,1,,,,,0.00022,0.00000,3.5,0.00004,1,,,,,0.00022,0.00000,3.5,0.00004
2651,1,,,,,0.00022,0.00001,3.6,0.00004,1,,,,,0.00022,0.00000,3.5,0.00004
2652,1,,,,,0.00022,0.00000,3.6,0.00004,1,,,,,0.00022,0.00000,3.5,0.00004
2653,1,,,,,0.00022,0.00000,3.6,0.00004,1,,,,,0.00022,0.00000,3.5,0.00004
2654,1,,,,,0.00022,0.00000,3.5,0.00004,1,,,,,0.00022,0.00000,3.5,0.00004
2655,1,,,,,0.00022,0.00000,3.5,0.00004,1,,,,,0.00022,0.00000,3.4,0.00004
2656,1,,,,,0.00022,0.00000,3.5,0.00004,1,,,,,0.00022,0.00000,3.4,0.00004
2657,1,,,,,0.00022,0.00001,3.6,0.00004,1,,,,,0.00022,0.00000,3.5,0.00004
2658,1,,,,,0.00022,0.00001,3.5,0.00004,1,,,,,0.00022,0.00000,3.5,0.00004
2659,1,,,,,0.00022,0.00001,3.5,0.00004,1,,,,,0.00022,0.00001,3.5,0.00004
2660,1,,,,,0.00022,0.00000,3.5,0.00004,1,,,,,0.00022,0.00000,3.5,0.00004
2661,1,,,,,0.00022,0.00001,3.5,0.00004,1,,,,,0.00022,0.00000,3.4,0.00004
2662,1,,,,,0.00022,0.00000,3.5,0.00004,1,,,,,0.00022,0.00000,3.5,0.00004
2663,1,,,,,0.00022,0.00001,3.6,0.00004,1,,,,,0.00022,0.00000,3.5,0.00004
2664,1,,,,,0.00022,0.00000,3.6,0.00004,1,,,,,0.00022,0.00000,3.4,0.00004
2665,1,,,,,0.00022,0.00000,3.7,0.00005,1,,,,,0.00022,0.00000,3.4,0.00004
2666,1,,,,,0.00022,0.00000,3.6,0.00005,1,,,,,0.00022,0.00000,3.5,0.00004
2667,1,,,,,0.00022,0.00000,3.6,0.00005,1,,,,,0.00022,0.00000,3.4,0.00004
2668,1,,,,,0.00022,0.00000,3.6,0.00004,1,,,,,0.00022,0.00000,3.4,0.00004
2669,1,,,,,0.00022,0.00000,3.7,0.00005,1,,,,,0.00022,0.00000,3.5,0.00004
2670,1,,,,,0.00022,0.00001,3.7,0.00005,1,,,,,0.00022,0.00000,3.5,0.00004
2671,1,,,,,0.00022,0.00000,3.6,0.00005,1,,,,,0.00022,0.00000,3.5,0.00004
2672,1,,,,,0.00022,0.00000,3.7,0.00005,1,,,,,0.00022,0.00000,3.5,0.00004
2673,1,,,,,0.00022,0.00000,3.7,0.00005,1,,,,,0.00022,0.00000,3.5,0.00004
2674,1,,,,,0.00022,0.00000,3.7,0.00005,1,,,,,0.00022,0.00000,3.5,0.00004
2675,1,,,,,0.00022,0.00000,3.7,0.00005,1,,,,,0.00022,0.00000,3.5,0.00004
2676,1,,,,,0.00022,0.00000,3.6,0.00005,1,,,,,0.00022,0.00000,3.5,0.00004
2677,1,,,,,0.00022,0.00000,3.7,0.00005,1,,,,,0.00022,0.00000,3.5,0.00004
2678,1,,,,,0.00022,0.00000,3.6,0.00005,1,,,,,0.00022,0.00000,3.4,0.00004
2679,1,,,,,0.00022,0.00000,3.6,0.00005,1,,,,,0.00022,0.00000,3.5,0.00004
2680,1,,,,,0.00022,0.00000,3.7,0.00005,1,,,,,0.00022,0.00000,3.4,0.00004
2681,1,,,,,0.00022,0.00000,3.7,0.00005,1,,,,,0.00022,0.00000,3.6,0.00004
2682,1,,,,,0.00022,0.00000,3.7,0.00005,1,,,,,0.00022,0.00000,3.5,0.00004
2683,1,,,,,0.00022,0.00000,3.7,0.00005,1,,,,,0.00022,0.00000,3.5,0.00004
2684,1,,,,,0.00022,0.00000,3.6,0.00005,1,,,,,0.00022,0.00001,3.5,0.00004
2685,1,,,,,0.00022,0.00000,3.7,0.00004,1,,,,,0.00022,0.00000,3.5,0.00004
2686,1,,,,,0.00022,0.00000,3.7,0.00004,1,,,,,0.00022,0.00000,3.6,0.00004
2687,1,,,,,0.00022,0.00000,3.7,0.00005,1,,,,,0.00022,0.00000,3.5,0.00004
2688,1,,,,,0.00022,0.00000,3.8,0.00005,1,,,,,0.00022,0.00001,3.5,0.00004
2689,1,,,,,0.00022,0.00000,3.7,0.00005,1,,,,,0.00022,0.00000,3.5,0.00004
2690,1,,,,,0.00022,0.00000,3.7,0.00005,1,,,,,0.00022,0.00000,3.5,0.00004
2691,1,,,,,0.00022,0.00000,3.8,0.00005,1,,,,,0.00022,0.00000,3.5,0.00004
2692,1,,,,,0.00022,0.00000,3.7,0.00005,1,,,,,0.00022,0.00000,3.5,0.00004
2693,1,,,,,0.00022,0.00000,3.7,0.00004,1,,,,,0.00022,0.00000,3.5,0.00004
2694,1,,,,,0.00022,0.00000,3.8,0.00004,1,,,,,0.00022,0.00000,3.5,0.00004
2695,1,,,,,0.00022,0.00000,3.8,0.00005,1,,,,,0.00022,0.00000,3.5,0.00004
2696,1,,,,,0.00022,0.00000,3.8,0.00005,1,,,,,0.00022,0.00000,3.5,0.00004
2697,1,,,,,0.00022,0.00000,3.7,0.00005,1,,,,,0.00022,0.00000,3.5,0.00004
2698,1,,,,,0.00022,0.00000,3.7,0.00004,1,,,,,0.00022,0.00000,3.4,0.00004
2699,1,,,,,0.00022,0.00001,3.7,0.00004,1,,,,,0.00022,0.00000,3.5,0.00004
2700,1,,,,,0.00022,0.00001,3.7,0.00004,1,,,,,0.00022,0.00000,3.5,0.00004
2701,1,,,,,0.00022,0.00000,3.7,0.00005,1,,,,,0.00022,0.00000,3.5,0.00004
2702,1,,,,,0.00022,0.00000,3.7,0.00004,1,,,,,0.00022,0.00000,3.8,0.00004
2703,1,,,,,0.00022,0.00000,3.8,0.00004,1,,,,,0.00022,0.00000,3.8,0.00004
2704,1,,,,,0.00022,0.00000,3.7,0.00005,1,,,,,0.00022,0.00001,3.8,0.00004
2705,1,,,,,0.00022,0.00000,3.8,0.00005,1,,,,,0.00022,0.00000,3.7,0.00004
2706,1,,,,,0.00022,0.00001,3.8,0.00004,1,,,,,0.00022,0.00001,3.7,0.00004
2707,1,,,,,0.00022,0.00000,3.7,0.00005,1,,,,,0.00022,0.00000,3.7,0.00004
2708,1,,,,,0.00022,0.00000,3.7,0.00004,1,,,,,0.00022,0.00000,3.8,0.00004
2709,1,,,,,0.00022,0.00001,3.7,0.00005,1,,,,,0.00022,0.00000,3.7,0.00004
2710,1,,,,,0.00022,0.00001,3.7,0.00005,1,,,,,0.00022,0.00001,3.7,0.00004
2711,1,,,,,0.00022,0.00000,3.7,0.00004,1,,,,,0.00022,0.00000,3.7,0.00004
2712,1,,,,,0.00022,0.00001,3.6,0.00004,1,,,,,0.00022,0.00000,3.8,0.00004
2713,1,,,,,0.00022,0.00000,3.7,0.00005,1,,,,,0.00022,0.00000,3.7,0.00004
2714,1,,,,,0.00022,0.00000,3.7,0.00005,1,,,,,0.00022,0.00000,3.7,0.00004
2715,1,,,,,0.00022,0.00000,3.7,0.00004,1,,,,,0.00022,0.00000,3.8,0.00004
2716,1,,,,,0.00022,0.00000,3.6,0.00004,1,,,,,0.00022,0.00001,3.5,0.00004
2717,1,,,,,0.00022,0.00000,3.4,0.00004,1,,,,,0.00022,0.00000,3.7,0.00004
2718,1,,,,,0.00022,0.00001,3.6,0.00004,1,,,,,0.00022,0.00000,3.6,0.00004
2719,1,,,,,0.00022,0.00000,3.8,0.00004,1,,,,,0.00022,0.00000,3.5,0.00004
2720,1,,,,,0.00022,0.00000,3.6,0.00004,1,,,,,0.00022,0.00000,3.5,0.00004
2721,1,,,,,0.00022,0.00000,3.6,0.00004,1,,,,,0.00022,0.00000,3.5,0.00003
2722,1,,,,,0.00022,0.00001,3.6,0.00004,1,,,,,0.00022,0.00000,3.5,0.00004
2723,1,,,,,0.00022,0.00001,3.6,0.00004,1,,,,,0.00022,0.00000,3.5,0.00004
2724,1,,,,,0.00022,0.00000,3.6,0.00004,1,,,,,0.00022,0.00001,3.5,0.00004
2725,1,,,,,0.00022,0.00001,3.6,0.00004,1,,,,,0.00022,0.00001,3.6,0.00004
2726,1,,,,,0.00022,0.00000,3.6,0.00004,1,,,,,0.00022,0.00000,3.5,0.00004
2727,1,,,,,0.00022,0.00000,3.4,0.00004,1,,,,,0.00022,0.00000,3.4,0.00004
2728,1,,,,,0.00022,0.00001,3.7,0.00004,1,,,,,0.00022,0.00000,3.7,0.00004
2729,1,,,,,0.00022,0.00000,3.6,0.00004,1,,,,,0.00022,0.00001,3.7,0.00004
2730,1,,,,,0.00022,0.00000,3.5,0.00004,1,,,,,0.00022,0.00000,3.7,0.00004
2731,1,,,,,0.00022,0.00000,3.8,0.00004,1,,,,,0.00022,0.00000,3.7,0.00004
2732,1,,,,,0.00022,0.00001,3.8,0.00004,1,,,,,0.00022,0.00000,3.7,0.00004
2733,1,,,,,0.00022,0.00001,3.7,0.00005,1,,,,,0.00022,0.00000,3.7,0.00004
2734,1,,,,,0.00022,0.00001,3.7,0.00004,1,,,,,0.00022,0.00000,3.7,0.00004
2735,1,,,,,0.00022,0.00000,3.7,0.00004,1,,,,,0.00022,0.00000,3.7,0.00004
2736,1,,,,,0.00022,0.00000,3.7,0.00004,1,,,,,0.00022,0.00000,3.7,0.00004
2737,1,,,,,0.00022,0.00000,3.6,0.00004,1,,,,,0.00022,0.00000,3.7,0.00004
2738,1,,,,,0.00022,0.00000,3.6,0.00004,1,,,,,0.00022,0.00000,3.8,0.00005
2739,1,,,,,0.00022,0.00000,3.6,0.00004,1,,,,,0.00022,0.00000,3.7,0.00004
2740,1,,,,,0.00022,0.00000,3.6,0.00004,1,,,,,0.00022,0.00001,3.7,0.00004
2741,1,,,,,0.00022,0.00000,3.7,0.00004,1,,,,,0.00022,0.00000,3.7,0.00004
2742,1,,,,,0.00022,0.00000,3.7,0.00004,1,,,,,0.00022,0.00000,3.7,0.00004
2743,1,,,,,0.00022,0.00000,3.7,0.00005,1,,,,,0.00022,0.00000,3.7,0.00004
2744,1,,,,,0.00022,0.00000,3.6,0.00004,1,,,,,0.00022,0.00000,3.7,0.00004
2745,1,,,,,0.00022,0.00001,3.7,0.00004,1,,,,,0.00022,0.00000,3.7,0.00005
2746,1,,,,,0.00022,0.00000,3.7,0.00004,1,,,,,0.00022,0.00000,3.7,0.00004
2747,1,,,,,0.00022,0.00000,3.7,0.00005,1,,,,,0.00022,0.00000,3.7,0.00004
2748,1,,,,,0.00022,0.00000,3.7,0.00004,1,,,,,0.00022,0.00001,3.7,0.00004
2749,1,,,,,0.00022,0.00001,3.7,0.00004,1,,,,,0.00022,0.00000,3.7,0.00004
2750,1,,,,,0.00022,0.00001,3.7,0.00005,1,,,,,0.00022,0.00001,3.7,0.00004
2751,1,,,,,0.00022,0.00000,3.7,0.00005,1,,,,,0.00022,0.00001,3.7,0.00004
2752,1,,,,,0.00022,0.00000,3.8,0.00004,1,,,,,0.00022,0.00001,3.8,0.00004
2753,1,,,,,0.00022,0.00000,3.7,0.00004,1,,,,,0.00022,0.00000,3.7,0.00005
2754,1,,,,,0.00022,0.00000,3.5,0.00004,1,,,,,0.00022,0.00000,3.6,0.00004
2755,1,,,,,0.00022,0.00001,3.5,0.00004,1,,,,,0.00022,0.00001,3.7,0.00004
2756,1,,,,,0.00022,0.00000,3.6,0.00004,1,,,,,0.00022,0.00000,3.7,0.00004
2757,1,,,,,0.00022,0.00000,3.6,0.00004,1,,,,,0.00022,0.00000,3.7,0.00004
2758,1,,,,,0.00022,0.00001,3.6,0.00004,1,,,,,0.00022,0.00000,3.5,0.00004
2759,1,,,,,0.00022,0.00001,3.5,0.00004,1,,,,,0.00022,0.00000,3.6,0.00004
2760,1,,,,,0.00022,0.00000,3.6,0.00004,1,,,,,0.00022,0.00000,3.5,0.00004
2761,1,,,,,0.00022,0.00000,3.6,0.00004,1,,,,,0.00022,0.00000,3.4,0.00004
2762,1,,,,,0.00022,0.00000,3.5,0.00004,1,,,,,0.00022,0.00000,3.4,0.00004
2763,1,,,,,0.00022,0.00001,3.5,0.00004,1,,,,,0.00022,0.00000,3.4,0.00004
2764,1,,,,,0.00022,0.00000,3.6,0.00004,1,,,,,0.00022,0.00000,3.5,0.00004
2765,1,,,,,0.00022,0.00000,3.6,0.00004,1,,,,,0.00022,0.00000,3.5,0.00004
2766,1,,,,,0.00022,0.00000,3.6,0.00004,1,,,,,0.00022,0.00000,3.5,0.00004
2767,1,,,,,0.00022,0.00000,3.5,0.00004,1,,,,,0.00022,0.00000,3.4,0.00004
2768,1,,,,,0.00022,0.00001,3.5,0.00004,1,,,,,0.00022,0.00000,3.4,0.00004
2769,1,,,,,0.00022,0.00001,3.6,0.00004,1,,,,,0.00022,0.00000,3.5,0.00004
2770,1,,,,,0.00022,0.00000,3.5,0.00004,1,,,,,0.00022,0.00000,3.5,0.00003
2771,1,,,,,0.00022,0.00000,3.6,0.00004,1,,,,,0.00022,0.00000,3.5,0.00004
2772,1,,,,,0.00022,0.00001,3.6,0.00004,1,,,,,0.00022,0.00001,3.5,0.00004
2773,1,,,,,0.00022,0.00001,3.5,0.00004,1,,,,,0.00022,0.00000,3.4,0.00004
2774,1,,,,,0.00022,0.00001,3.6,0.00004,1,,,,,0.00022,0.00000,3.4,0.00004
2775,1,,,,,0.00022,0.00000,3.6,0.00004,1,,,,,0.00022,0.00000,3.5,0.00004
2776,1,,,,,0.00022,0.00001,3.6,0.00004,1,,,,,0.00022,0.00000,3.8,0.00004
2777,1,,,,,0.00022,0.00000,3.7,0.00004,1,,,,,0.00022,0.00000,3.8,0.00004
2778,1,,,,,0.00022,0.00001,3.7,0.00004,1,,,,,0.00022,0.00000,3.7,0.00004
2779,1,,,,,0.00022,0.00001,3.7,0.00004,1,,,,,0.00022,0.00000,3.7,0.00004
2780,1,,,,,0.00022,0.00000,3.7,0.00004,1,,,,,0.00022,0.00001,3.7,0.00004
2781,1,,,,,0.00022,0.00000,3.6,0.00004,1,,,,,0.00022,0.00000,3.7,0.00004
2782,1,,,,,0.00022,0.00000,3.7,0.00004,1,,,,,0.00022,0.00000,3.7,0.00004
2783,1,,,,,0.00022,0.00000,3.7,0.00004,1,,,,,0.00022,0.00000,3.8,0.00004
2784,1,,,,,0.00022,0.00000,3.6,0.00004,1,,,,,0.00022,0.00000,3.8,0.00004
2785,1,,,,,0.00022,0.00000,3.7,0.00005,1,,,,,0.00022,0.00001,3.8,0.00004
2786,1,,,,,0.00022,0.00000,3.6,0.00005,1,,,,,0.00022,0.00000,3.7,0.00004
2787,1,,,,,0.00022,0.00000,3.7,0.00004,1,,,,,0.00022,0.00000,3.8,0.00005
2788,1,,,,,0.00022,0.00000,3.7,0.00004,1,,,,,0.00022,0.00001,3.8,0.00004
2789,1,,,,,0.00022,0.00000,3.6,0.00005,1,,,,,0.00022,0.00001,3.8,0.00004
2790,1,,,,,0.00022,0.00000,3.7,0.00004,1,,,,,0.00022,0.00001,3.8,0.00004
2791,1,,,,,0.00022,0.00000,3.7,0.00004,1,,,,,0.00022,0.00000,3.5,0.00004
2792,1,,,,,0.00022,0.00000,3.7,0.00005,1,,,,,0.00022,0.00000,3.4,0.00004
2793,1,,,,,0.00022,0.00000,3.7,0.00004,1,,,,,0.00022,0.00000,3.5,0.00004
2794,1,,,,,0.00022,0.00000,3.7,0.00004,1,,,,,0.00022,0.00000,3.4,0.00004
2795,1,,,,,0.00022,0.00000,3.6,0.00004,1,,,,,0.00022,0.00000,3.4,0.00004
2796,1,,,,,0.00022,0.00000,3.5,0.00004,1,,,,,0.00022,0.00000,3.4,0.00004
2797,1,,,,,0.00022,0.00000,3.6,0.00004,1,,,,,0.00022,0.00000,3.5,0.00004
2798,1,,,,,0.00022,0.00000,3.6,0.00004,1,,,,,0.00022,0.00000,3.5,0.00004
2799,1,,,,,0.00022,0.00001,3.5,0.00004,1,,,,,0.00022,0.00000,3.5,0.00004
2800,1,,,,,0.00022,0.00001,3.6,0.00004,1,,,,,0.00022,0.00000,3.5,0.00004
2801,1,,,,,0.00022,0.00000,3.5,0.00004,1,,,,,0.00022,0.00000,3.5,0.00004
2802,1,,,,,0.00022,0.00000,3.5,0.00004,1,,,,,0.00022,0.00000,3.4,0.00004
2803,1,,,,,0.00022,0.00000,3.5,0.00004,1,,,,,0.00022,0.00000,3.4,0.00004
2804,1,,,,,0.00022,0.00000,3.5,0.00004,1,,,,,0.00022,0.00000,3.6,0.00004
2805,1,,,,,0.00022,0.00001,3.6,0.00005,1,,,,,0.00022,0.00000,3.7,0.00004
2806,1,,,,,0.00022,0.00001,3.7,0.00004,1,,,,,0.00022,0.00001,3.5,0.00004
2807,1,,,,,0.00022,0.00000,3.7,0.00004,1,,,,,0.00022,0.00001,3.6,0.00004
2808,1,,,,,0.00022,0.00000,3.6,0.00004,1,,,,,0.00022,0.00000,3.5,0.00004
2809,1,,,,,0.00022,0.00000,3.7,0.00005,1,,,,,0.00022,0.00001,3.7,0.00004
2810,1,,,,,0.00022,0.00000,3.7,0.00004,1,,,,,0.00022,0.00001,3.7,0.00004
2811,1,,,,,0.00022,0.00000,3.7,0.00004,1,,,,,0.00022,0.00000,3.7,0.00005
2812,1,,,,,0.00022,0.00000,3.7,0.00004,1,,,,,0.00022,0.00000,3.7,0.00004
2813,1,,,,,0.00022,0.00000,3.7,0.00004,1,,,,,0.00022,0.00001,3.7,0.00004
2814,1,,,,,0.00022,0.00000,3.7,0.00004,1,,,,,0.00022,0.00000,3.7,0.00004
2815,1,,,,,0.00022,0.00000,3.7,0.00004,1,,,,,0.00022,0.00000,3.7,0.00004
2816,1,,,,,0.00022,0.00000,3.7,0.00004,1,,,,,0.00022,0.00000,3.7,0.00004
2817,1,,,,,0.00022,0.00000,3.7,0.00004,1,,,,,0.00022,0.00000,3.6,0.00004
2818,1,,,,,0.00022,0.00001,3.6,0.00004,1,,,,,0.00022,0.00000,3.7,0.00004
2819,1,,,,,0.00022,0.00000,3.7,0.00004,1,,,,,0.00022,0.00000,3.6,0.00004
2820,1,,,,,0.00022,0.00000,3.8,0.00004,1,,,,,0.00022,0.00000,3.6,0.00004
2821,1,,,,,0.00022,0.00000,3.7,0.00004,1,,,,,0.00022,0.00000,3.6,0.00004
2822,1,,,,,0.00022,0.00000,3.7,0.00004,1,,,,,0.00022,0.00000,3.6,0.00004
2823,1,,,,,0.00022,0.00000,3.7,0.00004,1,,,,,0.00022,0.00000,3.6,0.00004
2824,1,,,,,0.00022,0.00000,3.7,0.00004,1,,,,,0.00022,0.00001,3.6,0.00004
2825,1,,,,,0.00022,0.00000,3.7,0.00004,1,,,,,0.00022,0.00001,3.6,0.00004
2826,1,,,,,0.00022,0.00000,3.7,0.00004,1,,,,,0.00022,0.00000,3.7,0.00005
2827,1,,,,,0.00022,0.00000,3.8,0.00005,1,,,,,0.00022,0.00000,3.4,0.00004
2828,1,,,,,0.00022,0.00001,3.5,0.00004,1,,,,,0.00022,0.00000,3.6,0.00005
2829,1,,,,,0.00022,0.00000,3.4,0.00004,1,,,,,0.00022,0.00001,3.7,0.00004
2830,1,,,,,0.00022,0.00000,3.4,0.00004,1,,,,,0.00022,0.00000,3.4,0.00004
2831,1,,,,,0.00022,0.00000,3.4,0.00004,1,,,,,0.00022,0.00000,3.4,0.00004
2832,1,,,,,0.00022,0.00000,3.4,0.00004,1,,,,,0.00022,0.00001,3.4,0.00005
2833,1,,,,,0.00022,0.00000,3.7,0.00004,1,,,,,0.00022,0.00000,3.5,0.00004
2834,1,,,,,0.00022,0.00000,3.5,0.00004,1,,,,,0.00022,0.00001,3.4,0.00004
2835,1,,,,,0.00022,0.00000,3.5,0.00004,1,,,,,0.00022,0.00001,3.4,0.00004
2836,1,,,,,0.00022,0.00000,3.5,0.00004,1,,,,,0.00022,0.00000,3.4,0.00004
2837,1,,,,,0.00022,0.00001,3.7,0.00004,1,,,,,0.00022,0.00000,3.6,0.00004
2838,1,,,,,0.00022,0.00001,3.7,0.00004,1,,,,,0.00022,0.00000,3.5,0.00004
2839,1,,,,,0.00022,0.00001,3.7,0.00004,1,,,,,0.00022,0.00000,3.4,0.00004
2840,1,,,,,0.00022,0.00000,3.7,0.00004,1,,,,,0.00022,0.00000,3.5,0.00004
2841,1,,,,,0.00022,0.00000,3.7,0.00004,1,,,,,0.00022,0.00000,3.4,0.00004
2842,1,,,,,0.00022,0.00000,3.8,0.00004,1,,,,,0.00022,0.00000,3.5,0.00004
2843,1,,,,,0.00022,0.00000,3.7,0.00004,1,,,,,0.00022,0.00000,3.7,0.00004
2844,1,,,,,0.00022,0.00000,3.8,0.00004,1,,,,,0.00022,0.00000,3.7,0.00004
2845,1,,,,,0.00022,0.00000,3.8,0.00004,1,,,,,0.00022,0.00000,3.7,0.00005
2846,1,,,,,0.00022,0.00000,3.8,0.00004,1,,,,,0.00022,0.00000,3.7,0.00004
2847,1,,,,,0.00022,0.00000,3.8,0.00004,1,,,,,0.00022,0.00000,3.6,0.00004
2848,1,,,,,0.00022,0.00001,3.7,0.00004,1,,,,,0.00022,0.00001,3.7,0.00005
2849,1,,,,,0.00022,0.00001,3.7,0.00004,1,,,,,0.00022,0.00000,3.7,0.00005
2850,1,,,,,0.00022,0.00000,3.8,0.00005,1,,,,,0.00022,0.00001,3.7,0.00004
2851,1,,,,,0.00022,0.00000,3.7,0.00004,1,,,,,0.00022,0.00000,3.6,0.00004
2852,1,,,,,0.00022,0.00001,3.7,0.00004,1,,,,,0.00022,0.00000,3.7,0.00004
2853,1,,,,,0.00022,0.00000,3.7,0.00005,1,,,,,0.00022,0.00000,3.6,0.00004
2854,1,,,,,0.00022,0.00000,3.7,0.00004,1,,,,,0.00022,0.00001,3.7,0.00004
2855,1,,,,,0.00022,0.00000,3.8,0.00004,1,,,,,0.00022,0.00001,3.7,0.00004
2856,1,,,,,0.00022,0.00000,3.7,0.00004,1,,,,,0.00022,0.00001,3.7,0.00004
2857,1,,,,,0.00022,0.00000,3.7,0.00005,1,,,,,0.00022,0.00000,3.7,0.00004
2858,1,,,,,0.00022,0.00000,3.7,0.00004,1,,,,,0.00022,0.00000,3.7,0.00004
2859,1,,,,,0.00022,0.00000,3.7,0.00005,1,,,,,0.00022,0.00000,3.7,0.00005
2860,1,,,,,0.00022,0.00000,3.7,0.00004,1,,,,,0.00022,0.00001,3.7,0.00005
2861,1,,,,,0.00022,0.00000,3.7,0.00004,1,,,,,0.00022,0.00001,3.7,0.00004
2862,1,,,,,0.00022,0.00000,3.8,0.00005,1,,,,,0.00022,0.00000,3.6,0.00004
2863,1,,,,,0.00022,0.00000,3.8,0.00004,1,,,,,0.00022,0.00000,3.7,0.00004
2864,1,,,,,0.00022,0.00000,3.7,0.00005,1,,,,,0.00022,0.00000,3.7,0.00004
2865,1,,,,,0.00022,0.00001,3.7,0.00005,1,,,,,0.00022,0.00000,3.7,0.00004
2866,1,,,,,0.00022,0.00000,3.8,0.00004,1,,,,,0.00022,0.00000,3.6,0.00004
2867,1,,,,,0.00022,0.00000,3.7,0.00004,1,,,,,0.00022,0.00001,3.7,0.00005
2868,1,,,,,0.00022,0.00000,3.4,0.00004,1,,,,,0.00022,0.00000,3.5,0.00004
2869,1,,,,,0.00022,0.00000,3.4,0.00004,1,,,,,0.00022,0.00000,3.4,0.00004
2870,1,,,,,0.00022,0.00000,3.5,0.00004,1,,,,,0.00022,0.00000,3.5,0.00004
2871,1,,,,,0.00022,0.00000,3.7,0.00004,1,,,,,0.00022,0.00000,3.4,0.00004
2872,1,,,,,0.00022,0.00000,3.5,0.00004,1,,,,,0.00022,0.00000,3.4,0.00004
2873,1,,,,,0.00022,0.00001,3.5,0.00004,1,,,,,0.00022,0.00000,3.4,0.00004
2874,1,,,,,0.00022,0.00000,3.4,0.00004,1,,,,,0.00022,0.00000,3.4,0.00004
2875,1,,,,,0.00022,0.00000,3.5,0.00004,1,,,,,0.00022,0.00000,3.5,0.00004
2876,1,,,,,0.00022,0.00001,3.4,0.00004,1,,,,,0.00022,0.00000,3.5,0.00004
2877,1,,,,,0.00022,0.00001,3.4,0.00004,1,,,,,0.00022,0.00001,3.4,0.00004
2878,1,,,,,0.00022,0.00000,3.5,0.00004,1,,,,,0.00022,0.00000,3.5,0.00004
2879,1,,,,,0.00022,0.00000,3.4,0.00004,1,,,,,0.00022,0.00000,3.5,0.00004
2880,1,,,,,0.00022,0.00000,3.5,0.00004,1,,,,,0.00022,0.00000,3.5,0.00004
2881,1,,,,,0.00022,0.00000,3.5,0.00004,1,,,,,0.00022,0.00000,3.5,0.00004
2882,1,,,,,0.00022,0.00000,3.5,0.00004,1,,,,,0.00022,0.00000,3.4,0.00004
2883,1,,,,,0.00022,0.00000,3.5,0.00004,1,,,,,0.00022,0.00000,3.5,0.00004
2884,1,,,,,0.00022,0.00000,3.4,0.00004,1,,,,,0.00022,0.00000,3.5,0.00004
2885,1,,,,,0.00022,0.00000,3.5,0.00004,1,,,,,0.00022,0.00000,3.4,0.00004
2886,1,,,,,0.00022,0.00000,3.5,0.00004,1,,,,,0.00022,0.00000,3.4,0.00004
2887,1,,,,,0.00022,0.00000,3.5,0.00004,1,,,,,0.00022,0.00000,3.5,0.00004
2888,1,,,,,0.00022,0.00000,3.5,0.00004,1,,,,,0.00022,0.00000,3.5,0.00004
2889,1,,,,,0.00022,0.00000,3.7,0.00004,1,,,,,0.00022,0.00001,3.5,0.00004
2890,1,,,,,0.00022,0.00001,3.5,0.00004,1,,,,,0.00022,0.00000,3.5,0.00004
2891,1,,,,,0.00022,0.00000,3.4,0.00004,1,,,,,0.00022,0.00000,3.4,0.00004
2892,1,,,,,0.00022,0.00000,3.5,0.00004,1,,,,,0.00022,0.00000,3.5,0.00004
2893,1,,,,,0.00022,0.00000,3.4,0.00004,1,,,,,0.00022,0.00000,3.4,0.00004
2894,1,,,,,0.00022,0.00001,3.5,0.00004,1,,,,,0.00022,0.00000,3.5,0.00004
2895,1,,,,,0.00022,0.00001,3.6,0.00004,1,,,,,0.00022,0.00000,3.6,0.00004
2896,1,,,,,0.00022,0.00001,3.7,0.00004,1,,,,,0.00022,0.00001,3.7,0.00005
2897,1,,,,,0.00022,0.00000,3.7,0.00004,1,,,,,0.00022,0.00000,3.6,0.00004
2898,1,,,,,0.00022,0.00000,3.8,0.00005,1,,,,,0.00022,0.00001,3.7,0.00004
2899,1,,,,,0.00022,0.00000,3.7,0.00005,1,,,,,0.00022,0.00000,3.6,0.00004
2900,1,,,,,0.00022,0.00000,3.7,0.00004,1,,,,,0.00022,0.00000,3.7,0.00004
2901,1,,,,,0.00022,0.00000,3.7,0.00005,1,,,,,0.00022,0.00000,3.6,0.00004
2902,1,,,,,0.00022,0.00000,3.6,0.00004,1,,,,,0.00022,0.00001,3.4,0.00004
2903,1,,,,,0.00022,0.00000,3.6,0.00004,1,,,,,0.00022,0.00000,3.4,0.00004
2904,1,,,,,0.00022,0.00000,3.7,0.00005,1,,,,,0.00022,0.00000,3.4,0.00004
2905,1,,,,,0.00022,0.00000,3.7,0.00004,1,,,,,0.00022,0.00000,3.4,0.00004
2906,1,,,,,0.00022,0.00000,3.7,0.00004,1,,,,,0.00022,0.00000,3.4,0.00004
2907,1,,,,,0.00022,0.00000,3.7,0.00004,1,,,,,0.00022,0.00000,3.4,0.00004
2908,1,,,,,0.00022,0.00000,3.8,0.00004,1,,,,,0.00022,0.00000,3.5,0.00004
2909,1,,,,,0.00022,0.00000,3.7,0.00005,1,,,,,0.00022,0.00001,3.5,0.00004
2910,1,,,,,0.00022,0.00000,3.7,0.00005,1,,,,,0.00022,0.00000,3.6,0.00004
2911,1,,,,,0.00022,0.00000,3.7,0.00004,1,,,,,0.00022,0.00000,3.5,0.00004
2912,1,,,,,0.00022,0.00000,3.7,0.00004,1,,,,,0.00022,0.00000,3.6,0.00004
2913,1,,,,,0.00022,0.00001,3.7,0.00005,1,,,,,0.00022,0.00000,3.4,0.00004
2914,1,,,,,0.00022,0.00001,3.7,0.00005,1,,,,,0.00022,0.00000,3.4,0.00004
2915,1,,,,,0.00022,0.00000,3.6,0.00004,1,,,,,0.00022,0.00000,3.5,0.00004
2916,1,,,,,0.00022,0.00000,3.5,0.00004,1,,,,,0.00022,0.00000,3.4,0.00004
2917,1,,,,,0.00022,0.00000,3.6,0.00004,1,,,,,0.00022,0.00000,3.5,0.00004
2918,1,,,,,0.00022,0.00000,3.6,0.00004,1,,,,,0.00022,0.00000,3.4,0.00004
2919,1,,,,,0.00022,0.00001,3.8,0.00004,1,,,,,0.00022,0.00000,3.5,0.00004
2920,1,,,,,0.00022,0.00000,3.7,0.00004,1,,,,,0.00022,0.00000,3.5,0.00004
2921,1,,,,,0.00022,0.00000,3.7,0.00004,1,,,,,0.00022,0.00000,3.5,0.00004
2922,1,,,,,0.00022,0.00000,3.7,0.00004,1,,,,,0.00022,0.00000,3.5,0.00004
2923,1,,,,,0.00022,0.00000,3.8,0.00004,1,,,,,0.00022,0.00000,3.4,0.00004
2924,1,,,,,0.00022,0.00001,3.8,0.00004,1,,,,,0.00022,0.00000,3.5,0.00004
2925,1,,,,,0.00022,0.00000,3.7,0.00004,1,,,,,0.00022,0.00000,3.5,0.00004
2926,1,,,,,0.00022,0.00000,3.7,0.00004,1,,,,,0.00022,0.00001,3.5,0.00004
2927,1,,,,,0.00022,0.00000,3.7,0.00004,1,,,,,0.00022,0.00000,3.6,0.00004
2928,1,,,,,0.00022,0.00000,3.7,0.00004,1,,,,,0.00022,0.00000,3.7,0.00004
2929,1,,,,,0.00022,0.00000,3.7,0.00004,1,,,,,0.00022,0.00000,3.6,0.00004
2930,1,,,,,0.00022,0.00001,3.7,0.00004,1,,,,,0.00022,0.00000,3.6,0.00004
2931,1,,,,,0.00022,0.00001,3.7,0.00004,1,,,,,0.00022,0.00000,3.7,0.00004
2932,1,,,,,0.00022,0.00001,3.8,0.00005,1,,,,,0.00022,0.00000,3.7,0.00004
2933,1,,,,,0.00022,0.00000,3.7,0.00004,1,,,,,0.00022,0.00000,3.6,0.00004
2934,1,,,,,0.00022,0.00000,3.7,0.00005,1,,,,,0.00022,0.00000,3.6,0.00004
2935,1,,,,,0.00022,0.00001,3.7,0.00004,1,,,,,0.00022,0.00000,3.6,0.00004
2936,1,,,,,0.00022,0.00000,3.7,0.00004,1,,,,,0.00022,0.00000,3.6,0.00004
2937,1,,,,,0.00022,0.00000,3.7,0.00004,1,,,,,0.00022,0.00000,3.6,0.00004
2938,1,,,,,0.00022,0.00000,3.8,0.00004,1,,,,,0.00022,0.00001,3.7,0.00004
2939,1,,,,,0.00022,0.00001,3.7,0.00004,1,,,,,0.00022,0.00000,3.6,0.00004
2940,1,,,,,0.00022,0.00000,3.7,0.00004,1,,,,,0.00022,0.00000,3.7,0.00004
2941,1,,,,,0.00022,0.00000,3.7,0.00004,1,,,,,0.00022,0.00000,3.8,0.00004
2942,1,,,,,0.00022,0.00000,3.8,0.00004,1,,,,,0.00022,0.00001,3.7,0.00004
2943,1,,,,,0.00022,0.00000,3.7,0.00005,1,,,,,0.00022,0.00001,3.7,0.00004
2944,1,,,,,0.00022,0.00000,3.6,0.00004,1,,,,,0.00022,0.00000,3.7,0.00005
2945,1,,,,,0.00022,0.00000,3.6,0.00004,1,,,,,0.00022,0.00001,3.7,0.00004
2946,1,,,,,0.00022,0.00000,3.6,0.00004,1,,,,,0.00022,0.00001,3.5,0.00005
2947,1,,,,,0.00022,0.00001,3.5,0.00004,1,,,,,0.00022,0.00000,3.5,0.00004
2948,1,,,,,0.00022,0.00000,3.4,0.00004,1,,,,,0.00022,0.00000,3.5,0.00004
2949,1,,,,,0.00022,0.00000,3.5,0.00004,1,,,,,0.00022,0.00000,3.5,0.00004
2950,1,,,,,0.00022,0.00000,3.6,0.00004,1,,,,,0.00022,0.00000,3.5,0.00004
2951,1,,,,,0.00022,0.00001,3.6,0.00004,1,,,,,0.00022,0.00000,3.5,0.00004
2952,1,,,,,0.00022,0.00001,3.5,0.00004,1,,,,,0.00022,0.00001,3.5,0.00004
2953,1,,,,,0.00022,0.00000,3.5,0.00004,1,,,,,0.00022,0.00000,3.4,0.00004
2954,1,,,,,0.00022,0.00000,3.4,0.00004,1,,,,,0.00022,0.00001,3.4,0.00004
2955,1,,,,,0.00022,0.00000,3.4,0.00004,1,,,,,0.00022,0.00000,3.5,0.00004
2956,1,,,,,0.00022,0.00000,3.5,0.00004,1,,,,,0.00022,0.00000,3.5,0.00004
2957,1,,,,,0.00022,0.00000,3.4,0.00004,1,,,,,0.00022,0.00000,3.5,0.00004
2958,1,,,,,0.00022,0.00001,3.4,0.00004,1,,,,,0.00022,0.00000,3.5,0.00004
2959,1,,,,,0.00022,0.00000,3.4,0.00004,1,,,,,0.00022,0.00001,3.5,0.00004
2960,1,,,,,0.00022,0.00000,3.5,0.00004,1,,,,,0.00022,0.00000,3.4,0.00004
2961,1,,,,,0.00022,0.00000,3.5,0.00004,1,,,,,0.00022,0.00000,3.5,0.00004
2962,1,,,,,0.00022,0.00000,3.5,0.00004,1,,,,,0.00022,0.00001,3.5,0.00004
2963,1,,,,,0.00022,0.00000,3.5,0.00004,1,,,,,0.00022,0.00000,3.5,0.00004
2964,1,,,,,0.00022,0.00000,3.4,0.00004,1,,,,,0.00022,0.00000,3.5,0.00004
2965,1,,,,,0.00022,0.00000,3.4,0.00004,1,,,,,0.00022,0.00001,3.5,0.00004
2966,1,,,,,0.00022,0.00000,3.4,0.00004,1,,,,,0.00022,0.00000,3.5,0.00004
2967,1,,,,,0.00022,0.00000,3.4,0.00004,1,,,,,0.00022,0.00001,3.4,0.00004
2968,1,,,,,0.00022,0.00000,3.5,0.00004,1,,,,,0.00022,0.00000,3.5,0.00004
2969,1,,,,,0.00022,0.00000,3.5,0.00004,1,,,,,0.00022,0.00000,3.4,0.00004
2970,1,,,,,0.00022,0.00000,3.5,0.00004,1,,,,,0.00022,0.00000,3.5,0.00004
2971,1,,,,,0.00022,0.00000,3.4,0.00004,1,,,,,0.00022,0.00001,3.5,0.00004
2972,1,,,,,0.00022,0.00000,3.4,0.00004,1,,,,,0.00022,0.00000,3.5,0.00004
2973,1,,,,,0.00022,0.00000,3.4,0.00004,1,,,,,0.00022,0.00000,3.5,0.00004
2974,1,,,,,0.00022,0.00000,3.4,0.00004,1,,,,,0.00022,0.00000,3.5,0.00004
2975,1,,,,,0.00022,0.00000,3.5,0.00004,1,,,,,0.00022,0.00000,3.5,0.00004
2976,1,,,,,0.00022,0.00000,3.5,0.00004,1,,,,,0.00022,0.00000,3.4,0.00004
2977,1,,,,,0.00022,0.00000,3.6,0.00004,1,,,,,0.00022,0.00000,3.7,0.00004
2978,1,,,,,0.00022,0.00001,3.7,0.00004,1,,,,,0.00022,0.00000,3.7,0.00004
2979,1,,,,,0.00022,0.00001,3.7,0.00004,1,,,,,0.00022,0.00001,3.7,0.00004
2980,1,,,,,0.00022,0.00001,3.5,0.00004,1,,,,,0.00022,0.00000,3.5,0.00004
2981,1,,,,,0.00022,0.00000,3.5,0.00004,1,,,,,0.00022,0.00000,3.4,0.00004
2982,1,,,,,0.00022,0.00001,3.7,0.00004,1,,,,,0.00022,0.00001,3.5,0.00004
2983,1,,,,,0.00022,0.00001,3.7,0.00004,1,,,,,0.00022,0.00000,3.5,0.00004
2984,1,,,,,0.00022,0.00000,3.6,0.00004,1,,,,,0.00022,0.00001,3.5,0.00004
2985,1,,,,,0.00022,0.00000,3.5,0.00004,1,,,,,0.00022,0.00000,3.5,0.00004
2986,1,,,,,0.00022,0.00000,3.6,0.00004,1,,,,,0.00022,0.00000,3.5,0.00004
2987,1,,,,,0.00022,0.00000,3.6,0.00004,1,,,,,0.00022,0.00000,3.6,0.00004
2988,1,,,,,0.00022,0.00000,3.6,0.00004,1,,,,,0.00022,0.00000,3.5,0.00004
2989,1,,,,,0.00022,0.00001,3.7,0.00004,1,,,,,0.00022,0.00000,3.5,0.00004
2990,1,,,,,0.00022,0.00000,3.7,0.00005,1,,,,,0.00022,0.00000,3.5,0.00004
2991,1,,,,,0.00022,0.00000,3.6,0.00004,1,,,,,0.00022,0.00000,3.5,0.00004
2992,1,,,,,0.00022,0.00000,3.6,0.00004,1,,,,,0.00022,0.00000,3.5,0.00004
2993,1,,,,,0.00022,0.00000,3.6,0.00004,1,,,,,0.00022,0.00000,3.5,0.00004
2994,1,,,,,0.00022,0.00000,3.6,0.00004,1,,,,,0.00022,0.00000,3.5,0.00004
2995,1,,,,,0.00022,0.00000,3.6,0.00005,1,,,,,0.00022,0.00000,3.5,0.00004
2996,1,,,,,0.00022,0.00000,3.6,0.00004,1,,,,,0.00022,0.00000,3.5,0.00004
2997,1,,,,,0.00022,0.00000,3.6,0.00004,1,,,,,0.00022,0.00000,3.5,0.00004
2998,1,,,,,0.00022,0.00000,3.6,0.00004,1,,,,,0.00022,0.00000,3.5,0.00004
2999,1,,,,,0.00022,0.00000,3.6,0.00004,1,,,,,0.00022,0.00000,3.5,0.00004
3000,1,,,,,0.00022,0.00000,29.3,0.00010,1,,,,,0.05775,0.00001,268.5,0.00000
3001,1,,,,,0.00022,0.00000,3.8,0.00005,1,,,,,0.03720,0.00660,166.7,0.00000
3002,1,,,,,0.00022,0.00000,3.7,0.00004,1,,,,,0.01874,0.00047,3208.3,0.03389
3003,1,,,,,0.00022,0.00000,3.7,0.00004,1,,,,,0.06354,0.00607,443.0,0.00044
3004,1,,,,,0.00022,0.00001,3.8,0.00004,1,,,,,0.01560,0.00359,5644.5,0.06554
3005,1,,,,,0.00022,0.00000,3.6,0.00004,1,,,,,0.02369,0.00075,975.5,0.02991
3006,1,,,,,0.00022,0.00001,3.7,0.00004,1,,,,,0.01777,0.00039,234.0,0.00001
3007,1,,,,,0.00022,0.00001,3.7,0.00004,1,,,,,0.00224,0.00002,2317.6,0.02721
3008,1,,,,,0.00022,0.00000,3.8,0.00004,1,,,,,0.00710,0.00285,5232.3,0.01223
3009,1,,,,,0.00022,0.00001,3.7,0.00004,1,,,,,0.00022,0.00007,3.6,0.00006
3010,1,,,,,0.00022,0.00000,3.7,0.00004,1,,,,,0.00022,0.00000,3.3,0.00004
3011,1,,,,,0.00022,0.00000,3.7,0.00004,1,,,,,0.00336,0.00000,312.1,0.00022
3012,1,,,,,0.00022,0.00000,3.7,0.00004,1,,,,,0.05816,0.00116,811.7,0.00003
3013,1,,,,,0.00022,0.00001,3.7,0.00005,1,,,,,0.09188,0.00068,616.4,0.00003
3014,1,,,,,0.00022,0.00000,3.8,0.00004,1,,,,,0.04728,0.00087,230.6,0.00000
3015,1,,,,,0.00022,0.00000,3.7,0.00004,1,,,,,0.02859,0.00170,523.5,0.00686
3016,1,,,,,0.00022,0.00000,3.7,0.00005,1,,,,,0.01354,0.01055,5145.6,0.07003
3017,1,,,,,0.00022,0.00000,3.7,0.00004,1,,,,,0.05103,0.00023,471.3,0.00273
3018,1,,,,,0.00022,0.00000,3.7,0.00004,1,,,,,0.07119,0.00199,450.7,0.00010
3019,1,,,,,0.00022,0.00000,3.7,0.00004,1,,,,,0.03135,0.00568,309.3,0.00003
3020,1,,,,,0.00022,0.00000,3.6,0.00004,1,,,,,0.01104,0.00033,178.0,0.00001
3021,1,,,,,0.00022,0.00000,3.7,0.00004,1,,,,,0.00456,0.00057,97.1,0.00000
3022,1,,,,,0.00022,0.00000,3.7,0.00005,1,,,,,0.00150,0.00000,7.5,0.00016
3023,1,,,,,0.00022,0.00000,3.7,0.00004,1,,,,,0.02299,0.00262,166.8,0.00000
3024,1,,,,,0.00022,0.00000,3.6,0.00004,1,,,,,0.02219,0.00239,172.2,0.00006
3025,1,,,,,0.00022,0.00001,3.5,0.00004,1,,,,,0.04287,0.00090,4841.0,0.11152
3026,1,,,,,0.00022,0.00000,3.6,0.00004,1,,,,,0.06888,0.00849,495.3,0.01023
3027,1,,,,,0.00022,0.00001,3.5,0.00004,1,,,,,0.02283,0.00040,2157.9,0.07499
3028,1,,,,,0.00022,0.00000,3.6,0.00004,1,,,,,0.04300,0.00335,235.9,0.00006
3029,1,,,,,0.00022,0.00001,3.5,0.00004,1,,,,,0.01152,0.00784,5995.8,0.05495
3030,1,,,,,0.00022,0.00001,3.6,0.00004,1,,,,,0.04209,0.00003,277.6,0.00018
3031,1,,,,,0.00022,0.00000,3.6,0.00004,1,,,,,0.03895,0.00057,240.3,0.00000
3032,1,,,,,0.00022,0.00000,3.5,0.00004,1,,,,,0.06160,0.00024,361.7,0.00001
3033,1,,,,,0.00022,0.00000,3.7,0.00004,1,,,,,0.03422,0.00728,344.0,0.00001
3034,1,,,,,0.00022,0.00000,3.7,0.00004,1,,,,,0.01363,0.00000,3767.5,0.01590
3035,1,,,,,0.00022,0.00000,3.7,0.00004,1,,,,,0.07553,0.00403,503.2,0.00020
3036,1,,,,,0.00022,0.00001,3.7,0.00004,1,,,,,0.08081,0.01537,673.5,0.00007
3037,1,,,,,0.00022,0.00000,3.8,0.00005,1,,,,,0.04675,0.00306,381.1,0.00000
3038,1,,,,,0.00022,0.00000,3.7,0.00004,1,,,,,0.02817,0.00179,219.3,0.00000
3039,1,,,,,0.00022,0.00001,3.7,0.00004,1,,,,,0.00641,0.00006,3061.7,0.04882
3040,1,,,,,0.00022,0.00000,3.7,0.00004,1,,,,,0.01892,0.00000,394.7,0.00004
3041,1,,,,,0.00022,0.00000,3.7,0.00004,1,,,,,0.01244,0.00003,2627.8,0.02827
3042,1,,,,,0.00022,0.00000,3.7,0.00004,1,,,,,0.03434,0.00492,1590.8,0.06224
3043,1,,,,,0.00022,0.00001,3.7,0.00004,1,,,,,0.09049,0.00426,869.3,0.00003
3044,1,,,,,0.00022,0.00000,3.7,0.00004,1,,,,,0.07329,0.03366,273.2,0.00000
3045,1,,,,,0.00022,0.00000,3.7,0.00004,1,,,,,0.06219,0.01043,629.6,0.00019
3046,1,,,,,0.00022,0.00001,3.7,0.00005,1,,,,,0.01151,0.00000,2690.9,0.01520
3047,1,,,,,0.00022,0.00000,3.7,0.00004,1,,,,,0.04382,0.00314,194.3,0.00000
3048,1,,,,,0.00022,0.00000,3.7,0.00004,1,,,,,0.02856,0.00196,624.4,0.02534
3049,1,,,,,0.00022,0.00001,3.7,0.00005,1,,,,,0.01345,0.09114,7282.5,0.15140
3050,1,,,,,0.00022,0.00000,3.7,0.00004,1,,,,,0.04406,0.00140,360.0,0.00027
3051,1,,,,,0.00022,0.00000,3.7,0.00004,1,,,,,0.03827,0.00023,253.5,0.00002
3052,1,,,,,0.00022,0.00000,3.7,0.00004,1,,,,,0.02008,0.00002,328.0,0.00002
3053,1,,,,,0.00022,0.00001,3.7,0.00004,1,,,,,0.04356,0.00152,354.3,0.00000
3054,1,,,,,0.00022,0.00000,3.7,0.00004,1,,,,,0.01347,0.00001,3925.1,0.01787
3055,1,,,,,0.00022,0.00000,3.7,0.00004,1,,,,,0.04817,0.00002,281.1,0.00001
3056,1,,,,,0.00022,0.00001,3.7,0.00004,1,,,,,0.04563,0.00161,229.7,0.00000
3057,1,,,,,0.00022,0.00001,3.7,0.00004,1,,,,,0.05051,0.00619,511.0,0.00012
3058,1,,,,,0.00022,0.00000,3.8,0.00004,1,,,,,0.01584,0.00380,161.3,0.00000
3059,1,,,,,0.00022,0.00001,3.6,0.00004,1,,,,,0.01275,0.00001,3899.0,0.10147
3060,1,,,,,0.00022,0.00000,3.6,0.00004,1,,,,,0.08035,0.00078,328.8,0.00001
3061,1,,,,,0.00022,0.00000,3.6,0.00004,1,,,,,0.05968,0.00559,313.5,0.00002
3062,1,,,,,0.00022,0.00000,3.6,0.00004,1,,,,,0.04633,0.00197,211.9,0.00000
3063,1,,,,,0.00022,0.00000,3.6,0.00004,1,,,,,0.03722,0.00817,365.1,0.00001
3064,1,,,,,0.00022,0.00000,3.6,0.00004,1,,,,,0.08461,0.00072,585.6,0.00004
3065,1,,,,,0.00022,0.00001,3.7,0.00004,1,,,,,0.05219,0.00181,365.4,0.00008
3066,1,,,,,0.00022,0.00000,3.6,0.00004,1,,,,,0.00821,0.00002,6763.5,0.06845
3067,1,,,,,0.00022,0.00000,3.6,0.00004,1,,,,,0.02622,0.00001,200.2,0.00001
3068,1,,,,,0.00022,0.00001,3.7,0.00004,1,,,,,0.03746,0.00008,264.6,0.00000
3069,1,,,,,0.00022,0.00000,3.8,0.00004,1,,,,,0.03121,0.00211,218.3,0.00001
3070,1,,,,,0.00022,0.00000,3.8,0.00004,1,,,,,0.03033,0.00239,217.7,0.00000
3071,1,,,,,0.00022,0.00000,3.9,0.00005,1,,,,,0.01736,0.00334,167.7,0.00000
3072,1,,,,,0.00022,0.00000,3.8,0.00004,1,,,,,0.04455,0.00037,390.1,0.00000
3073,1,,,,,0.00022,0.00001,3.7,0.00004,1,,,,,0.07594,0.00389,558.6,0.00000
3074,1,,,,,0.00022,0.00001,3.7,0.00004,1,,,,,0.00355,0.00031,186.6,0.00001
3075,1,,,,,0.00022,0.00000,3.7,0.00004,1,,,,,0.00259,0.00000,1845.5,0.00696
3076,1,,,,,0.00022,0.00000,3.7,0.00004,1,,,,,0.03320,0.00003,460.4,0.00002
3077,1,,,,,0.00022,0.00000,3.6,0.00004,1,,,,,0.01380,0.01260,1250.6,0.02875
3078,1,,,,,0.00022,0.00000,3.7,0.00005,1,,,,,0.07267,0.00344,537.6,0.00003
3079,1,,,,,0.00022,0.00001,3.7,0.00004,1,,,,,0.00618,0.00058,4168.2,0.15566
3080,1,,,,,0.00022,0.00000,3.6,0.00004,1,,,,,0.03395,0.01991,2703.9,0.13123
3081,1,,,,,0.00022,0.00000,3.6,0.00004,1,,,,,0.04173,0.00388,271.9,0.00000
3082,1,,,,,0.00022,0.00000,3.6,0.00004,1,,,,,0.09550,0.00353,613.2,0.00001
3083,1,,,,,0.00022,0.00000,3.6,0.00004,1,,,,,0.05641,0.01761,743.1,0.00001
3084,1,,,,,0.00022,0.00000,3.6,0.00004,1,,,,,0.00430,0.00614,730.7,0.00007
3085,1,,,,,0.00022,0.00000,3.5,0.00004,1,,,,,0.00022,0.00000,3.5,0.00006
3086,1,,,,,0.00022,0.00000,3.6,0.00004,1,,,,,0.00022,0.00000,3.2,0.00004
3087,1,,,,,0.00022,0.00000,3.6,0.00004,1,,,,,0.00022,0.00000,3.2,0.00004
3088,1,,,,,0.00022,0.00000,3.6,0.00004,1,,,,,0.00022,0.00000,3.1,0.00004
3089,1,,,,,0.00022,0.00000,3.6,0.00004,1,,,,,0.00022,0.00000,3.2,0.00003
3090,1,,,,,0.00022,0.00000,3.5,0.00004,1,,,,,0.00022,0.00000,3.1,0.00004
3091,1,,,,,0.00022,0.00000,3.6,0.00004,1,,,,,0.00022,0.00000,3.1,0.00004
3092,1,,,,,0.00022,0.00001,3.6,0.00004,1,,,,,0.00022,0.00000,3.1,0.00004
3093,1,,,,,0.00022,0.00000,3.5,0.00004,1,,,,,0.00022,0.00000,3.1,0.00004
3094,1,,,,,0.00022,0.00000,3.6,0.00004,1,,,,,0.00022,0.00000,3.2,0.00004
3095,1,,,,,0.00022,0.00000,3.5,0.00004,1,,,,,0.00022,0.00000,3.2,0.00004
3096,1,,,,,0.00022,0.00001,3.6,0.00004,1,,,,,0.00022,0.00000,3.1,0.00004
3097,1,,,,,0.00022,0.00001,3.6,0.00004,1,,,,,0.00022,0.00000,3.1,0.00004
3098,1,,,,,0.00022,0.00000,3.6,0.00004,1,,,,,0.00022,0.00000,3.1,0.00003
3099,1,,,,,0.00022,0.00001,3.5,0.00004,1,,,,,0.00022,0.00000,3.1,0.00004
3100,1,,,,,0.00022,0.00001,3.5,0.00004,1,,,,,0.00022,0.00000,3.2,0.00004
3101,1,,,,,0.00022,0.00000,3.4,0.00004,1,,,,,0.00022,0.00000,3.1,0.00004
3102,1,,,,,0.00022,0.00001,3.6,0.00004,1,,,,,0.00022,0.00000,3.1,0.00004
3103,1,,,,,0.00022,0.00000,3.6,0.00004,1,,,,,0.00022,0.00000,3.1,0.00004
3104,1,,,,,0.00022,0.00000,3.6,0.00004,1,,,,,0.00022,0.00000,3.2,0.00004
3105,1,,,,,0.00022,0.00000,3.6,0.00004,1,,,,,0.00022,0.00000,3.1,0.00004
3106,1,,,,,0.00022,0.00000,3.6,0.00004,1,,,,,0.00022,0.00000,3.1,0.00004
3107,1,,,,,0.00022,0.00000,3.6,0.00004,1,,,,,0.00022,0.00000,3.1,0.00004
3108,1,,,,,0.00022,0.00000,3.6,0.00004,1,,,,,0.00022,0.00000,3.1,0.00004
3109,1,,,,,0.00022,0.00001,3.6,0.00004,1,,,,,0.00022,0.00000,3.1,0.00004
3110,1,,,,,0.00022,0.00000,3.6,0.00004,1,,,,,0.00022,0.00000,3.1,0.00004
3111,1,,,,,0.00022,0.00001,3.5,0.00004,1,,,,,0.00022,0.00000,3.1,0.00004
3112,1,,,,,0.00022,0.00000,3.6,0.00004,1,,,,,0.00022,0.00000,3.1,0.00004
3113,1,,,,,0.00022,0.00000,3.5,0.00004,1,,,,,0.00022,0.00000,3.1,0.00004
3114,1,,,,,0.00022,0.00000,3.6,0.00004,1,,,,,0.00022,0.00000,3.2,0.00004
3115,1,,,,,0.00022,0.00001,3.6,0.00004,1,,,,,0.00022,0.00001,3.2,0.00004
3116,1,,,,,0.00022,0.00000,3.5,0.00004,1,,,,,0.00022,0.00001,3.1,0.00003
3117,1,,,,,0.00022,0.00000,3.6,0.00004,1,,,,,0.00022,0.00000,3.1,0.00004
3118,1,,,,,0.00022,0.00000,3.6,0.00004,1,,,,,0.00022,0.00000,3.1,0.00004
3119,1,,,,,0.00022,0.00000,3.6,0.00004,1,,,,,0.00022,0.00000,3.2,0.00004
3120,1,,,,,0.00022,0.00000,3.5,0.00004,1,,,,,0.00022,0.00000,3.2,0.00004
3121,1,,,,,0.00022,0.00000,3.5,0.00004,1,,,,,0.00022,0.00000,3.1,0.00003
3122,1,,,,,0.00022,0.00000,3.5,0.00004,1,,,,,0.00022,0.00001,3.2,0.00004
3123,1,,,,,0.00022,0.00000,3.5,0.00004,1,,,,,0.00022,0.00000,3.1,0.00004
3124,1,,,,,0.00022,0.00000,3.5,0.00004,1,,,,,0.00022,0.00000,3.1,0.00004
3125,1,,,,,0.00022,0.00001,3.6,0.00004,1,,,,,0.00022,0.00000,3.1,0.00004
3126,1,,,,,0.00022,0.00001,3.5,0.00004,1,,,,,0.00022,0.00000,3.1,0.00004
3127,1,,,,,0.00022,0.00000,3.7,0.00004,1,,,,,0.00022,0.00000,3.1,0.00004
3128,1,,,,,0.00022,0.00000,3.7,0.00004,1,,,,,0.00022,0.00000,3.1,0.00004
3129,1,,,,,0.00022,0.00000,3.7,0.00004,1,,,,,0.00022,0.00000,3.1,0.00004
3130,1,,,,,0.00022,0.00000,3.5,0.00004,1,,,,,0.00022,0.00000,3.2,0.00004
3131,1,,,,,0.00022,0.00000,3.5,0.00004,1,,,,,0.00022,0.00000,3.1,0.00004
3132,1,,,,,0.00022,0.00000,3.6,0.00004,1,,,,,0.00022,0.00000,3.1,0.00004
3133,1,,,,,0.00022,0.00000,3.6,0.00004,1,,,,,0.00022,0.00000,3.1,0.00004
3134,1,,,,,0.00022,0.00001,3.6,0.00004,1,,,,,0.00022,0.00000,3.1,0.00004
3135,1,,,,,0.00022,0.00000,3.5,0.00004,1,,,,,0.00022,0.00000,3.1,0.00004
3136,1,,,,,0.00022,0.00000,3.6,0.00004,1,,,,,0.00022,0.00000,3.1,0.00004
3137,1,,,,,0.00022,0.00000,3.6,0.00004,1,,,,,0.00022,0.00001,3.1,0.00004
3138,1,,,,,0.00022,0.00000,3.6,0.00004,1,,,,,0.00022,0.00000,3.1,0.00003
3139,1,,,,,0.00022,0.00000,3.6,0.00004,1,,,,,0.00022,0.00000,3.1,0.00004
3140,1,,,,,0.00022,0.00000,3.6,0.00004,1,,,,,0.00022,0.00000,3.1,0.00004
3141,1,,,,,0.00022,0.00000,3.6,0.00004,1,,,,,0.00022,0.00000,3.2,0.00004
3142,1,,,,,0.00022,0.00000,3.6,0.00004,1,,,,,0.00022,0.00000,3.2,0.00004
3143,1,,,,,0.00022,0.00000,3.5,0.00004,1,,,,,0.00022,0.00000,3.1,0.00003
3144,1,,,,,0.00022,0.00000,3.6,0.00004,1,,,,,0.00022,0.00000,3.1,0.00004
3145,1,,,,,0.00022,0.00000,3.6,0.00004,1,,,,,0.00022,0.00000,3.2,0.00004
3146,1,,,,,0.00022,0.00000,3.6,0.00004,1,,,,,0.00022,0.00000,3.1,0.00004
3147,1,,,,,0.00022,0.00001,3.6,0.00004,1,,,,,0.00022,0.00000,3.2,0.00004
3148,1,,,,,0.00022,0.00000,3.6,0.00004,1,,,,,0.00022,0.00000,3.2,0.00004
3149,1,,,,,0.00022,0.00000,3.6,0.00004,1,,,,,0.00022,0.00000,3.2,0.00004
3150,1,,,,,0.00022,0.00000,3.6,0.00004,1,,,,,0.00022,0.00000,3.2,0.00004
3151,1,,,,,0.00022,0.00000,3.6,0.00004,1,,,,,0.00022,0.00000,3.1,0.00004
3152,1,,,,,0.00022,0.00000,3.7,0.00005,1,,,,,0.00022,0.00000,3.2,0.00004
3153,1,,,,,0.00022,0.00000,3.6,0.00004,1,,,,,0.00022,0.00000,3.2,0.00004
3154,1,,,,,0.00022,0.00000,3.6,0.00004,1,,,,,0.00022,0.00000,3.1,0.00004
3155,1,,,,,0.00022,0.00000,3.6,0.00004,1,,,,,0.00022,0.00001,3.1,0.00003
3156,1,,,,,0.00022,0.00000,3.6,0.00004,1,,,,,0.00022,0.00000,3.1,0.00004
3157,1,,,,,0.00022,0.00000,3.6,0.00004,1,,,,,0.00022,0.00000,3.2,0.00004
3158,1,,,,,0.00022,0.00000,3.6,0.00004,1,,,,,0.00022,0.00000,3.1,0.00004
3159,1,,,,,0.00022,0.00000,3.6,0.00004,1,,,,,0.00022,0.00000,3.2,0.00004
3160,1,,,,,0.00022,0.00000,3.7,0.00004,1,,,,,0.00022,0.00000,3.2,0.00004
3161,1,,,,,0.00022,0.00000,3.6,0.00004,1,,,,,0.00022,0.00000,3.2,0.00004
3162,1,,,,,0.00022,0.00000,3.6,0.00004,1,,,,,0.00022,0.00000,3.2,0.00003
3163,1,,,,,0.00022,0.00000,3.6,0.00004,1,,,,,0.00022,0.00000,3.2,0.00004
3164,1,,,,,0.00022,0.00000,3.8,0.00004,1,,,,,0.00022,0.00000,3.2,0.00004
3165,1,,,,,0.00022,0.00000,3.6,0.00005,1,,,,,0.00022,0.00000,3.2,0.00003
3166,1,,,,,0.00022,0.00000,3.6,0.00004,1,,,,,0.00022,0.00000,3.2,0.00004
3167,1,,,,,0.00022,0.00000,3.6,0.00004,1,,,,,0.00022,0.00000,3.2,0.00004
3168,1,,,,,0.00022,0.00000,3.7,0.00004,1,,,,,0.00022,0.00000,3.2,0.00004
3169,1,,,,,0.00022,0.00000,3.6,0.00004,1,,,,,0.00022,0.00000,3.2,0.00004
3170,1,,,,,0.00022,0.00000,3.6,0.00004,1,,,,,0.00022,0.00000,3.2,0.00003
3171,1,,,,,0.00022,0.00001,3.6,0.00004,1,,,,,0.00022,0.00000,3.2,0.00004
3172,1,,,,,0.00022,0.00000,3.7,0.00004,1,,,,,0.00022,0.00000,3.2,0.00004
3173,1,,,,,0.00022,0.00000,3.6,0.00004,1,,,,,0.00022,0.00000,3.2,0.00004
3174,1,,,,,0.00022,0.00000,3.7,0.00004,1,,,,,0.00022,0.00000,3.2,0.00004
3175,1,,,,,0.00022,0.00001,3.7,0.00004,1,,,,,0.00022,0.00000,3.2,0.00004
3176,1,,,,,0.00022,0.00000,3.6,0.00004,1,,,,,0.00022,0.00000,3.2,0.00004
3177,1,,,,,0.00022,0.00000,3.7,0.00004,1,,,,,0.00022,0.00000,3.2,0.00004
3178,1,,,,,0.00022,0.00000,3.7,0.00004,1,,,,,0.00022,0.00000,3.2,0.00004
3179,1,,,,,0.00022,0.00001,3.7,0.00004,1,,,,,0.00022,0.00000,3.2,0.00003
3180,1,,,,,0.00022,0.00000,3.7,0.00004,1,,,,,0.00022,0.00001,3.2,0.00004
3181,1,,,,,0.00022,0.00000,3.7,0.00004,1,,,,,0.00022,0.00000,3.2,0.00004
3182,1,,,,,0.00022,0.00000,3.6,0.00004,1,,,,,0.00022,0.00000,3.1,0.00004
3183,1,,,,,0.00022,0.00000,3.7,0.00004,1,,,,,0.00022,0.00000,3.2,0.00004
3184,1,,,,,0.00022,0.00000,3.7,0.00004,1,,,,,0.00022,0.00000,3.2,0.00004
3185,1,,,,,0.00022,0.00000,3.7,0.00004,1,,,,,0.00022,0.00000,3.2,0.00003
3186,1,,,,,0.00022,0.00000,3.7,0.00004,1,,,,,0.00022,0.00001,3.2,0.00004
3187,1,,,,,0.00022,0.00000,3.7,0.00004,1,,,,,0.00022,0.00000,3.2,0.00003
3188,1,,,,,0.00022,0.00000,3.7,0.00004,1,,,,,0.00022,0.00000,3.2,0.00003
3189,1,,,,,0.00022,0.00000,3.8,0.00004,1,,,,,0.00022,0.00000,3.2,0.00004
3190,1,,,,,0.00022,0.00001,3.7,0.00004,1,,,,,0.00022,0.00001,3.2,0.00004
3191,1,,,,,0.00022,0.00001,3.6,0.00004,1,,,,,0.00022,0.00000,3.2,0.00004
3192,1,,,,,0.00022,0.00000,3.7,0.00004,1,,,,,0.00022,0.00000,3.3,0.00004
3193,1,,,,,0.00022,0.00001,3.8,0.00004,1,,,,,0.00022,0.00001,3.3,0.00004
3194,1,,,,,0.00022,0.00000,3.7,0.00004,1,,,,,0.00022,0.00001,3.2,0.00004
3195,1,,,,,0.00022,0.00000,3.7,0.00004,1,,,,,0.00022,0.00000,3.3,0.00004
3196,1,,,,,0.00022,0.00000,3.7,0.00004,1,,,,,0.00022,0.00001,3.2,0.00004
3197,1,,,,,0.00022,0.00000,3.7,0.00004,1,,,,,0.00022,0.00000,3.2,0.00003
3198,1,,,,,0.00022,0.00000,3.7,0.00004,1,,,,,0.00022,0.00000,3.2,0.00004
3199,1,,,,,0.00022,0.00000,3.7,0.00004,1,,,,,0.00022,0.00000,3.2,0.00004
3200,1,,,,,0.00022,0.00000,3.8,0.00004,1,,,,,0.00022,0.00001,3.2,0.00004
3201,1,,,,,0.00022,0.00000,3.7,0.00004,1,,,,,0.00022,0.00000,3.2,0.00004
3202,1,,,,,0.00022,0.00000,3.8,0.00004,1,,,,,0.00022,0.00000,3.2,0.00004
3203,1,,,,,0.00022,0.00001,3.9,0.00004,1,,,,,0.00022,0.00000,3.2,0.00004
3204,1,,,,,0.00022,0.00000,3.9,0.00004,1,,,,,0.00022,0.00001,3.2,0.00003
3205,1,,,,,0.00022,0.00001,3.8,0.00004,1,,,,,0.00022,0.00000,3.3,0.00004
3206,1,,,,,0.00022,0.00001,3.9,0.00004,1,,,,,0.00022,0.00000,3.4,0.00004
3207,1,,,,,0.00022,0.00000,3.8,0.00004,1,,,,,0.00022,0.00001,3.4,0.00004
3208,1,,,,,0.00022,0.00001,3.9,0.00004,1,,,,,0.00022,0.00000,3.8,0.00004
3209,1,,,,,0.00022,0.00000,3.7,0.00004,1,,,,,0.00022,0.00000,3.6,0.00004
3210,1,,,,,0.00022,0.00000,3.7,0.00004,1,,,,,0.00022,0.00000,3.5,0.00004
3211,1,,,,,0.00022,0.00000,3.7,0.00004,1,,,,,0.00022,0.00000,3.6,0.00004
3212,1,,,,,0.00022,0.00000,3.7,0.00004,1,,,,,0.00022,0.00000,3.5,0.00004
3213,1,,,,,0.00022,0.00000,3.7,0.00004,1,,,,,0.00022,0.00000,3.5,0.00004
3214,1,,,,,0.00022,0.00000,3.7,0.00004,1,,,,,0.00022,0.00000,3.6,0.00004
3215,1,,,,,0.00022,0.00000,3.7,0.00004,1,,,,,0.00022,0.00000,3.5,0.00004
3216,1,,,,,0.00022,0.00001,3.7,0.00004,1,,,,,0.00022,0.00000,3.6,0.00004
3217,1,,,,,0.00022,0.00000,3.8,0.00004,1,,,,,0.00022,0.00001,3.6,0.00004
3218,1,,,,,0.00022,0.00000,3.7,0.00004,1,,,,,0.00022,0.00001,3.5,0.00004
3219,1,,,,,0.00022,0.00000,3.7,0.00004,1,,,,,0.00022,0.00000,3.6,0.00004
3220,1,,,,,0.00022,0.00000,3.7,0.00004,1,,,,,0.00022,0.00000,3.6,0.00004
3221,1,,,,,0.00022,0.00000,3.7,0.00004,1,,,,,0.00022,0.00000,3.6,0.00004
3222,1,,,,,0.00022,0.00001,3.7,0.00004,1,,,,,0.00022,0.00000,3.6,0.00004
3223,1,,,,,0.00022,0.00000,3.7,0.00004,1,,,,,0.00022,0.00000,3.6,0.00004
3224,1,,,,,0.00022,0.00000,3.8,0.00004,1,,,,,0.00022,0.00000,3.6,0.00004
3225,1,,,,,0.00022,0.00000,3.8,0.00004,1,,,,,0.00022,0.00000,3.6,0.00004
3226,1,,,,,0.00022,0.00000,3.9,0.00005,1,,,,,0.00022,0.00000,3.6,0.00004
3227,1,,,,,0.00022,0.00001,3.8,0.00004,1,,,,,0.00022,0.00000,3.8,0.00004
3228,1,,,,,0.00022,0.00000,3.8,0.00005,1,,,,,0.00022,0.00000,3.9,0.00004
3229,1,,,,,0.00022,0.00000,3.8,0.00004,1,,,,,0.00022,0.00000,3.8,0.00004
3230,1,,,,,0.00022,0.00000,3.8,0.00004,1,,,,,0.00022,0.00000,3.8,0.00005
3231,1,,,,,0.00022,0.00000,3.8,0.00005,1,,,,,0.00022,0.00000,3.9,0.00004
3232,1,,,,,0.00022,0.00000,3.8,0.00004,1,,,,,0.00022,0.00000,3.8,0.00004
3233,1,,,,,0.00022,0.00000,3.9,0.00004,1,,,,,0.00022,0.00000,3.8,0.00004
3234,1,,,,,0.00022,0.00000,3.8,0.00004,1,,,,,0.00022,0.00000,3.8,0.00004
3235,1,,,,,0.00022,0.00001,3.9,0.00004,1,,,,,0.00022,0.00000,3.8,0.00004
3236,1,,,,,0.00022,0.00001,3.8,0.00004,1,,,,,0.00022,0.00000,3.8,0.00004
3237,1,,,,,0.00022,0.00000,3.8,0.00004,1,,,,,0.00022,0.00001,3.8,0.00004
3238,1,,,,,0.00022,0.00000,3.9,0.00004,1,,,,,0.00022,0.00000,3.7,0.00004
3239,1,,,,,0.00022,0.00001,3.8,0.00005,1,,,,,0.00022,0.00000,3.8,0.00004
3240,1,,,,,0.00022,0.00000,3.8,0.00004,1,,,,,0.00022,0.00000,3.7,0.00004
3241,1,,,,,0.00022,0.00001,3.9,0.00005,1,,,,,0.00022,0.00000,3.8,0.00004
3242,1,,,,,0.00022,0.00000,3.8,0.00004,1,,,,,0.00022,0.00000,3.5,0.00004
3243,1,,,,,0.00022,0.00000,3.9,0.00005,1,,,,,0.00022,0.00000,3.6,0.00004
3244,1,,,,,0.00022,0.00000,3.9,0.00004,1,,,,,0.00022,0.00000,3.6,0.00004
3245,1,,,,,0.00022,0.00001,3.9,0.00005,1,,,,,0.00022,0.00000,3.6,0.00004
3246,1,,,,,0.00022,0.00000,3.8,0.00004,1,,,,,0.00022,0.00000,3.6,0.00004
3247,1,,,,,0.00022,0.00000,3.8,0.00004,1,,,,,0.00022,0.00001,3.7,0.00005
3248,1,,,,,0.00022,0.00000,3.7,0.00004,1,,,,,0.00022,0.00000,3.7,0.00004
3249,1,,,,,0.00022,0.00001,3.6,0.00004,1,,,,,0.00022,0.00000,3.6,0.00004
3250,1,,,,,0.00022,0.00000,3.6,0.00004,1,,,,,0.00022,0.00000,3.6,0.00004
3251,1,,,,,0.00022,0.00000,3.6,0.00004,1,,,,,0.00022,0.00000,3.6,0.00004
3252,1,,,,,0.00022,0.00000,3.6,0.00004,1,,,,,0.00022,0.00000,3.7,0.00004
3253,1,,,,,0.00022,0.00000,3.6,0.00004,1,,,,,0.00022,0.00000,3.7,0.00004
3254,1,,,,,0.00022,0.00000,3.6,0.00004,1,,,,,0.00022,0.00000,3.7,0.00004
3255,1,,,,,0.00022,0.00000,3.6,0.00004,1,,,,,0.00022,0.00000,3.8,0.00004
3256,1,,,,,0.00022,0.00000,3.8,0.00004,1,,,,,0.00022,0.00001,3.7,0.00004
3257,1,,,,,0.00022,0.00000,3.8,0.00004,1,,,,,0.00022,0.00000,3.7,0.00004
3258,1,,,,,0.00022,0.00000,3.8,0.00004,1,,,,,0.00022,0.00000,3.8,0.00004
3259,1,,,,,0.00022,0.00001,3.8,0.00004,1,,,,,0.00022,0.00000,3.8,0.00004
3260,1,,,,,0.00022,0.00000,3.8,0.00005,1,,,,,0.00022,0.00000,3.8,0.00004
3261,1,,,,,0.00022,0.00001,3.8,0.00004,1,,,,,0.00022,0.00000,3.7,0.00004
3262,1,,,,,0.00022,0.00000,3.8,0.00004,1,,,,,0.00022,0.00000,3.8,0.00004
3263,1,,,,,0.00022,0.00000,3.8,0.00005,1,,,,,0.00022,0.00000,3.8,0.00004
3264,1,,,,,0.00022,0.00000,3.8,0.00004,1,,,,,0.00022,0.00000,3.8,0.00004
3265,1,,,,,0.00022,0.00000,3.8,0.00004,1,,,,,0.00022,0.00000,3.7,0.00004
3266,1,,,,,0.00022,0.00001,3.8,0.00004,1,,,,,0.00022,0.00000,3.8,0.00004
3267,1,,,,,0.00022,0.00001,3.8,0.00004,1,,,,,0.00022,0.00000,3.8,0.00004
3268,1,,,,,0.00022,0.00000,3.7,0.00004,1,,,,,0.00022,0.00000,3.7,0.00004
3269,1,,,,,0.00022,0.00000,3.8,0.00004,1,,,,,0.00022,0.00000,3.7,0.00004
3270,1,,,,,0.00022,0.00000,3.9,0.00005,1,,,,,0.00022,0.00001,3.7,0.00004
3271,1,,,,,0.00022,0.00000,3.9,0.00005,1,,,,,0.00022,0.00000,3.6,0.00003
3272,1,,,,,0.00022,0.00000,3.9,0.00005,1,,,,,0.00022,0.00001,3.7,0.00004
3273,1,,,,,0.00022,0.00000,3.8,0.00004,1,,,,,0.00022,0.00001,3.6,0.00004
3274,1,,,,,0.00022,0.00000,3.8,0.00004,1,,,,,0.00022,0.00000,3.7,0.00005
3275,1,,,,,0.00022,0.00001,3.8,0.00004,1,,,,,0.00022,0.00000,3.7,0.00004
3276,1,,,,,0.00022,0.00000,3.8,0.00004,1,,,,,0.00022,0.00001,3.7,0.00004
3277,1,,,,,0.00022,0.00000,3.7,0.00004,1,,,,,0.00022,0.00000,3.6,0.00004
3278,1,,,,,0.00022,0.00000,3.7,0.00004,1,,,,,0.00022,0.00000,3.6,0.00004
3279,1,,,,,0.00022,0.00001,3.8,0.00004,1,,,,,0.00022,0.00000,3.6,0.00004
3280,1,,,,,0.00022,0.00000,3.7,0.00004,1,,,,,0.00022,0.00000,3.6,0.00004
3281,1,,,,,0.00022,0.00000,3.8,0.00005,1,,,,,0.00022,0.00000,3.6,0.00004
3282,1,,,,,0.00022,0.00001,3.7,0.00004,1,,,,,0.00022,0.00000,3.7,0.00004
3283,1,,,,,0.00022,0.00000,3.8,0.00005,1,,,,,0.00022,0.00000,3.7,0.00004
3284,1,,,,,0.00022,0.00000,3.8,0.00004,1,,,,,0.00022,0.00000,3.7,0.00004
3285,1,,,,,0.00022,0.00000,3.7,0.00004,1,,,,,0.00022,0.00000,3.7,0.00004
3286,1,,,,,0.00022,0.00001,3.6,0.00004,1,,,,,0.00022,0.00000,3.6,0.00004
3287,1,,,,,0.00022,0.00000,3.6,0.00004,1,,,,,0.00022,0.00000,3.6,0.00004
3288,1,,,,,0.00022,0.00001,3.6,0.00004,1,,,,,0.00022,0.00000,3.6,0.00004
3289,1,,,,,0.00022,0.00000,3.6,0.00004,1,,,,,0.00022,0.00000,3.6,0.00004
3290,1,,,,,0.00022,0.00000,3.7,0.00004,1,,,,,0.00022,0.00001,3.6,0.00004
3291,1,,,,,0.00022,0.00000,3.6,0.00004,1,,,,,0.00022,0.00000,3.6,0.00004
3292,1,,,,,0.00022,0.00001,3.6,0.00004,1,,,,,0.00022,0.00000,3.6,0.00004
3293,1,,,,,0.00022,0.00001,3.5,0.00004,1,,,,,0.00022,0.00000,3.6,0.00004
3294,1,,,,,0.00022,0.00000,3.6,0.00004,1,,,,,0.00022,0.00001,3.6,0.00004
3295,1,,,,,0.00022,0.00000,3.6,0.00004,1,,,,,0.00022,0.00000,3.6,0.00004
3296,1,,,,,0.00022,0.00000,3.6,0.00004,1,,,,,0.00022,0.00000,3.6,0.00004
3297,1,,,,,0.00022,0.00000,3.6,0.00004,1,,,,,0.00022,0.00000,3.6,0.00004
3298,1,,,,,0.00022,0.00000,3.6,0.00004,1,,,,,0.00022,0.00000,3.6,0.00004
3299,1,,,,,0.00022,0.00000,3.6,0.00004,1,,,,,0.00022,0.00000,3.6,0.00004
3300,1,,,,,0.00022,0.00000,3.6,0.00004,1,,,,,0.00022,0.00000,3.6,0.00004
3301,1,,,,,0.00022,0.00001,3.6,0.00004,1,,,,,0.00022,0.00001,3.5,0.00004
3302,1,,,,,0.00022,0.00001,3.6,0.00004,1,,,,,0.00022,0.00000,3.5,0.00004
3303,1,,,,,0.00022,0.00000,3.6,0.00004,1,,,,,0.00022,0.00000,3.5,0.00004
3304,1,,,,,0.00022,0.00001,3.6,0.00004,1,,,,,0.00022,0.00000,3.5,0.00004
3305,1,,,,,0.00022,0.00000,3.6,0.00004,1,,,,,0.00022,0.00000,3.5,0.00004
3306,1,,,,,0.00022,0.00000,3.6,0.00004,1,,,,,0.00022,0.00000,3.5,0.00004
3307,1,,,,,0.00022,0.00000,3.8,0.00005,1,,,,,0.00022,0.00000,3.5,0.00004
3308,1,,,,,0.00022,0.00000,3.8,0.00004,1,,,,,0.00022,0.00000,3.5,0.00004
3309,1,,,,,0.00022,0.00001,3.7,0.00005,1,,,,,0.00022,0.00000,3.5,0.00004
3310,1,,,,,0.00022,0.00000,3.7,0.00004,1,,,,,0.00022,0.00000,3.5,0.00004
3311,1,,,,,0.00022,0.00000,3.7,0.00004,1,,,,,0.00022,0.00000,3.5,0.00004
3312,1,,,,,0.00022,0.00000,3.7,0.00004,1,,,,,0.00022,0.00000,3.5,0.00004
3313,1,,,,,0.00022,0.00000,3.7,0.00004,1,,,,,0.00022,0.00000,3.7,0.00004
3314,1,,,,,0.00022,0.00000,3.7,0.00004,1,,,,,0.00022,0.00001,3.7,0.00004
3315,1,,,,,0.00022,0.00001,3.7,0.00004,1,,,,,0.00022,0.00000,3.6,0.00004
3316,1,,,,,0.00022,0.00000,3.7,0.00004,1,,,,,0.00022,0.00001,3.5,0.00004
3317,1,,,,,0.00022,0.00000,3.7,0.00004,1,,,,,0.00022,0.00000,3.5,0.00004
3318,1,,,,,0.00022,0.00000,3.6,0.00004,1,,,,,0.00022,0.00000,3.5,0.00004
3319,1,,,,,0.00022,0.00000,3.7,0.00005,1,,,,,0.00022,0.00000,3.5,0.00004
3320,1,,,,,0.00022,0.00000,3.7,0.00005,1,,,,,0.00022,0.00000,3.5,0.00004
3321,1,,,,,0.00022,0.00000,3.7,0.00004,1,,,,,0.00022,0.00000,3.6,0.00004
3322,1,,,,,0.00022,0.00000,3.7,0.00004,1,,,,,0.00022,0.00001,3.5,0.00004
3323,1,,,,,0.00022,0.00000,3.7,0.00004,1,,,,,0.00022,0.00000,3.5,0.00004
3324,1,,,,,0.00022,0.00000,3.6,0.00004,1,,,,,0.00022,0.00000,3.5,0.00004
3325,1,,,,,0.00022,0.00000,3.5,0.00004,1,,,,,0.00022,0.00000,3.5,0.00004
3326,1,,,,,0.00022,0.00000,3.5,0.00005,1,,,,,0.00022,0.00000,3.5,0.00004
3327,1,,,,,0.00022,0.00000,3.6,0.00004,1,,,,,0.00022,0.00000,3.5,0.00004
3328,1,,,,,0.00022,0.00000,3.5,0.00004,1,,,,,0.00022,0.00001,3.5,0.00004
3329,1,,,,,0.00022,0.00000,3.6,0.00004,1,,,,,0.00022,0.00000,3.5,0.00004
3330,1,,,,,0.00022,0.00000,3.6,0.00004,1,,,,,0.00022,0.00000,3.5,0.00004
3331,1,,,,,0.00022,0.00000,3.7,0.00004,1,,,,,0.00022,0.00001,3.4,0.00004
3332,1,,,,,0.00022,0.00000,3.7,0.00004,1,,,,,0.00022,0.00000,3.5,0.00004
3333,1,,,,,0.00022,0.00000,3.7,0.00004,1,,,,,0.00022,0.00000,3.5,0.00004
3334,1,,,,,0.00022,0.00000,3.7,0.00005,1,,,,,0.00022,0.00000,3.5,0.00004
3335,1,,,,,0.00022,0.00001,3.7,0.00004,1,,,,,0.00022,0.00000,3.5,0.00004
3336,1,,,,,0.00022,0.00000,3.7,0.00004,1,,,,,0.00022,0.00000,3.5,0.00004
3337,1,,,,,0.00022,0.00000,3.7,0.00004,1,,,,,0.00022,0.00000,3.5,0.00004
3338,1,,,,,0.00022,0.00000,3.7,0.00005,1,,,,,0.00022,0.00000,3.5,0.00004
3339,1,,,,,0.00022,0.00001,3.7,0.00004,1,,,,,0.00022,0.00000,3.5,0.00004
3340,1,,,,,0.00022,0.00000,3.7,0.00004,1,,,,,0.00022,0.00000,3.5,0.00004
3341,1,,,,,0.00022,0.00000,3.7,0.00005,1,,,,,0.00022,0.00000,3.5,0.00004
3342,1,,,,,0.00022,0.00000,3.7,0.00004,1,,,,,0.00022,0.00000,3.5,0.00004
3343,1,,,,,0.00022,0.00000,3.7,0.00005,1,,,,,0.00022,0.00000,3.5,0.00004
3344,1,,,,,0.00022,0.00000,3.7,0.00005,1,,,,,0.00022,0.00000,3.5,0.00004
3345,1,,,,,0.00022,0.00000,3.7,0.00004,1,,,,,0.00022,0.00000,3.5,0.00004
3346,1,,,,,0.00022,0.00001,3.7,0.00005,1,,,,,0.00022,0.00000,3.5,0.00004
3347,1,,,,,0.00022,0.00001,3.6,0.00004,1,,,,,0.00022,0.00000,3.5,0.00004
3348,1,,,,,0.00022,0.00000,3.6,0.00004,1,,,,,0.00022,0.00000,3.5,0.00004
3349,1,,,,,0.00022,0.00000,3.7,0.00004,1,,,,,0.00022,0.00000,3.6,0.00004
3350,1,,,,,0.00022,0.00000,3.7,0.00004,1,,,,,0.00022,0.00000,3.5,0.00004
3351,1,,,,,0.00022,0.00000,3.7,0.00005,1,,,,,0.00022,0.00000,3.6,0.00004
3352,1,,,,,0.00022,0.00000,3.7,0.00005,1,,,,,0.00022,0.00000,3.5,0.00004
3353,1,,,,,0.00022,0.00000,3.4,0.00004,1,,,,,0.00022,0.00000,3.5,0.00004
3354,1,,,,,0.00022,0.00001,3.4,0.00004,1,,,,,0.00022,0.00000,3.5,0.00004
3355,1,,,,,0.00022,0.00000,3.4,0.00004,1,,,,,0.00022,0.00000,3.6,0.00004
3356,1,,,,,0.00022,0.00001,3.4,0.00004,1,,,,,0.00022,0.00000,3.5,0.00004
3357,1,,,,,0.00022,0.00000,3.6,0.00004,1,,,,,0.00022,0.00000,3.5,0.00004
3358,1,,,,,0.00022,0.00000,3.5,0.00004,1,,,,,0.00022,0.00000,3.6,0.00004
3359,1,,,,,0.00022,0.00000,3.5,0.00004,1,,,,,0.00022,0.00000,3.5,0.00004
3360,1,,,,,0.00022,0.00000,3.5,0.00004,1,,,,,0.00022,0.00000,3.6,0.00004
3361,1,,,,,0.00022,0.00001,3.4,0.00004,1,,,,,0.00022,0.00000,3.5,0.00004
3362,1,,,,,0.00022,0.00000,3.5,0.00004,1,,,,,0.00022,0.00000,3.5,0.00004
3363,1,,,,,0.00022,0.00000,3.4,0.00004,1,,,,,0.00022,0.00001,3.5,0.00004
3364,1,,,,,0.00022,0.00001,3.4,0.00004,1,,,,,0.00022,0.00000,3.6,0.00004
3365,1,,,,,0.00022,0.00000,3.4,0.00004,1,,,,,0.00022,0.00000,3.6,0.00004
3366,1,,,,,0.00022,0.00001,3.5,0.00004,1,,,,,0.00022,0.00000,3.9,0.00004
3367,1,,,,,0.00022,0.00000,3.5,0.00004,1,,,,,0.00022,0.00000,3.7,0.00004
3368,1,,,,,0.00022,0.00000,3.6,0.00004,1,,,,,0.00022,0.00000,3.9,0.00004
3369,1,,,,,0.00022,0.00000,3.5,0.00004,1,,,,,0.00022,0.00001,3.9,0.00004
3370,1,,,,,0.00022,0.00000,3.5,0.00004,1,,,,,0.00022,0.00000,3.9,0.00004
3371,1,,,,,0.00022,0.00000,3.4,0.00004,1,,,,,0.00022,0.00000,3.8,0.00004
3372,1,,,,,0.00022,0.00000,3.5,0.00004,1,,,,,0.00022,0.00000,3.9,0.00004
3373,1,,,,,0.00022,0.00000,3.4,0.00004,1,,,,,0.00022,0.00000,3.9,0.00004
3374,1,,,,,0.00022,0.00001,3.5,0.00004,1,,,,,0.00022,0.00000,3.9,0.00004
3375,1,,,,,0.00022,0.00001,3.4,0.00004,1,,,,,0.00022,0.00000,3.8,0.00004
3376,1,,,,,0.00022,0.00000,3.4,0.00004,1,,,,,0.00022,0.00001,3.8,0.00004
3377,1,,,,,0.00022,0.00000,3.6,0.00004,1,,,,,0.00022,0.00000,3.8,0.00004
3378,1,,,,,0.00022,0.00000,3.6,0.00004,1,,,,,0.00022,0.00001,3.8,0.00004
3379,1,,,,,0.00022,0.00000,3.6,0.00004,1,,,,,0.00022,0.00000,3.8,0.00004
3380,1,,,,,0.00022,0.00001,3.6,0.00004,1,,,,,0.00022,0.00000,3.9,0.00004
3381,1,,,,,0.00022,0.00000,3.6,0.00004,1,,,,,0.00022,0.00000,3.8,0.00004
3382,1,,,,,0.00022,0.00000,3.6,0.00004,1,,,,,0.00022,0.00000,3.8,0.00004
3383,1,,,,,0.00022,0.00000,3.6,0.00004,1,,,,,0.00022,0.00000,3.8,0.00004
3384,1,,,,,0.00022,0.00000,3.7,0.00005,1,,,,,0.00022,0.00000,3.8,0.00004
3385,1,,,,,0.00022,0.00001,3.7,0.00004,1,,,,,0.00022,0.00001,3.8,0.00004
3386,1,,,,,0.00022,0.00000,3.6,0.00004,1,,,,,0.00022,0.00000,3.8,0.00004
3387,1,,,,,0.00022,0.00000,3.6,0.00004,1,,,,,0.00022,0.00000,3.8,0.00004
3388,1,,,,,0.00022,0.00000,3.6,0.00005,1,,,,,0.00022,0.00000,3.7,0.00004
3389,1,,,,,0.00022,0.00001,3.6,0.00004,1,,,,,0.00022,0.00000,3.8,0.00004
3390,1,,,,,0.00022,0.00001,3.7,0.00005,1,,,,,0.00022,0.00000,3.9,0.00004
3391,1,,,,,0.00022,0.00000,3.5,0.00004,1,,,,,0.00022,0.00000,3.6,0.00004
3392,1,,,,,0.00022,0.00000,3.5,0.00004,1,,,,,0.00022,0.00000,3.6,0.00004
3393,1,,,,,0.00022,0.00000,3.5,0.00004,1,,,,,0.00022,0.00000,3.6,0.00004
3394,1,,,,,0.00022,0.00000,3.5,0.00004,1,,,,,0.00022,0.00000,3.6,0.00004
3395,1,,,,,0.00022,0.00000,3.4,0.00004,1,,,,,0.00022,0.00000,3.6,0.00004
3396,1,,,,,0.00022,0.00001,3.4,0.00004,1,,,,,0.00022,0.00000,3.6,0.00004
3397,1,,,,,0.00022,0.00000,3.5,0.00004,1,,,,,0.00022,0.00000,3.5,0.00004
3398,1,,,,,0.00022,0.00000,3.4,0.00003,1,,,,,0.00022,0.00001,3.6,0.00004
3399,1,,,,,0.00022,0.00000,3.4,0.00004,1,,,,,0.00022,0.00001,3.6,0.00004
3400,1,,,,,0.00022,0.00000,3.4,0.00004,1,,,,,0.00022,0.00000,3.7,0.00005
3401,1,,,,,0.00022,0.00000,3.4,0.00004,1,,,,,0.00022,0.00001,3.5,0.00004
3402,1,,,,,0.00022,0.00000,3.4,0.00004,1,,,,,0.00022,0.00000,3.6,0.00004
3403,1,,,,,0.00022,0.00000,3.4,0.00004,1,,,,,0.00022,0.00001,3.6,0.00004
3404,1,,,,,0.00022,0.00000,3.5,0.00004,1,,,,,0.00022,0.00000,3.6,0.00004
3405,1,,,,,0.00022,0.00000,3.5,0.00004,1,,,,,0.00022,0.00000,3.5,0.00004
3406,1,,,,,0.00022,0.00000,3.4,0.00004,1,,,,,0.00022,0.00001,3.6,0.00004
3407,1,,,,,0.00022,0.00000,3.5,0.00004,1,,,,,0.00022,0.00000,3.6,0.00004
3408,1,,,,,0.00022,0.00000,3.5,0.00004,1,,,,,0.00022,0.00000,3.6,0.00004
3409,1,,,,,0.00022,0.00000,3.5,0.00004,1,,,,,0.00022,0.00000,3.5,0.00004
3410,1,,,,,0.00022,0.00000,3.5,0.00004,1,,,,,0.00022,0.00000,3.5,0.00004
3411,1,,,,,0.00022,0.00000,3.5,0.00004,1,,,,,0.00022,0.00000,3.5,0.00004
3412,1,,,,,0.00022,0.00000,3.5,0.00004,1,,,,,0.00022,0.00000,3.6,0.00004
3413,1,,,,,0.00022,0.00000,3.5,0.00004,1,,,,,0.00022,0.00000,3.5,0.00004
3414,1,,,,,0.00022,0.00000,3.5,0.00004,1,,,,,0.00022,0.00000,3.6,0.00004
3415,1,,,,,0.00022,0.00000,3.5,0.00004,1,,,,,0.00022,0.00000,3.5,0.00004
3416,1,,,,,0.00022,0.00001,3.5,0.00004,1,,,,,0.00022,0.00001,3.5,0.00004
3417,1,,,,,0.00022,0.00001,3.5,0.00004,1,,,,,0.00022,0.00001,3.5,0.00004
3418,1,,,,,0.00022,0.00000,3.5,0.00004,1,,,,,0.00022,0.00000,3.5,0.00004
3419,1,,,,,0.00022,0.00000,3.5,0.00004,1,,,,,0.00022,0.00000,3.5,0.00004
3420,1,,,,,0.00022,0.00000,3.6,0.00004,1,,,,,0.00022,0.00000,3.8,0.00004
3421,1,,,,,0.00022,0.00000,3.8,0.00004,1,,,,,0.00022,0.00000,3.8,0.00004
3422,1,,,,,0.00022,0.00000,3.7,0.00005,1,,,,,0.00022,0.00001,3.8,0.00004
3423,1,,,,,0.00022,0.00001,3.7,0.00004,1,,,,,0.00022,0.00000,3.8,0.00005
3424,1,,,,,0.00022,0.00000,3.7,0.00004,1,,,,,0.00022,0.00001,3.8,0.00004
3425,1,,,,,0.00022,0.00000,3.8,0.00004,1,,,,,0.00022,0.00000,3.7,0.00004
3426,1,,,,,0.00022,0.00001,3.7,0.00004,1,,,,,0.00022,0.00000,3.7,0.00004
3427,1,,,,,0.00022,0.00000,3.7,0.00004,1,,,,,0.00022,0.00000,3.8,0.00004
3428,1,,,,,0.00022,0.00000,3.7,0.00004,1,,,,,0.00022,0.00001,3.7,0.00004
3429,1,,,,,0.00022,0.00000,3.7,0.00004,1,,,,,0.00022,0.00000,3.8,0.00004
3430,1,,,,,0.00022,0.00000,3.7,0.00004,1,,,,,0.00022,0.00000,3.8,0.00004
3431,1,,,,,0.00022,0.00001,3.6,0.00004,1,,,,,0.00022,0.00000,3.8,0.00004
3432,1,,,,,0.00022,0.00001,3.7,0.00004,1,,,,,0.00022,0.00000,3.8,0.00004
3433,1,,,,,0.00022,0.00001,3.7,0.00004,1,,,,,0.00022,0.00001,3.7,0.00004
3434,1,,,,,0.00022,0.00001,3.6,0.00004,1,,,,,0.00022,0.00000,3.7,0.00004
3435,1,,,,,0.00022,0.00000,3.5,0.00004,1,,,,,0.00022,0.00000,3.6,0.00004
3436,1,,,,,0.00022,0.00000,3.6,0.00005,1,,,,,0.00022,0.00000,3.6,0.00004
3437,1,,,,,0.00022,0.00000,3.5,0.00004,1,,,,,0.00022,0.00001,3.6,0.00004
3438,1,,,,,0.00022,0.00000,3.7,0.00004,1,,,,,0.00022,0.00000,3.8,0.00004
3439,1,,,,,0.00022,0.00000,3.7,0.00004,1,,,,,0.00022,0.00000,3.8,0.00004
3440,1,,,,,0.00022,0.00001,3.7,0.00004,1,,,,,0.00022,0.00001,3.7,0.00004
3441,1,,,,,0.00022,0.00000,3.7,0.00004,1,,,,,0.00022,0.00000,3.7,0.00004
3442,1,,,,,0.00022,0.00001,3.7,0.00004,1,,,,,0.00022,0.00000,3.6,0.00005
3443,1,,,,,0.00022,0.00001,3.8,0.00005,1,,,,,0.00022,0.00000,3.6,0.00004
3444,1,,,,,0.00022,0.00001,3.7,0.00004,1,,,,,0.00022,0.00000,3.7,0.00004
3445,1,,,,,0.00022,0.00001,3.7,0.00004,1,,,,,0.00022,0.00000,3.6,0.00004
3446,1,,,,,0.00022,0.00000,3.8,0.00004,1,,,,,0.00022,0.00000,3.6,0.00004
3447,1,,,,,0.00022,0.00000,3.7,0.00004,1,,,,,0.00022,0.00000,3.6,0.00004
3448,1,,,,,0.00022,0.00000,3.7,0.00004,1,,,,,0.00022,0.00000,3.6,0.00004
3449,1,,,,,0.00022,0.00000,3.7,0.00004,1,,,,,0.00022,0.00000,3.6,0.00004
3450,1,,,,,0.00022,0.00001,3.8,0.00004,1,,,,,0.00022,0.00000,3.6,0.00004
3451,1,,,,,0.00022,0.00000,3.8,0.00004,1,,,,,0.00022,0.00001,3.6,0.00004
3452,1,,,,,0.00022,0.00000,3.7,0.00004,1,,,,,0.00022,0.00000,3.6,0.00004
3453,1,,,,,0.00022,0.00001,3.7,0.00004,1,,,,,0.00022,0.00001,3.7,0.00004
3454,1,,,,,0.00022,0.00000,3.8,0.00004,1,,,,,0.00022,0.00000,3.6,0.00004
3455,1,,,,,0.00022,0.00000,3.7,0.00004,1,,,,,0.00022,0.00000,3.6,0.00004
3456,1,,,,,0.00022,0.00000,3.7,0.00004,1,,,,,0.00022,0.00001,3.6,0.00004
3457,1,,,,,0.00022,0.00000,3.7,0.00004,1,,,,,0.00022,0.00000,3.7,0.00004
3458,1,,,,,0.00022,0.00001,3.7,0.00004,1,,,,,0.00022,0.00000,3.8,0.00004
3459,1,,,,,0.00022,0.00000,3.7,0.00005,1,,,,,0.00022,0.00000,3.7,0.00004
3460,1,,,,,0.00022,0.00000,3.8,0.00005,1,,,,,0.00022,0.00000,3.7,0.00004
3461,1,,,,,0.00022,0.00000,3.8,0.00005,1,,,,,0.00022,0.00000,3.7,0.00004
3462,1,,,,,0.00022,0.00000,3.7,0.00005,1,,,,,0.00022,0.00000,3.7,0.00004
3463,1,,,,,0.00022,0.00000,3.7,0.00004,1,,,,,0.00022,0.00000,3.6,0.00004
3464,1,,,,,0.00022,0.00000,3.7,0.00004,1,,,,,0.00022,0.00001,3.6,0.00004
3465,1,,,,,0.00022,0.00000,3.8,0.00004,1,,,,,0.00022,0.00000,3.6,0.00004
3466,1,,,,,0.00022,0.00001,3.8,0.00004,1,,,,,0.00022,0.00000,3.6,0.00004
3467,1,,,,,0.00022,0.00000,3.7,0.00004,1,,,,,0.00022,0.00000,3.7,0.00004
3468,1,,,,,0.00022,0.00000,3.8,0.00004,1,,,,,0.00022,0.00000,3.7,0.00005
3469,1,,,,,0.00022,0.00000,3.7,0.00004,1,,,,,0.00022,0.00000,3.7,0.00004
3470,1,,,,,0.00022,0.00000,3.6,0.00004,1,,,,,0.00022,0.00000,3.7,0.00004
3471,1,,,,,0.00022,0.00000,3.6,0.00004,1,,,,,0.00022,0.00001,3.6,0.00004
3472,1,,,,,0.00022,0.00000,3.7,0.00004,1,,,,,0.00022,0.00000,3.6,0.00004
3473,1,,,,,0.00022,0.00000,3.6,0.00004,1,,,,,0.00022,0.00000,3.6,0.00004
3474,1,,,,,0.00022,0.00000,3.7,0.00004,1,,,,,0.00022,0.00000,3.5,0.00004
3475,1,,,,,0.00022,0.00000,3.6,0.00004,1,,,,,0.00022,0.00000,3.6,0.00004
3476,1,,,,,0.00022,0.00000,3.7,0.00004,1,,,,,0.00022,0.00000,3.6,0.00004
3477,1,,,,,0.00022,0.00000,3.7,0.00004,1,,,,,0.00022,0.00001,3.5,0.00004
3478,1,,,,,0.00022,0.00000,3.7,0.00005,1,,,,,0.00022,0.00000,3.6,0.00004
3479,1,,,,,0.00022,0.00000,3.6,0.00004,1,,,,,0.00022,0.00000,3.6,0.00004
3480,1,,,,,0.00022,0.00001,3.6,0.00004,1,,,,,0.00022,0.00000,3.6,0.00004
3481,1,,,,,0.00022,0.00000,3.8,0.00004,1,,,,,0.00022,0.00000,3.5,0.00005
3482,1,,,,,0.00022,0.00000,3.8,0.00004,1,,,,,0.00022,0.00000,3.6,0.00004
3483,1,,,,,0.00022,0.00000,3.8,0.00005,1,,,,,0.00022,0.00001,3.6,0.00004
3484,1,,,,,0.00022,0.00001,3.8,0.00004,1,,,,,0.00022,0.00001,3.7,0.00004
3485,1,,,,,0.00022,0.00001,3.7,0.00004,1,,,,,0.00022,0.00000,3.7,0.00004
3486,1,,,,,0.00022,0.00000,3.7,0.00004,1,,,,,0.00022,0.00000,3.6,0.00004
3487,1,,,,,0.00022,0.00001,3.8,0.00004,1,,,,,0.00022,0.00000,3.6,0.00004
3488,1,,,,,0.00022,0.00000,3.8,0.00004,1,,,,,0.00022,0.00000,3.6,0.00004
3489,1,,,,,0.00022,0.00000,3.7,0.00004,1,,,,,0.00022,0.00000,3.6,0.00004
3490,1,,,,,0.00022,0.00000,3.7,0.00004,1,,,,,0.00022,0.00000,3.7,0.00005
3491,1,,,,,0.00022,0.00000,3.7,0.00004,1,,,,,0.00022,0.00000,3.5,0.00004
3492,1,,,,,0.00022,0.00000,3.8,0.00004,1,,,,,0.00022,0.00000,3.5,0.00004
3493,1,,,,,0.00022,0.00000,3.8,0.00004,1,,,,,0.00022,0.00000,3.5,0.00004
3494,1,,,,,0.00022,0.00000,3.8,0.00004,1,,,,,0.00022,0.00000,3.5,0.00004
3495,1,,,,,0.00022,0.00000,3.8,0.00004,1,,,,,0.00022,0.00000,3.6,0.00004
3496,1,,,,,0.00022,0.00000,3.7,0.00004,1,,,,,0.00022,0.00000,3.6,0.00004
3497,1,,,,,0.00022,0.00000,3.8,0.00004,1,,,,,0.00022,0.00000,3.6,0.00004
3498,1,,,,,0.00022,0.00000,3.7,0.00004,1,,,,,0.00022,0.00000,3.6,0.00004
3499,1,,,,,0.00022,0.00000,3.8,0.00004,1,,,,,0.00022,0.00000,3.6,0.00004
3500,1,,,,,0.00022,0.00000,3.8,0.00004,1,,,,,0.00022,0.00000,3.6,0.00004
3501,1,,,,,0.00022,0.00000,3.7,0.00004,1,,,,,0.00022,0.00000,3.6,0.00004
3502,1,,,,,0.00022,0.00000,3.7,0.00004,1,,,,,0.00022,0.00000,3.8,0.00004
3503,1,,,,,0.00022,0.00000,3.8,0.00004,1,,,,,0.00022,0.00000,3.7,0.00004
3504,1,,,,,0.00022,0.00000,3.7,0.00004,1,,,,,0.00022,0.00000,3.6,0.00004
3505,1,,,,,0.00022,0.00000,3.7,0.00004,1,,,,,0.00022,0.00000,3.7,0.00004
3506,1,,,,,0.00022,0.00001,3.7,0.00004,1,,,,,0.00022,0.00000,3.7,0.00004
3507,1,,,,,0.00022,0.00000,3.7,0.00005,1,,,,,0.00022,0.00000,3.7,0.00004
3508,1,,,,,0.00022,0.00000,3.7,0.00004,1,,,,,0.00022,0.00001,3.7,0.00004
3509,1,,,,,0.00022,0.00000,3.6,0.00004,1,,,,,0.00022,0.00001,3.6,0.00004
3510,1,,,,,0.00022,0.00001,3.5,0.00004,1,,,,,0.00022,0.00000,3.6,0.00004
3511,1,,,,,0.00022,0.00000,3.6,0.00004,1,,,,,0.00022,0.00000,3.6,0.00004
3512,1,,,,,0.00022,0.00000,3.6,0.00004,1,,,,,0.00022,0.00000,3.5,0.00004
3513,1,,,,,0.00022,0.00000,3.6,0.00004,1,,,,,0.00022,0.00000,3.6,0.00004
3514,1,,,,,0.00022,0.00000,3.6,0.00004,1,,,,,0.00022,0.00000,3.6,0.00004
3515,1,,,,,0.00022,0.00001,3.5,0.00004,1,,,,,0.00022,0.00000,3.6,0.00004
3516,1,,,,,0.00022,0.00000,3.6,0.00005,1,,,,,0.00022,0.00000,3.6,0.00004
3517,1,,,,,0.00022,0.00000,3.5,0.00004,1,,,,,0.00022,0.00000,3.6,0.00004
3518,1,,,,,0.00022,0.00001,3.6,0.00004,1,,,,,0.00022,0.00001,3.6,0.00004
3519,1,,,,,0.00022,0.00000,3.6,0.00004,1,,,,,0.00022,0.00000,3.7,0.00004
3520,1,,,,,0.00022,0.00000,3.7,0.00004,1,,,,,0.00022,0.00000,3.5,0.00004
3521,1,,,,,0.00022,0.00000,3.6,0.00004,1,,,,,0.00022,0.00000,3.6,0.00004
3522,1,,,,,0.00022,0.00000,3.7,0.00005,1,,,,,0.00022,0.00000,3.6,0.00004
3523,1,,,,,0.00022,0.00000,3.7,0.00004,1,,,,,0.00022,0.00000,3.6,0.00004
3524,1,,,,,0.00022,0.00001,3.7,0.00004,1,,,,,0.00022,0.00000,3.5,0.00004
3525,1,,,,,0.00022,0.00000,3.7,0.00004,1,,,,,0.00022,0.00000,3.6,0.00004
3526,1,,,,,0.00022,0.00000,3.6,0.00004,1,,,,,0.00022,0.00000,3.6,0.00004
3527,1,,,,,0.00022,0.00000,3.7,0.00005,1,,,,,0.00022,0.00000,3.6,0.00004
3528,1,,,,,0.00022,0.00001,3.7,0.00004,1,,,,,0.00022,0.00001,3.6,0.00004
3529,1,,,,,0.00022,0.00000,3.6,0.00004,1,,,,,0.00022,0.00000,3.6,0.00004
3530,1,,,,,0.00022,0.00000,3.7,0.00004,1,,,,,0.00022,0.00001,3.6,0.00004
3531,1,,,,,0.00022,0.00001,3.7,0.00004,1,,,,,0.00022,0.00000,3.5,0.00004
3532,1,,,,,0.00022,0.00000,3.7,0.00004,1,,,,,0.00022,0.00000,3.6,0.00004
3533,1,,,,,0.00022,0.00000,3.7,0.00004,1,,,,,0.00022,0.00001,3.6,0.00004
3534,1,,,,,0.00022,0.00000,3.7,0.00005,1,,,,,0.00022,0.00001,3.6,0.00005
3535,1,,,,,0.00022,0.00001,3.7,0.00004,1,,,,,0.00022,0.00001,3.6,0.00004
3536,1,,,,,0.00022,0.00001,3.7,0.00005,1,,,,,0.00022,0.00001,3.6,0.00004
3537,1,,,,,0.00022,0.00000,3.7,0.00004,1,,,,,0.00022,0.00001,3.6,0.00004
3538,1,,,,,0.00022,0.00000,3.7,0.00005,1,,,,,0.00022,0.00000,3.6,0.00004
3539,1,,,,,0.00022,0.00000,3.6,0.00005,1,,,,,0.00022,0.00001,3.7,0.00004
3540,1,,,,,0.00022,0.00000,3.7,0.00004,1,,,,,0.00022,0.00000,3.7,0.00004
3541,1,,,,,0.00022,0.00000,3.6,0.00005,1,,,,,0.00022,0.00000,3.7,0.00004
3542,1,,,,,0.00022,0.00000,3.7,0.00005,1,,,,,0.00022,0.00000,3.7,0.00005
3543,1,,,,,0.00022,0.00000,3.7,0.00005,1,,,,,0.00022,0.00000,3.6,0.00004
3544,1,,,,,0.00022,0.00000,3.6,0.00005,1,,,,,0.00022,0.00001,3.7,0.00004
3545,1,,,,,0.00022,0.00000,3.6,0.00005,1,,,,,0.00022,0.00000,3.7,0.00005
3546,1,,,,,0.00022,0.00000,3.7,0.00005,1,,,,,0.00022,0.00000,3.7,0.00004
3547,1,,,,,0.00022,0.00000,3.7,0.00005,1,,,,,0.00022,0.00000,3.7,0.00004
3548,1,,,,,0.00022,0.00000,3.5,0.00004,1,,,,,0.00022,0.00001,3.7,0.00004
3549,1,,,,,0.00022,0.00001,3.5,0.00004,1,,,,,0.00022,0.00000,3.6,0.00004
3550,1,,,,,0.00022,0.00000,3.5,0.00004,1,,,,,0.00022,0.00000,3.5,0.00004
3551,1,,,,,0.00022,0.00000,3.5,0.00004,1,,,,,0.00022,0.00000,3.5,0.00004
3552,1,,,,,0.00022,0.00001,3.6,0.00005,1,,,,,0.00022,0.00001,3.6,0.00004
3553,1,,,,,0.00022,0.00000,3.6,0.00004,1,,,,,0.00022,0.00000,3.5,0.00004
3554,1,,,,,0.00022,0.00000,3.5,0.00004,1,,,,,0.00022,0.00000,3.6,0.00004
3555,1,,,,,0.00022,0.00001,3.5,0.00004,1,,,,,0.00022,0.00000,3.6,0.00004
3556,1,,,,,0.00022,0.00000,3.7,0.00005,1,,,,,0.00022,0.00000,3.6,0.00004
3557,1,,,,,0.00022,0.00000,3.6,0.00004,1,,,,,0.00022,0.00000,3.6,0.00005
3558,1,,,,,0.00022,0.00001,3.6,0.00004,1,,,,,0.00022,0.00000,3.7,0.00004
3559,1,,,,,0.00022,0.00000,3.6,0.00005,1,,,,,0.00022,0.00001,3.6,0.00004
3560,1,,,,,0.00022,0.00000,3.7,0.00005,1,,,,,0.00022,0.00001,3.6,0.00004
3561,1,,,,,0.00022,0.00000,3.6,0.00005,1,,,,,0.00022,0.00000,3.6,0.00004
3562,1,,,,,0.00022,0.00000,3.6,0.00005,1,,,,,0.00022,0.00000,3.6,0.00004
3563,1,,,,,0.00022,0.00001,3.7,0.00005,1,,,,,0.00022,0.00000,3.6,0.00004
3564,1,,,,,0.00022,0.00000,3.7,0.00004,1,,,,,0.00022,0.00001,3.8,0.00004
3565,1,,,,,0.00022,0.00000,3.6,0.00004,1,,,,,0.00022,0.00000,3.8,0.00004
3566,1,,,,,0.00022,0.00000,3.6,0.00005,1,,,,,0.00022,0.00001,3.8,0.00004
3567,1,,,,,0.00022,0.00001,3.6,0.00004,1,,,,,0.00022,0.00001,3.8,0.00004
3568,1,,,,,0.00022,0.00001,3.7,0.00005,1,,,,,0.00022,0.00000,3.8,0.00004
3569,1,,,,,0.00022,0.00000,3.7,0.00004,1,,,,,0.00022,0.00000,3.8,0.00004
3570,1,,,,,0.00022,0.00000,3.7,0.00004,1,,,,,0.00022,0.00000,3.8,0.00004
3571,1,,,,,0.00022,0.00001,3.7,0.00004,1,,,,,0.00022,0.00001,3.8,0.00004
3572,1,,,,,0.00022,0.00000,3.7,0.00005,1,,,,,0.00022,0.00000,3.8,0.00005
3573,1,,,,,0.00022,0.00001,3.6,0.00004,1,,,,,0.00022,0.00000,3.7,0.00004
3574,1,,,,,0.00022,0.00001,3.7,0.00005,1,,,,,0.00022,0.00000,3.7,0.00004
3575,1,,,,,0.00022,0.00001,3.6,0.00004,1,,,,,0.00022,0.00001,3.8,0.00004
3576,1,,,,,0.00022,0.00000,3.7,0.00004,1,,,,,0.00022,0.00000,3.7,0.00004
3577,1,,,,,0.00022,0.00001,3.7,0.00005,1,,,,,0.00022,0.00001,3.7,0.00004
3578,1,,,,,0.00022,0.00000,3.7,0.00005,1,,,,,0.00022,0.00000,3.7,0.00004
3579,1,,,,,0.00022,0.00000,3.7,0.00005,1,,,,,0.00022,0.00000,3.6,0.00004
3580,1,,,,,0.00022,0.00000,3.7,0.00005,1,,,,,0.00022,0.00000,3.6,0.00004
3581,1,,,,,0.00022,0.00000,3.7,0.00004,1,,,,,0.00022,0.00000,3.6,0.00004
3582,1,,,,,0.00022,0.00000,3.6,0.00004,1,,,,,0.00022,0.00000,3.6,0.00004
3583,1,,,,,0.00022,0.00000,3.6,0.00004,1,,,,,0.00022,0.00001,3.7,0.00004
3584,1,,,,,0.00022,0.00000,3.6,0.00004,1,,,,,0.00022,0.00000,3.6,0.00004
3585,1,,,,,0.00022,0.00000,3.7,0.00005,1,,,,,0.00022,0.00000,3.7,0.00004
3586,1,,,,,0.00022,0.00000,3.7,0.00004,1,,,,,0.00022,0.00001,3.7,0.00004
3587,1,,,,,0.00022,0.00000,3.7,0.00005,1,,,,,0.00022,0.00000,3.5,0.00004
3588,1,,,,,0.00022,0.00000,3.7,0.00005,1,,,,,0.00022,0.00001,3.6,0.00004
3589,1,,,,,0.00022,0.00000,3.8,0.00005,1,,,,,0.00022,0.00000,3.6,0.00004
3590,1,,,,,0.00022,0.00001,3.7,0.00005,1,,,,,0.00022,0.00000,3.6,0.00004
3591,1,,,,,0.00022,0.00001,3.8,0.00005,1,,,,,0.00022,0.00000,3.6,0.00004
3592,1,,,,,0.00022,0.00000,3.6,0.00005,1,,,,,0.00022,0.00000,3.6,0.00004
3593,1,,,,,0.00022,0.00001,3.5,0.00004,1,,,,,0.00022,0.00000,3.7,0.00004
3594,1,,,,,0.00022,0.00000,3.7,0.00005,1,,,,,0.00022,0.00000,3.6,0.00003
3595,1,,,,,0.00022,0.00000,3.7,0.00005,1,,,,,0.00022,0.00000,3.6,0.00004
3596,1,,,,,0.00022,0.00000,3.7,0.00004,1,,,,,0.00022,0.00000,3.6,0.00004
3597,1,,,,,0.00022,0.00000,3.7,0.00004,1,,,,,0.00022,0.00001,3.6,0.00004
3598,1,,,,,0.00022,0.00000,3.8,0.00005,1,,,,,0.00022,0.00000,3.7,0.00004
3599,1,,,,,0.00022,0.00000,3.6,0.00004,1,,,,,0.00022,0.00000,3.7,0.00004
3600,1,,,,,0.00022,0.00000,3.5,0.00004,1,,,,,0.00022,0.00000,3.7,0.00004
3601,1,,,,,0.00022,0.00000,3.7,0.00004,1,,,,,0.00022,0.00001,3.7,0.00004
3602,1,,,,,0.00022,0.00000,3.6,0.00004,1,,,,,0.00022,0.00000,3.7,0.00004
3603,1,,,,,0.00022,0.00000,3.5,0.00004,1,,,,,0.00022,0.00000,3.7,0.00004
3604,1,,,,,0.00022,0.00000,3.5,0.00004,1,,,,,0.00022,0.00001,3.7,0.00004
3605,1,,,,,0.00023,0.00000,3.7,0.00004,1,,,,,0.00022,0.00000,3.8,0.00004
3606,1,,,,,0.00022,0.00000,3.8,0.00005,1,,,,,0.00022,0.00001,3.7,0.00004
3607,1,,,,,0.00022,0.00000,3.7,0.00004,1,,,,,0.00022,0.00000,3.8,0.00004
3608,1,,,,,0.00022,0.00000,3.7,0.00005,1,,,,,0.00022,0.00000,3.7,0.00004
3609,1,,,,,0.00022,0.00000,3.7,0.00005,1,,,,,0.00022,0.00000,3.7,0.00004
3610,1,,,,,0.00022,0.00001,3.7,0.00004,1,,,,,0.00022,0.00000,3.7,0.00004
3611,1,,,,,0.00022,0.00000,3.7,0.00004,1,,,,,0.00022,0.00000,3.8,0.00005
3612,1,,,,,0.00022,0.00000,3.7,0.00004,1,,,,,0.00022,0.00000,3.8,0.00004
3613,1,,,,,0.00022,0.00000,3.7,0.00005,1,,,,,0.00022,0.00000,3.8,0.00004
3614,1,,,,,0.00022,0.00000,3.7,0.00005,1,,,,,0.00022,0.00000,3.7,0.00004
3615,1,,,,,0.00022,0.00000,3.7,0.00005,1,,,,,0.00022,0.00000,3.7,0.00004
3616,1,,,,,0.00022,0.00000,3.7,0.00004,1,,,,,0.00022,0.00000,3.8,0.00004
3617,1,,,,,0.00022,0.00000,3.7,0.00004,1,,,,,0.00022,0.00000,3.8,0.00005
3618,1,,,,,0.00022,0.00000,3.7,0.00005,1,,,,,0.00022,0.00000,3.7,0.00004
3619,1,,,,,0.00022,0.00000,3.8,0.00005,1,,,,,0.00022,0.00000,3.6,0.00004
3620,1,,,,,0.00022,0.00000,3.7,0.00004,1,,,,,0.00022,0.00000,3.7,0.00004
3621,1,,,,,0.00022,0.00000,3.7,0.00005,1,,,,,0.00022,0.00000,3.7,0.00004
3622,1,,,,,0.00022,0.00000,3.4,0.00004,1,,,,,0.00022,0.00001,3.6,0.00005
3623,1,,,,,0.00022,0.00000,3.4,0.00004,1,,,,,0.00022,0.00000,3.6,0.00004
3624,1,,,,,0.00022,0.00000,3.7,0.00004,1,,,,,0.00022,0.00000,3.6,0.00004
3625,1,,,,,0.00022,0.00000,3.5,0.00004,1,,,,,0.00022,0.00001,3.6,0.00004
3626,1,,,,,0.00022,0.00000,3.5,0.00005,1,,,,,0.00022,0.00000,3.6,0.00004
3627,1,,,,,0.00022,0.00000,3.7,0.00004,1,,,,,0.00022,0.00001,3.6,0.00004
3628,1,,,,,0.00022,0.00000,3.6,0.00004,1,,,,,0.00022,0.00001,3.6,0.00004
3629,1,,,,,0.00022,0.00000,3.6,0.00004,1,,,,,0.00022,0.00000,3.6,0.00004
3630,1,,,,,0.00022,0.00000,3.6,0.00004,1,,,,,0.00022,0.00001,3.7,0.00004
3631,1,,,,,0.00022,0.00000,3.6,0.00004,1,,,,,0.00022,0.00000,3.7,0.00004
3632,1,,,,,0.00022,0.00000,3.6,0.00004,1,,,,,0.00022,0.00000,3.8,0.00004
3633,1,,,,,0.00022,0.00000,3.6,0.00004,1,,,,,0.00022,0.00000,3.8,0.00004
3634,1,,,,,0.00022,0.00001,3.6,0.00004,1,,,,,0.00022,0.00000,3.7,0.00004
3635,1,,,,,0.00022,0.00001,3.7,0.00004,1,,,,,0.00022,0.00000,3.8,0.00004
3636,1,,,,,0.00022,0.00000,3.7,0.00005,1,,,,,0.00022,0.00000,3.7,0.00004
3637,1,,,,,0.00022,0.00000,3.6,0.00004,1,,,,,0.00022,0.00000,3.7,0.00004
3638,1,,,,,0.00022,0.00000,3.6,0.00005,1,,,,,0.00022,0.00000,3.7,0.00004
3639,1,,,,,0.00022,0.00000,3.7,0.00004,1,,,,,0.00022,0.00001,3.8,0.00004
3640,1,,,,,0.00022,0.00000,3.7,0.00005,1,,,,,0.00022,0.00000,3.7,0.00005
3641,1,,,,,0.00022,0.00000,3.8,0.00004,1,,,,,0.00022,0.00001,3.7,0.00004
3642,1,,,,,0.00022,0.00001,3.7,0.00005,1,,,,,0.00022,0.00000,3.7,0.00004
3643,1,,,,,0.00022,0.00001,3.8,0.00004,1,,,,,0.00022,0.00000,3.8,0.00004
3644,1,,,,,0.00022,0.00000,3.8,0.00005,1,,,,,0.00022,0.00000,3.7,0.00004
3645,1,,,,,0.00022,0.00000,3.7,0.00004,1,,,,,0.00022,0.00001,3.7,0.00005
3646,1,,,,,0.00022,0.00000,3.7,0.00005,1,,,,,0.00022,0.00000,3.7,0.00004
3647,1,,,,,0.00022,0.00000,3.7,0.00004,1,,,,,0.00022,0.00001,3.7,0.00004
3648,1,,,,,0.00022,0.00000,3.8,0.00005,1,,,,,0.00022,0.00000,3.7,0.00005
3649,1,,,,,0.00022,0.00000,3.8,0.00004,1,,,,,0.00022,0.00000,3.7,0.00004
3650,1,,,,,0.00022,0.00000,3.8,0.00005,1,,,,,0.00022,0.00000,3.7,0.00004
3651,1,,,,,0.00022,0.00000,3.7,0.00005,1,,,,,0.00022,0.00000,3.7,0.00004
3652,1,,,,,0.00022,0.00000,3.7,0.00005,1,,,,,0.00022,0.00000,3.7,0.00004
3653,1,,,,,0.00022,0.00000,3.7,0.00005,1,,,,,0.00022,0.00001,3.7,0.00004
3654,1,,,,,0.00022,0.00000,3.7,0.00005,1,,,,,0.00022,0.00001,3.8,0.00005
3655,1,,,,,0.00022,0.00000,3.7,0.00005,1,,,,,0.00022,0.00000,3.7,0.00004
3656,1,,,,,0.00022,0.00000,3.7,0.00005,1,,,,,0.00022,0.00000,3.6,0.00004
3657,1,,,,,0.00022,0.00000,3.7,0.00005,1,,,,,0.00022,0.00000,3.6,0.00004
3658,1,,,,,0.00022,0.00000,3.7,0.00004,1,,,,,0.00022,0.00000,3.7,0.00004
3659,1,,,,,0.00022,0.00001,3.7,0.00004,1,,,,,0.00022,0.00000,3.7,0.00005
3660,1,,,,,0.00022,0.00000,3.8,0.00005,1,,,,,0.00022,0.00000,3.7,0.00004
3661,1,,,,,0.00022,0.00000,3.8,0.00005,1,,,,,0.00022,0.00000,3.6,0.00005
3662,1,,,,,0.00022,0.00000,3.7,0.00004,1,,,,,0.00022,0.00000,3.6,0.00004
3663,1,,,,,0.00022,0.00000,3.7,0.00005,1,,,,,0.00022,0.00000,3.6,0.00004
3664,1,,,,,0.00022,0.00001,3.6,0.00004,1,,,,,0.00022,0.00000,3.5,0.00004
3665,1,,,,,0.00022,0.00001,3.7,0.00005,1,,,,,0.00022,0.00000,3.5,0.00004
3666,1,,,,,0.00022,0.00000,3.7,0.00004,1,,,,,0.00022,0.00000,3.6,0.00004
3667,1,,,,,0.00022,0.00000,3.7,0.00004,1,,,,,0.00022,0.00000,3.6,0.00004
3668,1,,,,,0.00022,0.00001,3.7,0.00004,1,,,,,0.00022,0.00000,3.5,0.00004
3669,1,,,,,0.00022,0.00000,3.7,0.00005,1,,,,,0.00022,0.00000,3.6,0.00004
3670,1,,,,,0.00022,0.00000,3.8,0.00004,1,,,,,0.00022,0.00000,3.6,0.00004
3671,1,,,,,0.00022,0.00000,3.8,0.00004,1,,,,,0.00022,0.00000,3.6,0.00004
3672,1,,,,,0.00022,0.00000,3.7,0.00004,1,,,,,0.00022,0.00000,3.6,0.00004
3673,1,,,,,0.00022,0.00000,3.8,0.00005,1,,,,,0.00022,0.00000,3.6,0.00004
3674,1,,,,,0.00022,0.00000,3.8,0.00005,1,,,,,0.00022,0.00000,3.7,0.00004
3675,1,,,,,0.00022,0.00000,3.8,0.00005,1,,,,,0.00022,0.00000,3.6,0.00004
3676,1,,,,,0.00022,0.00000,3.7,0.00004,1,,,,,0.00022,0.00001,3.6,0.00004
3677,1,,,,,0.00023,0.00000,3.8,0.00005,1,,,,,0.00022,0.00000,3.6,0.00004
3678,1,,,,,0.00022,0.00000,3.7,0.00005,1,,,,,0.00022,0.00000,3.6,0.00004
3679,1,,,,,0.00022,0.00000,3.7,0.00005,1,,,,,0.00022,0.00000,3.6,0.00004
3680,1,,,,,0.00022,0.00000,3.7,0.00005,1,,,,,0.00022,0.00000,3.6,0.00004
3681,1,,,,,0.00022,0.00000,3.7,0.00004,1,,,,,0.00022,0.00001,3.7,0.00004
3682,1,,,,,0.00022,0.00001,3.7,0.00004,1,,,,,0.00022,0.00000,3.7,0.00004
3683,1,,,,,0.00022,0.00000,3.8,0.00005,1,,,,,0.00022,0.00000,3.7,0.00005
3684,1,,,,,0.00022,0.00000,3.7,0.00004,1,,,,,0.00022,0.00000,3.6,0.00004
3685,1,,,,,0.00022,0.00000,3.7,0.00004,1,,,,,0.00022,0.00000,3.7,0.00004
3686,1,,,,,0.00022,0.00000,3.7,0.00005,1,,,,,0.00022,0.00000,3.6,0.00004
3687,1,,,,,0.00022,0.00000,3.7,0.00005,1,,,,,0.00022,0.00000,3.7,0.00005
3688,1,,,,,0.00022,0.00000,3.7,0.00005,1,,,,,0.00022,0.00000,3.6,0.00004
3689,1,,,,,0.00022,0.00001,3.7,0.00005,1,,,,,0.00022,0.00000,3.6,0.00005
3690,1,,,,,0.00022,0.00000,3.8,0.00005,1,,,,,0.00022,0.00000,3.7,0.00005
3691,1,,,,,0.00022,0.00000,3.7,0.00005,1,,,,,0.00022,0.00000,3.6,0.00004
3692,1,,,,,0.00022,0.00000,3.7,0.00004,1,,,,,0.00022,0.00000,3.6,0.00004
3693,1,,,,,0.00022,0.00000,3.8,0.00005,1,,,,,0.00022,0.00000,3.7,0.00005
3694,1,,,,,0.00022,0.00000,3.5,0.00004,1,,,,,0.00022,0.00000,3.6,0.00005
3695,1,,,,,0.00022,0.00000,3.6,0.00004,1,,,,,0.00022,0.00000,3.7,0.00005
3696,1,,,,,0.00022,0.00000,3.6,0.00004,1,,,,,0.00022,0.00000,3.7,0.00004
3697,1,,,,,0.00022,0.00000,3.6,0.00004,1,,,,,0.00022,0.00001,3.7,0.00004
3698,1,,,,,0.00022,0.00001,3.5,0.00004,1,,,,,0.00022,0.00000,3.7,0.00004
3699,1,,,,,0.00022,0.00000,3.6,0.00004,1,,,,,0.00022,0.00001,3.7,0.00004
3700,1,,,,,0.00022,0.00001,3.6,0.00004,1,,,,,0.00022,0.00001,3.7,0.00004
3701,1,,,,,0.00022,0.00000,3.5,0.00004,1,,,,,0.00022,0.00000,3.6,0.00004
3702,1,,,,,0.00022,0.00000,3.6,0.00004,1,,,,,0.00022,0.00000,3.7,0.00004
3703,1,,,,,0.00022,0.00000,3.5,0.00004,1,,,,,0.00022,0.00000,3.6,0.00004
3704,1,,,,,0.00022,0.00000,3.6,0.00004,1,,,,,0.00022,0.00001,3.5,0.00004
3705,1,,,,,0.00022,0.00001,3.6,0.00004,1,,,,,0.00022,0.00001,3.6,0.00004
3706,1,,,,,0.00022,0.00000,3.6,0.00004,1,,,,,0.00022,0.00000,3.6,0.00004
3707,1,,,,,0.00022,0.00000,3.6,0.00004,1,,,,,0.00022,0.00000,3.6,0.00004
3708,1,,,,,0.00022,0.00001,3.6,0.00004,1,,,,,0.00022,0.00000,3.6,0.00004
3709,1,,,,,0.00022,0.00000,3.6,0.00004,1,,,,,0.00022,0.00001,3.7,0.00004
3710,1,,,,,0.00022,0.00000,3.7,0.00004,1,,,,,0.00022,0.00000,3.7,0.00004
3711,1,,,,,0.00022,0.00000,3.5,0.00004,1,,,,,0.00022,0.00000,3.6,0.00004
3712,1,,,,,0.00022,0.00000,3.6,0.00004,1,,,,,0.00022,0.00000,3.6,0.00004
3713,1,,,,,0.00022,0.00000,3.6,0.00004,1,,,,,0.00022,0.00001,3.6,0.00004
3714,1,,,,,0.00022,0.00000,3.7,0.00004,1,,,,,0.00022,0.00000,3.6,0.00004
3715,1,,,,,0.00022,0.00000,3.7,0.00004,1,,,,,0.00022,0.00001,3.6,0.00004
3716,1,,,,,0.00022,0.00000,3.7,0.00004,1,,,,,0.00022,0.00000,3.7,0.00004
3717,1,,,,,0.00022,0.00000,3.7,0.00004,1,,,,,0.00022,0.00001,3.6,0.00004
3718,1,,,,,0.00022,0.00000,3.7,0.00004,1,,,,,0.00022,0.00001,3.6,0.00004
3719,1,,,,,0.00022,0.00000,3.7,0.00004,1,,,,,0.00022,0.00000,3.6,0.00004
3720,1,,,,,0.00022,0.00000,3.7,0.00004,1,,,,,0.00022,0.00001,3.6,0.00005
3721,1,,,,,0.00022,0.00000,3.8,0.00004,1,,,,,0.00022,0.00000,3.6,0.00004
3722,1,,,,,0.00022,0.00001,3.8,0.00004,1,,,,,0.00022,0.00000,3.6,0.00004
3723,1,,,,,0.00022,0.00000,3.8,0.00004,1,,,,,0.00022,0.00000,3.6,0.00004
3724,1,,,,,0.00022,0.00000,3.8,0.00004,1,,,,,0.00022,0.00000,3.6,0.00004
3725,1,,,,,0.00022,0.00000,3.7,0.00004,1,,,,,0.00022,0.00000,3.6,0.00005
3726,1,,,,,0.00022,0.00000,3.8,0.00005,1,,,,,0.00022,0.00000,3.6,0.00004
3727,1,,,,,0.00022,0.00000,3.8,0.00005,1,,,,,0.00022,0.00000,3.7,0.00004
3728,1,,,,,0.00022,0.00000,3.7,0.00004,1,,,,,0.00022,0.00000,3.7,0.00004
3729,1,,,,,0.00022,0.00000,3.7,0.00004,1,,,,,0.00022,0.00000,3.7,0.00004
3730,1,,,,,0.00022,0.00000,3.7,0.00005,1,,,,,0.00022,0.00000,3.7,0.00005
3731,1,,,,,0.00022,0.00000,3.7,0.00005,1,,,,,0.00022,0.00000,3.8,0.00004
3732,1,,,,,0.00022,0.00000,3.7,0.00004,1,,,,,0.00022,0.00000,3.7,0.00004
3733,1,,,,,0.00022,0.00000,3.8,0.00005,1,,,,,0.00022,0.00000,3.7,0.00004
3734,1,,,,,0.00022,0.00000,3.6,0.00004,1,,,,,0.00022,0.00001,3.5,0.00004
3735,1,,,,,0.00022,0.00000,3.5,0.00004,1,,,,,0.00022,0.00000,3.5,0.00004
3736,1,,,,,0.00022,0.00001,3.5,0.00004,1,,,,,0.00022,0.00001,3.5,0.00004
3737,1,,,,,0.00022,0.00000,3.6,0.00004,1,,,,,0.00022,0.00001,3.7,0.00005
3738,1,,,,,0.00022,0.00000,3.7,0.00004,1,,,,,0.00022,0.00000,3.6,0.00004
3739,1,,,,,0.00022,0.00000,3.7,0.00004,1,,,,,0.00022,0.00000,3.6,0.00004
3740,1,,,,,0.00022,0.00000,3.8,0.00005,1,,,,,0.00022,0.00000,3.6,0.00004
3741,1,,,,,0.00022,0.00000,3.8,0.00005,1,,,,,0.00022,0.00000,3.6,0.00005
3742,1,,,,,0.00022,0.00000,3.6,0.00004,1,,,,,0.00022,0.00001,3.6,0.00004
3743,1,,,,,0.00022,0.00000,3.6,0.00004,1,,,,,0.00022,0.00000,3.6,0.00004
3744,1,,,,,0.00022,0.00000,3.8,0.00004,1,,,,,0.00022,0.00000,3.6,0.00004
3745,1,,,,,0.00022,0.00000,3.7,0.00004,1,,,,,0.00022,0.00000,3.7,0.00004
3746,1,,,,,0.00022,0.00000,3.8,0.00005,1,,,,,0.00022,0.00000,3.7,0.00004
3747,1,,,,,0.00022,0.00000,3.7,0.00005,1,,,,,0.00022,0.00001,3.6,0.00004
3748,1,,,,,0.00022,0.00000,3.8,0.00004,1,,,,,0.00022,0.00000,3.6,0.00004
3749,1,,,,,0.00022,0.00000,3.7,0.00004,1,,,,,0.00022,0.00000,3.7,0.00004
3750,1,,,,,0.00022,0.00001,3.8,0.00005,1,,,,,0.00022,0.00000,3.7,0.00004
3751,1,,,,,0.00022,0.00001,3.7,0.00004,1,,,,,0.00022,0.00000,3.7,0.00005
3752,1,,,,,0.00023,0.00000,3.7,0.00005,1,,,,,0.00022,0.00000,3.6,0.00004
3753,1,,,,,0.00022,0.00000,3.8,0.00004,1,,,,,0.00022,0.00000,3.6,0.00004
3754,1,,,,,0.00022,0.00000,3.8,0.00005,1,,,,,0.00022,0.00000,3.6,0.00004
3755,1,,,,,0.00022,0.00000,3.8,0.00005,1,,,,,0.00022,0.00000,3.6,0.00004
3756,1,,,,,0.00022,0.00000,3.7,0.00004,1,,,,,0.00022,0.00000,3.6,0.00004
3757,1,,,,,0.00022,0.00000,3.8,0.00005,1,,,,,0.00022,0.00000,3.6,0.00004
3758,1,,,,,0.00022,0.00000,3.7,0.00005,1,,,,,0.00022,0.00000,3.6,0.00004
3759,1,,,,,0.00022,0.00000,3.7,0.00005,1,,,,,0.00022,0.00001,3.6,0.00004
3760,1,,,,,0.00022,0.00000,3.7,0.00005,1,,,,,0.00022,0.00000,3.6,0.00004
3761,1,,,,,0.00022,0.00000,3.7,0.00005,1,,,,,0.00022,0.00000,3.7,0.00004
3762,1,,,,,0.00022,0.00000,3.8,0.00005,1,,,,,0.00022,0.00001,3.6,0.00004
3763,1,,,,,0.00022,0.00000,3.7,0.00005,1,,,,,0.00022,0.00000,3.6,0.00004
3764,1,,,,,0.00022,0.00000,3.7,0.00005,1,,,,,0.00022,0.00000,3.7,0.00004
3765,1,,,,,0.00022,0.00000,3.7,0.00005,1,,,,,0.00022,0.00000,3.7,0.00004
3766,1,,,,,0.00022,0.00000,3.6,0.00004,1,,,,,0.00022,0.00000,3.6,0.00004
3767,1,,,,,0.00022,0.00001,3.7,0.00005,1,,,,,0.00022,0.00001,3.7,0.00004
3768,1,,,,,0.00022,0.00001,3.7,0.00004,1,,,,,0.00022,0.00001,3.7,0.00004
3769,1,,,,,0.00022,0.00000,3.6,0.00004,1,,,,,0.00022,0.00000,3.7,0.00004
3770,1,,,,,0.00022,0.00000,3.6,0.00004,1,,,,,0.00022,0.00000,3.7,0.00004
3771,1,,,,,0.00022,0.00000,3.6,0.00004,1,,,,,0.00022,0.00000,3.7,0.00004
3772,1,,,,,0.00022,0.00000,3.5,0.00004,1,,,,,0.00022,0.00001,3.6,0.00004
3773,1,,,,,0.00022,0.00000,3.6,0.00004,1,,,,,0.00022,0.00000,3.7,0.00004
3774,1,,,,,0.00022,0.00000,3.5,0.00004,1,,,,,0.00022,0.00000,3.7,0.00004
3775,1,,,,,0.00022,0.00000,3.6,0.00004,1,,,,,0.00022,0.00000,3.7,0.00004
3776,1,,,,,0.00022,0.00001,3.5,0.00004,1,,,,,0.00022,0.00000,3.7,0.00004
3777,1,,,,,0.00022,0.00000,3.4,0.00004,1,,,,,0.00022,0.00000,3.7,0.00004
3778,1,,,,,0.00022,0.00000,3.5,0.00004,1,,,,,0.00022,0.00000,3.7,0.00004
3779,1,,,,,0.00022,0.00000,3.5,0.00004,1,,,,,0.00022,0.00000,3.6,0.00003
3780,1,,,,,0.00022,0.00000,3.4,0.00004,1,,,,,0.00022,0.00000,3.8,0.00004
3781,1,,,,,0.00022,0.00000,3.4,0.00004,1,,,,,0.00022,0.00000,3.7,0.00004
3782,1,,,,,0.00022,0.00000,3.5,0.00004,1,,,,,0.00022,0.00001,3.7,0.00004
3783,1,,,,,0.00022,0.00001,3.4,0.00004,1,,,,,0.00022,0.00000,3.8,0.00004
3784,1,,,,,0.00022,0.00000,3.5,0.00004,1,,,,,0.00022,0.00000,3.8,0.00004
3785,1,,,,,0.00022,0.00000,3.4,0.00004,1,,,,,0.00022,0.00000,3.8,0.00004
3786,1,,,,,0.00022,0.00000,3.4,0.00004,1,,,,,0.00022,0.00001,3.8,0.00004
3787,1,,,,,0.00022,0.00000,3.4,0.00004,1,,,,,0.00022,0.00001,3.9,0.00004
3788,1,,,,,0.00022,0.00000,3.4,0.00004,1,,,,,0.00022,0.00000,3.8,0.00005
3789,1,,,,,0.00022,0.00000,3.4,0.00004,1,,,,,0.00022,0.00000,3.8,0.00004
3790,1,,,,,0.00022,0.00000,3.4,0.00004,1,,,,,0.00022,0.00000,3.9,0.00004
3791,1,,,,,0.00022,0.00000,3.4,0.00004,1,,,,,0.00022,0.00000,3.8,0.00004
3792,1,,,,,0.00022,0.00001,3.4,0.00004,1,,,,,0.00022,0.00000,3.8,0.00004
3793,1,,,,,0.00022,0.00000,3.5,0.00004,1,,,,,0.00022,0.00000,3.8,0.00004
3794,1,,,,,0.00022,0.00000,3.4,0.00004,1,,,,,0.00022,0.00000,3.8,0.00004
3795,1,,,,,0.00022,0.00000,3.4,0.00004,1,,,,,0.00022,0.00001,3.8,0.00004
3796,1,,,,,0.00022,0.00000,3.4,0.00004,1,,,,,0.00022,0.00000,3.8,0.00004
3797,1,,,,,0.00022,0.00000,3.4,0.00004,1,,,,,0.00022,0.00001,3.8,0.00004
3798,1,,,,,0.00022,0.00000,3.5,0.00004,1,,,,,0.00022,0.00000,3.8,0.00004
3799,1,,,,,0.00022,0.00000,3.4,0.00004,1,,,,,0.00022,0.00000,3.8,0.00004
3800,1,,,,,0.00022,0.00000,3.4,0.00004,1,,,,,0.00022,0.00000,3.8,0.00005
3801,1,,,,,0.00022,0.00000,3.4,0.00004,1,,,,,0.00022,0.00000,3.9,0.00004
3802,1,,,,,0.00022,0.00001,3.5,0.00004,1,,,,,0.00022,0.00000,3.8,0.00004
3803,1,,,,,0.00022,0.00000,3.4,0.00004,1,,,,,0.00022,0.00001,3.8,0.00004
3804,1,,,,,0.00022,0.00000,3.4,0.00004,1,,,,,0.00022,0.00000,3.7,0.00004
3805,1,,,,,0.00022,0.00000,3.4,0.00004,1,,,,,0.00022,0.00000,3.7,0.00004
3806,1,,,,,0.00022,0.00001,3.5,0.00004,1,,,,,0.00022,0.00000,3.8,0.00004
3807,1,,,,,0.00022,0.00000,3.4,0.00004,1,,,,,0.00022,0.00001,3.8,0.00005
3808,1,,,,,0.00022,0.00000,3.4,0.00004,1,,,,,0.00022,0.00001,3.8,0.00004
3809,1,,,,,0.00022,0.00000,3.4,0.00004,1,,,,,0.00022,0.00000,3.7,0.00004
3810,1,,,,,0.00022,0.00000,3.4,0.00004,1,,,,,0.00022,0.00001,3.7,0.00004
3811,1,,,,,0.00022,0.00000,3.4,0.00004,1,,,,,0.00022,0.00000,3.6,0.00004
3812,1,,,,,0.00022,0.00000,3.4,0.00004,1,,,,,0.00022,0.00000,3.6,0.00004
3813,1,,,,,0.00022,0.00000,3.4,0.00004,1,,,,,0.00022,0.00000,3.6,0.00004
3814,1,,,,,0.00022,0.00000,3.4,0.00004,1,,,,,0.00022,0.00000,3.7,0.00004
3815,1,,,,,0.00022,0.00000,3.4,0.00004,1,,,,,0.00022,0.00000,3.7,0.00004
3816,1,,,,,0.00022,0.00000,3.5,0.00004,1,,,,,0.00022,0.00000,3.6,0.00004
3817,1,,,,,0.00022,0.00000,3.5,0.00004,1,,,,,0.00022,0.00000,3.6,0.00004
3818,1,,,,,0.00022,0.00000,3.7,0.00004,1,,,,,0.00022,0.00000,3.7,0.00004
3819,1,,,,,0.00022,0.00000,3.8,0.00004,1,,,,,0.00022,0.00000,3.8,0.00004
3820,1,,,,,0.00022,0.00000,3.7,0.00004,1,,,,,0.00022,0.00000,3.8,0.00005
3821,1,,,,,0.00022,0.00000,3.7,0.00004,1,,,,,0.00022,0.00000,3.7,0.00004
3822,1,,,,,0.00022,0.00000,3.7,0.00004,1,,,,,0.00022,0.00001,3.8,0.00004
3823,1,,,,,0.00022,0.00000,3.7,0.00004,1,,,,,0.00022,0.00000,3.8,0.00004
3824,1,,,,,0.00022,0.00000,3.8,0.00004,1,,,,,0.00022,0.00000,3.8,0.00004
3825,1,,,,,0.00022,0.00001,3.7,0.00004,1,,,,,0.00022,0.00000,3.8,0.00004
3826,1,,,,,0.00022,0.00000,3.7,0.00004,1,,,,,0.00022,0.00001,3.7,0.00005
3827,1,,,,,0.00022,0.00000,3.7,0.00005,1,,,,,0.00022,0.00000,3.7,0.00004
3828,1,,,,,0.00022,0.00000,3.7,0.00004,1,,,,,0.00022,0.00000,3.7,0.00004
3829,1,,,,,0.00022,0.00000,3.7,0.00004,1,,,,,0.00022,0.00000,3.8,0.00004
3830,1,,,,,0.00022,0.00001,3.7,0.00005,1,,,,,0.00022,0.00000,3.8,0.00004
3831,1,,,,,0.00022,0.00001,3.7,0.00004,1,,,,,0.00022,0.00000,3.7,0.00004
3832,1,,,,,0.00022,0.00000,3.8,0.00004,1,,,,,0.00022,0.00000,3.8,0.00004
3833,1,,,,,0.00022,0.00000,3.7,0.00004,1,,,,,0.00022,0.00000,3.8,0.00005
3834,1,,,,,0.00022,0.00000,3.6,0.00004,1,,,,,0.00022,0.00000,3.8,0.00004
3835,1,,,,,0.00022,0.00001,3.7,0.00004,1,,,,,0.00022,0.00000,3.8,0.00004
3836,1,,,,,0.00022,0.00000,3.7,0.00005,1,,,,,0.00022,0.00001,3.7,0.00004
3837,1,,,,,0.00022,0.00000,3.7,0.00005,1,,,,,0.00022,0.00000,3.7,0.00004
3838,1,,,,,0.00022,0.00000,3.7,0.00004,1,,,,,0.00022,0.00000,3.7,0.00004
3839,1,,,,,0.00022,0.00000,3.7,0.00004,1,,,,,0.00022,0.00000,3.7,0.00004
3840,1,,,,,0.00022,0.00000,3.7,0.00004,1,,,,,0.00022,0.00000,3.7,0.00004
3841,1,,,,,0.00022,0.00000,3.7,0.00004,1,,,,,0.00022,0.00001,3.7,0.00004
3842,1,,,,,0.00022,0.00000,3.7,0.00004,1,,,,,0.00022,0.00000,3.8,0.00004
3843,1,,,,,0.00022,0.00000,3.7,0.00004,1,,,,,0.00022,0.00000,3.8,0.00005
3844,1,,,,,0.00022,0.00000,3.7,0.00004,1,,,,,0.00022,0.00000,3.7,0.00004
3845,1,,,,,0.00022,0.00000,3.7,0.00005,1,,,,,0.00022,0.00000,3.7,0.00004
3846,1,,,,,0.00022,0.00000,3.7,0.00004,1,,,,,0.00022,0.00000,3.7,0.00004
3847,1,,,,,0.00022,0.00000,3.7,0.00004,1,,,,,0.00022,0.00000,3.7,0.00004
3848,1,,,,,0.00022,0.00000,3.7,0.00004,1,,,,,0.00022,0.00000,3.6,0.00004
3849,1,,,,,0.00022,0.00000,3.6,0.00004,1,,,,,0.00022,0.00001,3.6,0.00004
3850,1,,,,,0.00022,0.00000,3.6,0.00004,1,,,,,0.00022,0.00000,3.5,0.00004
3851,1,,,,,0.00022,0.00000,3.7,0.00004,1,,,,,0.00022,0.00000,3.6,0.00004
3852,1,,,,,0.00022,0.00000,3.7,0.00004,1,,,,,0.00022,0.00001,3.6,0.00004
3853,1,,,,,0.00022,0.00000,3.6,0.00004,1,,,,,0.00022,0.00000,3.6,0.00004
3854,1,,,,,0.00022,0.00000,3.6,0.00004,1,,,,,0.00022,0.00000,3.6,0.00004
3855,1,,,,,0.00022,0.00000,3.6,0.00004,1,,,,,0.00022,0.00001,3.6,0.00004
3856,1,,,,,0.00022,0.00000,3.6,0.00004,1,,,,,0.00022,0.00000,3.6,0.00004
3857,1,,,,,0.00022,0.00000,3.7,0.00004,1,,,,,0.00022,0.00000,3.6,0.00004
3858,1,,,,,0.00022,0.00000,3.6,0.00004,1,,,,,0.00022,0.00000,3.6,0.00004
3859,1,,,,,0.00022,0.00000,3.6,0.00004,1,,,,,0.00022,0.00001,3.6,0.00004
3860,1,,,,,0.00022,0.00000,3.6,0.00004,1,,,,,0.00022,0.00001,3.6,0.00004
3861,1,,,,,0.00022,0.00000,3.7,0.00004,1,,,,,0.00022,0.00000,3.6,0.00004
3862,1,,,,,0.00022,0.00000,3.7,0.00004,1,,,,,0.00022,0.00000,3.6,0.00004
3863,1,,,,,0.00022,0.00000,3.7,0.00004,1,,,,,0.00022,0.00000,3.6,0.00004
3864,1,,,,,0.00022,0.00000,3.6,0.00004,1,,,,,0.00022,0.00000,3.7,0.00004
3865,1,,,,,0.00022,0.00000,3.6,0.00004,1,,,,,0.00022,0.00001,3.7,0.00004
3866,1,,,,,0.00022,0.00000,3.6,0.00004,1,,,,,0.00022,0.00000,3.7,0.00004
3867,1,,,,,0.00022,0.00000,3.7,0.00004,1,,,,,0.00022,0.00000,3.6,0.00004
3868,1,,,,,0.00022,0.00000,3.6,0.00004,1,,,,,0.00022,0.00000,3.6,0.00004
3869,1,,,,,0.00022,0.00000,3.6,0.00004,1,,,,,0.00022,0.00000,3.7,0.00004
3870,1,,,,,0.00022,0.00000,3.6,0.00004,1,,,,,0.00022,0.00000,3.6,0.00004
3871,1,,,,,0.00022,0.00000,3.6,0.00004,1,,,,,0.00022,0.00000,3.6,0.00004
3872,1,,,,,0.00022,0.00000,3.6,0.00004,1,,,,,0.00022,0.00000,3.6,0.00004
3873,1,,,,,0.00022,0.00000,3.7,0.00004,1,,,,,0.00022,0.00000,3.6,0.00004
3874,1,,,,,0.00022,0.00000,3.6,0.00004,1,,,,,0.00022,0.00000,3.6,0.00004
3875,1,,,,,0.00022,0.00000,3.6,0.00004,1,,,,,0.00022,0.00000,3.7,0.00004
3876,1,,,,,0.00022,0.00000,3.6,0.00004,1,,,,,0.00022,0.00000,3.6,0.00004
3877,1,,,,,0.00022,0.00000,3.8,0.00004,1,,,,,0.00022,0.00001,3.8,0.00004
3878,1,,,,,0.00022,0.00000,3.8,0.00004,1,,,,,0.00022,0.00001,3.7,0.00004
3879,1,,,,,0.00022,0.00000,3.7,0.00004,1,,,,,0.00022,0.00000,3.7,0.00004
3880,1,,,,,0.00022,0.00000,3.6,0.00004,1,,,,,0.00022,0.00001,3.7,0.00004
3881,1,,,,,0.00022,0.00001,3.7,0.00004,1,,,,,0.00022,0.00000,3.7,0.00004
3882,1,,,,,0.00022,0.00001,3.6,0.00004,1,,,,,0.00022,0.00000,3.7,0.00004
3883,1,,,,,0.00022,0.00000,3.7,0.00004,1,,,,,0.00022,0.00001,3.7,0.00005
3884,1,,,,,0.00022,0.00000,3.7,0.00004,1,,,,,0.00022,0.00000,3.7,0.00005
3885,1,,,,,0.00022,0.00000,3.6,0.00004,1,,,,,0.00022,0.00000,3.6,0.00004
3886,1,,,,,0.00022,0.00000,3.7,0.00004,1,,,,,0.00022,0.00000,3.7,0.00004
3887,1,,,,,0.00022,0.00000,3.6,0.00004,1,,,,,0.00022,0.00000,3.5,0.00004
3888,1,,,,,0.00022,0.00000,3.6,0.00004,1,,,,,0.00022,0.00000,3.4,0.00004
3889,1,,,,,0.00022,0.00000,3.7,0.00004,1,,,,,0.00022,0.00000,3.4,0.00004
3890,1,,,,,0.00022,0.00000,3.7,0.00004,1,,,,,0.00022,0.00000,3.4,0.00004
3891,1,,,,,0.00022,0.00000,3.6,0.00004,1,,,,,0.00022,0.00000,3.4,0.00004
3892,1,,,,,0.00022,0.00000,3.7,0.00004,1,,,,,0.00022,0.00000,3.4,0.00004
3893,1,,,,,0.00022,0.00000,3.6,0.00004,1,,,,,0.00022,0.00000,3.5,0.00004
3894,1,,,,,0.00022,0.00001,3.6,0.00004,1,,,,,0.00022,0.00000,3.5,0.00004
3895,1,,,,,0.00022,0.00000,3.6,0.00004,1,,,,,0.00022,0.00000,3.4,0.00004
3896,1,,,,,0.00022,0.00001,3.8,0.00004,1,,,,,0.00022,0.00000,3.4,0.00004
3897,1,,,,,0.00022,0.00000,3.7,0.00004,1,,,,,0.00022,0.00000,3.4,0.00004
3898,1,,,,,0.00022,0.00001,3.6,0.00004,1,,,,,0.00022,0.00000,3.4,0.00004
3899,1,,,,,0.00022,0.00000,3.7,0.00004,1,,,,,0.00022,0.00000,3.4,0.00004
3900,1,,,,,0.00022,0.00000,3.6,0.00004,1,,,,,0.00022,0.00001,3.4,0.00004
3901,1,,,,,0.00022,0.00000,3.8,0.00004,1,,,,,0.00022,0.00000,3.6,0.00004
3902,1,,,,,0.00022,0.00001,3.8,0.00004,1,,,,,0.00022,0.00000,3.6,0.00004
3903,1,,,,,0.00022,0.00000,3.8,0.00004,1,,,,,0.00022,0.00000,3.6,0.00004
3904,1,,,,,0.00022,0.00000,3.8,0.00004,1,,,,,0.00022,0.00000,3.6,0.00004
3905,1,,,,,0.00022,0.00001,3.8,0.00004,1,,,,,0.00022,0.00001,3.7,0.00005
3906,1,,,,,0.00022,0.00000,3.9,0.00004,1,,,,,0.00022,0.00000,3.6,0.00004
3907,1,,,,,0.00022,0.00001,3.8,0.00004,1,,,,,0.00022,0.00000,3.6,0.00004
3908,1,,,,,0.00022,0.00000,3.7,0.00004,1,,,,,0.00022,0.00000,3.6,0.00005
3909,1,,,,,0.00022,0.00000,3.7,0.00004,1,,,,,0.00022,0.00000,3.6,0.00004
3910,1,,,,,0.00022,0.00000,3.8,0.00004,1,,,,,0.00022,0.00000,3.6,0.00004
3911,1,,,,,0.00022,0.00000,3.8,0.00004,1,,,,,0.00022,0.00000,3.6,0.00004
3912,1,,,,,0.00022,0.00001,3.7,0.00004,1,,,,,0.00022,0.00000,3.7,0.00004
3913,1,,,,,0.00022,0.00000,3.8,0.00004,1,,,,,0.00022,0.00000,3.6,0.00004
3914,1,,,,,0.00022,0.00001,3.8,0.00004,1,,,,,0.00022,0.00000,3.6,0.00004
3915,1,,,,,0.00022,0.00000,3.8,0.00004,1,,,,,0.00022,0.00001,3.7,0.00004
3916,1,,,,,0.00022,0.00000,3.8,0.00004,1,,,,,0.00022,0.00000,3.6,0.00004
3917,1,,,,,0.00022,0.00000,3.8,0.00004,1,,,,,0.00022,0.00000,3.7,0.00004
3918,1,,,,,0.00022,0.00000,3.6,0.00004,1,,,,,0.00022,0.00001,3.6,0.00004
3919,1,,,,,0.00022,0.00000,3.5,0.00004,1,,,,,0.00022,0.00001,3.7,0.00004
3920,1,,,,,0.00022,0.00000,3.5,0.00004,1,,,,,0.00022,0.00000,3.6,0.00004
3921,1,,,,,0.00022,0.00000,3.5,0.00004,1,,,,,0.00022,0.00000,3.7,0.00005
3922,1,,,,,0.00022,0.00000,3.5,0.00004,1,,,,,0.00022,0.00001,3.6,0.00004
3923,1,,,,,0.00022,0.00000,3.5,0.00004,1,,,,,0.00022,0.00001,3.7,0.00004
3924,1,,,,,0.00022,0.00000,3.6,0.00004,1,,,,,0.00022,0.00000,3.7,0.00004
3925,1,,,,,0.00022,0.00000,3.6,0.00004,1,,,,,0.00022,0.00000,3.6,0.00004
3926,1,,,,,0.00022,0.00000,3.6,0.00004,1,,,,,0.00022,0.00000,3.6,0.00004
3927,1,,,,,0.00022,0.00000,3.6,0.00004,1,,,,,0.00022,0.00000,3.5,0.00004
3928,1,,,,,0.00022,0.00000,3.6,0.00004,1,,,,,0.00022,0.00000,3.5,0.00004
3929,1,,,,,0.00022,0.00001,3.6,0.00004,1,,,,,0.00022,0.00000,3.5,0.00004
3930,1,,,,,0.00022,0.00000,3.6,0.00004,1,,,,,0.00022,0.00000,3.5,0.00004
3931,1,,,,,0.00022,0.00000,3.8,0.00004,1,,,,,0.00022,0.00000,3.5,0.00004
3932,1,,,,,0.00022,0.00001,3.7,0.00004,1,,,,,0.00022,0.00000,3.5,0.00004
3933,1,,,,,0.00022,0.00000,3.7,0.00004,1,,,,,0.00022,0.00000,3.5,0.00004
3934,1,,,,,0.00022,0.00000,3.7,0.00004,1,,,,,0.00022,0.00000,3.5,0.00004
3935,1,,,,,0.00022,0.00000,3.7,0.00004,1,,,,,0.00022,0.00000,3.5,0.00004
3936,1,,,,,0.00022,0.00000,3.7,0.00004,1,,,,,0.00022,0.00001,3.4,0.00004
3937,1,,,,,0.00022,0.00000,3.7,0.00005,1,,,,,0.00022,0.00000,3.4,0.00004
3938,1,,,,,0.00022,0.00000,3.7,0.00004,1,,,,,0.00022,0.00000,3.4,0.00004
3939,1,,,,,0.00022,0.00000,3.7,0.00005,1,,,,,0.00022,0.00000,3.4,0.00004
3940,1,,,,,0.00022,0.00000,3.7,0.00004,1,,,,,0.00022,0.00000,3.5,0.00004
3941,1,,,,,0.00022,0.00000,3.7,0.00004,1,,,,,0.00022,0.00000,3.5,0.00004
3942,1,,,,,0.00022,0.00000,3.7,0.00004,1,,,,,0.00022,0.00000,3.4,0.00004
3943,1,,,,,0.00022,0.00000,3.7,0.00005,1,,,,,0.00022,0.00000,3.6,0.00004
3944,1,,,,,0.00022,0.00001,3.7,0.00004,1,,,,,0.00022,0.00000,3.7,0.00004
3945,1,,,,,0.00022,0.00000,3.7,0.00004,1,,,,,0.00022,0.00000,3.8,0.00004
3946,1,,,,,0.00022,0.00000,3.7,0.00004,1,,,,,0.00022,0.00000,3.7,0.00005
3947,1,,,,,0.00022,0.00000,3.7,0.00004,1,,,,,0.00022,0.00000,3.7,0.00004
3948,1,,,,,0.00022,0.00000,3.6,0.00004,1,,,,,0.00022,0.00000,3.6,0.00004
3949,1,,,,,0.00022,0.00000,3.7,0.00004,1,,,,,0.00022,0.00001,3.7,0.00004
3950,1,,,,,0.00022,0.00001,3.7,0.00004,1,,,,,0.00022,0.00000,3.7,0.00004
3951,1,,,,,0.00022,0.00000,3.7,0.00004,1,,,,,0.00022,0.00001,3.7,0.00004
3952,1,,,,,0.00022,0.00000,3.6,0.00004,1,,,,,0.00022,0.00000,3.7,0.00004
3953,1,,,,,0.00022,0.00000,3.6,0.00004,1,,,,,0.00022,0.00000,3.7,0.00004
3954,1,,,,,0.00022,0.00000,3.7,0.00004,1,,,,,0.00022,0.00000,3.7,0.00004
3955,1,,,,,0.00022,0.00000,3.8,0.00005,1,,,,,0.00022,0.00000,3.7,0.00004
3956,1,,,,,0.00022,0.00000,3.7,0.00004,1,,,,,0.00022,0.00000,3.7,0.00004
3957,1,,,,,0.00022,0.00000,3.7,0.00004,1,,,,,0.00022,0.00000,3.7,0.00004
3958,1,,,,,0.00022,0.00001,3.7,0.00004,1,,,,,0.00022,0.00000,3.8,0.00004
3959,1,,,,,0.00022,0.00001,3.8,0.00005,1,,,,,0.00022,0.00000,3.7,0.00004
3960,1,,,,,0.00022,0.00000,3.7,0.00004,1,,,,,0.00022,0.00000,3.7,0.00004
3961,1,,,,,0.00022,0.00000,3.8,0.00004,1,,,,,0.00022,0.00000,3.7,0.00004
3962,1,,,,,0.00022,0.00000,3.7,0.00004,1,,,,,0.00022,0.00001,3.7,0.00004
3963,1,,,,,0.00022,0.00000,3.7,0.00004,1,,,,,0.00022,0.00000,3.7,0.00004
3964,1,,,,,0.00022,0.00000,3.7,0.00004,1,,,,,0.00022,0.00000,3.7,0.00004
3965,1,,,,,0.00022,0.00000,3.7,0.00004,1,,,,,0.00022,0.00001,3.7,0.00004
3966,1,,,,,0.00022,0.00000,3.5,0.00004,1,,,,,0.00022,0.00000,3.5,0.00004
3967,1,,,,,0.00022,0.00000,3.5,0.00004,1,,,,,0.00022,0.00000,3.7,0.00004
3968,1,,,,,0.00022,0.00001,3.5,0.00004,1,,,,,0.00022,0.00000,3.6,0.00004
3969,1,,,,,0.00022,0.00000,3.5,0.00004,1,,,,,0.00022,0.00000,3.5,0.00004
3970,1,,,,,0.00022,0.00000,3.5,0.00004,1,,,,,0.00022,0.00000,3.5,0.00004
3971,1,,,,,0.00022,0.00000,3.5,0.00004,1,,,,,0.00022,0.00000,3.5,0.00004
3972,1,,,,,0.00022,0.00001,3.5,0.00004,1,,,,,0.00022,0.00000,3.5,0.00004
3973,1,,,,,0.00022,0.00000,3.5,0.00004,1,,,,,0.00022,0.00000,3.5,0.00004
3974,1,,,,,0.00022,0.00000,3.4,0.00004,1,,,,,0.00022,0.00000,3.5,0.00004
3975,1,,,,,0.00022,0.00000,3.5,0.00004,1,,,,,0.00022,0.00001,3.5,0.00004
3976,1,,,,,0.00022,0.00000,3.7,0.00004,1,,,,,0.00022,0.00000,3.5,0.00004
3977,1,,,,,0.00022,0.00001,3.7,0.00004,1,,,,,0.00022,0.00000,3.7,0.00004
3978,1,,,,,0.00022,0.00000,3.8,0.00004,1,,,,,0.00022,0.00000,3.8,0.00004
3979,1,,,,,0.00022,0.00000,3.7,0.00004,1,,,,,0.00022,0.00000,3.7,0.00004
3980,1,,,,,0.00022,0.00000,3.8,0.00004,1,,,,,0.00022,0.00000,3.7,0.00004
3981,1,,,,,0.00022,0.00000,3.8,0.00004,1,,,,,0.00022,0.00000,3.7,0.00004
3982,1,,,,,0.00022,0.00000,3.8,0.00004,1,,,,,0.00022,0.00001,3.7,0.00004
3983,1,,,,,0.00022,0.00000,3.8,0.00004,1,,,,,0.00022,0.00001,3.7,0.00004
3984,1,,,,,0.00022,0.00000,3.8,0.00004,1,,,,,0.00022,0.00001,3.8,0.00005
3985,1,,,,,0.00022,0.00000,3.7,0.00004,1,,,,,0.00022,0.00000,3.7,0.00004
3986,1,,,,,0.00022,0.00000,3.7,0.00004,1,,,,,0.00022,0.00000,3.8,0.00004
3987,1,,,,,0.00022,0.00001,3.7,0.00004,1,,,,,0.00022,0.00000,3.7,0.00004
3988,1,,,,,0.00022,0.00000,3.8,0.00004,1,,,,,0.00022,0.00000,3.7,0.00005
3989,1,,,,,0.00022,0.00000,3.7,0.00004,1,,,,,0.00022,0.00000,3.7,0.00004
3990,1,,,,,0.00022,0.00000,3.7,0.00004,1,,,,,0.00022,0.00000,3.7,0.00004
3991,1,,,,,0.00022,0.00001,3.7,0.00004,1,,,,,0.00022,0.00000,3.7,0.00004
3992,1,,,,,0.00022,0.00000,3.7,0.00004,1,,,,,0.00022,0.00000,3.8,0.00004
3993,1,,,,,0.00022,0.00000,3.8,0.00004,1,,,,,0.00022,0.00001,3.7,0.00004
3994,1,,,,,0.00022,0.00000,3.6,0.00004,1,,,,,0.00022,0.00000,3.8,0.00004
3995,1,,,,,0.00022,0.00000,3.6,0.00004,1,,,,,0.00022,0.00000,3.7,0.00004
3996,1,,,,,0.00022,0.00000,3.6,0.00004,1,,,,,0.00022,0.00000,3.7,0.00004
3997,1,,,,,0.00022,0.00000,3.6,0.00004,1,,,,,0.00022,0.00000,3.7,0.00004
3998,1,,,,,0.00022,0.00000,3.6,0.00004,1,,,,,0.00022,0.00000,3.7,0.00005
3999,1,,,,,0.00022,0.00000,3.6,0.00004,1,,,,,0.00022,0.00000,3.6,0.00004
4000,1,,,,,0.00022,0.00001,3.5,0.00004,1,,,,,0.00022,0.00000,3.6,0.00004
4001,1,,,,,0.00022,0.00001,3.6,0.00004,1,,,,,0.00022,0.00001,3.5,0.00004
4002,1,,,,,0.00022,0.00001,3.5,0.00004,1,,,,,0.00022,0.00000,3.6,0.00004
4003,1,,,,,0.00022,0.00000,3.6,0.00004,1,,,,,0.00022,0.00000,3.6,0.00004
4004,1,,,,,0.00022,0.00000,3.6,0.00004,1,,,,,0.00022,0.00000,3.7,0.00004
4005,1,,,,,0.00022,0.00000,3.6,0.00004,1,,,,,0.00022,0.00000,3.6,0.00004
4006,1,,,,,0.00022,0.00000,3.6,0.00004,1,,,,,0.00022,0.00000,3.7,0.00004
4007,1,,,,,0.00022,0.00000,3.5,0.00004,1,,,,,0.00022,0.00000,3.7,0.00005
4008,1,,,,,0.00022,0.00000,3.6,0.00004,1,,,,,0.00022,0.00000,3.7,0.00004
4009,1,,,,,0.00022,0.00000,3.6,0.00004,1,,,,,0.00022,0.00000,3.6,0.00004
4010,1,,,,,0.00022,0.00000,3.5,0.00004,1,,,,,0.00022,0.00000,3.6,0.00004
4011,1,,,,,0.00022,0.00000,3.5,0.00004,1,,,,,0.00022,0.00000,3.6,0.00004
4012,1,,,,,0.00022,0.00000,3.5,0.00004,1,,,,,0.00022,0.00000,3.6,0.00004
4013,1,,,,,0.00022,0.00000,3.5,0.00004,1,,,,,0.00022,0.00000,3.6,0.00004
4014,1,,,,,0.00022,0.00000,3.6,0.00004,1,,,,,0.00022,0.00000,3.8,0.00004
4015,1,,,,,0.00022,0.00000,3.6,0.00004,1,,,,,0.00022,0.00000,3.7,0.00004
4016,1,,,,,0.00022,0.00001,3.6,0.00004,1,,,,,0.00022,0.00001,3.7,0.00004
4017,1,,,,,0.00022,0.00000,3.7,0.00004,1,,,,,0.00022,0.00000,3.6,0.00004
4018,1,,,,,0.00022,0.00001,3.7,0.00004,1,,,,,0.00022,0.00000,3.7,0.00004
4019,1,,,,,0.00022,0.00001,3.7,0.00004,1,,,,,0.00022,0.00000,3.7,0.00004
4020,1,,,,,0.00022,0.00001,3.7,0.00004,1,,,,,0.00022,0.00000,3.6,0.00004
4021,1,,,,,0.00022,0.00000,3.7,0.00004,1,,,,,0.00022,0.00000,3.7,0.00004
4022,1,,,,,0.00022,0.00000,3.7,0.00004,1,,,,,0.00022,0.00001,3.7,0.00005
4023,1,,,,,0.00022,0.00000,3.7,0.00004,1,,,,,0.00022,0.00001,3.6,0.00004
4024,1,,,,,0.00022,0.00000,3.7,0.00004,1,,,,,0.00022,0.00000,3.6,0.00004
4025,1,,,,,0.00022,0.00000,3.7,0.00005,1,,,,,0.00022,0.00000,3.7,0.00004
4026,1,,,,,0.00022,0.00000,3.7,0.00005,1,,,,,0.00022,0.00000,3.6,0.00004
4027,1,,,,,0.00022,0.00000,3.7,0.00004,1,,,,,0.00022,0.00000,3.7,0.00004
4028,1,,,,,0.00022,0.00000,3.7,0.00004,1,,,,,0.00022,0.00000,3.6,0.00004
4029,1,,,,,0.00022,0.00000,3.7,0.00005,1,,,,,0.00022,0.00000,3.7,0.00004
4030,1,,,,,0.00022,0.00000,3.6,0.00004,1,,,,,0.00022,0.00001,3.7,0.00004
4031,1,,,,,0.00022,0.00000,3.7,0.00005,1,,,,,0.00022,0.00000,3.7,0.00005
4032,1,,,,,0.00022,0.00000,3.7,0.00004,1,,,,,0.00022,0.00000,3.7,0.00004
4033,1,,,,,0.00022,0.00000,3.7,0.00004,1,,,,,0.00022,0.00000,3.7,0.00005
4034,1,,,,,0.00022,0.00000,3.6,0.00004,1,,,,,0.00022,0.00000,3.7,0.00004
4035,1,,,,,0.00022,0.00000,3.5,0.00004,1,,,,,0.00022,0.00000,3.6,0.00004
4036,1,,,,,0.00022,0.00000,3.6,0.00004,1,,,,,0.00022,0.00001,3.7,0.00004
4037,1,,,,,0.00022,0.00000,3.6,0.00004,1,,,,,0.00022,0.00001,3.7,0.00004
4038,1,,,,,0.00022,0.00000,3.6,0.00004,1,,,,,0.00022,0.00000,3.6,0.00004
4039,1,,,,,0.00022,0.00000,3.7,0.00004,1,,,,,0.00022,0.00001,3.6,0.00004
4040,1,,,,,0.00022,0.00000,3.7,0.00004,1,,,,,0.00022,0.00000,3.6,0.00004
4041,1,,,,,0.00022,0.00000,3.6,0.00004,1,,,,,0.00022,0.00001,3.6,0.00004
4042,1,,,,,0.00022,0.00000,3.6,0.00004,1,,,,,0.00022,0.00000,3.7,0.00004
4043,1,,,,,0.00022,0.00000,3.7,0.00004,1,,,,,0.00022,0.00000,3.6,0.00004
4044,1,,,,,0.00022,0.00000,3.6,0.00004,1,,,,,0.00022,0.00001,3.6,0.00004
4045,1,,,,,0.00022,0.00000,3.6,0.00004,1,,,,,0.00022,0.00000,3.7,0.00004
4046,1,,,,,0.00022,0.00000,3.6,0.00004,1,,,,,0.00022,0.00000,3.6,0.00004
4047,1,,,,,0.00022,0.00000,3.6,0.00004,1,,,,,0.00022,0.00000,3.6,0.00004
4048,1,,,,,0.00022,0.00000,3.6,0.00004,1,,,,,0.00022,0.00001,3.6,0.00004
4049,1,,,,,0.00022,0.00000,3.7,0.00004,1,,,,,0.00022,0.00000,3.7,0.00004
4050,1,,,,,0.00022,0.00000,3.5,0.00004,1,,,,,0.00022,0.00000,3.7,0.00004
4051,1,,,,,0.00022,0.00001,3.5,0.00004,1,,,,,0.00022,0.00000,3.7,0.00005
4052,1,,,,,0.00022,0.00000,3.8,0.00004,1,,,,,0.00022,0.00000,3.6,0.00004
4053,1,,,,,0.00022,0.00001,3.7,0.00004,1,,,,,0.00022,0.00000,3.6,0.00004
4054,1,,,,,0.00022,0.00000,3.7,0.00004,1,,,,,0.00022,0.00000,3.7,0.00004
4055,1,,,,,0.00022,0.00000,3.7,0.00004,1,,,,,0.00022,0.00000,3.7,0.00004
4056,1,,,,,0.00022,0.00000,3.7,0.00004,1,,,,,0.00022,0.00000,3.8,0.00004
4057,1,,,,,0.00022,0.00000,3.7,0.00004,1,,,,,0.00022,0.00000,3.8,0.00005
4058,1,,,,,0.00022,0.00000,3.7,0.00004,1,,,,,0.00022,0.00000,3.8,0.00004
4059,1,,,,,0.00022,0.00001,3.7,0.00005,1,,,,,0.00022,0.00000,3.7,0.00004
4060,1,,,,,0.00022,0.00001,3.7,0.00005,1,,,,,0.00022,0.00001,3.7,0.00004
4061,1,,,,,0.00022,0.00001,3.7,0.00004,1,,,,,0.00022,0.00000,3.7,0.00005
4062,1,,,,,0.00022,0.00000,3.7,0.00004,1,,,,,0.00022,0.00000,3.6,0.00004
4063,1,,,,,0.00022,0.00000,3.7,0.00004,1,,,,,0.00022,0.00000,3.6,0.00004
4064,1,,,,,0.00022,0.00000,3.7,0.00005,1,,,,,0.00022,0.00000,3.6,0.00004
4065,1,,,,,0.00022,0.00000,3.7,0.00004,1,,,,,0.00022,0.00000,3.6,0.00004
4066,1,,,,,0.00022,0.00000,3.7,0.00005,1,,,,,0.00022,0.00000,3.6,0.00004
4067,1,,,,,0.00022,0.00000,3.7,0.00004,1,,,,,0.00022,0.00000,3.6,0.00004
4068,1,,,,,0.00022,0.00000,3.7,0.00004,1,,,,,0.00022,0.00000,3.7,0.00004
4069,1,,,,,0.00022,0.00000,3.7,0.00004,1,,,,,0.00022,0.00000,3.6,0.00004
4070,1,,,,,0.00022,0.00000,3.7,0.00004,1,,,,,0.00022,0.00000,3.7,0.00005
4071,1,,,,,0.00022,0.00000,3.7,0.00005,1,,,,,0.00022,0.00000,3.7,0.00004
4072,1,,,,,0.00022,0.00000,3.7,0.00004,1,,,,,0.00022,0.00000,3.7,0.00004
4073,1,,,,,0.00022,0.00001,3.7,0.00004,1,,,,,0.00022,0.00000,3.6,0.00004
4074,1,,,,,0.00022,0.00000,3.7,0.00004,1,,,,,0.00022,0.00000,3.7,0.00005
4075,1,,,,,0.00022,0.00000,3.7,0.00005,1,,,,,0.00022,0.00000,3.6,0.00004
4076,1,,,,,0.00022,0.00000,3.7,0.00004,1,,,,,0.00022,0.00000,3.6,0.00004
4077,1,,,,,0.00022,0.00000,3.5,0.00004,1,,,,,0.00022,0.00000,3.6,0.00004
4078,1,,,,,0.00022,0.00000,3.5,0.00004,1,,,,,0.00022,0.00000,3.6,0.00004
4079,1,,,,,0.00022,0.00000,3.5,0.00004,1,,,,,0.00022,0.00000,3.6,0.00004
4080,1,,,,,0.00022,0.00001,3.4,0.00004,1,,,,,0.00022,0.00001,3.7,0.00004
4081,1,,,,,0.00022,0.00000,3.4,0.00004,1,,,,,0.00022,0.00001,3.6,0.00004
4082,1,,,,,0.00022,0.00000,3.5,0.00004,1,,,,,0.00022,0.00000,3.6,0.00004
4083,1,,,,,0.00022,0.00001,3.5,0.00004,1,,,,,0.00022,0.00000,3.7,0.00004
4084,1,,,,,0.00022,0.00000,3.5,0.00004,1,,,,,0.00022,0.00001,3.6,0.00004
4085,1,,,,,0.00022,0.00000,3.4,0.00004,1,,,,,0.00022,0.00000,3.5,0.00004
4086,1,,,,,0.00022,0.00000,3.4,0.00004,1,,,,,0.00022,0.00000,3.7,0.00004
4087,1,,,,,0.00022,0.00000,3.5,0.00005,1,,,,,0.00022,0.00000,3.6,0.00004
4088,1,,,,,0.00022,0.00000,3.5,0.00004,1,,,,,0.00022,0.00000,3.6,0.00004
4089,1,,,,,0.00022,0.00000,3.7,0.00004,1,,,,,0.00022,0.00000,3.7,0.00004
4090,1,,,,,0.00022,0.00001,3.7,0.00004,1,,,,,0.00022,0.00000,3.6,0.00004
4091,1,,,,,0.00022,0.00000,3.7,0.00004,1,,,,,0.00022,0.00000,3.6,0.00004
4092,1,,,,,0.00022,0.00001,3.7,0.00004,1,,,,,0.00022,0.00000,3.7,0.00004
4093,1,,,,,0.00022,0.00000,3.7,0.00005,1,,,,,0.00022,0.00001,3.7,0.00004
4094,1,,,,,0.00022,0.00000,3.7,0.00004,1,,,,,0.00022,0.00001,3.6,0.00004
4095,1,,,,,0.00022,0.00000,3.7,0.00004,1,,,,,0.00022,0.00000,3.7,0.00004
4096,1,,,,,0.00022,0.00000,3.7,0.00004,1,,,,,0.00022,0.00000,3.8,0.00004
4097,1,,,,,0.00022,0.00000,3.7,0.00004,1,,,,,0.00022,0.00001,3.6,0.00004
4098,1,,,,,0.00022,0.00000,3.7,0.00005,1,,,,,0.00022,0.00000,3.6,0.00004
4099,1,,,,,0.00022,0.00000,3.6,0.00004,1,,,,,0.00022,0.00001,3.6,0.00004
4100,1,,,,,0.00022,0.00000,3.7,0.00005,1,,,,,0.00022,0.00000,3.6,0.00005
4101,1,,,,,0.00022,0.00000,3.7,0.00004,1,,,,,0.00022,0.00000,3.7,0.00004
4102,1,,,,,0.00022,0.00000,3.7,0.00005,1,,,,,0.00022,0.00000,3.7,0.00004
4103,1,,,,,0.00022,0.00000,3.5,0.00005,1,,,,,0.00022,0.00000,3.7,0.00004
4104,1,,,,,0.00022,0.00000,3.4,0.00004,1,,,,,0.00022,0.00001,3.7,0.00004
4105,1,,,,,0.00022,0.00000,3.7,0.00004,1,,,,,0.00022,0.00000,3.6,0.00004
4106,1,,,,,0.00022,0.00000,3.5,0.00004,1,,,,,0.00022,0.00000,3.6,0.00004
4107,1,,,,,0.00022,0.00001,3.5,0.00004,1,,,,,0.00022,0.00000,3.7,0.00004
4108,1,,,,,0.00022,0.00000,3.5,0.00004,1,,,,,0.00022,0.00000,3.7,0.00005
4109,1,,,,,0.00022,0.00000,3.5,0.00004,1,,,,,0.00022,0.00001,3.6,0.00004
4110,1,,,,,0.00022,0.00000,3.5,0.00004,1,,,,,0.00022,0.00000,3.6,0.00004
4111,1,,,,,0.00022,0.00000,3.5,0.00004,1,,,,,0.00022,0.00001,3.6,0.00004
4112,1,,,,,0.00022,0.00001,3.5,0.00004,1,,,,,0.00022,0.00000,3.5,0.00004
4113,1,,,,,0.00022,0.00000,3.4,0.00004,1,,,,,0.00022,0.00000,3.6,0.00004
4114,1,,,,,0.00022,0.00000,3.7,0.00004,1,,,,,0.00022,0.00001,3.6,0.00004
4115,1,,,,,0.00022,0.00001,3.7,0.00004,1,,,,,0.00022,0.00001,3.6,0.00004
4116,1,,,,,0.00022,0.00000,3.7,0.00004,1,,,,,0.00022,0.00000,3.7,0.00004
4117,1,,,,,0.00022,0.00000,3.7,0.00004,1,,,,,0.00022,0.00000,3.7,0.00004
4118,1,,,,,0.00022,0.00000,3.8,0.00004,1,,,,,0.00022,0.00000,3.7,0.00004
4119,1,,,,,0.00022,0.00000,3.8,0.00004,1,,,,,0.00022,0.00000,3.7,0.00004
4120,1,,,,,0.00022,0.00001,3.8,0.00004,1,,,,,0.00022,0.00000,3.8,0.00005
4121,1,,,,,0.00022,0.00000,3.7,0.00004,1,,,,,0.00022,0.00001,3.7,0.00004
4122,1,,,,,0.00022,0.00001,3.7,0.00004,1,,,,,0.00022,0.00000,3.7,0.00004
4123,1,,,,,0.00022,0.00000,3.7,0.00004,1,,,,,0.00022,0.00000,3.6,0.00004
4124,1,,,,,0.00022,0.00000,3.7,0.00004,1,,,,,0.00022,0.00000,3.7,0.00004
4125,1,,,,,0.00022,0.00000,3.5,0.00004,1,,,,,0.00022,0.00000,3.6,0.00004
4126,1,,,,,0.00022,0.00000,3.7,0.00004,1,,,,,0.00022,0.00000,3.6,0.00004
4127,1,,,,,0.00022,0.00000,3.8,0.00004,1,,,,,0.00022,0.00000,3.6,0.00004
4128,1,,,,,0.00022,0.00000,3.7,0.00004,1,,,,,0.00022,0.00000,3.7,0.00004
4129,1,,,,,0.00022,0.00000,3.8,0.00005,1,,,,,0.00022,0.00000,3.6,0.00004
4130,1,,,,,0.00022,0.00001,3.7,0.00004,1,,,,,0.00022,0.00000,3.6,0.00004
4131,1,,,,,0.00022,0.00000,3.8,0.00005,1,,,,,0.00022,0.00000,3.7,0.00004
4132,1,,,,,0.00022,0.00001,3.7,0.00004,1,,,,,0.00022,0.00000,3.7,0.00004
4133,1,,,,,0.00022,0.00000,3.7,0.00004,1,,,,,0.00022,0.00001,3.6,0.00004
4134,1,,,,,0.00022,0.00000,3.8,0.00005,1,,,,,0.00022,0.00000,3.6,0.00004
4135,1,,,,,0.00022,0.00000,3.8,0.00004,1,,,,,0.00022,0.00000,3.6,0.00004
4136,1,,,,,0.00022,0.00000,3.7,0.00004,1,,,,,0.00022,0.00001,3.6,0.00004
4137,1,,,,,0.00022,0.00001,3.7,0.00004,1,,,,,0.00022,0.00000,3.6,0.00004
4138,1,,,,,0.00022,0.00001,3.7,0.00004,1,,,,,0.00022,0.00000,3.6,0.00004
4139,1,,,,,0.00022,0.00000,3.7,0.00004,1,,,,,0.00022,0.00000,3.7,0.00004
4140,1,,,,,0.00022,0.00000,3.7,0.00004,1,,,,,0.00022,0.00001,3.7,0.00004
4141,1,,,,,0.00022,0.00000,3.8,0.00004,1,,,,,0.00022,0.00000,3.6,0.00004
4142,1,,,,,0.00022,0.00000,3.7,0.00004,1,,,,,0.00022,0.00000,3.7,0.00004
4143,1,,,,,0.00022,0.00001,3.7,0.00005,1,,,,,0.00022,0.00000,3.7,0.00005
4144,1,,,,,0.00022,0.00000,3.6,0.00004,1,,,,,0.00022,0.00000,3.7,0.00004
4145,1,,,,,0.00022,0.00000,3.5,0.00004,1,,,,,0.00022,0.00000,3.7,0.00005
4146,1,,,,,0.00022,0.00000,3.6,0.00004,1,,,,,0.00022,0.00000,3.6,0.00004
4147,1,,,,,0.00023,0.00001,3.7,0.00004,1,,,,,0.00022,0.00000,3.7,0.00004
4148,1,,,,,0.00022,0.00000,3.5,0.00004,1,,,,,0.00022,0.00000,3.7,0.00004
4149,1,,,,,0.00022,0.00001,3.6,0.00004,1,,,,,0.00022,0.00000,3.7,0.00004
4150,1,,,,,0.00022,0.00001,3.5,0.00004,1,,,,,0.00022,0.00000,3.6,0.00004
4151,1,,,,,0.00022,0.00000,3.6,0.00004,1,,,,,0.00022,0.00000,3.6,0.00004
4152,1,,,,,0.00022,0.00000,3.6,0.00004,1,,,,,0.00022,0.00000,3.7,0.00005
4153,1,,,,,0.00022,0.00000,3.6,0.00004,1,,,,,0.00022,0.00001,3.6,0.00004
4154,1,,,,,0.00022,0.00000,3.6,0.00004,1,,,,,0.00022,0.00001,3.6,0.00004
4155,1,,,,,0.00022,0.00000,3.6,0.00004,1,,,,,0.00022,0.00000,3.7,0.00004
4156,1,,,,,0.00022,0.00000,3.6,0.00004,1,,,,,0.00022,0.00000,3.6,0.00004
4157,1,,,,,0.00022,0.00000,3.6,0.00004,1,,,,,0.00022,0.00001,3.6,0.00004
4158,1,,,,,0.00022,0.00000,3.6,0.00004,1,,,,,0.00022,0.00000,3.6,0.00004
4159,1,,,,,0.00022,0.00000,3.6,0.00004,1,,,,,0.00022,0.00001,3.6,0.00004
4160,1,,,,,0.00022,0.00000,3.6,0.00004,1,,,,,0.00022,0.00000,3.6,0.00004
4161,1,,,,,0.00022,0.00000,3.6,0.00004,1,,,,,0.00022,0.00000,3.6,0.00004
4162,1,,,,,0.00022,0.00000,3.6,0.00004,1,,,,,0.00022,0.00000,3.6,0.00004
4163,1,,,,,0.00022,0.00000,3.6,0.00004,1,,,,,0.00022,0.00000,3.7,0.00004
4164,1,,,,,0.00022,0.00000,3.7,0.00004,1,,,,,0.00022,0.00000,3.6,0.00004
4165,1,,,,,0.00022,0.00000,3.7,0.00004,1,,,,,0.00022,0.00000,3.7,0.00004
4166,1,,,,,0.00022,0.00000,3.7,0.00005,1,,,,,0.00022,0.00000,3.7,0.00004
4167,1,,,,,0.00022,0.00000,3.8,0.00005,1,,,,,0.00022,0.00000,3.7,0.00004
4168,1,,,,,0.00022,0.00000,3.7,0.00004,1,,,,,0.00022,0.00000,3.6,0.00004
4169,1,,,,,0.00022,0.00000,3.7,0.00004,1,,,,,0.00022,0.00000,3.6,0.00004
4170,1,,,,,0.00022,0.00000,3.7,0.00004,1,,,,,0.00022,0.00000,3.6,0.00004
4171,1,,,,,0.00022,0.00000,3.7,0.00004,1,,,,,0.00022,0.00000,3.6,0.00004
4172,1,,,,,0.00022,0.00000,3.7,0.00004,1,,,,,0.00022,0.00000,3.6,0.00004
4173,1,,,,,0.00022,0.00000,3.7,0.00004,1,,,,,0.00022,0.00001,3.6,0.00004
4174,1,,,,,0.00022,0.00000,3.7,0.00004,1,,,,,0.00022,0.00001,3.6,0.00004
4175,1,,,,,0.00022,0.00000,3.7,0.00005,1,,,,,0.00022,0.00001,3.7,0.00005
4176,1,,,,,0.00022,0.00000,3.7,0.00004,1,,,,,0.00022,0.00000,3.7,0.00004
4177,1,,,,,0.00022,0.00000,3.7,0.00004,1,,,,,0.00022,0.00001,3.7,0.00004
4178,1,,,,,0.00022,0.00000,3.7,0.00005,1,,,,,0.00022,0.00000,3.7,0.00004
4179,1,,,,,0.00022,0.00000,3.7,0.00005,1,,,,,0.00022,0.00000,3.7,0.00004
4180,1,,,,,0.00022,0.00000,3.7,0.00004,1,,,,,0.00022,0.00000,3.8,0.00005
4181,1,,,,,0.00022,0.00000,3.5,0.00004,1,,,,,0.00022,0.00000,3.7,0.00004
4182,1,,,,,0.00022,0.00000,3.4,0.00004,1,,,,,0.00022,0.00000,3.8,0.00004
4183,1,,,,,0.00022,0.00000,3.4,0.00004,1,,,,,0.00022,0.00000,3.8,0.00005
4184,1,,,,,0.00022,0.00000,3.5,0.00004,1,,,,,0.00022,0.00001,3.7,0.00004
4185,1,,,,,0.00022,0.00001,3.6,0.00004,1,,,,,0.00022,0.00000,3.7,0.00004
4186,1,,,,,0.00022,0.00001,3.7,0.00004,1,,,,,0.00022,0.00000,3.8,0.00004
4187,1,,,,,0.00022,0.00000,3.5,0.00004,1,,,,,0.00022,0.00000,3.6,0.00004
4188,1,,,,,0.00022,0.00001,3.6,0.00004,1,,,,,0.00022,0.00000,3.6,0.00004
4189,1,,,,,0.00022,0.00000,3.5,0.00004,1,,,,,0.00022,0.00001,3.6,0.00004
4190,1,,,,,0.00022,0.00000,3.6,0.00004,1,,,,,0.00022,0.00000,3.7,0.00004
4191,1,,,,,0.00022,0.00000,3.6,0.00004,1,,,,,0.00022,0.00000,3.6,0.00004
4192,1,,,,,0.00022,0.00000,3.6,0.00004,1,,,,,0.00022,0.00000,3.6,0.00004
4193,1,,,,,0.00022,0.00000,3.6,0.00004,1,,,,,0.00022,0.00000,3.6,0.00004
4194,1,,,,,0.00022,0.00000,3.7,0.00004,1,,,,,0.00022,0.00001,3.6,0.00004
4195,1,,,,,0.00022,0.00000,3.8,0.00004,1,,,,,0.00022,0.00000,3.6,0.00004
4196,1,,,,,0.00022,0.00001,3.7,0.00004,1,,,,,0.00022,0.00000,3.6,0.00004
4197,1,,,,,0.00022,0.00000,3.8,0.00005,1,,,,,0.00022,0.00000,3.6,0.00004
4198,1,,,,,0.00022,0.00000,3.8,0.00005,1,,,,,0.00022,0.00000,3.7,0.00004
4199,1,,,,,0.00022,0.00000,3.8,0.00005,1,,,,,0.00022,0.00000,3.7,0.00004
4200,1,,,,,0.00022,0.00000,3.8,0.00005,1,,,,,0.00022,0.00000,3.7,0.00004
4201,1,,,,,0.00022,0.00000,3.7,0.00004,1,,,,,0.00022,0.00000,3.6,0.00004
4202,1,,,,,0.00022,0.00001,3.7,0.00004,1,,,,,0.00022,0.00001,3.7,0.00004
4203,1,,,,,0.00022,0.00000,3.8,0.00004,1,,,,,0.00022,0.00000,3.7,0.00004
4204,1,,,,,0.00022,0.00001,3.7,0.00004,1,,,,,0.00022,0.00001,3.7,0.00004
4205,1,,,,,0.00022,0.00000,3.7,0.00004,1,,,,,0.00022,0.00001,3.7,0.00004
4206,1,,,,,0.00022,0.00000,3.7,0.00004,1,,,,,0.00022,0.00000,3.6,0.00004
4207,1,,,,,0.00022,0.00001,3.8,0.00004,1,,,,,0.00022,0.00001,3.7,0.00004
4208,1,,,,,0.00022,0.00000,3.7,0.00004,1,,,,,0.00022,0.00000,3.7,0.00004
4209,1,,,,,0.00022,0.00000,3.8,0.00005,1,,,,,0.00022,0.00000,3.7,0.00004
4210,1,,,,,0.00022,0.00000,3.7,0.00004,1,,,,,0.00022,0.00001,3.7,0.00004
4211,1,,,,,0.00022,0.00000,3.7,0.00004,1,,,,,0.00022,0.00000,3.7,0.00004
4212,1,,,,,0.00022,0.00000,3.7,0.00004,1,,,,,0.00022,0.00000,3.7,0.00004
4213,1,,,,,0.00022,0.00000,3.7,0.00004,1,,,,,0.00022,0.00000,3.7,0.00004
4214,1,,,,,0.00022,0.00000,3.7,0.00004,1,,,,,0.00022,0.00000,3.8,0.00004
4215,1,,,,,0.00022,0.00000,3.7,0.00005,1,,,,,0.00022,0.00001,3.8,0.00004
4216,1,,,,,0.00022,0.00000,3.7,0.00004,1,,,,,0.00022,0.00000,3.7,0.00004
4217,1,,,,,0.00022,0.00000,3.7,0.00004,1,,,,,0.00022,0.00000,3.7,0.00004
4218,1,,,,,0.00022,0.00001,3.7,0.00004,1,,,,,0.00022,0.00000,3.7,0.00004
4219,1,,,,,0.00022,0.00000,3.7,0.00004,1,,,,,0.00022,0.00000,3.7,0.00004
4220,1,,,,,0.00022,0.00001,3.5,0.00004,1,,,,,0.00022,0.00001,3.7,0.00004
4221,1,,,,,0.00022,0.00000,3.6,0.00004,1,,,,,0.00022,0.00000,3.6,0.00004
4222,1,,,,,0.00022,0.00000,3.6,0.00004,1,,,,,0.00022,0.00000,3.7,0.00005
4223,1,,,,,0.00022,0.00000,3.6,0.00004,1,,,,,0.00022,0.00000,3.7,0.00004
4224,1,,,,,0.00022,0.00001,3.5,0.00004,1,,,,,0.00022,0.00000,3.7,0.00004
4225,1,,,,,0.00022,0.00000,3.5,0.00004,1,,,,,0.00022,0.00000,3.6,0.00004
4226,1,,,,,0.00022,0.00001,3.6,0.00004,1,,,,,0.00022,0.00000,3.6,0.00004
4227,1,,,,,0.00022,0.00000,3.5,0.00004,1,,,,,0.00022,0.00000,3.7,0.00004
4228,1,,,,,0.00022,0.00000,3.6,0.00004,1,,,,,0.00022,0.00000,3.6,0.00004
4229,1,,,,,0.00022,0.00000,3.6,0.00004,1,,,,,0.00022,0.00000,3.7,0.00004
4230,1,,,,,0.00022,0.00001,3.6,0.00004,1,,,,,0.00022,0.00000,3.6,0.00004
4231,1,,,,,0.00022,0.00000,3.7,0.00004,1,,,,,0.00022,0.00000,3.7,0.00004
4232,1,,,,,0.00022,0.00000,3.5,0.00004,1,,,,,0.00022,0.00000,3.5,0.00004
4233,1,,,,,0.00022,0.00000,3.5,0.00004,1,,,,,0.00022,0.00000,3.5,0.00004
4234,1,,,,,0.00022,0.00000,3.4,0.00004,1,,,,,0.00022,0.00000,3.5,0.00004
4235,1,,,,,0.00022,0.00000,3.5,0.00004,1,,,,,0.00022,0.00000,3.5,0.00004
4236,1,,,,,0.00022,0.00000,3.4,0.00004,1,,,,,0.00022,0.00001,3.5,0.00004
4237,1,,,,,0.00022,0.00000,3.4,0.00004,1,,,,,0.00022,0.00000,3.5,0.00004
4238,1,,,,,0.00022,0.00000,3.5,0.00004,1,,,,,0.00022,0.00000,3.5,0.00004
4239,1,,,,,0.00022,0.00000,3.6,0.00004,1,,,,,0.00022,0.00000,3.5,0.00004
4240,1,,,,,0.00022,0.00000,3.6,0.00004,1,,,,,0.00022,0.00000,3.6,0.00004
4241,1,,,,,0.00022,0.00000,3.6,0.00004,1,,,,,0.00022,0.00000,3.5,0.00004
4242,1,,,,,0.00022,0.00000,3.7,0.00005,1,,,,,0.00022,0.00000,3.5,0.00004
4243,1,,,,,0.00022,0.00000,3.7,0.00005,1,,,,,0.00022,0.00000,3.5,0.00004
4244,1,,,,,0.00022,0.00001,3.6,0.00004,1,,,,,0.00022,0.00000,3.5,0.00004
4245,1,,,,,0.00022,0.00001,3.7,0.00004,1,,,,,0.00022,0.00000,3.5,0.00004
4246,1,,,,,0.00022,0.00000,3.7,0.00004,1,,,,,0.00022,0.00000,3.6,0.00004
4247,1,,,,,0.00022,0.00001,3.7,0.00004,1,,,,,0.00022,0.00000,3.5,0.00004
4248,1,,,,,0.00022,0.00000,3.7,0.00004,1,,,,,0.00022,0.00000,3.5,0.00004
4249,1,,,,,0.00022,0.00000,3.7,0.00004,1,,,,,0.00022,0.00000,3.5,0.00004
4250,1,,,,,0.00022,0.00000,3.7,0.00005,1,,,,,0.00022,0.00000,3.5,0.00004
4251,1,,,,,0.00022,0.00001,3.8,0.00005,1,,,,,0.00022,0.00000,3.5,0.00004
4252,1,,,,,0.00022,0.00000,3.8,0.00004,1,,,,,0.00022,0.00000,3.5,0.00004
4253,1,,,,,0.00022,0.00000,3.8,0.00004,1,,,,,0.00022,0.00000,3.5,0.00004
4254,1,,,,,0.00022,0.00000,3.7,0.00005,1,,,,,0.00022,0.00000,3.5,0.00004
4255,1,,,,,0.00022,0.00000,3.8,0.00005,1,,,,,0.00022,0.00000,3.5,0.00004
4256,1,,,,,0.00022,0.00000,3.7,0.00004,1,,,,,0.00022,0.00000,3.6,0.00004
4257,1,,,,,0.00022,0.00000,3.7,0.00004,1,,,,,0.00022,0.00001,3.5,0.00004
4258,1,,,,,0.00022,0.00000,3.8,0.00004,1,,,,,0.00022,0.00000,3.5,0.00004
4259,1,,,,,0.00022,0.00001,3.8,0.00004,1,,,,,0.00022,0.00000,3.5,0.00004
4260,1,,,,,0.00022,0.00001,3.7,0.00004,1,,,,,0.00022,0.00000,3.5,0.00004
4261,1,,,,,0.00022,0.00000,3.7,0.00004,1,,,,,0.00022,0.00000,3.5,0.00004
4262,1,,,,,0.00022,0.00000,3.7,0.00004,1,,,,,0.00022,0.00000,3.5,0.00004
4263,1,,,,,0.00022,0.00000,3.8,0.00005,1,,,,,0.00022,0.00000,3.5,0.00004
4264,1,,,,,0.00022,0.00000,3.7,0.00004,1,,,,,0.00022,0.00000,3.5,0.00004
4265,1,,,,,0.00022,0.00000,3.8,0.00004,1,,,,,0.00022,0.00000,3.5,0.00004
4266,1,,,,,0.00022,0.00000,3.5,0.00004,1,,,,,0.00022,0.00001,3.7,0.00004
4267,1,,,,,0.00022,0.00001,3.7,0.00004,1,,,,,0.00022,0.00001,3.5,0.00004
4268,1,,,,,0.00022,0.00000,3.8,0.00004,1,,,,,0.00022,0.00000,3.7,0.00004
4269,1,,,,,0.00022,0.00000,3.7,0.00004,1,,,,,0.00022,0.00000,3.8,0.00004
4270,1,,,,,0.00022,0.00000,3.7,0.00005,1,,,,,0.00022,0.00001,3.6,0.00004
4271,1,,,,,0.00022,0.00000,3.7,0.00004,1,,,,,0.00022,0.00000,3.7,0.00005
4272,1,,,,,0.00022,0.00000,3.8,0.00004,1,,,,,0.00022,0.00000,3.7,0.00004
4273,1,,,,,0.00022,0.00000,3.8,0.00005,1,,,,,0.00022,0.00000,3.7,0.00004
4274,1,,,,,0.00022,0.00000,3.8,0.00005,1,,,,,0.00022,0.00000,3.7,0.00004
4275,1,,,,,0.00022,0.00000,3.8,0.00004,1,,,,,0.00022,0.00000,3.7,0.00004
4276,1,,,,,0.00022,0.00000,3.8,0.00005,1,,,,,0.00022,0.00000,3.7,0.00004
4277,1,,,,,0.00022,0.00000,3.7,0.00004,1,,,,,0.00022,0.00000,3.6,0.00004
4278,1,,,,,0.00022,0.00000,3.8,0.00004,1,,,,,0.00022,0.00000,3.7,0.00004
4279,1,,,,,0.00022,0.00000,3.8,0.00004,1,,,,,0.00022,0.00001,3.7,0.00004
4280,1,,,,,0.00022,0.00000,3.8,0.00005,1,,,,,0.00022,0.00000,3.6,0.00004
4281,1,,,,,0.00022,0.00001,3.7,0.00004,1,,,,,0.00022,0.00000,3.7,0.00004
4282,1,,,,,0.00022,0.00000,3.8,0.00004,1,,,,,0.00022,0.00000,3.6,0.00004
4283,1,,,,,0.00022,0.00001,3.8,0.00005,1,,,,,0.00022,0.00001,3.6,0.00004
4284,1,,,,,0.00022,0.00000,3.8,0.00005,1,,,,,0.00022,0.00000,3.7,0.00004
4285,1,,,,,0.00022,0.00001,3.7,0.00005,1,,,,,0.00022,0.00001,3.7,0.00004
4286,1,,,,,0.00022,0.00000,3.7,0.00004,1,,,,,0.00022,0.00000,3.6,0.00004
4287,1,,,,,0.00022,0.00000,3.6,0.00004,1,,,,,0.00022,0.00000,3.6,0.00004
4288,1,,,,,0.00022,0.00001,3.7,0.00005,1,,,,,0.00022,0.00000,3.7,0.00004
4289,1,,,,,0.00022,0.00000,3.8,0.00005,1,,,,,0.00022,0.00000,3.7,0.00004
4290,1,,,,,0.00022,0.00000,3.7,0.00005,1,,,,,0.00022,0.00000,3.7,0.00004
4291,1,,,,,0.00022,0.00000,3.6,0.00004,1,,,,,0.00022,0.00000,3.8,0.00004
4292,1,,,,,0.00022,0.00001,3.7,0.00005,1,,,,,0.00022,0.00001,3.7,0.00004
4293,1,,,,,0.00022,0.00000,3.7,0.00005,1,,,,,0.00022,0.00000,3.7,0.00004
4294,1,,,,,0.00022,0.00000,3.7,0.00004,1,,,,,0.00022,0.00000,3.7,0.00004
4295,1,,,,,0.00022,0.00000,3.7,0.00004,1,,,,,0.00022,0.00000,3.7,0.00004
4296,1,,,,,0.00022,0.00001,3.7,0.00004,1,,,,,0.00022,0.00000,3.8,0.00005
4297,1,,,,,0.00022,0.00000,3.7,0.00004,1,,,,,0.00022,0.00000,3.7,0.00004
4298,1,,,,,0.00022,0.00000,3.7,0.00005,1,,,,,0.00022,0.00001,3.7,0.00004
4299,1,,,,,0.00022,0.00000,3.5,0.00004,1,,,,,0.00022,0.00000,3.7,0.00004
4300,1,,,,,0.00022,0.00000,3.6,0.00004,1,,,,,0.00022,0.00001,3.6,0.00004
4301,1,,,,,0.00022,0.00000,3.6,0.00004,1,,,,,0.00022,0.00000,3.6,0.00004
4302,1,,,,,0.00022,0.00000,3.6,0.00004,1,,,,,0.00022,0.00000,3.6,0.00004
4303,1,,,,,0.00022,0.00000,3.6,0.00004,1,,,,,0.00022,0.00001,3.5,0.00004
4304,1,,,,,0.00022,0.00001,3.6,0.00004,1,,,,,0.00022,0.00000,3.6,0.00004
4305,1,,,,,0.00022,0.00000,3.6,0.00004,1,,,,,0.00022,0.00000,3.6,0.00004
4306,1,,,,,0.00022,0.00000,3.5,0.00004,1,,,,,0.00022,0.00000,3.8,0.00004
4307,1,,,,,0.00022,0.00001,3.6,0.00004,1,,,,,0.00022,0.00000,3.8,0.00004
4308,1,,,,,0.00022,0.00000,3.7,0.00004,1,,,,,0.00022,0.00000,3.7,0.00004
4309,1,,,,,0.00022,0.00000,3.6,0.00004,1,,,,,0.00022,0.00000,3.7,0.00004
4310,1,,,,,0.00022,0.00000,3.6,0.00004,1,,,,,0.00022,0.00001,3.8,0.00004
4311,1,,,,,0.00022,0.00000,3.6,0.00004,1,,,,,0.00022,0.00000,3.7,0.00004
4312,1,,,,,0.00022,0.00000,3.6,0.00004,1,,,,,0.00022,0.00001,3.8,0.00004
4313,1,,,,,0.00022,0.00000,3.5,0.00004,1,,,,,0.00022,0.00000,3.7,0.00004
4314,1,,,,,0.00022,0.00001,3.7,0.00004,1,,,,,0.00022,0.00000,3.7,0.00004
4315,1,,,,,0.00022,0.00001,3.6,0.00004,1,,,,,0.00022,0.00000,3.8,0.00005
4316,1,,,,,0.00022,0.00000,3.6,0.00004,1,,,,,0.00022,0.00000,3.8,0.00004
4317,1,,,,,0.00022,0.00000,3.6,0.00005,1,,,,,0.00022,0.00000,3.8,0.00004
4318,1,,,,,0.00022,0.00000,3.7,0.00005,1,,,,,0.00022,0.00001,3.7,0.00004
4319,1,,,,,0.00022,0.00001,3.6,0.00005,1,,,,,0.00022,0.00000,3.8,0.00004
4320,1,,,,,0.00022,0.00000,3.6,0.00004,1,,,,,0.00022,0.00000,3.7,0.00004
4321,1,,,,,0.00022,0.00000,3.6,0.00004,1,,,,,0.00022,0.00001,3.7,0.00004
4322,1,,,,,0.00022,0.00000,3.6,0.00004,1,,,,,0.00022,0.00000,3.7,0.00004
4323,1,,,,,0.00022,0.00000,3.6,0.00005,1,,,,,0.00022,0.00000,3.7,0.00004
4324,1,,,,,0.00022,0.00000,3.6,0.00004,1,,,,,0.00022,0.00000,3.7,0.00004
4325,1,,,,,0.00022,0.00000,3.7,0.00004,1,,,,,0.00022,0.00000,3.7,0.00004
4326,1,,,,,0.00022,0.00000,3.8,0.00005,1,,,,,0.00022,0.00000,3.7,0.00004
4327,1,,,,,0.00022,0.00000,3.7,0.00004,1,,,,,0.00022,0.00000,3.7,0.00005
4328,1,,,,,0.00022,0.00000,3.7,0.00005,1,,,,,0.00022,0.00000,3.8,0.00004
4329,1,,,,,0.00022,0.00001,3.8,0.00005,1,,,,,0.00022,0.00000,3.8,0.00004
4330,1,,,,,0.00022,0.00000,3.7,0.00005,1,,,,,0.00022,0.00001,3.7,0.00004
4331,1,,,,,0.00022,0.00000,3.7,0.00004,1,,,,,0.00022,0.00001,3.7,0.00004
4332,1,,,,,0.00022,0.00000,3.7,0.00005,1,,,,,0.00022,0.00000,3.8,0.00004
4333,1,,,,,0.00022,0.00000,3.7,0.00005,1,,,,,0.00022,0.00000,3.7,0.00004
4334,1,,,,,0.00022,0.00000,3.7,0.00004,1,,,,,0.00022,0.00001,3.7,0.00004
4335,1,,,,,0.00022,0.00001,3.7,0.00005,1,,,,,0.00022,0.00000,3.7,0.00004
4336,1,,,,,0.00022,0.00000,3.8,0.00004,1,,,,,0.00022,0.00000,3.8,0.00004
4337,1,,,,,0.00022,0.00000,3.8,0.00005,1,,,,,0.00022,0.00000,3.7,0.00004
4338,1,,,,,0.00022,0.00000,3.8,0.00005,1,,,,,0.00022,0.00000,3.6,0.00004
4339,1,,,,,0.00022,0.00000,3.7,0.00004,1,,,,,0.00022,0.00000,3.5,0.00004
4340,1,,,,,0.00022,0.00000,3.8,0.00004,1,,,,,0.00022,0.00000,3.6,0.00004
4341,1,,,,,0.00022,0.00000,3.7,0.00005,1,,,,,0.00022,0.00000,3.6,0.00004
4342,1,,,,,0.00022,0.00000,3.6,0.00004,1,,,,,0.00022,0.00000,3.6,0.00004
4343,1,,,,,0.00022,0.00000,3.6,0.00004,1,,,,,0.00022,0.00000,3.7,0.00004
4344,1,,,,,0.00022,0.00001,3.7,0.00005,1,,,,,0.00022,0.00001,3.7,0.00004
4345,1,,,,,0.00022,0.00000,3.7,0.00004,1,,,,,0.00022,0.00000,3.8,0.00004
4346,1,,,,,0.00022,0.00000,3.6,0.00004,1,,,,,0.00022,0.00000,3.8,0.00004
4347,1,,,,,0.00022,0.00000,3.7,0.00004,1,,,,,0.00022,0.00001,3.8,0.00004
4348,1,,,,,0.00022,0.00000,3.6,0.00004,1,,,,,0.00022,0.00000,3.8,0.00004
4349,1,,,,,0.00022,0.00001,3.7,0.00004,1,,,,,0.00022,0.00001,3.8,0.00004
4350,1,,,,,0.00022,0.00000,3.6,0.00004,1,,,,,0.00022,0.00000,3.8,0.00005
4351,1,,,,,0.00022,0.00001,3.7,0.00004,1,,,,,0.00022,0.00000,3.6,0.00004
4352,1,,,,,0.00022,0.00001,3.6,0.00004,1,,,,,0.00022,0.00001,3.8,0.00004
4353,1,,,,,0.00022,0.00000,3.7,0.00004,1,,,,,0.00022,0.00001,3.7,0.00004
4354,1,,,,,0.00022,0.00000,3.6,0.00004,1,,,,,0.00022,0.00000,3.6,0.00004
4355,1,,,,,0.00022,0.00000,3.6,0.00004,1,,,,,0.00022,0.00000,3.7,0.00004
4356,1,,,,,0.00022,0.00000,3.7,0.00004,1,,,,,0.00022,0.00000,3.7,0.00004
4357,1,,,,,0.00022,0.00000,3.6,0.00005,1,,,,,0.00022,0.00000,3.6,0.00004
4358,1,,,,,0.00022,0.00000,3.6,0.00004,1,,,,,0.00022,0.00000,3.6,0.00004
4359,1,,,,,0.00022,0.00000,3.7,0.00004,1,,,,,0.00022,0.00000,3.7,0.00004
4360,1,,,,,0.00022,0.00000,3.7,0.00004,1,,,,,0.00022,0.00000,3.7,0.00004
4361,1,,,,,0.00022,0.00000,3.7,0.00005,1,,,,,0.00022,0.00000,3.7,0.00004
4362,1,,,,,0.00022,0.00000,3.7,0.00004,1,,,,,0.00022,0.00000,3.7,0.00004
4363,1,,,,,0.00022,0.00000,3.7,0.00005,1,,,,,0.00022,0.00001,3.6,0.00004
4364,1,,,,,0.00022,0.00001,3.6,0.00005,1,,,,,0.00022,0.00000,3.8,0.00004
4365,1,,,,,0.00022,0.00000,3.7,0.00005,1,,,,,0.00022,0.00000,3.7,0.00004
4366,1,,,,,0.00022,0.00000,3.6,0.00005,1,,,,,0.00022,0.00000,3.7,0.00004
4367,1,,,,,0.00022,0.00000,3.6,0.00004,1,,,,,0.00022,0.00000,3.7,0.00004
4368,1,,,,,0.00022,0.00001,3.7,0.00005,1,,,,,0.00022,0.00001,3.7,0.00004
4369,1,,,,,0.00022,0.00000,3.7,0.00005,1,,,,,0.00022,0.00000,3.6,0.00004
4370,1,,,,,0.00022,0.00000,3.5,0.00004,1,,,,,0.00022,0.00001,3.7,0.00004
4371,1,,,,,0.00022,0.00000,3.6,0.00004,1,,,,,0.00022,0.00000,3.6,0.00004
4372,1,,,,,0.00022,0.00000,3.4,0.00005,1,,,,,0.00022,0.00000,3.6,0.00004
4373,1,,,,,0.00022,0.00000,3.6,0.00004,1,,,,,0.00022,0.00001,3.7,0.00004
4374,1,,,,,0.00022,0.00000,3.6,0.00004,1,,,,,0.00022,0.00000,3.5,0.00004
4375,1,,,,,0.00022,0.00000,3.5,0.00004,1,,,,,0.00022,0.00001,3.5,0.00005
4376,1,,,,,0.00022,0.00000,3.5,0.00005,1,,,,,0.00022,0.00000,3.5,0.00004
4377,1,,,,,0.00022,0.00000,3.6,0.00004,1,,,,,0.00022,0.00000,3.6,0.00004
4378,1,,,,,0.00022,0.00000,3.6,0.00004,1,,,,,0.00022,0.00000,3.6,0.00004
4379,1,,,,,0.00022,0.00001,3.5,0.00004,1,,,,,0.00022,0.00001,3.6,0.00004
4380,1,,,,,0.00022,0.00000,3.6,0.00004,1,,,,,0.00022,0.00000,3.7,0.00004
4381,1,,,,,0.00022,0.00001,3.7,0.00005,1,,,,,0.00022,0.00000,3.7,0.00004
4382,1,,,,,0.00022,0.00000,3.7,0.00005,1,,,,,0.00022,0.00000,3.7,0.00004
4383,1,,,,,0.00022,0.00000,3.7,0.00005,1,,,,,0.00022,0.00000,3.7,0.00004
4384,1,,,,,0.00022,0.00001,3.8,0.00005,1,,,,,0.00022,0.00000,3.7,0.00004
4385,1,,,,,0.00022,0.00000,3.7,0.00005,1,,,,,0.00022,0.00000,3.7,0.00005
4386,1,,,,,0.00022,0.00000,3.8,0.00005,1,,,,,0.00022,0.00000,3.7,0.00005
4387,1,,,,,0.00022,0.00000,3.7,0.00005,1,,,,,0.00022,0.00001,3.6,0.00004
4388,1,,,,,0.00022,0.00000,3.7,0.00005,1,,,,,0.00022,0.00000,3.7,0.00004
4389,1,,,,,0.00022,0.00001,3.8,0.00005,1,,,,,0.00022,0.00000,3.7,0.00004
4390,1,,,,,0.00022,0.00000,3.8,0.00005,1,,,,,0.00022,0.00000,3.6,0.00004
4391,1,,,,,0.00022,0.00000,3.7,0.00004,1,,,,,0.00022,0.00000,3.6,0.00004
4392,1,,,,,0.00022,0.00000,3.8,0.00005,1,,,,,0.00022,0.00000,3.6,0.00004
4393,1,,,,,0.00022,0.00000,3.7,0.00005,1,,,,,0.00022,0.00000,3.6,0.00004
4394,1,,,,,0.00022,0.00000,3.7,0.00005,1,,,,,0.00022,0.00001,3.6,0.00005
4395,1,,,,,0.00022,0.00000,3.8,0.00005,1,,,,,0.00022,0.00000,3.6,0.00004
4396,1,,,,,0.00022,0.00000,3.7,0.00005,1,,,,,0.00022,0.00000,3.6,0.00004
4397,1,,,,,0.00022,0.00000,3.7,0.00004,1,,,,,0.00022,0.00000,3.6,0.00004
4398,1,,,,,0.00022,0.00000,3.7,0.00004,1,,,,,0.00022,0.00001,3.6,0.00004
4399,1,,,,,0.00022,0.00000,3.7,0.00004,1,,,,,0.00022,0.00000,3.6,0.00004
4400,1,,,,,0.00022,0.00000,3.7,0.00005,1,,,,,0.00022,0.00001,3.6,0.00004
4401,1,,,,,0.00022,0.00000,3.7,0.00005,1,,,,,0.00022,0.00000,3.6,0.00004
4402,1,,,,,0.00022,0.00000,3.7,0.00004,1,,,,,0.00022,0.00000,3.6,0.00004
4403,1,,,,,0.00022,0.00000,3.8,0.00005,1,,,,,0.00022,0.00000,3.7,0.00005
4404,1,,,,,0.00022,0.00000,3.7,0.00005,1,,,,,0.00022,0.00000,3.7,0.00005
4405,1,,,,,0.00022,0.00000,3.7,0.00005,1,,,,,0.00022,0.00000,3.6,0.00004
4406,1,,,,,0.00022,0.00001,3.8,0.00005,1,,,,,0.00022,0.00000,3.6,0.00004
4407,1,,,,,0.00022,0.00000,3.8,0.00005,1,,,,,0.00022,0.00000,3.7,0.00004
4408,1,,,,,0.00022,0.00000,3.8,0.00005,1,,,,,0.00022,0.00000,3.7,0.00004
4409,1,,,,,0.00022,0.00000,3.6,0.00004,1,,,,,0.00022,0.00000,3.7,0.00004
4410,1,,,,,0.00022,0.00000,3.6,0.00004,1,,,,,0.00022,0.00001,3.7,0.00004
4411,1,,,,,0.00022,0.00000,3.6,0.00004,1,,,,,0.00022,0.00000,3.6,0.00004
4412,1,,,,,0.00022,0.00001,3.6,0.00004,1,,,,,0.00022,0.00000,3.6,0.00004
4413,1,,,,,0.00022,0.00000,3.5,0.00004,1,,,,,0.00022,0.00000,3.6,0.00004
4414,1,,,,,0.00022,0.00000,3.7,0.00005,1,,,,,0.00022,0.00000,3.6,0.00004
4415,1,,,,,0.00022,0.00000,3.8,0.00005,1,,,,,0.00022,0.00000,3.6,0.00004
4416,1,,,,,0.00022,0.00001,3.7,0.00005,1,,,,,0.00022,0.00000,3.6,0.00004
4417,1,,,,,0.00022,0.00000,3.8,0.00005,1,,,,,0.00022,0.00000,3.6,0.00005
4418,1,,,,,0.00022,0.00000,3.8,0.00005,1,,,,,0.00022,0.00000,3.5,0.00004
4419,1,,,,,0.00022,0.00000,3.7,0.00004,1,,,,,0.00022,0.00000,3.6,0.00004
4420,1,,,,,0.00022,0.00000,3.8,0.00004,1,,,,,0.00022,0.00001,3.5,0.00004
4421,1,,,,,0.00022,0.00000,3.7,0.00004,1,,,,,0.00022,0.00000,3.6,0.00004
4422,1,,,,,0.00022,0.00000,3.7,0.00004,1,,,,,0.00022,0.00000,3.6,0.00004
4423,1,,,,,0.00022,0.00000,3.7,0.00004,1,,,,,0.00022,0.00000,3.6,0.00004
4424,1,,,,,0.00022,0.00000,3.7,0.00005,1,,,,,0.00022,0.00000,3.5,0.00004
4425,1,,,,,0.00022,0.00000,3.7,0.00004,1,,,,,0.00022,0.00000,3.6,0.00004
4426,1,,,,,0.00022,0.00000,3.7,0.00005,1,,,,,0.00022,0.00000,3.6,0.00004
4427,1,,,,,0.00022,0.00000,3.7,0.00005,1,,,,,0.00022,0.00001,3.7,0.00004
4428,1,,,,,0.00022,0.00000,3.6,0.00004,1,,,,,0.00022,0.00000,3.6,0.00004
4429,1,,,,,0.00023,0.00000,3.7,0.00005,1,,,,,0.00022,0.00000,3.6,0.00004
4430,1,,,,,0.00022,0.00000,3.8,0.00005,1,,,,,0.00022,0.00001,3.5,0.00004
4431,1,,,,,0.00022,0.00001,3.8,0.00005,1,,,,,0.00022,0.00000,3.6,0.00004
4432,1,,,,,0.00022,0.00000,3.7,0.00004,1,,,,,0.00022,0.00001,3.6,0.00004
4433,1,,,,,0.00022,0.00000,3.7,0.00005,1,,,,,0.00022,0.00001,3.6,0.00004
4434,1,,,,,0.00022,0.00001,3.7,0.00005,1,,,,,0.00022,0.00000,3.6,0.00004
4435,1,,,,,0.00022,0.00001,3.8,0.00005,1,,,,,0.00022,0.00000,3.6,0.00004
4436,1,,,,,0.00022,0.00000,3.7,0.00005,1,,,,,0.00022,0.00000,3.5,0.00003
4437,1,,,,,0.00022,0.00000,3.7,0.00004,1,,,,,0.00022,0.00000,3.6,0.00004
4438,1,,,,,0.00022,0.00000,3.7,0.00005,1,,,,,0.00022,0.00000,3.6,0.00004
4439,1,,,,,0.00022,0.00000,3.7,0.00005,1,,,,,0.00022,0.00000,3.6,0.00004
4440,1,,,,,0.00022,0.00000,3.7,0.00005,1,,,,,0.00022,0.00001,3.7,0.00004
4441,1,,,,,0.00022,0.00000,3.5,0.00004,1,,,,,0.00022,0.00000,3.6,0.00004
4442,1,,,,,0.00022,0.00000,3.4,0.00004,1,,,,,0.00022,0.00001,3.6,0.00004
4443,1,,,,,0.00022,0.00000,3.4,0.00004,1,,,,,0.00022,0.00001,3.7,0.00004
4444,1,,,,,0.00022,0.00000,3.4,0.00004,1,,,,,0.00022,0.00000,3.6,0.00004
4445,1,,,,,0.00022,0.00000,3.5,0.00004,1,,,,,0.00022,0.00000,3.7,0.00004
4446,1,,,,,0.00022,0.00000,3.4,0.00004,1,,,,,0.00022,0.00001,3.7,0.00004
4447,1,,,,,0.00022,0.00000,3.4,0.00004,1,,,,,0.00022,0.00000,3.8,0.00004
4448,1,,,,,0.00022,0.00000,3.4,0.00004,1,,,,,0.00022,0.00000,3.7,0.00004
4449,1,,,,,0.00022,0.00000,3.4,0.00004,1,,,,,0.00022,0.00000,3.7,0.00004
4450,1,,,,,0.00022,0.00000,3.4,0.00004,1,,,,,0.00022,0.00000,3.5,0.00004
4451,1,,,,,0.00022,0.00000,3.4,0.00004,1,,,,,0.00022,0.00000,3.5,0.00004
4452,1,,,,,0.00022,0.00000,3.4,0.00004,1,,,,,0.00022,0.00001,3.6,0.00004
4453,1,,,,,0.00022,0.00000,3.4,0.00004,1,,,,,0.00022,0.00000,3.6,0.00004
4454,1,,,,,0.00022,0.00000,3.4,0.00004,1,,,,,0.00022,0.00000,3.6,0.00004
4455,1,,,,,0.00022,0.00000,3.4,0.00004,1,,,,,0.00022,0.00000,3.7,0.00004
4456,1,,,,,0.00022,0.00001,3.4,0.00004,1,,,,,0.00022,0.00000,3.8,0.00004
4457,1,,,,,0.00022,0.00001,3.4,0.00004,1,,,,,0.00022,0.00000,3.8,0.00004
4458,1,,,,,0.00022,0.00000,3.5,0.00004,1,,,,,0.00022,0.00000,3.7,0.00004
4459,1,,,,,0.00022,0.00000,3.4,0.00004,1,,,,,0.00022,0.00000,3.8,0.00005
4460,1,,,,,0.00022,0.00000,3.4,0.00004,1,,,,,0.00022,0.00001,3.8,0.00004
4461,1,,,,,0.00022,0.00000,3.4,0.00004,1,,,,,0.00022,0.00000,3.8,0.00004
4462,1,,,,,0.00022,0.00001,3.4,0.00004,1,,,,,0.00022,0.00000,3.7,0.00004
4463,1,,,,,0.00022,0.00000,3.4,0.00004,1,,,,,0.00022,0.00000,3.7,0.00004
4464,1,,,,,0.00022,0.00001,3.7,0.00004,1,,,,,0.00022,0.00000,3.7,0.00004
4465,1,,,,,0.00022,0.00000,3.4,0.00004,1,,,,,0.00022,0.00000,3.7,0.00005
4466,1,,,,,0.00022,0.00000,3.6,0.00005,1,,,,,0.00022,0.00000,3.7,0.00005
4467,1,,,,,0.00022,0.00001,3.7,0.00004,1,,,,,0.00022,0.00000,3.7,0.00004
4468,1,,,,,0.00022,0.00000,3.8,0.00004,1,,,,,0.00022,0.00000,3.7,0.00005
4469,1,,,,,0.00022,0.00000,3.7,0.00004,1,,,,,0.00022,0.00000,3.7,0.00004
4470,1,,,,,0.00022,0.00000,3.7,0.00004,1,,,,,0.00022,0.00000,3.6,0.00004
4471,1,,,,,0.00022,0.00001,3.7,0.00004,1,,,,,0.00022,0.00001,3.7,0.00004
4472,1,,,,,0.00022,0.00000,3.7,0.00005,1,,,,,0.00022,0.00000,3.7,0.00004
4473,1,,,,,0.00022,0.00000,3.8,0.00005,1,,,,,0.00022,0.00001,3.7,0.00005
4474,1,,,,,0.00022,0.00000,3.8,0.00004,1,,,,,0.00022,0.00000,3.7,0.00004
4475,1,,,,,0.00022,0.00000,3.7,0.00004,1,,,,,0.00022,0.00000,3.7,0.00004
4476,1,,,,,0.00022,0.00000,3.7,0.00005,1,,,,,0.00022,0.00001,3.6,0.00004
4477,1,,,,,0.00022,0.00000,3.7,0.00004,1,,,,,0.00022,0.00000,3.6,0.00004
4478,1,,,,,0.00022,0.00001,3.7,0.00004,1,,,,,0.00022,0.00000,3.7,0.00004
4479,1,,,,,0.00022,0.00000,3.7,0.00005,1,,,,,0.00022,0.00000,3.7,0.00004
4480,1,,,,,0.00022,0.00000,3.7,0.00004,1,,,,,0.00022,0.00000,3.7,0.00004
4481,1,,,,,0.00022,0.00001,3.8,0.00005,1,,,,,0.00022,0.00000,3.7,0.00004
4482,1,,,,,0.00022,0.00000,3.8,0.00004,1,,,,,0.00022,0.00000,3.6,0.00004
4483,1,,,,,0.00022,0.00000,3.7,0.00004,1,,,,,0.00022,0.00000,3.7,0.00004
4484,1,,,,,0.00022,0.00000,3.6,0.00004,1,,,,,0.00022,0.00000,3.7,0.00004
4485,1,,,,,0.00022,0.00001,3.5,0.00004,1,,,,,0.00022,0.00001,3.7,0.00004
4486,1,,,,,0.00022,0.00000,3.5,0.00004,1,,,,,0.00022,0.00000,3.7,0.00005
4487,1,,,,,0.00022,0.00000,3.5,0.00004,1,,,,,0.00022,0.00001,3.8,0.00004
4488,1,,,,,0.00022,0.00000,3.6,0.00004,1,,,,,0.00022,0.00000,3.8,0.00005
4489,1,,,,,0.00022,0.00000,3.5,0.00004,1,,,,,0.00022,0.00000,3.7,0.00004
4490,1,,,,,0.00022,0.00000,3.6,0.00004,1,,,,,0.00022,0.00001,3.7,0.00004
4491,1,,,,,0.00022,0.00000,3.6,0.00004,1,,,,,0.00022,0.00000,3.6,0.00004
4492,1,,,,,0.00022,0.00000,3.6,0.00004,1,,,,,0.00022,0.00001,3.6,0.00005
4493,1,,,,,0.00022,0.00001,3.5,0.00004,1,,,,,0.00022,0.00001,3.5,0.00004
4494,1,,,,,0.00022,0.00000,3.6,0.00004,1,,,,,0.00022,0.00000,3.6,0.00004
4495,1,,,,,0.00022,0.00000,3.5,0.00004,1,,,,,0.00022,0.00001,3.6,0.00004
4496,1,,,,,0.00022,0.00000,3.6,0.00004,1,,,,,0.00022,0.00001,3.6,0.00004
4497,1,,,,,0.00022,0.00000,3.6,0.00004,1,,,,,0.00022,0.00000,3.6,0.00004
4498,1,,,,,0.00022,0.00000,3.6,0.00004,1,,,,,0.00022,0.00000,3.6,0.00004
4499,1,,,,,0.00022,0.00001,3.6,0.00004,1,,,,,0.00022,0.00000,3.6,0.00004
4500,1,,,,,0.00022,0.00000,3.6,0.00004,1,,,,,0.00022,0.00001,3.6,0.00004
4501,1,,,,,0.00022,0.00000,3.6,0.00004,1,,,,,0.00022,0.00001,3.6,0.00004
4502,1,,,,,0.00022,0.00001,3.7,0.00004,1,,,,,0.00022,0.00001,3.8,0.00004
4503,1,,,,,0.00022,0.00000,3.7,0.00004,1,,,,,0.00022,0.00000,3.6,0.00004
4504,1,,,,,0.00022,0.00001,3.7,0.00005,1,,,,,0.00022,0.00000,3.6,0.00004
4505,1,,,,,0.00022,0.00000,3.8,0.00005,1,,,,,0.00022,0.00001,3.7,0.00004
4506,1,,,,,0.00022,0.00000,3.8,0.00004,1,,,,,0.00022,0.00001,3.7,0.00004
4507,1,,,,,0.00022,0.00000,3.8,0.00004,1,,,,,0.00022,0.00000,3.5,0.00004
4508,1,,,,,0.00022,0.00000,3.8,0.00005,1,,,,,0.00022,0.00000,3.6,0.00004
4509,1,,,,,0.00022,0.00000,3.7,0.00004,1,,,,,0.00022,0.00000,3.6,0.00004
4510,1,,,,,0.00022,0.00000,3.7,0.00004,1,,,,,0.00022,0.00000,3.6,0.00004
4511,1,,,,,0.00022,0.00000,3.7,0.00005,1,,,,,0.00022,0.00000,3.6,0.00004
4512,1,,,,,0.00022,0.00000,3.7,0.00004,1,,,,,0.00022,0.00000,3.6,0.00004
4513,1,,,,,0.00022,0.00000,3.7,0.00005,1,,,,,0.00022,0.00000,3.6,0.00004
4514,1,,,,,0.00022,0.00001,3.7,0.00004,1,,,,,0.00022,0.00000,3.7,0.00004
4515,1,,,,,0.00022,0.00000,3.7,0.00004,1,,,,,0.00022,0.00000,3.7,0.00004
4516,1,,,,,0.00022,0.00000,3.7,0.00004,1,,,,,0.00022,0.00001,3.7,0.00004
4517,1,,,,,0.00022,0.00000,3.7,0.00004,1,,,,,0.00022,0.00000,3.7,0.00004
4518,1,,,,,0.00022,0.00001,3.7,0.00004,1,,,,,0.00022,0.00000,3.8,0.00004
4519,1,,,,,0.00022,0.00001,3.7,0.00004,1,,,,,0.00022,0.00000,3.7,0.00004
4520,1,,,,,0.00022,0.00000,3.7,0.00004,1,,,,,0.00022,0.00000,3.7,0.00004
4521,1,,,,,0.00022,0.00000,3.8,0.00004,1,,,,,0.00022,0.00000,3.7,0.00004
4522,1,,,,,0.00022,0.00000,3.5,0.00004,1,,,,,0.00022,0.00000,3.7,0.00004
4523,1,,,,,0.00022,0.00000,3.5,0.00004,1,,,,,0.00022,0.00000,3.7,0.00004
4524,1,,,,,0.00022,0.00000,3.5,0.00004,1,,,,,0.00022,0.00000,3.7,0.00004
4525,1,,,,,0.00022,0.00000,3.8,0.00005,1,,,,,0.00022,0.00000,3.6,0.00004
4526,1,,,,,0.00022,0.00001,3.5,0.00004,1,,,,,0.00022,0.00000,3.7,0.00004
4527,1,,,,,0.00022,0.00000,3.4,0.00004,1,,,,,0.00022,0.00000,3.7,0.00004
4528,1,,,,,0.00022,0.00000,3.4,0.00004,1,,,,,0.00022,0.00000,3.6,0.00004
4529,1,,,,,0.00022,0.00000,3.5,0.00004,1,,,,,0.00022,0.00001,3.6,0.00004
4530,1,,,,,0.00022,0.00000,3.5,0.00004,1,,,,,0.00022,0.00001,3.6,0.00004
4531,1,,,,,0.00022,0.00000,3.4,0.00004,1,,,,,0.00022,0.00000,3.7,0.00004
4532,1,,,,,0.00022,0.00000,3.5,0.00005,1,,,,,0.00022,0.00000,3.7,0.00004
4533,1,,,,,0.00022,0.00001,3.5,0.00004,1,,,,,0.00022,0.00000,3.8,0.00004
4534,1,,,,,0.00022,0.00000,3.5,0.00004,1,,,,,0.00022,0.00000,3.8,0.00004
4535,1,,,,,0.00022,0.00000,3.5,0.00004,1,,,,,0.00022,0.00000,3.7,0.00004
4536,1,,,,,0.00022,0.00000,3.5,0.00004,1,,,,,0.00022,0.00001,3.7,0.00004
4537,1,,,,,0.00022,0.00000,3.5,0.00004,1,,,,,0.00022,0.00000,3.7,0.00004
4538,1,,,,,0.00022,0.00000,3.5,0.00004,1,,,,,0.00022,0.00000,3.7,0.00004
4539,1,,,,,0.00022,0.00000,3.5,0.00004,1,,,,,0.00022,0.00001,3.7,0.00004
4540,1,,,,,0.00022,0.00000,3.5,0.00004,1,,,,,0.00022,0.00001,3.7,0.00004
4541,1,,,,,0.00022,0.00000,3.5,0.00004,1,,,,,0.00022,0.00000,3.6,0.00004
4542,1,,,,,0.00022,0.00000,3.5,0.00004,1,,,,,0.00022,0.00001,3.6,0.00004
4543,1,,,,,0.00022,0.00000,3.5,0.00004,1,,,,,0.00022,0.00001,3.7,0.00004
4544,1,,,,,0.00022,0.00001,3.5,0.00004,1,,,,,0.00022,0.00000,3.6,0.00004
4545,1,,,,,0.00022,0.00000,3.5,0.00004,1,,,,,0.00022,0.00000,3.7,0.00004
4546,1,,,,,0.00022,0.00000,3.5,0.00004,1,,,,,0.00022,0.00000,3.6,0.00004
4547,1,,,,,0.00022,0.00000,3.7,0.00004,1,,,,,0.00022,0.00000,3.6,0.00004
4548,1,,,,,0.00022,0.00000,3.8,0.00004,1,,,,,0.00022,0.00000,3.7,0.00004
4549,1,,,,,0.00022,0.00001,3.7,0.00004,1,,,,,0.00022,0.00000,3.7,0.00004
4550,1,,,,,0.00022,0.00001,3.7,0.00004,1,,,,,0.00022,0.00001,3.7,0.00004
4551,1,,,,,0.00022,0.00000,3.8,0.00004,1,,,,,0.00022,0.00000,3.7,0.00005
4552,1,,,,,0.00022,0.00000,3.8,0.00004,1,,,,,0.00022,0.00001,3.7,0.00004
4553,1,,,,,0.00022,0.00001,3.7,0.00004,1,,,,,0.00022,0.00000,3.8,0.00005
4554,1,,,,,0.00022,0.00000,3.8,0.00004,1,,,,,0.00022,0.00000,3.7,0.00004
4555,1,,,,,0.00022,0.00001,3.8,0.00004,1,,,,,0.00022,0.00000,3.6,0.00004
4556,1,,,,,0.00022,0.00001,3.8,0.00004,1,,,,,0.00022,0.00000,3.7,0.00004
4557,1,,,,,0.00022,0.00001,3.8,0.00004,1,,,,,0.00022,0.00001,3.6,0.00004
4558,1,,,,,0.00022,0.00000,3.8,0.00004,1,,,,,0.00022,0.00000,3.6,0.00004
4559,1,,,,,0.00022,0.00000,3.7,0.00004,1,,,,,0.00022,0.00000,3.7,0.00004
4560,1,,,,,0.00022,0.00001,3.8,0.00004,1,,,,,0.00022,0.00000,3.6,0.00005
4561,1,,,,,0.00022,0.00000,3.6,0.00004,1,,,,,0.00022,0.00000,3.6,0.00004
4562,1,,,,,0.00022,0.00000,3.7,0.00004,1,,,,,0.00022,0.00000,3.7,0.00004
4563,1,,,,,0.00022,0.00001,3.6,0.00004,1,,,,,0.00022,0.00000,3.7,0.00004
4564,1,,,,,0.00022,0.00000,3.7,0.00004,1,,,,,0.00022,0.00001,3.6,0.00004
4565,1,,,,,0.00022,0.00000,3.6,0.00004,1,,,,,0.00022,0.00000,3.7,0.00004
4566,1,,,,,0.00022,0.00000,3.6,0.00004,1,,,,,0.00022,0.00000,3.7,0.00004
4567,1,,,,,0.00022,0.00001,3.7,0.00004,1,,,,,0.00022,0.00000,3.7,0.00004
4568,1,,,,,0.00022,0.00000,3.7,0.00004,1,,,,,0.00022,0.00000,3.7,0.00004
4569,1,,,,,0.00022,0.00000,3.8,0.00004,1,,,,,0.00022,0.00000,3.7,0.00004
4570,1,,,,,0.00022,0.00000,3.7,0.00004,1,,,,,0.00022,0.00000,3.7,0.00004
4571,1,,,,,0.00022,0.00001,3.7,0.00004,1,,,,,0.00022,0.00000,3.7,0.00004
4572,1,,,,,0.00022,0.00000,3.7,0.00004,1,,,,,0.00022,0.00001,3.6,0.00004
4573,1,,,,,0.00022,0.00000,3.7,0.00004,1,,,,,0.00022,0.00000,3.6,0.00004
4574,1,,,,,0.00022,0.00000,3.8,0.00004,1,,,,,0.00022,0.00000,3.7,0.00004
4575,1,,,,,0.00022,0.00001,3.7,0.00005,1,,,,,0.00022,0.00000,3.7,0.00004
4576,1,,,,,0.00022,0.00000,3.7,0.00005,1,,,,,0.00022,0.00000,3.7,0.00004
4577,1,,,,,0.00022,0.00001,3.7,0.00004,1,,,,,0.00022,0.00000,3.7,0.00004
4578,1,,,,,0.00022,0.00000,3.8,0.00004,1,,,,,0.00022,0.00000,3.7,0.00004
4579,1,,,,,0.00022,0.00000,3.7,0.00004,1,,,,,0.00022,0.00000,3.7,0.00005
4580,1,,,,,0.00022,0.00000,3.8,0.00004,1,,,,,0.00022,0.00000,3.7,0.00005
4581,1,,,,,0.00022,0.00000,3.8,0.00004,1,,,,,0.00022,0.00000,3.7,0.00004
4582,1,,,,,0.00022,0.00001,3.8,0.00004,1,,,,,0.00022,0.00000,3.7,0.00004
4583,1,,,,,0.00022,0.00000,3.7,0.00005,1,,,,,0.00022,0.00000,3.7,0.00005
4584,1,,,,,0.00022,0.00000,3.8,0.00004,1,,,,,0.00022,0.00001,3.7,0.00004
4585,1,,,,,0.00022,0.00000,3.7,0.00005,1,,,,,0.00022,0.00000,3.7,0.00004
4586,1,,,,,0.00022,0.00000,3.7,0.00004,1,,,,,0.00022,0.00000,3.6,0.00005
4587,1,,,,,0.00022,0.00001,3.7,0.00005,1,,,,,0.00022,0.00000,3.7,0.00004
4588,1,,,,,0.00022,0.00000,3.7,0.00004,1,,,,,0.00022,0.00001,3.6,0.00004
4589,1,,,,,0.00022,0.00000,3.5,0.00004,1,,,,,0.00022,0.00000,3.6,0.00004
4590,1,,,,,0.00022,0.00000,3.5,0.00004,1,,,,,0.00022,0.00000,3.7,0.00004
4591,1,,,,,0.00022,0.00000,3.5,0.00004,1,,,,,0.00022,0.00000,3.7,0.00004
4592,1,,,,,0.00022,0.00001,3.5,0.00004,1,,,,,0.00022,0.00000,3.8,0.00004
4593,1,,,,,0.00022,0.00001,3.4,0.00004,1,,,,,0.00022,0.00000,3.7,0.00004
4594,1,,,,,0.00022,0.00000,3.5,0.00004,1,,,,,0.00022,0.00000,3.7,0.00004
4595,1,,,,,0.00022,0.00001,3.5,0.00004,1,,,,,0.00022,0.00000,3.6,0.00004
4596,1,,,,,0.00022,0.00000,3.5,0.00004,1,,,,,0.00022,0.00000,3.8,0.00005
4597,1,,,,,0.00022,0.00000,3.5,0.00004,1,,,,,0.00022,0.00001,3.5,0.00004
4598,1,,,,,0.00022,0.00000,3.5,0.00004,1,,,,,0.00022,0.00000,3.5,0.00004
4599,1,,,,,0.00022,0.00000,3.4,0.00004,1,,,,,0.00022,0.00000,3.5,0.00004
4600,1,,,,,0.00022,0.00000,3.4,0.00004,1,,,,,0.00022,0.00000,3.6,0.00004
4601,1,,,,,0.00022,0.00000,3.5,0.00004,1,,,,,0.00022,0.00000,3.6,0.00004
4602,1,,,,,0.00022,0.00000,3.5,0.00004,1,,,,,0.00022,0.00000,3.6,0.00004
4603,1,,,,,0.00022,0.00000,3.5,0.00004,1,,,,,0.00022,0.00000,3.6,0.00004
4604,1,,,,,0.00022,0.00000,3.5,0.00004,1,,,,,0.00022,0.00000,3.6,0.00004
4605,1,,,,,0.00022,0.00000,3.5,0.00004,1,,,,,0.00022,0.00001,3.6,0.00004
4606,1,,,,,0.00022,0.00000,3.5,0.00004,1,,,,,0.00022,0.00000,3.7,0.00004
4607,1,,,,,0.00022,0.00000,3.5,0.00004,1,,,,,0.00022,0.00000,3.6,0.00004
4608,1,,,,,0.00022,0.00000,3.5,0.00004,1,,,,,0.00022,0.00000,3.7,0.00004
4609,1,,,,,0.00022,0.00000,3.5,0.00004,1,,,,,0.00022,0.00000,3.6,0.00004
4610,1,,,,,0.00022,0.00000,3.4,0.00004,1,,,,,0.00022,0.00000,3.7,0.00004
4611,1,,,,,0.00022,0.00001,3.5,0.00004,1,,,,,0.00022,0.00000,3.7,0.00004
4612,1,,,,,0.00022,0.00000,3.5,0.00004,1,,,,,0.00022,0.00000,3.6,0.00004
4613,1,,,,,0.00022,0.00000,3.5,0.00004,1,,,,,0.00022,0.00000,3.6,0.00004
4614,1,,,,,0.00022,0.00000,3.6,0.00004,1,,,,,0.00022,0.00000,3.8,0.00004
4615,1,,,,,0.00022,0.00000,3.5,0.00004,1,,,,,0.00022,0.00000,3.8,0.00004
4616,1,,,,,0.00022,0.00000,3.7,0.00004,1,,,,,0.00022,0.00000,3.7,0.00004
4617,1,,,,,0.00022,0.00000,3.8,0.00004,1,,,,,0.00022,0.00001,3.7,0.00004
4618,1,,,,,0.00022,0.00000,3.8,0.00004,1,,,,,0.00022,0.00000,3.8,0.00004
4619,1,,,,,0.00022,0.00001,3.7,0.00004,1,,,,,0.00022,0.00000,3.8,0.00004
4620,1,,,,,0.00022,0.00000,3.7,0.00004,1,,,,,0.00022,0.00000,3.7,0.00005
4621,1,,,,,0.00022,0.00001,3.7,0.00004,1,,,,,0.00022,0.00000,3.7,0.00004
4622,1,,,,,0.00022,0.00000,3.7,0.00005,1,,,,,0.00022,0.00000,3.7,0.00004
4623,1,,,,,0.00022,0.00000,3.7,0.00004,1,,,,,0.00022,0.00000,3.7,0.00004
4624,1,,,,,0.00022,0.00000,3.7,0.00004,1,,,,,0.00022,0.00001,3.6,0.00004
4625,1,,,,,0.00022,0.00000,3.7,0.00004,1,,,,,0.00022,0.00000,3.7,0.00004
4626,1,,,,,0.00022,0.00000,3.7,0.00004,1,,,,,0.00022,0.00000,3.7,0.00004
4627,1,,,,,0.00022,0.00001,3.7,0.00004,1,,,,,0.00022,0.00000,3.7,0.00004
4628,1,,,,,0.00022,0.00000,3.7,0.00004,1,,,,,0.00022,0.00000,3.7,0.00005
4629,1,,,,,0.00022,0.00000,3.7,0.00004,1,,,,,0.00022,0.00000,3.7,0.00005
4630,1,,,,,0.00022,0.00001,3.7,0.00005,1,,,,,0.00022,0.00000,3.7,0.00005
4631,1,,,,,0.00022,0.00001,3.7,0.00005,1,,,,,0.00022,0.00000,3.7,0.00005
4632,1,,,,,0.00022,0.00000,3.7,0.00005,1,,,,,0.00022,0.00000,3.7,0.00004
4633,1,,,,,0.00022,0.00000,3.7,0.00005,1,,,,,0.00022,0.00000,3.7,0.00004
4634,1,,,,,0.00022,0.00001,3.6,0.00004,1,,,,,0.00022,0.00000,3.7,0.00004
4635,1,,,,,0.00022,0.00000,3.6,0.00004,1,,,,,0.00022,0.00000,3.7,0.00004
4636,1,,,,,0.00022,0.00000,3.6,0.00004,1,,,,,0.00022,0.00000,3.7,0.00005
4637,1,,,,,0.00022,0.00000,3.6,0.00004,1,,,,,0.00022,0.00000,3.6,0.00004
4638,1,,,,,0.00022,0.00000,3.7,0.00004,1,,,,,0.00022,0.00000,3.7,0.00004
4639,1,,,,,0.00022,0.00001,3.7,0.00004,1,,,,,0.00022,0.00000,3.7,0.00004
4640,1,,,,,0.00022,0.00001,3.7,0.00004,1,,,,,0.00022,0.00001,3.8,0.00004
4641,1,,,,,0.00022,0.00000,3.8,0.00005,1,,,,,0.00022,0.00000,3.6,0.00004
4642,1,,,,,0.00022,0.00000,3.7,0.00004,1,,,,,0.00022,0.00000,3.7,0.00004
4643,1,,,,,0.00022,0.00001,3.7,0.00004,1,,,,,0.00022,0.00000,3.7,0.00005
4644,1,,,,,0.00022,0.00000,3.7,0.00004,1,,,,,0.00022,0.00001,3.7,0.00004
4645,1,,,,,0.00022,0.00001,3.7,0.00004,1,,,,,0.00022,0.00000,3.7,0.00004
4646,1,,,,,0.00022,0.00000,3.7,0.00004,1,,,,,0.00022,0.00001,3.7,0.00005
4647,1,,,,,0.00022,0.00000,3.7,0.00005,1,,,,,0.00022,0.00000,3.7,0.00004
4648,1,,,,,0.00022,0.00000,3.6,0.00004,1,,,,,0.00022,0.00000,3.7,0.00004
4649,1,,,,,0.00022,0.00001,3.6,0.00005,1,,,,,0.00022,0.00000,3.7,0.00004
4650,1,,,,,0.00022,0.00000,3.7,0.00005,1,,,,,0.00022,0.00001,3.7,0.00004
4651,1,,,,,0.00022,0.00000,3.7,0.00004,1,,,,,0.00022,0.00000,3.6,0.00004
4652,1,,,,,0.00022,0.00001,3.7,0.00005,1,,,,,0.00022,0.00000,3.6,0.00004
4653,1,,,,,0.00022,0.00000,3.7,0.00004,1,,,,,0.00022,0.00001,3.6,0.00004
4654,1,,,,,0.00022,0.00000,3.7,0.00004,1,,,,,0.00022,0.00000,3.7,0.00004
4655,1,,,,,0.00022,0.00001,3.7,0.00005,1,,,,,0.00022,0.00000,3.6,0.00004
4656,1,,,,,0.00022,0.00000,3.7,0.00004,1,,,,,0.00022,0.00000,3.6,0.00004
4657,1,,,,,0.00022,0.00000,3.7,0.00005,1,,,,,0.00022,0.00001,3.6,0.00004
4658,1,,,,,0.00022,0.00000,3.6,0.00004,1,,,,,0.00022,0.00000,3.6,0.00004
4659,1,,,,,0.00022,0.00001,3.6,0.00004,1,,,,,0.00022,0.00000,3.6,0.00004
4660,1,,,,,0.00022,0.00000,3.6,0.00004,1,,,,,0.00022,0.00001,3.6,0.00004
4661,1,,,,,0.00022,0.00000,3.7,0.00004,1,,,,,0.00022,0.00000,3.6,0.00004
4662,1,,,,,0.00022,0.00000,3.7,0.00004,1,,,,,0.00022,0.00000,3.6,0.00004
4663,1,,,,,0.00022,0.00001,3.7,0.00004,1,,,,,0.00022,0.00001,3.6,0.00004
4664,1,,,,,0.00022,0.00000,3.7,0.00004,1,,,,,0.00022,0.00000,3.7,0.00004
4665,1,,,,,0.00022,0.00000,3.7,0.00004,1,,,,,0.00022,0.00000,3.7,0.00004
4666,1,,,,,0.00022,0.00000,3.7,0.00004,1,,,,,0.00022,0.00000,3.7,0.00004
4667,1,,,,,0.00022,0.00000,3.7,0.00004,1,,,,,0.00022,0.00001,3.7,0.00004
4668,1,,,,,0.00022,0.00000,3.7,0.00004,1,,,,,0.00022,0.00001,3.7,0.00005
4669,1,,,,,0.00022,0.00001,3.8,0.00004,1,,,,,0.00022,0.00000,3.6,0.00004
4670,1,,,,,0.00022,0.00000,3.7,0.00005,1,,,,,0.00022,0.00001,3.6,0.00004
4671,1,,,,,0.00022,0.00001,3.7,0.00005,1,,,,,0.00022,0.00000,3.7,0.00005
4672,1,,,,,0.00022,0.00000,3.8,0.00005,1,,,,,0.00022,0.00000,3.6,0.00004
4673,1,,,,,0.00022,0.00001,3.8,0.00005,1,,,,,0.00022,0.00000,3.7,0.00004
4674,1,,,,,0.00022,0.00000,3.6,0.00004,1,,,,,0.00022,0.00000,3.7,0.00005
4675,1,,,,,0.00022,0.00000,3.5,0.00004,1,,,,,0.00022,0.00000,3.5,0.00004
4676,1,,,,,0.00022,0.00000,3.5,0.00004,1,,,,,0.00022,0.00000,3.6,0.00004
4677,1,,,,,0.00022,0.00000,3.6,0.00004,1,,,,,0.00022,0.00000,3.6,0.00004
4678,1,,,,,0.00022,0.00000,3.6,0.00004,1,,,,,0.00022,0.00001,3.7,0.00004
4679,1,,,,,0.00022,0.00000,3.6,0.00004,1,,,,,0.00022,0.00000,3.6,0.00004
4680,1,,,,,0.00022,0.00000,3.6,0.00004,1,,,,,0.00022,0.00000,3.6,0.00004
4681,1,,,,,0.00022,0.00000,3.7,0.00004,1,,,,,0.00022,0.00000,3.6,0.00004
4682,1,,,,,0.00022,0.00001,3.7,0.00004,1,,,,,0.00022,0.00000,3.7,0.00004
4683,1,,,,,0.00022,0.00000,3.7,0.00004,1,,,,,0.00022,0.00000,3.7,0.00004
4684,1,,,,,0.00022,0.00000,3.7,0.00004,1,,,,,0.00022,0.00000,3.6,0.00004
4685,1,,,,,0.00022,0.00000,3.8,0.00004,1,,,,,0.00022,0.00000,3.6,0.00004
4686,1,,,,,0.00022,0.00000,3.7,0.00004,1,,,,,0.00022,0.00000,3.6,0.00004
4687,1,,,,,0.00022,0.00000,3.7,0.00004,1,,,,,0.00022,0.00000,3.6,0.00004
4688,1,,,,,0.00022,0.00000,3.8,0.00005,1,,,,,0.00022,0.00000,3.6,0.00004
4689,1,,,,,0.00022,0.00000,3.7,0.00004,1,,,,,0.00022,0.00000,3.7,0.00005
4690,1,,,,,0.00022,0.00000,3.8,0.00005,1,,,,,0.00022,0.00000,3.7,0.00004
4691,1,,,,,0.00022,0.00000,3.7,0.00004,1,,,,,0.00022,0.00000,3.7,0.00004
4692,1,,,,,0.00022,0.00000,3.7,0.00004,1,,,,,0.00022,0.00000,3.7,0.00004
4693,1,,,,,0.00022,0.00000,3.7,0.00004,1,,,,,0.00022,0.00000,3.7,0.00005
4694,1,,,,,0.00022,0.00000,3.7,0.00004,1,,,,,0.00022,0.00000,3.7,0.00004
4695,1,,,,,0.00022,0.00000,3.8,0.00004,1,,,,,0.00022,0.00000,3.7,0.00004
4696,1,,,,,0.00022,0.00001,3.7,0.00004,1,,,,,0.00022,0.00000,3.6,0.00004
4697,1,,,,,0.00022,0.00000,3.7,0.00004,1,,,,,0.00022,0.00001,3.6,0.00004
4698,1,,,,,0.00022,0.00001,3.7,0.00004,1,,,,,0.00022,0.00000,3.6,0.00004
4699,1,,,,,0.00022,0.00000,3.7,0.00004,1,,,,,0.00022,0.00001,3.6,0.00004
4700,1,,,,,0.00022,0.00000,3.7,0.00004,1,,,,,0.00022,0.00000,3.7,0.00004
4701,1,,,,,0.00022,0.00000,3.7,0.00005,1,,,,,0.00022,0.00000,3.6,0.00004
4702,1,,,,,0.00022,0.00001,3.7,0.00004,1,,,,,0.00022,0.00001,3.7,0.00004
4703,1,,,,,0.00022,0.00000,3.7,0.00004,1,,,,,0.00022,0.00001,3.7,0.00004
4704,1,,,,,0.00022,0.00000,3.6,0.00004,1,,,,,0.00022,0.00000,3.7,0.00005
4705,1,,,,,0.00022,0.00000,3.7,0.00005,1,,,,,0.00022,0.00000,3.6,0.00004
4706,1,,,,,0.00022,0.00000,3.7,0.00004,1,,,,,0.00022,0.00000,3.6,0.00004
4707,1,,,,,0.00022,0.00000,3.7,0.00004,1,,,,,0.00022,0.00000,3.7,0.00005
4708,1,,,,,0.00022,0.00001,3.7,0.00004,1,,,,,0.00022,0.00000,3.7,0.00004
4709,1,,,,,0.00022,0.00000,3.7,0.00004,1,,,,,0.00022,0.00000,3.7,0.00004
4710,1,,,,,0.00022,0.00000,3.6,0.00004,1,,,,,0.00022,0.00000,3.8,0.00004
4711,1,,,,,0.00022,0.00000,3.6,0.00004,1,,,,,0.00022,0.00000,3.7,0.00004
4712,1,,,,,0.00022,0.00000,3.6,0.00004,1,,,,,0.00022,0.00000,3.7,0.00004
4713,1,,,,,0.00022,0.00000,3.8,0.00004,1,,,,,0.00022,0.00000,3.6,0.00004
4714,1,,,,,0.00022,0.00000,3.8,0.00005,1,,,,,0.00022,0.00000,3.7,0.00004
4715,1,,,,,0.00022,0.00000,3.8,0.00004,1,,,,,0.00022,0.00000,3.6,0.00004
4716,1,,,,,0.00022,0.00000,3.7,0.00004,1,,,,,0.00022,0.00000,3.7,0.00005
4717,1,,,,,0.00022,0.00000,3.6,0.00004,1,,,,,0.00022,0.00001,3.6,0.00004
4718,1,,,,,0.00022,0.00000,3.7,0.00005,1,,,,,0.00022,0.00000,3.7,0.00004
4719,1,,,,,0.00022,0.00001,3.8,0.00005,1,,,,,0.00022,0.00000,3.8,0.00004
4720,1,,,,,0.00022,0.00000,3.7,0.00004,1,,,,,0.00022,0.00000,3.7,0.00004
4721,1,,,,,0.00022,0.00001,3.8,0.00004,1,,,,,0.00022,0.00000,3.6,0.00004
4722,1,,,,,0.00022,0.00000,3.7,0.00004,1,,,,,0.00022,0.00000,3.6,0.00004
4723,1,,,,,0.00022,0.00000,3.8,0.00005,1,,,,,0.00022,0.00000,3.6,0.00004
4724,1,,,,,0.00022,0.00000,3.7,0.00004,1,,,,,0.00022,0.00000,3.6,0.00004
4725,1,,,,,0.00022,0.00000,3.6,0.00004,1,,,,,0.00022,0.00000,3.7,0.00004
4726,1,,,,,0.00022,0.00000,3.6,0.00005,1,,,,,0.00022,0.00000,3.7,0.00004
4727,1,,,,,0.00022,0.00001,3.6,0.00004,1,,,,,0.00022,0.00000,3.6,0.00004
4728,1,,,,,0.00022,0.00001,3.6,0.00005,1,,,,,0.00022,0.00000,3.7,0.00004
4729,1,,,,,0.00022,0.00001,3.6,0.00004,1,,,,,0.00022,0.00000,3.6,0.00004
4730,1,,,,,0.00022,0.00000,3.6,0.00004,1,,,,,0.00022,0.00000,3.6,0.00004
4731,1,,,,,0.00022,0.00001,3.6,0.00004,1,,,,,0.00022,0.00000,3.7,0.00004
4732,1,,,,,0.00022,0.00000,3.6,0.00004,1,,,,,0.00022,0.00000,3.6,0.00004
4733,1,,,,,0.00022,0.00000,3.6,0.00004,1,,,,,0.00022,0.00000,3.6,0.00004
4734,1,,,,,0.00022,0.00000,3.6,0.00004,1,,,,,0.00022,0.00000,3.6,0.00004
4735,1,,,,,0.00022,0.00000,3.6,0.00005,1,,,,,0.00022,0.00000,3.6,0.00004
4736,1,,,,,0.00022,0.00001,3.7,0.00005,1,,,,,0.00022,0.00000,3.6,0.00004
4737,1,,,,,0.00022,0.00000,3.7,0.00005,1,,,,,0.00022,0.00000,3.6,0.00004
4738,1,,,,,0.00022,0.00000,3.6,0.00004,1,,,,,0.00022,0.00001,3.6,0.00004
4739,1,,,,,0.00022,0.00001,3.7,0.00005,1,,,,,0.00022,0.00000,3.6,0.00004
4740,1,,,,,0.00022,0.00000,3.6,0.00005,1,,,,,0.00022,0.00001,3.7,0.00004
4741,1,,,,,0.00022,0.00001,3.7,0.00004,1,,,,,0.00022,0.00000,3.7,0.00004
4742,1,,,,,0.00022,0.00000,3.7,0.00004,1,,,,,0.00022,0.00000,3.8,0.00004
4743,1,,,,,0.00022,0.00000,3.5,0.00004,1,,,,,0.00022,0.00000,3.7,0.00004
4744,1,,,,,0.00022,0.00000,3.4,0.00004,1,,,,,0.00022,0.00000,3.8,0.00004
4745,1,,,,,0.00022,0.00001,3.4,0.00004,1,,,,,0.00022,0.00000,3.8,0.00004
4746,1,,,,,0.00022,0.00000,3.4,0.00004,1,,,,,0.00022,0.00000,3.8,0.00004
4747,1,,,,,0.00022,0.00000,3.4,0.00004,1,,,,,0.00022,0.00000,3.8,0.00005
4748,1,,,,,0.00022,0.00001,3.4,0.00004,1,,,,,0.00022,0.00001,3.8,0.00004
4749,1,,,,,0.00022,0.00000,3.4,0.00004,1,,,,,0.00022,0.00001,3.7,0.00004
4750,1,,,,,0.00022,0.00000,3.4,0.00004,1,,,,,0.00022,0.00001,3.6,0.00004
4751,1,,,,,0.00022,0.00000,3.4,0.00004,1,,,,,0.00022,0.00001,3.6,0.00004
4752,1,,,,,0.00022,0.00001,3.4,0.00004,1,,,,,0.00022,0.00000,3.6,0.00004
4753,1,,,,,0.00022,0.00000,3.4,0.00004,1,,,,,0.00022,0.00000,3.7,0.00004
4754,1,,,,,0.00022,0.00000,3.4,0.00004,1,,,,,0.00022,0.00000,3.6,0.00004
4755,1,,,,,0.00022,0.00000,3.4,0.00004,1,,,,,0.00022,0.00001,3.6,0.00004
4756,1,,,,,0.00022,0.00001,3.4,0.00004,1,,,,,0.00022,0.00001,3.7,0.00004
4757,1,,,,,0.00022,0.00000,3.4,0.00004,1,,,,,0.00022,0.00000,3.7,0.00004
4758,1,,,,,0.00022,0.00000,3.4,0.00004,1,,,,,0.00022,0.00000,3.7,0.00004
4759,1,,,,,0.00022,0.00000,3.4,0.00004,1,,,,,0.00022,0.00000,3.7,0.00004
4760,1,,,,,0.00022,0.00000,3.4,0.00004,1,,,,,0.00022,0.00000,3.7,0.00004
4761,1,,,,,0.00022,0.00000,3.5,0.00005,1,,,,,0.00022,0.00000,3.7,0.00004
4762,1,,,,,0.00022,0.00000,3.4,0.00004,1,,,,,0.00022,0.00000,3.6,0.00004
4763,1,,,,,0.00022,0.00000,3.4,0.00004,1,,,,,0.00022,0.00000,3.6,0.00004
4764,1,,,,,0.00022,0.00000,3.6,0.00004,1,,,,,0.00022,0.00000,3.7,0.00004
4765,1,,,,,0.00022,0.00001,3.6,0.00004,1,,,,,0.00022,0.00001,3.7,0.00004
4766,1,,,,,0.00022,0.00000,3.6,0.00004,1,,,,,0.00022,0.00000,3.7,0.00004
4767,1,,,,,0.00022,0.00000,3.6,0.00004,1,,,,,0.00022,0.00000,3.7,0.00004
4768,1,,,,,0.00022,0.00000,3.6,0.00004,1,,,,,0.00022,0.00000,3.7,0.00004
4769,1,,,,,0.00022,0.00000,3.6,0.00004,1,,,,,0.00022,0.00000,3.7,0.00004
4770,1,,,,,0.00022,0.00000,3.6,0.00005,1,,,,,0.00022,0.00000,3.7,0.00004
4771,1,,,,,0.00022,0.00000,3.6,0.00005,1,,,,,0.00022,0.00000,3.7,0.00005
4772,1,,,,,0.00022,0.00000,3.6,0.00005,1,,,,,0.00022,0.00000,3.7,0.00005
4773,1,,,,,0.00022,0.00000,3.6,0.00004,1,,,,,0.00022,0.00000,3.7,0.00004
4774,1,,,,,0.00022,0.00000,3.6,0.00005,1,,,,,0.00022,0.00000,3.8,0.00004
4775,1,,,,,0.00022,0.00000,3.6,0.00004,1,,,,,0.00022,0.00001,3.7,0.00004
4776,1,,,,,0.00022,0.00000,3.7,0.00004,1,,,,,0.00022,0.00000,3.7,0.00004
4777,1,,,,,0.00022,0.00000,3.6,0.00005,1,,,,,0.00022,0.00000,3.8,0.00004
4778,1,,,,,0.00022,0.00000,3.6,0.00004,1,,,,,0.00022,0.00000,3.8,0.00004
4779,1,,,,,0.00022,0.00001,3.6,0.00004,1,,,,,0.00022,0.00000,3.7,0.00004
4780,1,,,,,0.00022,0.00000,3.6,0.00004,1,,,,,0.00022,0.00000,3.7,0.00005
4781,1,,,,,0.00022,0.00000,3.6,0.00004,1,,,,,0.00022,0.00000,3.7,0.00005
4782,1,,,,,0.00022,0.00000,3.6,0.00004,1,,,,,0.00022,0.00001,3.8,0.00004
4783,1,,,,,0.00022,0.00000,3.6,0.00005,1,,,,,0.00022,0.00000,3.7,0.00004
4784,1,,,,,0.00022,0.00001,3.7,0.00005,1,,,,,0.00022,0.00000,3.7,0.00004
4785,1,,,,,0.00022,0.00000,3.6,0.00004,1,,,,,0.00022,0.00000,3.8,0.00004
4786,1,,,,,0.00022,0.00000,3.5,0.00004,1,,,,,0.00022,0.00000,3.8,0.00005
4787,1,,,,,0.00022,0.00000,3.5,0.00004,1,,,,,0.00022,0.00000,3.8,0.00005
4788,1,,,,,0.00022,0.00000,3.6,0.00004,1,,,,,0.00022,0.00000,3.8,0.00004
4789,1,,,,,0.00022,0.00000,3.6,0.00004,1,,,,,0.00022,0.00001,3.5,0.00004
4790,1,,,,,0.00022,0.00001,3.6,0.00004,1,,,,,0.00022,0.00001,3.5,0.00004
4791,1,,,,,0.00022,0.00000,3.5,0.00004,1,,,,,0.00022,0.00000,3.5,0.00004
4792,1,,,,,0.00022,0.00000,3.6,0.00004,1,,,,,0.00022,0.00000,3.5,0.00004
4793,1,,,,,0.00022,0.00000,3.6,0.00004,1,,,,,0.00022,0.00000,3.7,0.00004
4794,1,,,,,0.00022,0.00000,3.7,0.00004,1,,,,,0.00022,0.00001,3.8,0.00004
4795,1,,,,,0.00022,0.00000,3.7,0.00004,1,,,,,0.00022,0.00001,3.8,0.00004
4796,1,,,,,0.00022,0.00001,3.6,0.00004,1,,,,,0.00022,0.00000,3.8,0.00004
4797,1,,,,,0.00022,0.00000,3.6,0.00004,1,,,,,0.00022,0.00000,3.8,0.00004
4798,1,,,,,0.00022,0.00001,3.7,0.00005,1,,,,,0.00022,0.00000,3.8,0.00005
4799,1,,,,,0.00022,0.00001,3.7,0.00004,1,,,,,0.00022,0.00001,3.8,0.00004
4800,1,,,,,0.00022,0.00001,3.6,0.00004,1,,,,,0.00022,0.00001,3.9,0.00005
4801,1,,,,,0.00022,0.00001,3.6,0.00004,1,,,,,0.00022,0.00000,3.7,0.00004
4802,1,,,,,0.00022,0.00001,3.6,0.00004,1,,,,,0.00022,0.00001,3.7,0.00004
4803,1,,,,,0.00022,0.00000,3.7,0.00004,1,,,,,0.00022,0.00001,3.6,0.00004
4804,1,,,,,0.00022,0.00000,3.7,0.00005,1,,,,,0.00022,0.00000,3.7,0.00004
4805,1,,,,,0.00022,0.00000,3.7,0.00004,1,,,,,0.00022,0.00001,3.6,0.00004
4806,1,,,,,0.00022,0.00000,3.7,0.00005,1,,,,,0.00022,0.00000,3.6,0.00004
4807,1,,,,,0.00022,0.00000,3.6,0.00005,1,,,,,0.00022,0.00000,3.7,0.00004
4808,1,,,,,0.00022,0.00000,3.7,0.00005,1,,,,,0.00022,0.00000,3.6,0.00004
4809,1,,,,,0.00022,0.00000,3.7,0.00004,1,,,,,0.00022,0.00000,3.7,0.00004
4810,1,,,,,0.00022,0.00000,3.7,0.00005,1,,,,,0.00022,0.00001,3.7,0.00004
4811,1,,,,,0.00022,0.00000,3.7,0.00004,1,,,,,0.00022,0.00000,3.7,0.00004
4812,1,,,,,0.00022,0.00000,3.7,0.00004,1,,,,,0.00022,0.00001,3.7,0.00004
4813,1,,,,,0.00022,0.00000,3.7,0.00005,1,,,,,0.00022,0.00000,3.7,0.00005
4814,1,,,,,0.00022,0.00000,3.7,0.00004,1,,,,,0.00022,0.00001,3.6,0.00004
4815,1,,,,,0.00022,0.00000,3.7,0.00005,1,,,,,0.00022,0.00001,3.7,0.00005
4816,1,,,,,0.00022,0.00000,3.8,0.00004,1,,,,,0.00022,0.00000,3.7,0.00005
4817,1,,,,,0.00022,0.00001,3.7,0.00004,1,,,,,0.00022,0.00001,3.7,0.00004
4818,1,,,,,0.00022,0.00001,3.7,0.00004,1,,,,,0.00022,0.00000,3.7,0.00004
4819,1,,,,,0.00022,0.00000,3.8,0.00005,1,,,,,0.00022,0.00001,3.7,0.00004
4820,1,,,,,0.00022,0.00001,3.6,0.00004,1,,,,,0.00022,0.00000,3.7,0.00004
4821,1,,,,,0.00022,0.00001,3.5,0.00004,1,,,,,0.00022,0.00000,3.7,0.00004
4822,1,,,,,0.00022,0.00000,3.6,0.00004,1,,,,,0.00022,0.00000,3.7,0.00004
4823,1,,,,,0.00022,0.00000,3.7,0.00004,1,,,,,0.00022,0.00000,3.7,0.00004
4824,1,,,,,0.00022,0.00000,3.7,0.00004,1,,,,,0.00022,0.00000,3.7,0.00004
4825,1,,,,,0.00022,0.00000,3.5,0.00004,1,,,,,0.00022,0.00000,3.7,0.00004
4826,1,,,,,0.00022,0.00001,3.5,0.00004,1,,,,,0.00022,0.00000,3.7,0.00005
4827,1,,,,,0.00022,0.00001,3.6,0.00004,1,,,,,0.00022,0.00000,3.6,0.00004
4828,1,,,,,0.00022,0.00000,3.7,0.00004,1,,,,,0.00022,0.00000,3.6,0.00004
4829,1,,,,,0.00022,0.00000,3.7,0.00004,1,,,,,0.00022,0.00000,3.6,0.00004
4830,1,,,,,0.00022,0.00000,3.6,0.00004,1,,,,,0.00022,0.00001,3.6,0.00004
4831,1,,,,,0.00022,0.00001,3.7,0.00004,1,,,,,0.00022,0.00000,3.6,0.00004
4832,1,,,,,0.00022,0.00000,3.8,0.00005,1,,,,,0.00022,0.00000,3.6,0.00004
4833,1,,,,,0.00022,0.00001,3.7,0.00004,1,,,,,0.00022,0.00000,3.7,0.00004
4834,1,,,,,0.00022,0.00000,3.8,0.00004,1,,,,,0.00022,0.00000,3.6,0.00004
4835,1,,,,,0.00022,0.00000,3.7,0.00004,1,,,,,0.00022,0.00001,3.7,0.00004
4836,1,,,,,0.00022,0.00000,3.7,0.00004,1,,,,,0.00022,0.00000,3.7,0.00004
4837,1,,,,,0.00022,0.00000,3.7,0.00004,1,,,,,0.00022,0.00000,3.7,0.00004
4838,1,,,,,0.00022,0.00000,3.7,0.00004,1,,,,,0.00022,0.00000,3.7,0.00004
4839,1,,,,,0.00022,0.00000,3.8,0.00004,1,,,,,0.00022,0.00000,3.7,0.00004
4840,1,,,,,0.00022,0.00000,3.8,0.00005,1,,,,,0.00022,0.00000,3.6,0.00004
4841,1,,,,,0.00022,0.00000,3.7,0.00004,1,,,,,0.00022,0.00001,3.6,0.00004
4842,1,,,,,0.00022,0.00000,3.7,0.00004,1,,,,,0.00022,0.00000,3.6,0.00004
4843,1,,,,,0.00022,0.00000,3.8,0.00004,1,,,,,0.00022,0.00000,3.7,0.00004
4844,1,,,,,0.00022,0.00000,3.8,0.00005,1,,,,,0.00022,0.00000,3.7,0.00004
4845,1,,,,,0.00022,0.00001,3.8,0.00004,1,,,,,0.00022,0.00000,3.7,0.00004
4846,1,,,,,0.00022,0.00000,3.7,0.00004,1,,,,,0.00022,0.00000,3.6,0.00004
4847,1,,,,,0.00022,0.00000,3.7,0.00004,1,,,,,0.00022,0.00000,3.6,0.00004
4848,1,,,,,0.00022,0.00000,3.8,0.00004,1,,,,,0.00022,0.00000,3.6,0.00004
4849,1,,,,,0.00022,0.00000,3.8,0.00004,1,,,,,0.00022,0.00001,3.6,0.00004
4850,1,,,,,0.00022,0.00001,3.8,0.00004,1,,,,,0.00022,0.00000,3.6,0.00004
4851,1,,,,,0.00022,0.00000,3.8,0.00004,1,,,,,0.00022,0.00001,3.6,0.00004
4852,1,,,,,0.00022,0.00001,3.8,0.00004,1,,,,,0.00022,0.00001,3.7,0.00004
4853,1,,,,,0.00022,0.00001,3.8,0.00004,1,,,,,0.00022,0.00000,3.7,0.00004
4854,1,,,,,0.00022,0.00001,3.8,0.00005,1,,,,,0.00022,0.00000,3.7,0.00004
4855,1,,,,,0.00022,0.00000,3.7,0.00004,1,,,,,0.00022,0.00001,3.7,0.00004
4856,1,,,,,0.00022,0.00000,3.8,0.00004,1,,,,,0.00022,0.00001,3.7,0.00005
4857,1,,,,,0.00022,0.00000,3.7,0.00004,1,,,,,0.00022,0.00001,3.7,0.00004
4858,1,,,,,0.00022,0.00000,3.8,0.00004,1,,,,,0.00022,0.00000,3.6,0.00004
4859,1,,,,,0.00022,0.00001,3.7,0.00004,1,,,,,0.00022,0.00000,3.7,0.00005
4860,1,,,,,0.00022,0.00000,3.7,0.00004,1,,,,,0.00022,0.00000,3.7,0.00004
4861,1,,,,,0.00022,0.00000,3.7,0.00004,1,,,,,0.00022,0.00000,3.7,0.00005
4862,1,,,,,0.00022,0.00001,3.7,0.00004,1,,,,,0.00022,0.00000,3.8,0.00005
4863,1,,,,,0.00022,0.00000,3.8,0.00004,1,,,,,0.00022,0.00000,3.6,0.00004
4864,1,,,,,0.00022,0.00000,3.8,0.00004,1,,,,,0.00022,0.00000,3.7,0.00004
4865,1,,,,,0.00022,0.00000,3.8,0.00004,1,,,,,0.00022,0.00000,3.6,0.00004
4866,1,,,,,0.00022,0.00000,3.8,0.00004,1,,,,,0.00022,0.00000,3.6,0.00004
4867,1,,,,,0.00022,0.00000,3.9,0.00005,1,,,,,0.00022,0.00000,3.6,0.00004
4868,1,,,,,0.00022,0.00000,3.8,0.00005,1,,,,,0.00022,0.00001,3.6,0.00004
4869,1,,,,,0.00022,0.00000,3.8,0.00004,1,,,,,0.00022,0.00001,3.6,0.00004
4870,1,,,,,0.00022,0.00001,3.8,0.00004,1,,,,,0.00022,0.00001,3.7,0.00004
4871,1,,,,,0.00022,0.00000,3.8,0.00004,1,,,,,0.00022,0.00000,3.7,0.00004
4872,1,,,,,0.00022,0.00000,3.8,0.00004,1,,,,,0.00022,0.00001,3.6,0.00004
4873,1,,,,,0.00022,0.00001,3.8,0.00004,1,,,,,0.00022,0.00000,3.6,0.00004
4874,1,,,,,0.00022,0.00000,3.7,0.00004,1,,,,,0.00022,0.00001,3.6,0.00004
4875,1,,,,,0.00022,0.00000,3.8,0.00005,1,,,,,0.00022,0.00001,3.6,0.00004
4876,1,,,,,0.00022,0.00000,3.7,0.00004,1,,,,,0.00022,0.00000,3.6,0.00004
4877,1,,,,,0.00022,0.00001,3.6,0.00005,1,,,,,0.00022,0.00000,3.7,0.00004
4878,1,,,,,0.00022,0.00000,3.7,0.00004,1,,,,,0.00022,0.00000,3.8,0.00005
4879,1,,,,,0.00022,0.00000,3.8,0.00004,1,,,,,0.00022,0.00000,3.8,0.00004
4880,1,,,,,0.00022,0.00000,3.7,0.00005,1,,,,,0.00022,0.00000,3.7,0.00004
4881,1,,,,,0.00022,0.00000,3.8,0.00005,1,,,,,0.00022,0.00000,3.7,0.00004
4882,1,,,,,0.00022,0.00000,3.8,0.00004,1,,,,,0.00022,0.00000,3.7,0.00005
4883,1,,,,,0.00022,0.00000,3.7,0.00004,1,,,,,0.00022,0.00000,3.7,0.00005
4884,1,,,,,0.00022,0.00001,3.7,0.00004,1,,,,,0.00022,0.00000,3.7,0.00004
4885,1,,,,,0.00022,0.00001,3.7,0.00005,1,,,,,0.00022,0.00000,3.7,0.00004
4886,1,,,,,0.00022,0.00001,3.7,0.00005,1,,,,,0.00022,0.00001,3.7,0.00004
4887,1,,,,,0.00022,0.00001,3.8,0.00004,1,,,,,0.00022,0.00000,3.7,0.00004
4888,1,,,,,0.00022,0.00000,3.7,0.00005,1,,,,,0.00022,0.00000,3.7,0.00004
4889,1,,,,,0.00022,0.00001,3.7,0.00004,1,,,,,0.00022,0.00000,3.7,0.00004
4890,1,,,,,0.00022,0.00000,3.8,0.00005,1,,,,,0.00022,0.00000,3.6,0.00004
4891,1,,,,,0.00022,0.00000,3.8,0.00005,1,,,,,0.00022,0.00000,3.7,0.00004
4892,1,,,,,0.00022,0.00000,3.8,0.00004,1,,,,,0.00022,0.00001,3.7,0.00004
4893,1,,,,,0.00022,0.00000,3.8,0.00005,1,,,,,0.00022,0.00000,3.7,0.00004
4894,1,,,,,0.00022,0.00000,3.8,0.00005,1,,,,,0.00022,0.00000,3.6,0.00004
4895,1,,,,,0.00022,0.00000,3.7,0.00004,1,,,,,0.00022,0.00000,3.7,0.00004
4896,1,,,,,0.00022,0.00000,3.7,0.00004,1,,,,,0.00022,0.00001,3.7,0.00004
4897,1,,,,,0.00022,0.00000,3.7,0.00004,1,,,,,0.00022,0.00000,3.7,0.00004
4898,1,,,,,0.00022,0.00000,3.8,0.00005,1,,,,,0.00022,0.00000,3.7,0.00004
4899,1,,,,,0.00022,0.00000,3.8,0.00005,1,,,,,0.00022,0.00000,3.7,0.00004
4900,1,,,,,0.00022,0.00000,3.6,0.00004,1,,,,,0.00022,0.00000,3.6,0.00004
4901,1,,,,,0.00022,0.00000,3.5,0.00004,1,,,,,0.00022,0.00000,3.6,0.00005
4902,1,,,,,0.00022,0.00000,3.6,0.00004,1,,,,,0.00022,0.00000,3.6,0.00004
4903,1,,,,,0.00022,0.00000,3.6,0.00004,1,,,,,0.00022,0.00001,3.7,0.00004
4904,1,,,,,0.00022,0.00001,3.6,0.00004,1,,,,,0.00022,0.00000,3.6,0.00004
4905,1,,,,,0.00022,0.00000,3.5,0.00004,1,,,,,0.00022,0.00001,3.6,0.00004
4906,1,,,,,0.00022,0.00000,3.7,0.00004,1,,,,,0.00022,0.00000,3.6,0.00004
4907,1,,,,,0.00022,0.00000,3.7,0.00004,1,,,,,0.00022,0.00000,3.7,0.00004
4908,1,,,,,0.00022,0.00000,3.7,0.00005,1,,,,,0.00022,0.00001,3.7,0.00005
4909,1,,,,,0.00022,0.00000,3.7,0.00005,1,,,,,0.00022,0.00000,3.6,0.00004
4910,1,,,,,0.00022,0.00000,3.8,0.00005,1,,,,,0.00022,0.00001,3.7,0.00004
4911,1,,,,,0.00022,0.00000,3.8,0.00005,1,,,,,0.00022,0.00000,3.6,0.00004
4912,1,,,,,0.00022,0.00000,3.7,0.00005,1,,,,,0.00022,0.00000,3.7,0.00004
4913,1,,,,,0.00022,0.00001,3.7,0.00005,1,,,,,0.00022,0.00000,3.6,0.00004
4914,1,,,,,0.00022,0.00000,3.8,0.00005,1,,,,,0.00022,0.00000,3.8,0.00004
4915,1,,,,,0.00022,0.00000,3.7,0.00005,1,,,,,0.00022,0.00000,3.7,0.00004
4916,1,,,,,0.00022,0.00000,3.7,0.00005,1,,,,,0.00022,0.00000,3.7,0.00004
4917,1,,,,,0.00022,0.00001,3.6,0.00005,1,,,,,0.00022,0.00000,3.6,0.00004
4918,1,,,,,0.00022,0.00000,3.7,0.00005,1,,,,,0.00022,0.00000,3.6,0.00004
4919,1,,,,,0.00022,0.00000,3.7,0.00005,1,,,,,0.00022,0.00000,3.7,0.00004
4920,1,,,,,0.00022,0.00000,3.7,0.00005,1,,,,,0.00022,0.00000,3.7,0.00004
4921,1,,,,,0.00022,0.00000,3.8,0.00005,1,,,,,0.00022,0.00001,3.7,0.00004
4922,1,,,,,0.00022,0.00000,3.7,0.00004,1,,,,,0.00022,0.00000,3.6,0.00004
4923,1,,,,,0.00022,0.00000,3.7,0.00005,1,,,,,0.00022,0.00000,3.7,0.00004
4924,1,,,,,0.00022,0.00000,3.7,0.00004,1,,,,,0.00022,0.00000,3.7,0.00004
4925,1,,,,,0.00022,0.00000,3.8,0.00005,1,,,,,0.00022,0.00001,3.7,0.00004
4926,1,,,,,0.00022,0.00000,3.8,0.00005,1,,,,,0.00022,0.00000,3.7,0.00004
4927,1,,,,,0.00022,0.00000,3.8,0.00005,1,,,,,0.00022,0.00000,3.7,0.00004
4928,1,,,,,0.00022,0.00000,3.8,0.00005,1,,,,,0.00022,0.00000,3.7,0.00004
4929,1,,,,,0.00022,0.00000,3.7,0.00005,1,,,,,0.00022,0.00001,3.7,0.00004
4930,1,,,,,0.00022,0.00000,3.8,0.00005,1,,,,,0.00022,0.00000,3.7,0.00004
4931,1,,,,,0.00022,0.00000,3.6,0.00005,1,,,,,0.00022,0.00000,3.7,0.00004
4932,1,,,,,0.00022,0.00001,3.6,0.00004,1,,,,,0.00022,0.00000,3.7,0.00004
4933,1,,,,,0.00022,0.00000,3.7,0.00004,1,,,,,0.00022,0.00000,3.7,0.00004
4934,1,,,,,0.00022,0.00000,3.6,0.00005,1,,,,,0.00022,0.00000,3.6,0.00004
4935,1,,,,,0.00022,0.00000,3.5,0.00004,1,,,,,0.00022,0.00001,3.7,0.00004
4936,1,,,,,0.00022,0.00001,3.5,0.00004,1,,,,,0.00022,0.00000,3.7,0.00004
4937,1,,,,,0.00022,0.00000,3.5,0.00004,1,,,,,0.00022,0.00000,3.6,0.00004
4938,1,,,,,0.00022,0.00000,3.5,0.00004,1,,,,,0.00022,0.00000,3.7,0.00004
4939,1,,,,,0.00022,0.00000,3.5,0.00004,1,,,,,0.00022,0.00001,3.7,0.00004
4940,1,,,,,0.00022,0.00000,3.6,0.00004,1,,,,,0.00022,0.00000,3.6,0.00004
4941,1,,,,,0.00022,0.00000,3.6,0.00004,1,,,,,0.00022,0.00000,3.7,0.00004
4942,1,,,,,0.00022,0.00000,3.6,0.00004,1,,,,,0.00022,0.00001,3.6,0.00004
4943,1,,,,,0.00022,0.00000,3.5,0.00004,1,,,,,0.00022,0.00000,3.7,0.00004
4944,1,,,,,0.00022,0.00000,3.8,0.00004,1,,,,,0.00022,0.00001,3.8,0.00004
4945,1,,,,,0.00022,0.00000,3.7,0.00005,1,,,,,0.00022,0.00000,3.8,0.00005
4946,1,,,,,0.00022,0.00001,3.7,0.00005,1,,,,,0.00022,0.00000,3.7,0.00004
4947,1,,,,,0.00022,0.00000,3.7,0.00004,1,,,,,0.00022,0.00000,3.8,0.00005
4948,1,,,,,0.00022,0.00000,3.7,0.00005,1,,,,,0.00022,0.00000,3.8,0.00004
4949,1,,,,,0.00022,0.00000,3.6,0.00004,1,,,,,0.00022,0.00000,3.8,0.00005
4950,1,,,,,0.00022,0.00000,3.6,0.00004,1,,,,,0.00022,0.00000,3.7,0.00004
4951,1,,,,,0.00022,0.00000,3.7,0.00005,1,,,,,0.00022,0.00000,3.8,0.00004
4952,1,,,,,0.00022,0.00000,3.7,0.00004,1,,,,,0.00022,0.00000,3.6,0.00004
4953,1,,,,,0.00022,0.00000,3.7,0.00005,1,,,,,0.00022,0.00001,3.6,0.00004
4954,1,,,,,0.00022,0.00000,3.7,0.00005,1,,,,,0.00022,0.00000,3.6,0.00004
4955,1,,,,,0.00022,0.00000,3.6,0.00004,1,,,,,0.00022,0.00000,3.6,0.00004
4956,1,,,,,0.00022,0.00000,3.7,0.00005,1,,,,,0.00022,0.00000,3.7,0.00005
4957,1,,,,,0.00022,0.00000,3.7,0.00005,1,,,,,0.00022,0.00001,3.7,0.00004
4958,1,,,,,0.00022,0.00000,3.7,0.00005,1,,,,,0.00022,0.00000,3.6,0.00004
4959,1,,,,,0.00022,0.00000,3.7,0.00005,1,,,,,0.00022,0.00001,3.6,0.00004
4960,1,,,,,0.00022,0.00000,3.7,0.00005,1,,,,,0.00022,0.00000,3.6,0.00004
4961,1,,,,,0.00022,0.00000,3.8,0.00005,1,,,,,0.00022,0.00000,3.6,0.00004
4962,1,,,,,0.00022,0.00000,3.7,0.00005,1,,,,,0.00022,0.00000,3.6,0.00004
4963,1,,,,,0.00022,0.00000,3.7,0.00004,1,,,,,0.00022,0.00001,3.7,0.00004
4964,1,,,,,0.00022,0.00000,3.7,0.00005,1,,,,,0.00022,0.00000,3.7,0.00004
4965,1,,,,,0.00022,0.00000,3.7,0.00005,1,,,,,0.00022,0.00000,3.7,0.00004
4966,1,,,,,0.00022,0.00000,3.7,0.00005,1,,,,,0.00022,0.00000,3.7,0.00004
4967,1,,,,,0.00022,0.00000,3.4,0.00004,1,,,,,0.00022,0.00000,3.7,0.00004
4968,1,,,,,0.00022,0.00000,3.6,0.00004,1,,,,,0.00022,0.00000,3.7,0.00004
4969,1,,,,,0.00022,0.00001,3.7,0.00005,1,,,,,0.00022,0.00000,3.7,0.00004
4970,1,,,,,0.00022,0.00000,3.6,0.00004,1,,,,,0.00022,0.00000,3.7,0.00004
4971,1,,,,,0.00022,0.00000,3.5,0.00004,1,,,,,0.00022,0.00000,3.7,0.00004
4972,1,,,,,0.00022,0.00001,3.4,0.00004,1,,,,,0.00022,0.00000,3.7,0.00004
4973,1,,,,,0.00022,0.00000,3.4,0.00004,1,,,,,0.00022,0.00000,3.7,0.00005
4974,1,,,,,0.00022,0.00000,3.4,0.00004,1,,,,,0.00022,0.00000,3.7,0.00004
4975,1,,,,,0.00022,0.00001,3.4,0.00004,1,,,,,0.00022,0.00000,3.7,0.00004
4976,1,,,,,0.00022,0.00000,3.4,0.00004,1,,,,,0.00022,0.00000,3.6,0.00004
4977,1,,,,,0.00022,0.00000,3.4,0.00004,1,,,,,0.00022,0.00000,3.7,0.00004
4978,1,,,,,0.00022,0.00000,3.5,0.00004,1,,,,,0.00022,0.00000,3.7,0.00004
4979,1,,,,,0.00022,0.00000,3.4,0.00004,1,,,,,0.00022,0.00000,3.6,0.00004
4980,1,,,,,0.00022,0.00000,3.4,0.00004,1,,,,,0.00022,0.00000,3.7,0.00004
4981,1,,,,,0.00022,0.00000,3.4,0.00004,1,,,,,0.00022,0.00000,3.7,0.00004
4982,1,,,,,0.00022,0.00000,3.4,0.00004,1,,,,,0.00022,0.00001,3.7,0.00004
4983,1,,,,,0.00022,0.00000,3.4,0.00004,1,,,,,0.00022,0.00000,3.6,0.00004
4984,1,,,,,0.00022,0.00000,3.4,0.00004,1,,,,,0.00022,0.00001,3.6,0.00004
4985,1,,,,,0.00022,0.00000,3.4,0.00004,1,,,,,0.00022,0.00000,3.6,0.00004
4986,1,,,,,0.00022,0.00000,3.4,0.00004,1,,,,,0.00022,0.00000,3.7,0.00004
4987,1,,,,,0.00022,0.00000,3.4,0.00004,1,,,,,0.00022,0.00000,3.6,0.00004
4988,1,,,,,0.00022,0.00000,3.4,0.00004,1,,,,,0.00022,0.00000,3.6,0.00004
4989,1,,,,,0.00022,0.00001,3.6,0.00004,1,,,,,0.00022,0.00000,3.7,0.00004
4990,1,,,,,0.00022,0.00000,3.4,0.00004,1,,,,,0.00022,0.00000,3.7,0.00004
4991,1,,,,,0.00022,0.00000,3.6,0.00004,1,,,,,0.00022,0.00000,3.6,0.00004
4992,1,,,,,0.00022,0.00001,3.7,0.00005,1,,,,,0.00022,0.00000,3.6,0.00004
4993,1,,,,,0.00022,0.00000,3.7,0.00005,1,,,,,0.00022,0.00000,3.7,0.00004
4994,1,,,,,0.00022,0.00000,3.7,0.00004,1,,,,,0.00022,0.00000,3.6,0.00004
4995,1,,,,,0.00022,0.00000,3.7,0.00005,1,,,,,0.00022,0.00000,3.7,0.00004
4996,1,,,,,0.00022,0.00000,3.7,0.00004,1,,,,,0.00022,0.00001,3.6,0.00004
4997,1,,,,,0.00022,0.00000,3.7,0.00005,1,,,,,0.00022,0.00001,3.6,0.00004
4998,1,,,,,0.00022,0.00000,3.7,0.00004,1,,,,,0.00022,0.00001,3.6,0.00004
4999,1,,,,,0.00022,0.00000,3.7,0.00004,1,,,,,0.00022,0.00000,3.6,0.00004
