frame,fp8_diverged,fp8_text_l2,fp8_text_maxabs,fp8_audio_l2,fp8_audio_maxabs,fp8_rms,fp8_click,fp8_centroid_hz,fp8_flatness,w8a16_diverged,w8a16_text_l2,w8a16_text_maxabs,w8a16_audio_l2,w8a16_audio_maxabs,w8a16_rms,w8a16_click,w8a16_centroid_hz,w8a16_flatness
0,,,,,,,,,,,,,,,,,,
1,,,,,,,,,,,,,,,,,,
2,1,55.5987,1.4531,292.0015,17.3438,0.00072,0.01129,63.0,0.00035,1,73.9631,1.3750,259.7991,14.5938,0.00071,0.01130,79.8,0.00075
3,1,,,,,0.00022,0.00000,3.3,0.00005,1,,,,,0.00022,0.00001,7.7,0.00033
4,1,,,,,0.02366,0.00000,538.9,0.00001,1,,,,,0.00022,0.00000,3.2,0.00004
5,1,,,,,0.03072,0.00089,704.2,0.00001,1,,,,,0.00022,0.00000,3.2,0.00004
6,1,,,,,0.01730,0.00249,594.9,0.00001,1,,,,,0.00022,0.00000,3.2,0.00004
7,1,,,,,0.01735,0.00112,511.2,0.00000,1,,,,,0.00022,0.00000,3.3,0.00004
8,1,,,,,0.01000,0.00165,370.7,0.00000,1,,,,,0.00022,0.00000,3.3,0.00004
9,1,,,,,0.00399,0.00022,230.5,0.00000,1,,,,,0.00022,0.00000,3.2,0.00004
10,1,,,,,0.00021,0.00001,3.1,0.00004,1,,,,,0.00053,0.00000,4.4,0.00009
11,1,,,,,0.00220,0.00000,151.5,0.00008,1,,,,,0.04141,0.00017,555.9,0.00001
12,1,,,,,0.02034,0.00011,418.9,0.00000,1,,,,,0.07082,0.00884,613.5,0.00004
13,1,,,,,0.00169,0.00009,5789.8,0.13341,1,,,,,0.05261,0.01708,707.3,0.00006
14,1,,,,,0.00242,0.00279,6533.3,0.16202,1,,,,,0.04754,0.00717,588.1,0.00002
15,1,,,,,0.01625,0.00000,623.6,0.00019,1,,,,,0.01787,0.00153,468.6,0.00000
16,1,,,,,0.01841,0.00269,700.5,0.00002,1,,,,,0.00417,0.00116,206.8,0.00000
17,1,,,,,0.01230,0.00178,772.5,0.00008,1,,,,,0.00022,0.00001,3.3,0.00004
18,1,,,,,0.01526,0.00116,387.3,0.00001,1,,,,,0.00022,0.00000,3.3,0.00004
19,1,,,,,0.02232,0.00324,539.5,0.00001,1,,,,,0.00433,0.00000,755.5,0.00013
20,1,,,,,0.02103,0.00505,562.9,0.00001,1,,,,,0.07367,0.00331,696.0,0.00000
21,1,,,,,0.01672,0.00353,549.6,0.00002,1,,,,,0.06779,0.01952,555.9,0.00000
22,1,,,,,0.01498,0.00183,547.4,0.00018,1,,,,,0.02118,0.00670,345.5,0.00001
23,1,,,,,0.00924,0.00052,246.8,0.00001,1,,,,,0.02104,0.00030,340.5,0.00001
24,1,,,,,0.00369,0.00026,178.9,0.00001,1,,,,,0.00060,0.00030,2374.5,0.08729
25,1,,,,,0.00022,0.00001,3.2,0.00005,1,,,,,0.01654,0.00159,385.0,0.00001
26,1,,,,,0.00022,0.00000,3.2,0.00004,1,,,,,0.03542,0.00011,495.3,0.00000
27,1,,,,,0.00022,0.00000,3.2,0.00004,1,,,,,0.01270,0.00638,538.8,0.00001
28,1,,,,,0.00022,0.00000,3.2,0.00004,1,,,,,0.00419,0.00008,363.6,0.00001
29,1,,,,,0.00022,0.00000,3.1,0.00004,1,,,,,0.00025,0.00003,3.8,0.00007
30,1,,,,,0.00022,0.00001,3.1,0.00004,1,,,,,0.00022,0.00001,3.2,0.00005
31,1,,,,,0.00022,0.00000,3.0,0.00004,1,,,,,0.00022,0.00000,3.0,0.00004
32,1,,,,,0.00022,0.00000,3.1,0.00004,1,,,,,0.00022,0.00000,3.1,0.00004
33,1,,,,,0.00022,0.00000,3.1,0.00004,1,,,,,0.00022,0.00000,3.1,0.00004
34,1,,,,,0.00022,0.00000,3.2,0.00004,1,,,,,0.00022,0.00000,3.2,0.00004
35,1,,,,,0.00022,0.00000,3.1,0.00004,1,,,,,0.00022,0.00000,3.2,0.00004
36,1,,,,,0.00022,0.00000,3.1,0.00004,1,,,,,0.00022,0.00000,3.2,0.00004
37,1,,,,,0.00022,0.00000,3.1,0.00004,1,,,,,0.00022,0.00000,3.2,0.00003
38,1,,,,,0.00022,0.00000,3.2,0.00004,1,,,,,0.00022,0.00000,3.2,0.00004
39,1,,,,,0.00022,0.00000,3.1,0.00004,1,,,,,0.00022,0.00000,3.2,0.00004
40,1,,,,,0.00022,0.00000,3.2,0.00004,1,,,,,0.00022,0.00000,3.2,0.00004
41,1,,,,,0.00022,0.00000,3.1,0.00004,1,,,,,0.00022,0.00000,3.1,0.00004
42,1,,,,,0.00022,0.00000,3.1,0.00004,1,,,,,0.00022,0.00000,3.2,0.00004
43,1,,,,,0.00022,0.00000,3.1,0.00004,1,,,,,0.00022,0.00000,3.1,0.00003
44,1,,,,,0.00022,0.00000,3.2,0.00004,1,,,,,0.00022,0.00000,3.2,0.00004
45,1,,,,,0.00022,0.00000,3.1,0.00004,1,,,,,0.00022,0.00000,3.1,0.00004
46,1,,,,,0.00022,0.00000,3.1,0.00004,1,,,,,0.00022,0.00000,3.2,0.00004
47,1,,,,,0.00022,0.00000,3.1,0.00004,1,,,,,0.00022,0.00001,3.1,0.00004
48,1,,,,,0.00022,0.00000,3.2,0.00004,1,,,,,0.00022,0.00000,3.2,0.00004
49,1,,,,,0.00022,0.00000,3.2,0.00004,1,,,,,0.00022,0.00000,3.2,0.00004
50,1,,,,,0.00022,0.00000,3.2,0.00004,1,,,,,0.00022,0.00000,3.2,0.00004
51,1,,,,,0.00022,0.00000,3.1,0.00003,1,,,,,0.00022,0.00000,3.1,0.00004
52,1,,,,,0.00022,0.00000,3.1,0.00004,1,,,,,0.00022,0.00000,3.2,0.00004
53,1,,,,,0.00022,0.00000,3.1,0.00004,1,,,,,0.00022,0.00000,3.1,0.00004
54,1,,,,,0.00022,0.00000,3.2,0.00004,1,,,,,0.00022,0.00000,3.2,0.00004
55,1,,,,,0.00022,0.00000,3.2,0.00004,1,,,,,0.00022,0.00000,3.2,0.00004
56,1,,,,,0.00022,0.00000,3.2,0.00003,1,,,,,0.00022,0.00000,3.2,0.00004
57,1,,,,,0.00022,0.00000,3.1,0.00004,1,,,,,0.00022,0.00000,3.1,0.00004
58,1,,,,,0.00022,0.00000,3.2,0.00004,1,,,,,0.00022,0.00000,3.2,0.00003
59,1,,,,,0.00022,0.00000,3.2,0.00004,1,,,,,0.00022,0.00000,3.2,0.00004
60,1,,,,,0.00022,0.00000,3.2,0.00004,1,,,,,0.00022,0.00000,3.2,0.00004
61,1,,,,,0.00022,0.00000,3.2,0.00004,1,,,,,0.00022,0.00001,3.1,0.00004
62,1,,,,,0.00022,0.00000,3.2,0.00004,1,,,,,0.00022,0.00000,3.2,0.00004
63,1,,,,,0.00022,0.00000,3.2,0.00004,1,,,,,0.00022,0.00000,3.2,0.00004
64,1,,,,,0.00022,0.00000,3.1,0.00004,1,,,,,0.00022,0.00000,3.2,0.00004
65,1,,,,,0.00022,0.00000,3.2,0.00004,1,,,,,0.00022,0.00000,3.1,0.00003
66,1,,,,,0.00022,0.00000,3.2,0.00003,1,,,,,0.00022,0.00000,3.2,0.00004
67,1,,,,,0.00022,0.00000,3.2,0.00004,1,,,,,0.00022,0.00001,3.2,0.00004
68,1,,,,,0.00022,0.00000,3.2,0.00004,1,,,,,0.00022,0.00000,3.2,0.00004
69,1,,,,,0.00022,0.00000,3.1,0.00004,1,,,,,0.00022,0.00000,3.1,0.00003
70,1,,,,,0.00022,0.00000,3.2,0.00003,1,,,,,0.00022,0.00000,3.3,0.00004
71,1,,,,,0.00022,0.00000,3.2,0.00004,1,,,,,0.00022,0.00000,3.2,0.00004
72,1,,,,,0.00022,0.00000,3.2,0.00004,1,,,,,0.00022,0.00000,3.2,0.00004
73,1,,,,,0.00022,0.00000,3.2,0.00004,1,,,,,0.00022,0.00000,3.2,0.00004
74,1,,,,,0.00022,0.00000,3.2,0.00004,1,,,,,0.00022,0.00000,3.3,0.00004
75,1,,,,,0.00022,0.00000,3.2,0.00004,1,,,,,0.00022,0.00000,3.2,0.00004
76,1,,,,,0.00022,0.00001,3.2,0.00004,1,,,,,0.00022,0.00000,3.3,0.00004
77,1,,,,,0.00022,0.00000,3.2,0.00004,1,,,,,0.00022,0.00000,3.2,0.00004
78,1,,,,,0.00022,0.00000,3.2,0.00004,1,,,,,0.00022,0.00000,3.2,0.00004
79,1,,,,,0.00022,0.00000,3.1,0.00004,1,,,,,0.00022,0.00000,3.2,0.00004
80,1,,,,,0.00022,0.00000,3.2,0.00004,1,,,,,0.00022,0.00000,3.3,0.00004
81,1,,,,,0.00022,0.00000,3.1,0.00004,1,,,,,0.00022,0.00000,3.2,0.00004
82,1,,,,,0.00022,0.00001,3.2,0.00004,1,,,,,0.00022,0.00000,3.2,0.00004
83,1,,,,,0.00022,0.00001,3.2,0.00004,1,,,,,0.00022,0.00000,3.2,0.00004
84,1,,,,,0.00022,0.00000,3.2,0.00004,1,,,,,0.00022,0.00000,3.2,0.00004
85,1,,,,,0.00022,0.00000,3.2,0.00004,1,,,,,0.00022,0.00000,3.2,0.00004
86,1,,,,,0.00022,0.00001,3.2,0.00004,1,,,,,0.00022,0.00001,3.2,0.00004
87,1,,,,,0.00022,0.00000,3.2,0.00004,1,,,,,0.00022,0.00000,3.2,0.00004
88,1,,,,,0.00022,0.00000,3.3,0.00004,1,,,,,0.00022,0.00000,3.2,0.00004
89,1,,,,,0.00022,0.00000,3.2,0.00004,1,,,,,0.00022,0.00000,3.2,0.00003
90,1,,,,,0.00022,0.00000,3.2,0.00004,1,,,,,0.00022,0.00000,3.3,0.00004
91,1,,,,,0.00022,0.00000,3.2,0.00004,1,,,,,0.00022,0.00000,3.2,0.00004
92,1,,,,,0.00022,0.00000,3.2,0.00004,1,,,,,0.00022,0.00000,3.3,0.00004
93,1,,,,,0.00022,0.00001,3.2,0.00004,1,,,,,0.00022,0.00000,3.2,0.00004
94,1,,,,,0.00022,0.00000,3.2,0.00004,1,,,,,0.00022,0.00000,3.2,0.00004
95,1,,,,,0.00022,0.00000,3.2,0.00004,1,,,,,0.00022,0.00000,3.2,0.00004
96,1,,,,,0.00022,0.00001,3.2,0.00004,1,,,,,0.00022,0.00001,3.2,0.00004
97,1,,,,,0.00022,0.00000,3.1,0.00004,1,,,,,0.00022,0.00000,3.1,0.00004
98,1,,,,,0.00022,0.00000,3.2,0.00004,1,,,,,0.00022,0.00000,3.2,0.00004
99,1,,,,,0.00022,0.00000,3.2,0.00004,1,,,,,0.00022,0.00000,3.1,0.00004
100,1,,,,,0.00022,0.00000,3.3,0.00004,1,,,,,0.00022,0.00000,3.3,0.00004
101,1,,,,,0.00022,0.00000,3.2,0.00003,1,,,,,0.00022,0.00000,3.2,0.00004
102,1,,,,,0.00022,0.00001,3.3,0.00004,1,,,,,0.00022,0.00000,3.2,0.00004
103,1,,,,,0.00022,0.00000,3.2,0.00004,1,,,,,0.00022,0.00001,3.1,0.00004
104,1,,,,,0.00022,0.00000,3.3,0.00004,1,,,,,0.00022,0.00000,3.2,0.00004
105,1,,,,,0.00022,0.00000,3.2,0.00003,1,,,,,0.00022,0.00000,3.1,0.00004
106,1,,,,,0.00022,0.00000,3.3,0.00004,1,,,,,0.00022,0.00000,3.2,0.00004
107,1,,,,,0.00022,0.00001,3.2,0.00004,1,,,,,0.00022,0.00000,3.2,0.00004
108,1,,,,,0.00022,0.00000,3.3,0.00004,1,,,,,0.00022,0.00000,3.2,0.00004
109,1,,,,,0.00022,0.00000,3.3,0.00004,1,,,,,0.00022,0.00000,3.2,0.00004
110,1,,,,,0.00022,0.00000,3.3,0.00004,1,,,,,0.00022,0.00001,3.3,0.00004
111,1,,,,,0.00022,0.00000,3.3,0.00004,1,,,,,0.00022,0.00000,3.2,0.00004
112,1,,,,,0.00022,0.00000,3.3,0.00004,1,,,,,0.00022,0.00001,3.2,0.00004
113,1,,,,,0.00022,0.00000,3.2,0.00004,1,,,,,0.00022,0.00000,3.1,0.00004
114,1,,,,,0.00022,0.00000,3.3,0.00004,1,,,,,0.00022,0.00001,3.3,0.00004
115,1,,,,,0.00022,0.00000,3.3,0.00004,1,,,,,0.00022,0.00001,3.2,0.00004
116,1,,,,,0.00022,0.00000,3.3,0.00004,1,,,,,0.00022,0.00001,3.3,0.00004
117,1,,,,,0.00022,0.00000,3.2,0.00004,1,,,,,0.00022,0.00000,3.2,0.00004
118,1,,,,,0.00022,0.00000,3.3,0.00004,1,,,,,0.00022,0.00000,3.3,0.00004
119,1,,,,,0.00022,0.00000,3.2,0.00004,1,,,,,0.00022,0.00000,3.2,0.00004
120,1,,,,,0.00022,0.00001,3.3,0.00004,1,,,,,0.00022,0.00000,3.3,0.00004
121,1,,,,,0.00022,0.00000,3.3,0.00004,1,,,,,0.00022,0.00000,3.2,0.00003
122,1,,,,,0.00022,0.00000,3.3,0.00004,1,,,,,0.00022,0.00000,3.3,0.00004
123,1,,,,,0.00022,0.00000,3.3,0.00004,1,,,,,0.00022,0.00000,3.2,0.00004
124,1,,,,,0.00022,0.00000,3.3,0.00004,1,,,,,0.00022,0.00000,3.3,0.00004
125,1,,,,,0.00022,0.00001,3.2,0.00004,1,,,,,0.00022,0.00000,3.2,0.00004
126,1,,,,,0.00022,0.00000,3.3,0.00004,1,,,,,0.00022,0.00000,3.2,0.00004
127,1,,,,,0.00022,0.00000,3.2,0.00004,1,,,,,0.00022,0.00000,3.2,0.00004
128,1,,,,,0.00022,0.00000,3.3,0.00004,1,,,,,0.00022,0.00000,3.3,0.00004
129,1,,,,,0.00022,0.00000,3.3,0.00004,1,,,,,0.00022,0.00000,3.2,0.00004
130,1,,,,,0.00022,0.00000,3.3,0.00004,1,,,,,0.00022,0.00000,3.2,0.00004
131,1,,,,,0.00022,0.00000,3.3,0.00004,1,,,,,0.00022,0.00000,3.2,0.00003
132,1,,,,,0.00022,0.00000,3.3,0.00004,1,,,,,0.00022,0.00000,3.3,0.00004
133,1,,,,,0.00022,0.00000,3.3,0.00004,1,,,,,0.00022,0.00000,3.2,0.00004
134,1,,,,,0.00022,0.00000,3.4,0.00004,1,,,,,0.00022,0.00000,3.3,0.00004
135,1,,,,,0.00022,0.00000,3.3,0.00004,1,,,,,0.00022,0.00000,3.3,0.00004
136,1,,,,,0.00022,0.00000,3.4,0.00004,1,,,,,0.00022,0.00000,3.4,0.00004
137,1,,,,,0.00022,0.00000,3.3,0.00004,1,,,,,0.00022,0.00000,3.2,0.00004
138,1,,,,,0.00022,0.00000,3.3,0.00003,1,,,,,0.00022,0.00001,3.4,0.00004
139,1,,,,,0.00022,0.00000,3.4,0.00004,1,,,,,0.00022,0.00000,3.3,0.00004
140,1,,,,,0.00022,0.00000,3.3,0.00004,1,,,,,0.00473,0.00000,3963.7,0.03926
141,1,,,,,0.00022,0.00000,3.3,0.00004,1,,,,,0.01112,0.00024,4000.6,0.04394
142,1,,,,,0.00022,0.00000,3.3,0.00004,1,,,,,0.05963,0.00113,352.6,0.00019
143,1,,,,,0.00022,0.00000,3.3,0.00004,1,,,,,0.09557,0.00361,581.6,0.00000
144,1,,,,,0.00022,0.00000,3.4,0.00004,1,,,,,0.06662,0.00710,579.1,0.00000
145,1,,,,,0.00022,0.00000,3.3,0.00004,1,,,,,0.04079,0.00032,587.6,0.00000
146,1,,,,,0.00022,0.00000,3.4,0.00004,1,,,,,0.00969,0.00487,508.3,0.00001
147,1,,,,,0.00022,0.00000,3.5,0.00003,1,,,,,0.00023,0.00004,3.8,0.00005
148,1,,,,,0.00022,0.00000,3.6,0.00004,1,,,,,0.01437,0.00000,1112.3,0.00004
149,1,,,,,0.00022,0.00000,3.6,0.00004,1,,,,,0.06184,0.00463,1082.1,0.00002
150,1,,,,,0.00022,0.00000,3.6,0.00004,1,,,,,0.05683,0.00724,545.4,0.00000
151,1,,,,,0.00022,0.00000,3.7,0.00004,1,,,,,0.01376,0.00037,270.3,0.00000
152,1,,,,,0.00022,0.00000,3.7,0.00004,1,,,,,0.06139,0.00360,323.4,0.00000
153,1,,,,,0.00022,0.00000,3.7,0.00004,1,,,,,0.03589,0.00297,303.0,0.00009
154,1,,,,,0.00022,0.00000,3.7,0.00004,1,,,,,0.06552,0.00290,881.4,0.00002
155,1,,,,,0.00022,0.00000,3.6,0.00004,1,,,,,0.06085,0.00813,748.5,0.00001
156,1,,,,,0.00022,0.00000,3.7,0.00004,1,,,,,0.01581,0.00002,371.2,0.00000
157,1,,,,,0.00022,0.00000,3.7,0.00004,1,,,,,0.02153,0.00398,356.1,0.00000
158,1,,,,,0.00022,0.00000,3.7,0.00004,1,,,,,0.02224,0.00002,435.5,0.00009
159,1,,,,,0.00022,0.00001,3.7,0.00004,1,,,,,0.01342,0.00014,245.6,0.00021
160,1,,,,,0.00022,0.00001,3.8,0.00004,1,,,,,0.03072,0.00041,674.9,0.00001
161,1,,,,,0.00022,0.00001,3.7,0.00004,1,,,,,0.02513,0.00125,674.4,0.00000
162,1,,,,,0.00022,0.00000,3.7,0.00004,1,,,,,0.00263,0.00011,333.9,0.00013
163,1,,,,,0.00022,0.00000,3.8,0.00004,1,,,,,0.00022,0.00000,3.1,0.00004
164,1,,,,,0.00022,0.00000,3.7,0.00004,1,,,,,0.00022,0.00000,3.3,0.00004
165,1,,,,,0.00022,0.00000,3.7,0.00004,1,,,,,0.02447,0.00000,438.7,0.00000
166,1,,,,,0.00022,0.00000,3.7,0.00004,1,,,,,0.08425,0.00496,515.8,0.00000
167,1,,,,,0.00022,0.00001,3.7,0.00004,1,,,,,0.00411,0.00015,5325.8,0.12769
168,1,,,,,0.00022,0.00000,3.8,0.00004,1,,,,,0.05127,0.00017,322.7,0.00003
169,1,,,,,0.00022,0.00000,3.8,0.00004,1,,,,,0.05515,0.00622,295.4,0.00000
170,1,,,,,0.00022,0.00000,3.6,0.00004,1,,,,,0.05288,0.00182,333.1,0.00000
171,1,,,,,0.00022,0.00000,3.6,0.00004,1,,,,,0.03959,0.00203,301.0,0.00001
172,1,,,,,0.00022,0.00000,3.6,0.00004,1,,,,,0.00182,0.00004,5262.6,0.18119
173,1,,,,,0.00022,0.00000,3.8,0.00004,1,,,,,0.03060,0.00118,246.6,0.00001
174,1,,,,,0.00022,0.00000,3.7,0.00004,1,,,,,0.05520,0.00036,549.0,0.00001
175,1,,,,,0.00022,0.00000,3.7,0.00004,1,,,,,0.06214,0.00004,580.4,0.00000
176,1,,,,,0.00022,0.00001,3.7,0.00004,1,,,,,0.01848,0.00025,350.2,0.00009
177,1,,,,,0.00022,0.00001,3.7,0.00004,1,,,,,0.03878,0.00287,771.9,0.00001
178,1,,,,,0.00022,0.00000,3.7,0.00004,1,,,,,0.01431,0.00475,535.1,0.00001
179,1,,,,,0.00022,0.00000,3.7,0.00004,1,,,,,0.00661,0.00001,352.2,0.00035
180,1,,,,,0.00022,0.00000,3.6,0.00004,1,,,,,0.01505,0.00126,576.2,0.00001
181,1,,,,,0.00022,0.00000,3.7,0.00004,1,,,,,0.00453,0.00085,261.4,0.00001
182,1,,,,,0.00022,0.00000,3.7,0.00004,1,,,,,0.00313,0.00013,189.2,0.00000
183,1,,,,,0.00022,0.00001,3.7,0.00004,1,,,,,0.00022,0.00004,3.4,0.00004
184,1,,,,,0.00022,0.00000,3.8,0.00004,1,,,,,0.00022,0.00000,3.2,0.00004
185,1,,,,,0.00022,0.00000,3.7,0.00004,1,,,,,0.00022,0.00001,3.1,0.00004
186,1,,,,,0.00022,0.00000,3.7,0.00004,1,,,,,0.00022,0.00000,3.2,0.00004
187,1,,,,,0.00022,0.00000,3.7,0.00004,1,,,,,0.00022,0.00000,3.1,0.00004
188,1,,,,,0.00022,0.00000,3.7,0.00004,1,,,,,0.00022,0.00000,3.2,0.00004
189,1,,,,,0.00022,0.00000,3.7,0.00004,1,,,,,0.00022,0.00000,3.1,0.00004
190,1,,,,,0.00022,0.00000,3.7,0.00004,1,,,,,0.00022,0.00001,3.1,0.00004
191,1,,,,,0.00022,0.00000,3.7,0.00004,1,,,,,0.00022,0.00000,3.1,0.00004
192,1,,,,,0.00022,0.00000,3.8,0.00004,1,,,,,0.00022,0.00000,3.2,0.00004
193,1,,,,,0.00022,0.00001,3.7,0.00004,1,,,,,0.00022,0.00000,3.1,0.00003
194,1,,,,,0.00022,0.00000,3.7,0.00004,1,,,,,0.00022,0.00000,3.1,0.00004
195,1,,,,,0.00022,0.00000,3.7,0.00004,1,,,,,0.00022,0.00000,3.1,0.00004
196,1,,,,,0.00022,0.00001,3.7,0.00004,1,,,,,0.00022,0.00000,3.2,0.00004
197,1,,,,,0.00022,0.00000,3.7,0.00004,1,,,,,0.00022,0.00000,3.1,0.00004
198,1,,,,,0.00022,0.00000,3.7,0.00004,1,,,,,0.00022,0.00000,3.2,0.00004
199,1,,,,,0.00022,0.00001,3.7,0.00004,1,,,,,0.00022,0.00000,3.1,0.00004
200,1,,,,,0.00022,0.00000,3.7,0.00004,1,,,,,0.00022,0.00000,3.2,0.00004
201,1,,,,,0.00022,0.00000,3.8,0.00004,1,,,,,0.00022,0.00000,3.1,0.00004
202,1,,,,,0.00022,0.00000,3.8,0.00004,1,,,,,0.00022,0.00000,3.2,0.00004
203,1,,,,,0.00022,0.00000,3.7,0.00004,1,,,,,0.00022,0.00000,3.1,0.00004
204,1,,,,,0.00022,0.00000,3.8,0.00004,1,,,,,0.00022,0.00000,3.1,0.00004
205,1,,,,,0.00022,0.00000,3.8,0.00004,1,,,,,0.00022,0.00000,3.1,0.00004
206,1,,,,,0.00022,0.00000,3.7,0.00004,1,,,,,0.00022,0.00000,3.2,0.00004
207,1,,,,,0.00022,0.00000,3.7,0.00004,1,,,,,0.00022,0.00000,3.2,0.00004
208,1,,,,,0.00022,0.00000,3.7,0.00004,1,,,,,0.00022,0.00000,3.1,0.00004
209,1,,,,,0.00022,0.00001,3.7,0.00004,1,,,,,0.00022,0.00000,3.2,0.00004
210,1,,,,,0.00022,0.00000,3.7,0.00004,1,,,,,0.00022,0.00000,3.2,0.00004
211,1,,,,,0.00022,0.00001,3.6,0.00004,1,,,,,0.00022,0.00000,3.2,0.00004
212,1,,,,,0.00022,0.00000,3.7,0.00004,1,,,,,0.00022,0.00000,3.2,0.00004
213,1,,,,,0.00022,0.00000,3.7,0.00004,1,,,,,0.00022,0.00000,3.2,0.00004
214,1,,,,,0.00022,0.00000,3.7,0.00004,1,,,,,0.00022,0.00000,3.2,0.00004
215,1,,,,,0.00022,0.00000,3.7,0.00004,1,,,,,0.00022,0.00000,3.2,0.00004
216,1,,,,,0.00022,0.00000,3.7,0.00004,1,,,,,0.00022,0.00000,3.1,0.00003
217,1,,,,,0.00022,0.00000,3.8,0.00004,1,,,,,0.00022,0.00000,3.2,0.00004
218,1,,,,,0.00022,0.00000,3.8,0.00004,1,,,,,0.00022,0.00000,3.2,0.00004
219,1,,,,,0.00022,0.00000,3.8,0.00004,1,,,,,0.00022,0.00000,3.2,0.00004
220,1,,,,,0.00022,0.00000,4.0,0.00005,1,,,,,0.00022,0.00000,3.2,0.00004
221,1,,,,,0.00022,0.00001,3.9,0.00004,1,,,,,0.00022,0.00001,3.1,0.00003
222,1,,,,,0.00022,0.00000,3.9,0.00004,1,,,,,0.00022,0.00000,3.2,0.00004
223,1,,,,,0.00022,0.00000,3.9,0.00004,1,,,,,0.00022,0.00000,3.2,0.00004
224,1,,,,,0.00022,0.00000,3.9,0.00004,1,,,,,0.00022,0.00001,3.2,0.00004
225,1,,,,,0.00022,0.00000,3.9,0.00004,1,,,,,0.00022,0.00000,3.2,0.00004
226,1,,,,,0.00022,0.00000,3.8,0.00004,1,,,,,0.00022,0.00000,3.2,0.00004
227,1,,,,,0.00022,0.00000,3.8,0.00004,1,,,,,0.00022,0.00000,3.2,0.00004
228,1,,,,,0.00022,0.00000,3.8,0.00004,1,,,,,0.00022,0.00000,3.2,0.00004
229,1,,,,,0.00022,0.00001,3.8,0.00004,1,,,,,0.00022,0.00000,3.1,0.00004
230,1,,,,,0.00022,0.00000,3.8,0.00004,1,,,,,0.00022,0.00000,3.2,0.00004
231,1,,,,,0.00022,0.00000,3.8,0.00004,1,,,,,0.00022,0.00000,3.2,0.00004
232,1,,,,,0.00022,0.00001,3.8,0.00004,1,,,,,0.00022,0.00000,3.2,0.00004
233,1,,,,,0.00022,0.00000,3.8,0.00004,1,,,,,0.00022,0.00001,3.1,0.00004
234,1,,,,,0.00022,0.00001,3.8,0.00004,1,,,,,0.00022,0.00000,3.2,0.00004
235,1,,,,,0.00022,0.00000,3.9,0.00004,1,,,,,0.00022,0.00000,3.2,0.00004
236,1,,,,,0.00022,0.00000,3.9,0.00004,1,,,,,0.00022,0.00000,3.2,0.00003
237,1,,,,,0.00022,0.00000,3.8,0.00004,1,,,,,0.00022,0.00000,3.2,0.00003
238,1,,,,,0.00022,0.00000,3.8,0.00004,1,,,,,0.00022,0.00000,3.2,0.00004
239,1,,,,,0.00022,0.00000,3.6,0.00004,1,,,,,0.00022,0.00000,3.2,0.00004
240,1,,,,,0.00022,0.00000,3.7,0.00004,1,,,,,0.00022,0.00000,3.2,0.00004
241,1,,,,,0.00022,0.00000,3.6,0.00004,1,,,,,0.00022,0.00000,3.2,0.00004
242,1,,,,,0.00022,0.00001,3.6,0.00004,1,,,,,0.00022,0.00001,3.1,0.00004
243,1,,,,,0.00022,0.00000,3.7,0.00004,1,,,,,0.00022,0.00000,3.2,0.00004
244,1,,,,,0.00022,0.00000,3.6,0.00004,1,,,,,0.00022,0.00000,3.1,0.00003
245,1,,,,,0.00022,0.00000,3.6,0.00004,1,,,,,0.00022,0.00000,3.1,0.00003
246,1,,,,,0.00022,0.00000,3.6,0.00004,1,,,,,0.00022,0.00000,3.2,0.00004
247,1,,,,,0.00022,0.00000,3.7,0.00004,1,,,,,0.00022,0.00000,3.1,0.00003
248,1,,,,,0.00022,0.00000,3.6,0.00004,1,,,,,0.00022,0.00000,3.1,0.00003
249,1,,,,,0.00022,0.00001,3.6,0.00004,1,,,,,0.00022,0.00000,3.1,0.00004
250,1,,,,,0.00022,0.00000,3.6,0.00004,1,,,,,0.00022,0.00000,3.2,0.00004
251,1,,,,,0.00022,0.00000,3.6,0.00004,1,,,,,0.00022,0.00000,3.2,0.00004
252,1,,,,,0.00022,0.00000,3.7,0.00004,1,,,,,0.00022,0.00000,3.2,0.00004
253,1,,,,,0.00022,0.00000,3.6,0.00004,1,,,,,0.00022,0.00001,3.1,0.00004
254,1,,,,,0.00022,0.00000,3.6,0.00004,1,,,,,0.00022,0.00000,3.2,0.00004
255,1,,,,,0.00022,0.00000,3.6,0.00004,1,,,,,0.00022,0.00000,3.2,0.00004
256,1,,,,,0.00022,0.00000,3.6,0.00004,1,,,,,0.00022,0.00000,3.1,0.00004
257,1,,,,,0.00022,0.00000,3.6,0.00004,1,,,,,0.00022,0.00000,3.2,0.00004
258,1,,,,,0.00022,0.00000,3.5,0.00004,1,,,,,0.00022,0.00000,3.2,0.00004
259,1,,,,,0.00022,0.00000,3.6,0.00004,1,,,,,0.00022,0.00001,3.1,0.00004
260,1,,,,,0.00022,0.00001,3.7,0.00004,1,,,,,0.00022,0.00000,3.2,0.00004
261,1,,,,,0.00022,0.00000,3.5,0.00004,1,,,,,0.00022,0.00000,3.1,0.00004
262,1,,,,,0.00022,0.00000,3.5,0.00004,1,,,,,0.00022,0.00000,3.1,0.00004
263,1,,,,,0.00022,0.00000,3.6,0.00004,1,,,,,0.00022,0.00000,3.1,0.00004
264,1,,,,,0.00022,0.00000,3.6,0.00004,1,,,,,0.00022,0.00000,3.1,0.00004
265,1,,,,,0.00022,0.00000,3.6,0.00004,1,,,,,0.00022,0.00000,3.1,0.00004
266,1,,,,,0.00022,0.00000,3.6,0.00004,1,,,,,0.00022,0.00001,3.2,0.00004
267,1,,,,,0.00022,0.00000,3.6,0.00004,1,,,,,0.00022,0.00000,3.2,0.00004
268,1,,,,,0.00022,0.00000,3.6,0.00004,1,,,,,0.00022,0.00000,3.1,0.00004
269,1,,,,,0.00022,0.00000,3.5,0.00004,1,,,,,0.00022,0.00000,3.2,0.00004
270,1,,,,,0.00022,0.00000,3.5,0.00004,1,,,,,0.00022,0.00000,3.1,0.00004
271,1,,,,,0.00022,0.00000,3.6,0.00004,1,,,,,0.00022,0.00000,3.2,0.00004
272,1,,,,,0.00022,0.00000,3.6,0.00004,1,,,,,0.00022,0.00000,3.1,0.00004
273,1,,,,,0.00022,0.00000,3.5,0.00004,1,,,,,0.00022,0.00000,3.2,0.00004
274,1,,,,,0.00022,0.00000,3.5,0.00004,1,,,,,0.00022,0.00000,3.1,0.00004
275,1,,,,,0.00022,0.00001,3.6,0.00004,1,,,,,0.00022,0.00000,3.2,0.00004
276,1,,,,,0.00022,0.00000,3.5,0.00004,1,,,,,0.00022,0.00000,3.2,0.00004
277,1,,,,,0.00022,0.00001,3.5,0.00004,1,,,,,0.00022,0.00000,3.2,0.00004
278,1,,,,,0.00022,0.00000,3.6,0.00004,1,,,,,0.00022,0.00001,3.2,0.00004
279,1,,,,,0.00022,0.00000,3.5,0.00004,1,,,,,0.00022,0.00000,3.2,0.00004
280,1,,,,,0.00022,0.00000,3.6,0.00004,1,,,,,0.00022,0.00000,3.2,0.00004
281,1,,,,,0.00022,0.00000,3.6,0.00004,1,,,,,0.00022,0.00000,3.2,0.00004
282,1,,,,,0.00022,0.00001,3.6,0.00004,1,,,,,0.00022,0.00000,3.2,0.00004
283,1,,,,,0.00022,0.00000,3.5,0.00004,1,,,,,0.00022,0.00000,3.2,0.00004
284,1,,,,,0.00022,0.00000,3.5,0.00004,1,,,,,0.00022,0.00000,3.2,0.00004
285,1,,,,,0.00022,0.00000,3.6,0.00004,1,,,,,0.00022,0.00000,3.2,0.00004
286,1,,,,,0.00022,0.00001,3.5,0.00004,1,,,,,0.00022,0.00000,3.2,0.00004
287,1,,,,,0.00022,0.00000,3.5,0.00004,1,,,,,0.00022,0.00000,3.3,0.00004
288,1,,,,,0.00022,0.00000,3.5,0.00004,1,,,,,0.00022,0.00001,3.3,0.00004
289,1,,,,,0.00022,0.00000,3.6,0.00004,1,,,,,0.00022,0.00000,3.2,0.00004
290,1,,,,,0.00022,0.00000,3.5,0.00004,1,,,,,0.00022,0.00000,3.2,0.00004
291,1,,,,,0.00022,0.00000,3.5,0.00004,1,,,,,0.00022,0.00001,3.2,0.00004
292,1,,,,,0.00022,0.00000,3.5,0.00004,1,,,,,0.00022,0.00000,3.2,0.00004
293,1,,,,,0.00022,0.00000,3.5,0.00004,1,,,,,0.00022,0.00000,3.2,0.00004
294,1,,,,,0.00022,0.00000,3.5,0.00004,1,,,,,0.00022,0.00000,3.2,0.00004
295,1,,,,,0.00022,0.00000,3.5,0.00004,1,,,,,0.00022,0.00001,3.2,0.00004
296,1,,,,,0.00022,0.00000,3.5,0.00004,1,,,,,0.00022,0.00001,3.3,0.00004
297,1,,,,,0.00022,0.00000,3.6,0.00004,1,,,,,0.00022,0.00000,3.3,0.00004
298,1,,,,,0.00022,0.00000,3.6,0.00004,1,,,,,0.00022,0.00001,3.3,0.00004
299,1,,,,,0.00022,0.00001,3.5,0.00004,1,,,,,0.00022,0.00000,3.2,0.00004
300,1,,,,,0.00022,0.00000,3.5,0.00004,1,,,,,0.00022,0.00000,3.3,0.00004
301,1,,,,,0.00022,0.00000,3.5,0.00004,1,,,,,0.00022,0.00000,3.4,0.00004
302,1,,,,,0.00022,0.00000,3.7,0.00004,1,,,,,0.00022,0.00000,3.4,0.00004
303,1,,,,,0.00022,0.00000,3.8,0.00004,1,,,,,0.00022,0.00000,3.3,0.00004
304,1,,,,,0.00022,0.00000,3.8,0.00004,1,,,,,0.00022,0.00000,3.3,0.00004
305,1,,,,,0.00022,0.00001,3.8,0.00004,1,,,,,0.00022,0.00000,3.5,0.00004
306,1,,,,,0.00022,0.00000,3.8,0.00004,1,,,,,0.00022,0.00001,3.6,0.00004
307,1,,,,,0.00022,0.00000,3.8,0.00004,1,,,,,0.00022,0.00000,3.5,0.00004
308,1,,,,,0.00022,0.00000,3.8,0.00004,1,,,,,0.00022,0.00000,3.5,0.00004
309,1,,,,,0.00022,0.00000,3.8,0.00004,1,,,,,0.00022,0.00001,3.5,0.00004
310,1,,,,,0.00022,0.00000,3.9,0.00004,1,,,,,0.00022,0.00000,3.5,0.00004
311,1,,,,,0.00022,0.00000,3.8,0.00004,1,,,,,0.00022,0.00000,3.5,0.00004
312,1,,,,,0.00022,0.00000,3.8,0.00004,1,,,,,0.00022,0.00001,3.5,0.00004
313,1,,,,,0.00022,0.00001,3.8,0.00004,1,,,,,0.00022,0.00000,3.5,0.00004
314,1,,,,,0.00022,0.00000,3.8,0.00004,1,,,,,0.00022,0.00000,3.5,0.00004
315,1,,,,,0.00022,0.00000,3.8,0.00004,1,,,,,0.00022,0.00000,3.5,0.00004
316,1,,,,,0.00022,0.00000,3.7,0.00004,1,,,,,0.00022,0.00000,3.5,0.00004
317,1,,,,,0.00022,0.00000,3.8,0.00004,1,,,,,0.00022,0.00001,3.6,0.00004
318,1,,,,,0.00022,0.00001,3.5,0.00004,1,,,,,0.00022,0.00000,3.5,0.00004
319,1,,,,,0.00022,0.00000,3.5,0.00004,1,,,,,0.00022,0.00000,3.6,0.00004
320,1,,,,,0.00022,0.00000,3.7,0.00004,1,,,,,0.00022,0.00000,3.6,0.00004
321,1,,,,,0.00022,0.00000,3.6,0.00004,1,,,,,0.00022,0.00000,3.6,0.00004
322,1,,,,,0.00022,0.00000,3.5,0.00004,1,,,,,0.00022,0.00000,3.6,0.00004
323,1,,,,,0.00022,0.00000,3.5,0.00004,1,,,,,0.00022,0.00000,3.5,0.00004
324,1,,,,,0.00022,0.00000,3.5,0.00004,1,,,,,0.00022,0.00000,3.6,0.00004
325,1,,,,,0.00022,0.00000,3.5,0.00004,1,,,,,0.00022,0.00000,3.6,0.00004
326,1,,,,,0.00022,0.00000,3.5,0.00004,1,,,,,0.00022,0.00000,3.6,0.00004
327,1,,,,,0.00022,0.00000,3.5,0.00004,1,,,,,0.00022,0.00000,3.6,0.00004
328,1,,,,,0.00022,0.00000,3.5,0.00004,1,,,,,0.00022,0.00000,3.6,0.00004
329,1,,,,,0.00022,0.00000,3.5,0.00004,1,,,,,0.00022,0.00000,3.5,0.00004
330,1,,,,,0.00022,0.00000,3.5,0.00004,1,,,,,0.00022,0.00000,3.5,0.00004
331,1,,,,,0.00022,0.00000,3.5,0.00004,1,,,,,0.00022,0.00000,3.5,0.00004
332,1,,,,,0.00022,0.00000,3.5,0.00004,1,,,,,0.00022,0.00001,3.5,0.00004
333,1,,,,,0.00022,0.00001,3.5,0.00004,1,,,,,0.00022,0.00001,3.6,0.00005
334,1,,,,,0.00022,0.00000,3.5,0.00004,1,,,,,0.00022,0.00000,3.5,0.00004
335,1,,,,,0.00022,0.00000,3.5,0.00004,1,,,,,0.00022,0.00000,3.5,0.00004
336,1,,,,,0.00022,0.00000,3.5,0.00004,1,,,,,0.00022,0.00000,3.5,0.00004
337,1,,,,,0.00022,0.00000,3.7,0.00004,1,,,,,0.00022,0.00000,3.5,0.00004
338,1,,,,,0.00022,0.00001,3.8,0.00004,1,,,,,0.00022,0.00000,3.5,0.00004
339,1,,,,,0.00022,0.00001,3.7,0.00004,1,,,,,0.00022,0.00000,3.6,0.00004
340,1,,,,,0.00022,0.00001,3.8,0.00004,1,,,,,0.00022,0.00000,3.5,0.00004
341,1,,,,,0.00022,0.00001,3.7,0.00005,1,,,,,0.00022,0.00000,3.5,0.00004
342,1,,,,,0.00022,0.00001,3.8,0.00004,1,,,,,0.00022,0.00000,3.6,0.00004
343,1,,,,,0.00022,0.00000,3.7,0.00004,1,,,,,0.00022,0.00000,3.6,0.00004
344,1,,,,,0.00022,0.00000,3.8,0.00004,1,,,,,0.00022,0.00000,3.5,0.00004
345,1,,,,,0.00022,0.00000,3.7,0.00004,1,,,,,0.00022,0.00000,3.6,0.00004
346,1,,,,,0.00022,0.00000,3.7,0.00004,1,,,,,0.00022,0.00000,3.6,0.00004
347,1,,,,,0.00022,0.00000,3.8,0.00004,1,,,,,0.00022,0.00000,3.6,0.00004
348,1,,,,,0.00022,0.00000,3.8,0.00004,1,,,,,0.00022,0.00001,3.6,0.00004
349,1,,,,,0.00022,0.00000,3.7,0.00004,1,,,,,0.00022,0.00000,3.6,0.00004
350,1,,,,,0.00022,0.00000,3.7,0.00004,1,,,,,0.00022,0.00000,3.7,0.00004
351,1,,,,,0.00022,0.00000,3.8,0.00004,1,,,,,0.00022,0.00000,3.7,0.00004
352,1,,,,,0.00022,0.00000,3.7,0.00004,1,,,,,0.00022,0.00000,3.6,0.00004
353,1,,,,,0.00022,0.00000,3.8,0.00005,1,,,,,0.00022,0.00000,3.7,0.00004
354,1,,,,,0.00022,0.00000,3.8,0.00004,1,,,,,0.00022,0.00000,3.7,0.00004
355,1,,,,,0.00022,0.00001,3.7,0.00004,1,,,,,0.00022,0.00000,3.6,0.00004
356,1,,,,,0.00022,0.00000,3.8,0.00004,1,,,,,0.00022,0.00000,3.7,0.00004
357,1,,,,,0.00022,0.00000,3.7,0.00004,1,,,,,0.00022,0.00000,3.6,0.00004
358,1,,,,,0.00022,0.00001,3.7,0.00004,1,,,,,0.00022,0.00001,3.6,0.00004
359,1,,,,,0.00022,0.00001,3.8,0.00004,1,,,,,0.00022,0.00001,3.6,0.00004
360,1,,,,,0.00022,0.00000,3.7,0.00004,1,,,,,0.00022,0.00000,3.6,0.00004
361,1,,,,,0.00022,0.00000,3.5,0.00005,1,,,,,0.00022,0.00000,3.6,0.00004
362,1,,,,,0.00022,0.00000,3.5,0.00004,1,,,,,0.00022,0.00000,3.6,0.00004
363,1,,,,,0.00022,0.00000,3.5,0.00004,1,,,,,0.00022,0.00000,3.6,0.00004
364,1,,,,,0.00022,0.00001,3.4,0.00004,1,,,,,0.09408,0.00000,475.8,0.00001
365,1,,,,,0.00022,0.00000,3.4,0.00004,1,,,,,0.01173,0.00872,234.5,0.00000
366,1,,,,,0.00022,0.00000,3.5,0.00004,1,,,,,0.01570,0.00001,381.8,0.00005
367,1,,,,,0.00022,0.00000,3.5,0.00004,1,,,,,0.11666,0.00339,669.4,0.00000
368,1,,,,,0.00022,0.00000,3.6,0.00005,1,,,,,0.07094,0.00329,713.5,0.00000
369,1,,,,,0.00022,0.00000,3.5,0.00004,1,,,,,0.04828,0.00054,328.7,0.00000
370,1,,,,,0.00022,0.00000,3.5,0.00004,1,,,,,0.00929,0.00238,993.0,0.00753
371,1,,,,,0.00022,0.00000,3.4,0.00004,1,,,,,0.01746,0.00000,437.7,0.00011
372,1,,,,,0.00022,0.00000,3.5,0.00004,1,,,,,0.01352,0.00009,334.7,0.00002
373,1,,,,,0.00022,0.00000,3.4,0.00004,1,,,,,0.03827,0.00273,411.4,0.00000
374,1,,,,,0.00022,0.00000,3.5,0.00004,1,,,,,0.03410,0.00321,387.3,0.00001
375,1,,,,,0.00022,0.00000,3.5,0.00004,1,,,,,0.04099,0.00000,487.2,0.00000
376,1,,,,,0.00022,0.00000,3.5,0.00004,1,,,,,0.04450,0.00215,589.1,0.00000
377,1,,,,,0.00022,0.00000,3.7,0.00004,1,,,,,0.02464,0.00203,247.7,0.00000
378,1,,,,,0.00022,0.00000,3.6,0.00004,1,,,,,0.08732,0.01326,544.6,0.00000
379,1,,,,,0.00022,0.00001,3.6,0.00004,1,,,,,0.02702,0.00247,421.1,0.00000
380,1,,,,,0.00022,0.00000,3.7,0.00004,1,,,,,0.06052,0.00608,428.2,0.00000
381,1,,,,,0.00022,0.00000,3.6,0.00004,1,,,,,0.06429,0.00349,435.2,0.00000
382,1,,,,,0.00022,0.00000,3.7,0.00004,1,,,,,0.03560,0.00105,413.3,0.00000
383,1,,,,,0.00022,0.00001,3.7,0.00004,1,,,,,0.02982,0.00013,389.5,0.00001
384,1,,,,,0.00022,0.00000,3.7,0.00004,1,,,,,0.01633,0.00181,274.9,0.00000
385,1,,,,,0.00022,0.00000,3.7,0.00004,1,,,,,0.00022,0.00000,13.5,0.00039
386,1,,,,,0.00022,0.00000,3.7,0.00004,1,,,,,0.03356,0.00001,516.6,0.00000
387,1,,,,,0.00022,0.00000,3.7,0.00004,1,,,,,0.01850,0.00270,609.4,0.00000
388,1,,,,,0.00022,0.00000,3.7,0.00004,1,,,,,0.00499,0.00096,296.4,0.00001
389,1,,,,,0.00022,0.00000,3.8,0.00004,1,,,,,0.00021,0.00000,3.4,0.00005
390,1,,,,,0.00022,0.00001,3.7,0.00004,1,,,,,0.02004,0.00000,392.6,0.00001
391,1,,,,,0.00022,0.00001,3.5,0.00004,1,,,,,0.01246,0.00609,181.8,0.00001
392,1,,,,,0.00022,0.00000,3.4,0.00004,1,,,,,0.02472,0.00001,256.1,0.00000
393,1,,,,,0.00022,0.00000,3.5,0.00004,1,,,,,0.05095,0.00317,378.0,0.00000
394,1,,,,,0.00022,0.00000,3.4,0.00004,1,,,,,0.08291,0.02073,617.4,0.00000
395,1,,,,,0.00022,0.00001,3.4,0.00004,1,,,,,0.04394,0.00181,448.2,0.00000
396,1,,,,,0.00022,0.00000,3.5,0.00004,1,,,,,0.00062,0.00039,1342.1,0.06200
397,1,,,,,0.00022,0.00000,3.5,0.00004,1,,,,,0.08545,0.00006,563.8,0.00000
398,1,,,,,0.00022,0.00000,3.4,0.00004,1,,,,,0.05523,0.00318,489.9,0.00001
399,1,,,,,0.00022,0.00000,3.5,0.00004,1,,,,,0.00222,0.00223,7629.9,0.13032
400,1,,,,,0.00022,0.00000,3.4,0.00004,1,,,,,0.05734,0.00010,494.5,0.00004
401,1,,,,,0.00022,0.00000,3.4,0.00004,1,,,,,0.01536,0.01311,235.9,0.00134
402,1,,,,,0.00022,0.00000,3.4,0.00004,1,,,,,0.00234,0.00177,6585.0,0.15857
403,1,,,,,0.00022,0.00000,3.5,0.00004,1,,,,,0.06684,0.00002,511.8,0.00001
404,1,,,,,0.00022,0.00000,3.5,0.00004,1,,,,,0.08491,0.00753,485.5,0.00002
405,1,,,,,0.00022,0.00000,3.5,0.00004,1,,,,,0.00320,0.00078,4371.4,0.13607
406,1,,,,,0.00022,0.00000,3.4,0.00004,1,,,,,0.01302,0.00114,338.3,0.00007
407,1,,,,,0.00022,0.00000,3.5,0.00004,1,,,,,0.00741,0.00006,4409.8,0.10335
408,1,,,,,0.00022,0.00000,3.5,0.00004,1,,,,,0.04773,0.00165,776.9,0.00001
409,1,,,,,0.00022,0.00000,3.4,0.00004,1,,,,,0.05022,0.00237,710.9,0.00001
410,1,,,,,0.00022,0.00000,3.5,0.00004,1,,,,,0.04055,0.00001,423.6,0.00001
411,1,,,,,0.00022,0.00000,3.4,0.00004,1,,,,,0.02134,0.00336,269.5,0.00000
412,1,,,,,0.00022,0.00000,3.4,0.00004,1,,,,,0.00800,0.00000,4404.1,0.03298
413,1,,,,,0.00022,0.00001,3.5,0.00004,1,,,,,0.03735,0.00170,300.2,0.00013
414,1,,,,,0.00022,0.00001,3.5,0.00004,1,,,,,0.05683,0.00526,336.3,0.00001
415,1,,,,,0.00022,0.00000,3.5,0.00004,1,,,,,0.00032,0.00019,14.0,0.00028
416,1,,,,,0.00022,0.00001,3.4,0.00004,1,,,,,0.01274,0.00003,234.5,0.00003
417,1,,,,,0.00022,0.00000,3.4,0.00004,1,,,,,0.03827,0.00372,303.1,0.00000
418,1,,,,,0.00022,0.00000,3.4,0.00004,1,,,,,0.07561,0.00284,985.7,0.00003
419,1,,,,,0.00022,0.00000,3.5,0.00004,1,,,,,0.05409,0.00123,454.4,0.00002
420,1,,,,,0.00022,0.00000,3.5,0.00005,1,,,,,0.01117,0.00005,4176.8,0.01516
421,1,,,,,0.00022,0.00001,3.5,0.00004,1,,,,,0.08313,0.00251,564.9,0.00001
422,1,,,,,0.00022,0.00000,3.4,0.00004,1,,,,,0.02839,0.00256,494.5,0.00005
423,1,,,,,0.00022,0.00000,3.4,0.00004,1,,,,,0.05839,0.01264,715.2,0.00003
424,1,,,,,0.00022,0.00000,3.5,0.00004,1,,,,,0.00390,0.00052,343.7,0.01235
425,1,,,,,0.00022,0.00000,3.5,0.00004,1,,,,,0.03630,0.00162,448.2,0.00000
426,1,,,,,0.00022,0.00000,3.4,0.00004,1,,,,,0.06482,0.00097,544.7,0.00000
427,1,,,,,0.00022,0.00000,3.5,0.00004,1,,,,,0.02557,0.01048,428.2,0.00002
428,1,,,,,0.00022,0.00000,3.4,0.00004,1,,,,,0.02291,0.00000,437.6,0.00000
429,1,,,,,0.00022,0.00000,3.4,0.00004,1,,,,,0.01100,0.00009,921.6,0.00347
430,1,,,,,0.00022,0.00000,3.4,0.00004,1,,,,,0.02872,0.00326,318.8,0.00000
431,1,,,,,0.00022,0.00000,3.4,0.00004,1,,,,,0.06864,0.00370,424.7,0.00000
432,1,,,,,0.00022,0.00001,3.4,0.00004,1,,,,,0.03771,0.00401,293.4,0.00000
433,1,,,,,0.00022,0.00000,3.5,0.00004,1,,,,,0.03442,0.01130,365.2,0.00001
434,1,,,,,0.00022,0.00000,3.4,0.00004,1,,,,,0.02166,0.00001,468.5,0.00066
435,1,,,,,0.00022,0.00000,3.5,0.00004,1,,,,,0.08576,0.00099,738.4,0.00001
436,1,,,,,0.00022,0.00000,3.5,0.00004,1,,,,,0.05675,0.02975,553.3,0.00000
437,1,,,,,0.00022,0.00000,3.4,0.00004,1,,,,,0.02147,0.00387,451.1,0.00001
438,1,,,,,0.00022,0.00001,3.4,0.00004,1,,,,,0.00185,0.00002,3804.2,0.08276
439,1,,,,,0.00022,0.00000,3.5,0.00004,1,,,,,0.00147,0.00324,3568.6,0.07047
440,1,,,,,0.00022,0.00000,3.4,0.00004,1,,,,,0.04978,0.00000,503.0,0.00002
441,1,,,,,0.00022,0.00000,3.5,0.00004,1,,,,,0.11496,0.02053,610.0,0.00001
442,1,,,,,0.00022,0.00000,3.4,0.00004,1,,,,,0.11462,0.02143,843.9,0.00000
443,1,,,,,0.00022,0.00000,3.5,0.00004,1,,,,,0.04031,0.01253,532.8,0.00060
444,1,,,,,0.00022,0.00001,3.5,0.00004,1,,,,,0.02788,0.00055,506.8,0.00006
445,1,,,,,0.00022,0.00001,3.4,0.00004,1,,,,,0.03146,0.00074,287.9,0.00000
446,1,,,,,0.00022,0.00000,3.4,0.00004,1,,,,,0.04611,0.00094,724.4,0.00002
447,1,,,,,0.00022,0.00000,3.4,0.00004,1,,,,,0.00895,0.00142,225.8,0.00001
448,1,,,,,0.00022,0.00000,3.4,0.00004,1,,,,,0.07416,0.00006,450.7,0.00000
449,1,,,,,0.00022,0.00000,3.4,0.00004,1,,,,,0.02477,0.01330,672.9,0.01016
450,1,,,,,0.00022,0.00000,3.4,0.00004,1,,,,,0.00740,0.00043,2294.5,0.06432
451,1,,,,,0.00022,0.00000,3.4,0.00004,1,,,,,0.04105,0.00119,616.2,0.00003
452,1,,,,,0.00022,0.00000,3.6,0.00004,1,,,,,0.03197,0.00496,347.7,0.00000
453,1,,,,,0.00022,0.00000,3.5,0.00004,1,,,,,0.02732,0.00809,447.6,0.00001
454,1,,,,,0.00022,0.00000,3.4,0.00004,1,,,,,0.04309,0.00097,429.4,0.00000
455,1,,,,,0.00022,0.00000,3.4,0.00004,1,,,,,0.07197,0.00930,458.1,0.00001
456,1,,,,,0.00022,0.00000,3.5,0.00004,1,,,,,0.01688,0.00263,340.0,0.00003
457,1,,,,,0.00022,0.00000,3.4,0.00004,1,,,,,0.00042,0.00004,617.6,0.02850
458,1,,,,,0.00022,0.00000,3.6,0.00005,1,,,,,0.00217,0.00105,7064.1,0.02624
459,1,,,,,0.00022,0.00000,3.7,0.00004,1,,,,,0.00022,0.00008,3.2,0.00005
460,1,,,,,0.00022,0.00000,3.6,0.00004,1,,,,,0.03125,0.00000,407.9,0.00002
461,1,,,,,0.00022,0.00000,3.6,0.00004,1,,,,,0.02641,0.01672,330.6,0.00171
462,1,,,,,0.00022,0.00001,3.7,0.00004,1,,,,,0.03053,0.00114,287.8,0.00004
463,1,,,,,0.00022,0.00001,3.7,0.00004,1,,,,,0.05283,0.00063,267.6,0.00001
464,1,,,,,0.00022,0.00001,3.6,0.00004,1,,,,,0.05355,0.00390,349.3,0.00003
465,1,,,,,0.00022,0.00001,3.7,0.00004,1,,,,,0.05746,0.00015,544.9,0.00002
466,1,,,,,0.00022,0.00001,3.7,0.00004,1,,,,,0.04820,0.00088,280.7,0.00000
467,1,,,,,0.00022,0.00000,3.5,0.00004,1,,,,,0.07530,0.00776,563.1,0.00001
468,1,,,,,0.00022,0.00000,3.6,0.00004,1,,,,,0.03002,0.00315,836.0,0.01218
469,1,,,,,0.00022,0.00000,3.6,0.00004,1,,,,,0.00783,0.00022,3885.6,0.13262
470,1,,,,,0.00022,0.00000,3.5,0.00004,1,,,,,0.04632,0.00052,645.7,0.00001
471,1,,,,,0.00022,0.00001,3.6,0.00004,1,,,,,0.00366,0.00008,3634.6,0.02930
472,1,,,,,0.00022,0.00000,3.6,0.00004,1,,,,,0.02299,0.00098,401.8,0.00001
473,1,,,,,0.00022,0.00000,3.6,0.00004,1,,,,,0.00280,0.00010,220.2,0.00181
474,1,,,,,0.00022,0.00000,3.6,0.00004,1,,,,,0.07558,0.00077,566.6,0.00000
475,1,,,,,0.00022,0.00000,3.6,0.00004,1,,,,,0.04672,0.02594,483.4,0.00000
476,1,,,,,0.00022,0.00000,3.6,0.00004,1,,,,,0.03868,0.00005,491.0,0.00000
477,1,,,,,0.00022,0.00001,3.6,0.00004,1,,,,,0.04880,0.00768,660.5,0.00001
478,1,,,,,0.00022,0.00000,3.5,0.00004,1,,,,,0.03836,0.00431,597.7,0.00002
479,1,,,,,0.00022,0.00000,3.6,0.00004,1,,,,,0.00811,0.00053,359.5,0.00008
480,1,,,,,0.00022,0.00001,3.6,0.00004,1,,,,,0.01508,0.00003,669.0,0.00002
481,1,,,,,0.00022,0.00000,3.6,0.00004,1,,,,,0.00109,0.00023,51.5,0.00122
482,1,,,,,0.00022,0.00001,3.6,0.00004,1,,,,,0.03703,0.00001,699.3,0.00001
483,1,,,,,0.00022,0.00000,3.6,0.00004,1,,,,,0.06091,0.00259,775.6,0.00001
484,1,,,,,0.00022,0.00000,3.6,0.00004,1,,,,,0.01493,0.00005,394.3,0.00003
485,1,,,,,0.00022,0.00000,3.6,0.00004,1,,,,,0.00620,0.00021,6124.1,0.11029
486,1,,,,,0.00022,0.00001,3.6,0.00004,1,,,,,0.00232,0.00048,3091.6,0.07382
487,1,,,,,0.00022,0.00000,3.7,0.00004,1,,,,,0.05823,0.00002,436.8,0.00000
488,1,,,,,0.00022,0.00001,3.8,0.00004,1,,,,,0.04263,0.00045,322.3,0.00000
489,1,,,,,0.00022,0.00000,3.8,0.00004,1,,,,,0.02984,0.00040,593.8,0.00003
490,1,,,,,0.00022,0.00000,3.8,0.00004,1,,,,,0.02263,0.00187,433.6,0.00002
491,1,,,,,0.00022,0.00000,3.8,0.00004,1,,,,,0.00883,0.00002,272.9,0.00008
492,1,,,,,0.00022,0.00000,3.7,0.00004,1,,,,,0.00813,0.00013,206.1,0.00002
493,1,,,,,0.00022,0.00000,3.7,0.00004,1,,,,,0.05476,0.00000,572.3,0.00002
494,1,,,,,0.00022,0.00000,3.8,0.00005,1,,,,,0.06391,0.01691,681.2,0.00001
495,1,,,,,0.00022,0.00001,3.7,0.00004,1,,,,,0.02355,0.00007,623.6,0.00001
496,1,,,,,0.00022,0.00000,3.7,0.00005,1,,,,,0.01140,0.00158,520.7,0.00001
497,1,,,,,0.00022,0.00001,3.8,0.00004,1,,,,,0.00725,0.00007,274.7,0.00004
498,1,,,,,0.00022,0.00000,3.7,0.00004,1,,,,,0.02490,0.00293,354.6,0.00001
499,1,,,,,0.00022,0.00000,3.8,0.00004,1,,,,,0.08156,0.00007,464.1,0.00001
500,1,,,,,0.00022,0.00000,3.7,0.00004,1,,,,,0.08444,0.00149,693.0,0.00001
501,1,,,,,0.00022,0.00001,3.7,0.00004,1,,,,,0.08458,0.01255,654.7,0.00002
502,1,,,,,0.00022,0.00001,3.5,0.00004,1,,,,,0.00656,0.00325,6150.4,0.09138
503,1,,,,,0.00022,0.00000,3.4,0.00004,1,,,,,0.03562,0.00600,406.6,0.00004
504,1,,,,,0.00022,0.00000,3.5,0.00004,1,,,,,0.00991,0.00006,3951.7,0.02521
505,1,,,,,0.00022,0.00000,3.5,0.00004,1,,,,,0.08508,0.00070,585.3,0.00003
506,1,,,,,0.00022,0.00000,3.5,0.00004,1,,,,,0.03926,0.00017,635.9,0.00031
507,1,,,,,0.00022,0.00000,3.5,0.00004,1,,,,,0.09606,0.00336,735.2,0.00002
508,1,,,,,0.00022,0.00000,3.5,0.00004,1,,,,,0.04973,0.00463,500.5,0.00001
509,1,,,,,0.00022,0.00000,3.5,0.00004,1,,,,,0.03312,0.01176,397.7,0.00000
510,1,,,,,0.00022,0.00000,3.5,0.00004,1,,,,,0.07846,0.00342,542.0,0.00001
511,1,,,,,0.00022,0.00000,3.5,0.00004,1,,,,,0.01704,0.01360,583.3,0.00045
512,1,,,,,0.00022,0.00001,3.5,0.00004,1,,,,,0.06026,0.00005,505.5,0.00000
513,1,,,,,0.00022,0.00000,3.5,0.00004,1,,,,,0.00763,0.00000,5634.9,0.17320
514,1,,,,,0.00022,0.00000,3.5,0.00004,1,,,,,0.03510,0.00359,600.4,0.00002
515,1,,,,,0.00022,0.00000,3.5,0.00004,1,,,,,0.01321,0.00004,331.0,0.00006
516,1,,,,,0.00022,0.00000,3.6,0.00004,1,,,,,0.01491,0.00538,315.7,0.00002
517,1,,,,,0.00022,0.00000,3.5,0.00004,1,,,,,0.02188,0.00005,383.3,0.00000
518,1,,,,,0.00022,0.00000,3.5,0.00004,1,,,,,0.00480,0.00167,3835.3,0.05182
519,1,,,,,0.00022,0.00000,3.6,0.00004,1,,,,,0.00050,0.00058,626.1,0.03821
520,1,,,,,0.00022,0.00000,3.5,0.00004,1,,,,,0.04529,0.00002,424.9,0.00000
521,1,,,,,0.00022,0.00000,3.5,0.00004,1,,,,,0.05823,0.00737,421.5,0.00000
522,1,,,,,0.00022,0.00000,3.5,0.00004,1,,,,,0.01085,0.00747,200.0,0.00011
523,1,,,,,0.00022,0.00000,3.5,0.00004,1,,,,,0.01056,0.00010,248.9,0.00014
524,1,,,,,0.00022,0.00000,3.5,0.00004,1,,,,,0.01528,0.00063,272.0,0.00001
525,1,,,,,0.00022,0.00000,3.5,0.00004,1,,,,,0.03708,0.00052,682.2,0.00000
526,1,,,,,0.00022,0.00000,3.7,0.00004,1,,,,,0.02699,0.00067,389.8,0.00000
527,1,,,,,0.00022,0.00001,3.8,0.00004,1,,,,,0.02422,0.00070,351.8,0.00000
528,1,,,,,0.00022,0.00000,3.8,0.00004,1,,,,,0.04053,0.00042,583.4,0.00000
529,1,,,,,0.00022,0.00000,3.8,0.00004,1,,,,,0.02749,0.00068,341.8,0.00001
530,1,,,,,0.00022,0.00000,3.8,0.00004,1,,,,,0.00983,0.00165,1469.9,0.02641
531,1,,,,,0.00022,0.00001,3.8,0.00004,1,,,,,0.00057,0.00028,1067.2,0.02470
532,1,,,,,0.00022,0.00001,3.8,0.00004,1,,,,,0.01123,0.00001,324.4,0.00004
533,1,,,,,0.00022,0.00000,3.8,0.00004,1,,,,,0.00175,0.00157,5715.5,0.03083
534,1,,,,,0.00022,0.00000,3.8,0.00004,1,,,,,0.01425,0.00004,354.5,0.00002
535,1,,,,,0.00022,0.00001,3.8,0.00005,1,,,,,0.00696,0.00002,464.9,0.00015
536,1,,,,,0.00022,0.00000,3.8,0.00005,1,,,,,0.00057,0.00010,695.6,0.02689
537,1,,,,,0.00022,0.00000,3.7,0.00004,1,,,,,0.00158,0.00286,6481.4,0.12440
538,1,,,,,0.00022,0.00000,3.7,0.00004,1,,,,,0.03492,0.00002,401.1,0.00004
539,1,,,,,0.00022,0.00000,3.8,0.00004,1,,,,,0.04076,0.01110,491.5,0.00001
540,1,,,,,0.00022,0.00001,3.7,0.00004,1,,,,,0.01938,0.00253,544.1,0.00000
541,1,,,,,0.00022,0.00000,3.8,0.00004,1,,,,,0.00214,0.00028,128.5,0.00005
542,1,,,,,0.00022,0.00000,3.7,0.00004,1,,,,,0.00021,0.00001,3.2,0.00004
543,1,,,,,0.00022,0.00000,3.5,0.00004,1,,,,,0.00022,0.00001,3.2,0.00004
544,1,,,,,0.00022,0.00000,3.7,0.00004,1,,,,,0.00022,0.00000,3.1,0.00004
545,1,,,,,0.00022,0.00000,3.8,0.00004,1,,,,,0.00022,0.00001,3.1,0.00004
546,1,,,,,0.00022,0.00000,3.6,0.00004,1,,,,,0.00022,0.00000,3.1,0.00004
547,1,,,,,0.00022,0.00000,3.7,0.00004,1,,,,,0.00022,0.00000,3.1,0.00004
548,1,,,,,0.00022,0.00000,3.6,0.00004,1,,,,,0.00022,0.00000,3.2,0.00004
549,1,,,,,0.00022,0.00000,3.7,0.00004,1,,,,,0.00022,0.00000,3.1,0.00004
550,1,,,,,0.00022,0.00001,3.6,0.00004,1,,,,,0.00022,0.00001,3.1,0.00004
551,1,,,,,0.00022,0.00000,3.6,0.00004,1,,,,,0.00022,0.00000,3.1,0.00004
552,1,,,,,0.00022,0.00000,3.4,0.00004,1,,,,,0.00022,0.00000,3.1,0.00004
553,1,,,,,0.00022,0.00001,3.4,0.00004,1,,,,,0.00022,0.00001,3.1,0.00004
554,1,,,,,0.00022,0.00000,3.5,0.00004,1,,,,,0.00022,0.00001,3.2,0.00004
555,1,,,,,0.00022,0.00000,3.4,0.00004,1,,,,,0.00022,0.00000,3.2,0.00003
556,1,,,,,0.00022,0.00000,3.5,0.00004,1,,,,,0.00022,0.00000,3.1,0.00003
557,1,,,,,0.00022,0.00000,3.4,0.00004,1,,,,,0.00022,0.00000,3.2,0.00004
558,1,,,,,0.00022,0.00000,3.5,0.00004,1,,,,,0.00022,0.00000,3.2,0.00004
559,1,,,,,0.00022,0.00000,3.5,0.00004,1,,,,,0.00022,0.00000,3.2,0.00003
560,1,,,,,0.00022,0.00000,3.5,0.00004,1,,,,,0.00022,0.00000,3.2,0.00004
561,1,,,,,0.00022,0.00000,3.4,0.00004,1,,,,,0.00022,0.00000,3.2,0.00004
562,1,,,,,0.00022,0.00000,3.5,0.00004,1,,,,,0.00022,0.00001,3.2,0.00004
563,1,,,,,0.00022,0.00000,3.5,0.00004,1,,,,,0.00022,0.00000,3.1,0.00003
564,1,,,,,0.00022,0.00000,3.5,0.00004,1,,,,,0.00022,0.00000,3.1,0.00004
565,1,,,,,0.00022,0.00001,3.5,0.00004,1,,,,,0.00022,0.00000,3.1,0.00004
566,1,,,,,0.00022,0.00001,3.5,0.00004,1,,,,,0.00022,0.00000,3.1,0.00004
567,1,,,,,0.00022,0.00000,3.5,0.00004,1,,,,,0.00022,0.00000,3.1,0.00004
568,1,,,,,0.00022,0.00000,3.5,0.00004,1,,,,,0.00022,0.00000,3.1,0.00004
569,1,,,,,0.00022,0.00000,3.5,0.00004,1,,,,,0.00022,0.00000,3.1,0.00004
570,1,,,,,0.00022,0.00000,3.4,0.00004,1,,,,,0.00022,0.00001,3.1,0.00004
571,1,,,,,0.00022,0.00000,3.4,0.00004,1,,,,,0.00022,0.00000,3.2,0.00004
572,1,,,,,0.00022,0.00000,3.4,0.00004,1,,,,,0.00022,0.00000,3.1,0.00004
573,1,,,,,0.00022,0.00000,3.4,0.00004,1,,,,,0.00022,0.00000,3.1,0.00004
574,1,,,,,0.00022,0.00000,3.5,0.00004,1,,,,,0.00022,0.00000,3.2,0.00004
575,1,,,,,0.00022,0.00000,3.4,0.00004,1,,,,,0.00022,0.00000,3.1,0.00004
576,1,,,,,0.00022,0.00000,3.4,0.00004,1,,,,,0.00022,0.00000,3.2,0.00004
577,1,,,,,0.00022,0.00001,3.5,0.00004,1,,,,,0.00022,0.00000,3.2,0.00004
578,1,,,,,0.00022,0.00000,3.4,0.00004,1,,,,,0.00022,0.00000,3.2,0.00004
579,1,,,,,0.00022,0.00001,3.4,0.00004,1,,,,,0.00022,0.00000,3.2,0.00004
580,1,,,,,0.00022,0.00000,3.4,0.00004,1,,,,,0.00022,0.00000,3.2,0.00004
581,1,,,,,0.00022,0.00000,3.4,0.00004,1,,,,,0.00022,0.00000,3.2,0.00004
582,1,,,,,0.00022,0.00000,3.4,0.00004,1,,,,,0.00022,0.00000,3.2,0.00004
583,1,,,,,0.00022,0.00001,3.4,0.00004,1,,,,,0.00022,0.00000,3.2,0.00003
584,1,,,,,0.00022,0.00000,3.4,0.00004,1,,,,,0.00022,0.00000,3.2,0.00004
585,1,,,,,0.00022,0.00000,3.4,0.00004,1,,,,,0.00022,0.00000,3.1,0.00004
586,1,,,,,0.00022,0.00000,3.4,0.00004,1,,,,,0.00022,0.00000,3.2,0.00004
587,1,,,,,0.00022,0.00000,3.4,0.00004,1,,,,,0.00022,0.00000,3.2,0.00004
588,1,,,,,0.00022,0.00000,3.5,0.00004,1,,,,,0.00022,0.00000,3.2,0.00004
589,1,,,,,0.00022,0.00000,3.4,0.00004,1,,,,,0.00022,0.00000,3.2,0.00004
590,1,,,,,0.00022,0.00000,3.4,0.00004,1,,,,,0.00022,0.00000,3.2,0.00004
591,1,,,,,0.00022,0.00000,3.4,0.00004,1,,,,,0.00022,0.00000,3.2,0.00004
592,1,,,,,0.00022,0.00000,3.4,0.00004,1,,,,,0.00022,0.00000,3.2,0.00004
593,1,,,,,0.00022,0.00001,3.5,0.00004,1,,,,,0.00022,0.00000,3.1,0.00004
594,1,,,,,0.00022,0.00001,3.4,0.00004,1,,,,,0.00022,0.00000,3.2,0.00004
595,1,,,,,0.00022,0.00001,3.4,0.00004,1,,,,,0.00022,0.00000,3.1,0.00004
596,1,,,,,0.00022,0.00000,3.4,0.00004,1,,,,,0.00022,0.00000,3.1,0.00004
597,1,,,,,0.00022,0.00001,3.4,0.00004,1,,,,,0.00022,0.00000,3.1,0.00004
598,1,,,,,0.00022,0.00000,3.4,0.00004,1,,,,,0.00022,0.00000,3.1,0.00004
599,1,,,,,0.00022,0.00000,3.5,0.00004,1,,,,,0.00022,0.00000,3.2,0.00004
600,1,,,,,0.00022,0.00001,3.4,0.00004,1,,,,,0.00022,0.00000,3.1,0.00004
601,1,,,,,0.00022,0.00000,3.4,0.00004,1,,,,,0.00022,0.00000,3.1,0.00003
602,1,,,,,0.00022,0.00000,3.5,0.00004,1,,,,,0.00022,0.00000,3.2,0.00004
603,1,,,,,0.00022,0.00001,3.6,0.00004,1,,,,,0.00022,0.00001,3.2,0.00004
604,1,,,,,0.00022,0.00000,3.5,0.00004,1,,,,,0.00022,0.00000,3.2,0.00003
605,1,,,,,0.00022,0.00000,3.6,0.00004,1,,,,,0.00022,0.00001,3.1,0.00003
606,1,,,,,0.00022,0.00000,3.7,0.00004,1,,,,,0.00022,0.00000,3.1,0.00004
607,1,,,,,0.00022,0.00000,3.7,0.00004,1,,,,,0.00022,0.00000,3.1,0.00004
608,1,,,,,0.00022,0.00001,3.6,0.00004,1,,,,,0.00022,0.00000,3.2,0.00004
609,1,,,,,0.00022,0.00000,3.7,0.00004,1,,,,,0.00022,0.00000,3.1,0.00004
610,1,,,,,0.00022,0.00001,3.6,0.00004,1,,,,,0.00022,0.00000,3.1,0.00003
611,1,,,,,0.00022,0.00000,3.7,0.00004,1,,,,,0.00022,0.00000,3.2,0.00003
612,1,,,,,0.00022,0.00001,3.7,0.00004,1,,,,,0.00022,0.00000,3.2,0.00004
613,1,,,,,0.00022,0.00000,3.7,0.00004,1,,,,,0.00022,0.00000,3.1,0.00003
614,1,,,,,0.00022,0.00001,3.6,0.00004,1,,,,,0.00022,0.00000,3.2,0.00004
615,1,,,,,0.00022,0.00000,3.6,0.00004,1,,,,,0.00022,0.00000,3.2,0.00004
616,1,,,,,0.00022,0.00000,3.5,0.00004,1,,,,,0.00022,0.00000,3.2,0.00004
617,1,,,,,0.00022,0.00001,3.4,0.00004,1,,,,,0.00022,0.00000,3.2,0.00004
618,1,,,,,0.00022,0.00000,3.4,0.00004,1,,,,,0.00022,0.00000,3.2,0.00003
619,1,,,,,0.00022,0.00000,3.5,0.00004,1,,,,,0.00022,0.00000,3.2,0.00004
620,1,,,,,0.00022,0.00001,3.5,0.00004,1,,,,,0.00022,0.00000,3.1,0.00004
621,1,,,,,0.00022,0.00000,3.5,0.00004,1,,,,,0.00022,0.00000,3.2,0.00004
622,1,,,,,0.00022,0.00000,3.4,0.00004,1,,,,,0.00022,0.00000,3.2,0.00004
623,1,,,,,0.00022,0.00000,3.5,0.00004,1,,,,,0.00022,0.00000,3.2,0.00004
624,1,,,,,0.00022,0.00000,3.5,0.00004,1,,,,,0.00022,0.00000,3.2,0.00004
625,1,,,,,0.00022,0.00000,3.6,0.00004,1,,,,,0.00022,0.00000,3.2,0.00004
626,1,,,,,0.00022,0.00000,3.7,0.00004,1,,,,,0.00022,0.00000,3.2,0.00004
627,1,,,,,0.00022,0.00001,3.7,0.00004,1,,,,,0.00022,0.00000,3.2,0.00004
628,1,,,,,0.00022,0.00000,3.6,0.00004,1,,,,,0.00022,0.00000,3.2,0.00004
629,1,,,,,0.00022,0.00000,3.6,0.00004,1,,,,,0.00022,0.00001,3.3,0.00004
630,1,,,,,0.00022,0.00000,3.8,0.00004,1,,,,,0.00022,0.00000,3.2,0.00004
631,1,,,,,0.00022,0.00000,3.8,0.00004,1,,,,,0.00022,0.00000,3.3,0.00004
632,1,,,,,0.00022,0.00000,3.7,0.00004,1,,,,,0.00022,0.00000,3.2,0.00004
633,1,,,,,0.00022,0.00000,3.8,0.00004,1,,,,,0.00022,0.00000,3.3,0.00004
634,1,,,,,0.00022,0.00000,3.7,0.00004,1,,,,,0.00022,0.00000,3.3,0.00004
635,1,,,,,0.00022,0.00000,3.7,0.00004,1,,,,,0.00022,0.00000,3.3,0.00004
636,1,,,,,0.00022,0.00000,3.7,0.00004,1,,,,,0.00022,0.00000,3.3,0.00004
637,1,,,,,0.00022,0.00000,3.7,0.00004,1,,,,,0.00022,0.00000,3.3,0.00004
638,1,,,,,0.00022,0.00000,3.7,0.00004,1,,,,,0.00022,0.00000,3.2,0.00004
639,1,,,,,0.00022,0.00000,3.7,0.00004,1,,,,,0.00022,0.00000,3.2,0.00004
640,1,,,,,0.00022,0.00000,3.7,0.00004,1,,,,,0.00022,0.00000,3.2,0.00004
641,1,,,,,0.00022,0.00000,3.7,0.00004,1,,,,,0.00022,0.00000,3.2,0.00004
642,1,,,,,0.00022,0.00001,3.7,0.00004,1,,,,,0.00022,0.00000,3.2,0.00004
643,1,,,,,0.00022,0.00000,3.7,0.00004,1,,,,,0.00022,0.00000,3.2,0.00004
644,1,,,,,0.00022,0.00001,3.6,0.00004,1,,,,,0.00022,0.00000,3.2,0.00003
645,1,,,,,0.00022,0.00000,3.7,0.00004,1,,,,,0.00022,0.00000,3.2,0.00003
646,1,,,,,0.00022,0.00000,3.7,0.00004,1,,,,,0.00022,0.00000,3.2,0.00004
647,1,,,,,0.00022,0.00000,3.7,0.00004,1,,,,,0.00022,0.00000,3.2,0.00004
648,1,,,,,0.00022,0.00000,3.7,0.00004,1,,,,,0.00022,0.00000,3.2,0.00004
649,1,,,,,0.00022,0.00000,3.7,0.00004,1,,,,,0.00022,0.00001,3.1,0.00004
650,1,,,,,0.00022,0.00001,3.6,0.00004,1,,,,,0.00022,0.00000,3.1,0.00004
651,1,,,,,0.00022,0.00001,3.7,0.00005,1,,,,,0.00022,0.00000,3.2,0.00004
652,1,,,,,0.00022,0.00000,3.6,0.00005,1,,,,,0.00022,0.00000,3.2,0.00004
653,1,,,,,0.00022,0.00001,3.7,0.00004,1,,,,,0.00022,0.00000,3.2,0.00004
654,1,,,,,0.00022,0.00001,3.7,0.00004,1,,,,,0.00022,0.00000,3.2,0.00004
655,1,,,,,0.00022,0.00000,3.7,0.00004,1,,,,,0.00022,0.00000,3.2,0.00004
656,1,,,,,0.00022,0.00000,3.8,0.00004,1,,,,,0.00022,0.00000,3.3,0.00004
657,1,,,,,0.00022,0.00000,3.5,0.00004,1,,,,,0.00022,0.00000,3.3,0.00004
658,1,,,,,0.00022,0.00000,3.7,0.00004,1,,,,,0.00022,0.00000,3.3,0.00004
659,1,,,,,0.00022,0.00000,3.5,0.00004,1,,,,,0.00022,0.00000,3.3,0.00004
660,1,,,,,0.00022,0.00000,3.4,0.00004,1,,,,,0.00022,0.00000,3.3,0.00004
661,1,,,,,0.00022,0.00000,3.5,0.00004,1,,,,,0.00022,0.00000,3.3,0.00004
662,1,,,,,0.00022,0.00000,3.5,0.00004,1,,,,,0.00022,0.00001,3.3,0.00004
663,1,,,,,0.00022,0.00000,3.5,0.00004,1,,,,,0.00022,0.00000,3.4,0.00004
664,1,,,,,0.00022,0.00001,3.6,0.00004,1,,,,,0.00022,0.00000,3.7,0.00004
665,1,,,,,0.00022,0.00000,3.5,0.00004,1,,,,,0.00022,0.00000,3.7,0.00004
666,1,,,,,0.00022,0.00000,3.5,0.00004,1,,,,,0.00022,0.00000,3.4,0.00004
667,1,,,,,0.00022,0.00000,3.5,0.00004,1,,,,,0.00022,0.00000,3.5,0.00004
668,1,,,,,0.00022,0.00000,3.5,0.00004,1,,,,,0.00022,0.00000,3.5,0.00004
669,1,,,,,0.00022,0.00000,3.5,0.00004,1,,,,,0.00022,0.00000,3.4,0.00004
670,1,,,,,0.00022,0.00000,3.5,0.00004,1,,,,,0.00022,0.00000,3.5,0.00004
671,1,,,,,0.00022,0.00000,3.5,0.00004,1,,,,,0.00022,0.00000,3.5,0.00004
672,1,,,,,0.00022,0.00000,3.4,0.00004,1,,,,,0.00022,0.00001,3.5,0.00004
673,1,,,,,0.00022,0.00000,3.5,0.00004,1,,,,,0.00022,0.00000,3.6,0.00004
674,1,,,,,0.00022,0.00000,3.5,0.00004,1,,,,,0.00022,0.00000,3.5,0.00005
675,1,,,,,0.00022,0.00001,3.5,0.00004,1,,,,,0.00022,0.00001,3.5,0.00004
676,1,,,,,0.00022,0.00000,3.5,0.00004,1,,,,,0.00022,0.00000,3.5,0.00004
677,1,,,,,0.00022,0.00000,3.8,0.00004,1,,,,,0.00022,0.00001,3.5,0.00004
678,1,,,,,0.00022,0.00000,3.5,0.00004,1,,,,,0.00022,0.00000,3.5,0.00004
679,1,,,,,0.00022,0.00000,3.8,0.00004,1,,,,,0.00022,0.00000,3.5,0.00004
680,1,,,,,0.00022,0.00000,3.8,0.00004,1,,,,,0.00022,0.00001,3.5,0.00004
681,1,,,,,0.00022,0.00000,3.8,0.00004,1,,,,,0.00022,0.00001,3.5,0.00004
682,1,,,,,0.00022,0.00001,3.8,0.00005,1,,,,,0.00022,0.00001,3.6,0.00005
683,1,,,,,0.00022,0.00000,3.7,0.00004,1,,,,,0.00022,0.00000,3.5,0.00004
684,1,,,,,0.00022,0.00000,3.8,0.00004,1,,,,,0.00022,0.00001,3.5,0.00004
685,1,,,,,0.00022,0.00000,3.8,0.00004,1,,,,,0.00022,0.00001,3.4,0.00004
686,1,,,,,0.00022,0.00000,3.7,0.00004,1,,,,,0.00022,0.00000,3.5,0.00004
687,1,,,,,0.00022,0.00000,3.8,0.00004,1,,,,,0.00022,0.00001,3.5,0.00004
688,1,,,,,0.00022,0.00000,3.8,0.00004,1,,,,,0.00022,0.00001,3.5,0.00004
689,1,,,,,0.00022,0.00001,3.6,0.00004,1,,,,,0.00022,0.00000,3.5,0.00004
690,1,,,,,0.00022,0.00000,3.8,0.00004,1,,,,,0.00022,0.00000,3.5,0.00004
691,1,,,,,0.00022,0.00000,3.8,0.00004,1,,,,,0.00022,0.00000,3.5,0.00004
692,1,,,,,0.00022,0.00000,3.7,0.00004,1,,,,,0.00022,0.00000,3.5,0.00005
693,1,,,,,0.00022,0.00000,3.5,0.00004,1,,,,,0.00022,0.00000,3.5,0.00004
694,1,,,,,0.00022,0.00000,3.4,0.00004,1,,,,,0.00022,0.00000,3.5,0.00004
695,1,,,,,0.00022,0.00000,3.5,0.00004,1,,,,,0.00022,0.00001,3.6,0.00004
696,1,,,,,0.00022,0.00000,3.5,0.00004,1,,,,,0.00022,0.00001,3.5,0.00004
697,1,,,,,0.00022,0.00000,3.5,0.00004,1,,,,,0.00022,0.00001,3.5,0.00004
698,1,,,,,0.00022,0.00000,3.5,0.00004,1,,,,,0.00022,0.00000,3.5,0.00004
699,1,,,,,0.00022,0.00000,3.5,0.00004,1,,,,,0.00022,0.00000,3.5,0.00004
700,1,,,,,0.00022,0.00000,3.5,0.00004,1,,,,,0.00022,0.00000,3.5,0.00004
701,1,,,,,0.00022,0.00000,3.4,0.00004,1,,,,,0.00022,0.00000,3.6,0.00004
702,1,,,,,0.00022,0.00000,3.5,0.00004,1,,,,,0.00022,0.00000,3.6,0.00004
703,1,,,,,0.00022,0.00000,3.4,0.00004,1,,,,,0.00022,0.00000,3.5,0.00004
704,1,,,,,0.00022,0.00000,3.5,0.00004,1,,,,,0.00022,0.00000,3.5,0.00004
705,1,,,,,0.00022,0.00000,3.5,0.00004,1,,,,,0.00022,0.00000,3.6,0.00004
706,1,,,,,0.00022,0.00000,3.5,0.00003,1,,,,,0.00022,0.00000,3.6,0.00004
707,1,,,,,0.00022,0.00000,3.4,0.00004,1,,,,,0.00022,0.00000,3.6,0.00004
708,1,,,,,0.00022,0.00000,3.5,0.00004,1,,,,,0.00022,0.00000,3.6,0.00004
709,1,,,,,0.00022,0.00000,3.5,0.00004,1,,,,,0.00022,0.00000,3.6,0.00004
710,1,,,,,0.00022,0.00000,3.5,0.00004,1,,,,,0.00022,0.00000,3.6,0.00004
711,1,,,,,0.00022,0.00000,3.5,0.00004,1,,,,,0.00022,0.00000,3.6,0.00004
712,1,,,,,0.00022,0.00000,3.5,0.00004,1,,,,,0.00022,0.00000,3.6,0.00004
713,1,,,,,0.00022,0.00000,3.5,0.00004,1,,,,,0.00022,0.00000,3.6,0.00004
714,1,,,,,0.00022,0.00000,3.5,0.00004,1,,,,,0.00022,0.00001,3.5,0.00004
715,1,,,,,0.00022,0.00000,3.4,0.00004,1,,,,,0.00022,0.00000,3.5,0.00004
716,1,,,,,0.00022,0.00000,3.4,0.00004,1,,,,,0.00022,0.00001,3.5,0.00004
717,1,,,,,0.00022,0.00000,3.6,0.00004,1,,,,,0.00022,0.00000,3.5,0.00004
718,1,,,,,0.00022,0.00000,3.5,0.00004,1,,,,,0.00022,0.00000,3.6,0.00004
719,1,,,,,0.00022,0.00000,3.4,0.00004,1,,,,,0.00022,0.00000,3.5,0.00004
720,1,,,,,0.00022,0.00000,3.4,0.00004,1,,,,,0.00022,0.00000,3.6,0.00004
721,1,,,,,0.00022,0.00000,3.4,0.00004,1,,,,,0.00022,0.00001,3.6,0.00004
722,1,,,,,0.00022,0.00000,3.4,0.00004,1,,,,,0.00022,0.00001,3.5,0.00004
723,1,,,,,0.00022,0.00000,3.4,0.00004,1,,,,,0.00022,0.00000,3.6,0.00004
724,1,,,,,0.00022,0.00000,3.6,0.00004,1,,,,,0.00022,0.00000,3.6,0.00004
725,1,,,,,0.00022,0.00000,3.5,0.00004,1,,,,,0.00022,0.00000,3.5,0.00004
726,1,,,,,0.00022,0.00000,3.4,0.00004,1,,,,,0.00022,0.00000,3.5,0.00004
727,1,,,,,0.00022,0.00000,3.4,0.00004,1,,,,,0.00022,0.00000,3.5,0.00004
728,1,,,,,0.00022,0.00000,3.4,0.00004,1,,,,,0.00022,0.00001,3.5,0.00004
729,1,,,,,0.00022,0.00000,3.7,0.00004,1,,,,,0.00022,0.00001,3.5,0.00004
730,1,,,,,0.00022,0.00001,3.5,0.00004,1,,,,,0.00022,0.00001,3.6,0.00004
731,1,,,,,0.00022,0.00000,3.4,0.00004,1,,,,,0.00022,0.00001,3.6,0.00004
732,1,,,,,0.00022,0.00000,3.5,0.00004,1,,,,,0.00022,0.00000,3.6,0.00004
733,1,,,,,0.00022,0.00000,3.4,0.00004,1,,,,,0.00022,0.00000,3.6,0.00004
734,1,,,,,0.00022,0.00000,3.5,0.00004,1,,,,,0.00022,0.00000,3.5,0.00004
735,1,,,,,0.00022,0.00000,3.4,0.00004,1,,,,,0.01389,0.00001,239.9,0.00000
736,1,,,,,0.00022,0.00000,3.5,0.00004,1,,,,,0.10965,0.00063,584.0,0.00001
737,1,,,,,0.00022,0.00000,3.4,0.00004,1,,,,,0.11393,0.06710,963.0,0.00004
738,1,,,,,0.00022,0.00000,3.4,0.00004,1,,,,,0.05608,0.02741,657.6,0.00001
739,1,,,,,0.00022,0.00000,3.4,0.00004,1,,,,,0.06977,0.00012,766.2,0.00002
740,1,,,,,0.00022,0.00000,3.5,0.00004,1,,,,,0.04984,0.00973,549.3,0.00001
741,1,,,,,0.00022,0.00000,3.5,0.00004,1,,,,,0.00420,0.00001,6157.4,0.09233
742,1,,,,,0.00022,0.00000,3.4,0.00004,1,,,,,0.00161,0.01328,3803.1,0.12542
743,1,,,,,0.00022,0.00000,3.4,0.00004,1,,,,,0.04066,0.00042,548.0,0.00358
744,1,,,,,0.00022,0.00000,3.4,0.00004,1,,,,,0.08165,0.00470,534.0,0.00001
745,1,,,,,0.00022,0.00000,3.5,0.00004,1,,,,,0.03830,0.00433,426.3,0.00000
746,1,,,,,0.00022,0.00000,3.5,0.00004,1,,,,,0.00872,0.00060,307.9,0.00000
747,1,,,,,0.00022,0.00000,3.5,0.00004,1,,,,,0.00022,0.00001,3.8,0.00006
748,1,,,,,0.00022,0.00000,3.4,0.00004,1,,,,,0.01258,0.00001,473.6,0.00002
749,1,,,,,0.00022,0.00001,3.4,0.00004,1,,,,,0.00970,0.00397,329.2,0.00006
750,1,,,,,0.00022,0.00000,3.5,0.00004,1,,,,,0.02505,0.00001,254.6,0.00002
751,1,,,,,0.00022,0.00000,3.5,0.00005,1,,,,,0.03066,0.00692,398.5,0.00000
752,1,,,,,0.00022,0.00000,3.6,0.00004,1,,,,,0.06933,0.00131,648.8,0.00000
753,1,,,,,0.00022,0.00000,3.5,0.00004,1,,,,,0.05496,0.00341,503.7,0.00002
754,1,,,,,0.00022,0.00000,3.6,0.00004,1,,,,,0.02671,0.00091,2689.0,0.07726
755,1,,,,,0.00022,0.00000,3.6,0.00004,1,,,,,0.01867,0.00967,280.4,0.00000
756,1,,,,,0.00022,0.00001,3.4,0.00004,1,,,,,0.13669,0.00001,542.9,0.00000
757,1,,,,,0.00022,0.00000,3.4,0.00004,1,,,,,0.08822,0.00222,474.9,0.00000
758,1,,,,,0.00022,0.00000,3.4,0.00004,1,,,,,0.05166,0.00328,393.7,0.00000
759,1,,,,,0.00022,0.00000,3.5,0.00004,1,,,,,0.05405,0.00535,549.1,0.00001
760,1,,,,,0.00022,0.00000,3.5,0.00004,1,,,,,0.06539,0.00402,565.5,0.00002
761,1,,,,,0.00022,0.00000,3.5,0.00004,1,,,,,0.00305,0.00056,5859.2,0.06955
762,1,,,,,0.00022,0.00000,3.4,0.00004,1,,,,,0.00542,0.00640,4745.7,0.06577
763,1,,,,,0.00022,0.00000,3.5,0.00004,1,,,,,0.04102,0.00001,408.0,0.00000
764,1,,,,,0.00022,0.00000,3.5,0.00004,1,,,,,0.06251,0.00077,450.9,0.00000
765,1,,,,,0.00022,0.00000,3.5,0.00004,1,,,,,0.03016,0.00347,350.3,0.00000
766,1,,,,,0.00022,0.00000,3.5,0.00004,1,,,,,0.09560,0.00095,444.7,0.00000
767,1,,,,,0.00022,0.00000,3.5,0.00004,1,,,,,0.05620,0.01649,280.8,0.00000
768,1,,,,,0.00022,0.00000,3.4,0.00004,1,,,,,0.04121,0.00309,338.4,0.00000
769,1,,,,,0.00022,0.00000,3.5,0.00004,1,,,,,0.06295,0.00064,418.4,0.00000
770,1,,,,,0.00022,0.00001,3.5,0.00004,1,,,,,0.01080,0.01425,183.6,0.00000
771,1,,,,,0.00022,0.00000,3.5,0.00004,1,,,,,0.06343,0.00008,851.4,0.00003
772,1,,,,,0.00022,0.00000,3.5,0.00004,1,,,,,0.05646,0.00800,1029.6,0.00004
773,1,,,,,0.01327,0.00000,531.3,0.00001,1,,,,,0.00418,0.00131,1602.2,0.04582
774,1,,,,,0.03657,0.00230,610.9,0.00000,1,,,,,0.00380,0.00094,3869.5,0.01116
775,1,,,,,0.04108,0.01235,464.0,0.00000,1,,,,,0.01708,0.00009,463.5,0.00000
776,1,,,,,0.00753,0.00089,251.4,0.00002,1,,,,,0.01604,0.00204,441.8,0.00000
777,1,,,,,0.01958,0.00030,553.3,0.00536,1,,,,,0.00871,0.00251,418.3,0.00081
778,1,,,,,0.04790,0.00492,406.1,0.00001,1,,,,,0.00372,0.00372,5256.0,0.02416
779,1,,,,,0.00801,0.00395,7743.3,0.03887,1,,,,,0.00312,0.00015,184.4,0.00003
780,1,,,,,0.00550,0.00370,8232.6,0.04902,1,,,,,0.05481,0.00065,415.0,0.00000
781,1,,,,,0.04268,0.00199,517.6,0.00031,1,,,,,0.07219,0.00349,519.4,0.00000
782,1,,,,,0.04511,0.00510,665.5,0.00009,1,,,,,0.01759,0.00323,4984.9,0.04919
783,1,,,,,0.04346,0.00284,434.6,0.00002,1,,,,,0.05953,0.00007,665.9,0.00022
784,1,,,,,0.03314,0.00420,279.9,0.00000,1,,,,,0.03518,0.00004,406.0,0.00002
785,1,,,,,0.04178,0.00127,573.5,0.00005,1,,,,,0.03365,0.00832,418.4,0.00001
786,1,,,,,0.04204,0.00375,412.8,0.00001,1,,,,,0.00052,0.00025,223.1,0.00981
787,1,,,,,0.04847,0.01460,741.3,0.00003,1,,,,,0.04352,0.00008,395.7,0.00001
788,1,,,,,0.01693,0.00601,201.9,0.00004,1,,,,,0.06667,0.00051,486.2,0.00001
789,1,,,,,0.01171,0.00002,252.8,0.00234,1,,,,,0.04472,0.00653,414.6,0.00001
790,1,,,,,0.04329,0.00960,499.8,0.00003,1,,,,,0.01305,0.00197,760.8,0.00734
791,1,,,,,0.02624,0.00424,349.4,0.00000,1,,,,,0.02857,0.00289,406.2,0.00000
792,1,,,,,0.00599,0.00004,4246.0,0.03169,1,,,,,0.01369,0.00003,475.7,0.00011
793,1,,,,,0.04955,0.00067,335.8,0.00002,1,,,,,0.06726,0.00702,718.4,0.00000
794,1,,,,,0.02059,0.00131,509.6,0.00003,1,,,,,0.06928,0.00094,622.8,0.00000
795,1,,,,,0.07167,0.00736,505.1,0.00001,1,,,,,0.02218,0.01404,502.0,0.00000
796,1,,,,,0.04858,0.00824,453.4,0.00001,1,,,,,0.03306,0.00296,429.5,0.00000
797,1,,,,,0.02939,0.00094,405.7,0.00000,1,,,,,0.02067,0.00246,331.5,0.00194
798,1,,,,,0.02733,0.00550,377.3,0.00000,1,,,,,0.01147,0.01692,2650.0,0.07501
799,1,,,,,0.03662,0.00204,482.2,0.00000,1,,,,,0.02407,0.00012,332.3,0.00000
800,1,,,,,0.05041,0.00004,516.2,0.00005,1,,,,,0.01419,0.00180,558.1,0.00594
801,1,,,,,0.06220,0.00070,672.2,0.00077,1,,,,,0.02417,0.00082,752.2,0.01013
802,1,,,,,0.03581,0.01239,1017.0,0.00094,1,,,,,0.05229,0.00081,483.6,0.00000
803,1,,,,,0.00490,0.00125,407.2,0.00129,1,,,,,0.01368,0.00845,3046.2,0.06558
804,1,,,,,0.00298,0.00002,3334.6,0.02657,1,,,,,0.01017,0.00378,652.5,0.01011
805,1,,,,,0.02218,0.00039,421.2,0.00001,1,,,,,0.01692,0.00071,375.1,0.00001
806,1,,,,,0.00461,0.00094,190.3,0.00000,1,,,,,0.00969,0.00277,420.1,0.00001
807,1,,,,,0.00127,0.00014,100.2,0.00005,1,,,,,0.00073,0.00000,2402.9,0.05618
808,1,,,,,0.00021,0.00001,3.3,0.00004,1,,,,,0.00125,0.00191,5604.7,0.04101
809,1,,,,,0.00022,0.00000,59.7,0.00008,1,,,,,0.00105,0.00005,5710.3,0.07149
810,1,,,,,0.00022,0.00001,3.2,0.00004,1,,,,,0.03797,0.00101,703.6,0.01038
811,1,,,,,0.01998,0.00000,367.3,0.00000,1,,,,,0.06670,0.03027,708.0,0.00011
812,1,,,,,0.02850,0.00641,322.3,0.00000,1,,,,,0.04852,0.00287,306.5,0.00000
813,1,,,,,0.00146,0.00003,2954.7,0.00927,1,,,,,0.01603,0.00140,958.7,0.01057
814,1,,,,,0.05111,0.00029,434.8,0.00018,1,,,,,0.09833,0.00046,694.2,0.00003
815,1,,,,,0.05632,0.00719,423.9,0.00003,1,,,,,0.12109,0.01017,831.7,0.00001
816,1,,,,,0.00394,0.00040,8017.2,0.05122,1,,,,,0.00524,0.00084,214.4,0.00046
817,1,,,,,0.05218,0.00023,489.4,0.00003,1,,,,,0.05557,0.00073,458.1,0.00000
818,1,,,,,0.02493,0.01150,889.1,0.02223,1,,,,,0.03975,0.00564,425.5,0.00000
819,1,,,,,0.01058,0.02329,7365.6,0.07613,1,,,,,0.03289,0.00852,361.5,0.00000
820,1,,,,,0.00330,0.00033,6394.6,0.05245,1,,,,,0.03924,0.00043,363.9,0.00000
821,1,,,,,0.05635,0.00037,525.6,0.00010,1,,,,,0.03647,0.00589,360.9,0.00000
822,1,,,,,0.05302,0.00626,556.0,0.00000,1,,,,,0.02127,0.01536,693.5,0.00022
823,1,,,,,0.00202,0.00209,104.0,0.00192,1,,,,,0.02028,0.00072,597.8,0.00030
824,1,,,,,0.01654,0.00003,2810.9,0.10256,1,,,,,0.05421,0.00739,473.9,0.00002
825,1,,,,,0.06744,0.00121,508.4,0.00007,1,,,,,0.00169,0.00010,4779.5,0.07677
826,1,,,,,0.05577,0.01087,470.4,0.00005,1,,,,,0.02067,0.00001,423.3,0.00001
827,1,,,,,0.00803,0.00071,266.2,0.00228,1,,,,,0.04599,0.00641,408.7,0.00000
828,1,,,,,0.00283,0.01870,7487.0,0.07562,1,,,,,0.02145,0.00006,377.4,0.00001
829,1,,,,,0.00783,0.00006,236.8,0.00713,1,,,,,0.00133,0.00002,177.1,0.00007
830,1,,,,,0.09771,0.00290,558.6,0.00002,1,,,,,0.01970,0.00000,350.1,0.00000
831,1,,,,,0.04992,0.01147,424.0,0.00000,1,,,,,0.03538,0.00536,554.8,0.00000
832,1,,,,,0.03713,0.00045,464.3,0.00036,1,,,,,0.01997,0.00353,266.0,0.00000
833,1,,,,,0.08011,0.00409,618.7,0.00012,1,,,,,0.01263,0.00082,445.3,0.00000
834,1,,,,,0.00123,0.00098,226.5,0.00144,1,,,,,0.00506,0.00045,180.7,0.00000
835,1,,,,,0.00119,0.00002,5362.6,0.19893,1,,,,,0.00385,0.00002,410.5,0.00005
836,1,,,,,0.02612,0.00068,301.0,0.00001,1,,,,,0.09245,0.00008,508.0,0.00002
837,1,,,,,0.04221,0.00109,346.6,0.00003,1,,,,,0.01760,0.00351,327.9,0.00001
838,1,,,,,0.01856,0.00091,208.1,0.00002,1,,,,,0.07188,0.00035,570.5,0.00001
839,1,,,,,0.03758,0.01218,511.0,0.00013,1,,,,,0.05680,0.00414,389.5,0.00000
840,1,,,,,0.01678,0.00325,396.7,0.00010,1,,,,,0.04542,0.00723,322.7,0.00001
841,1,,,,,0.00247,0.00133,8213.6,0.06455,1,,,,,0.03902,0.00059,466.3,0.00005
842,1,,,,,0.00178,0.00015,7359.9,0.05590,1,,,,,0.00454,0.00003,451.7,0.00331
843,1,,,,,0.00138,0.00076,5644.9,0.01089,1,,,,,0.04770,0.00200,553.8,0.00001
844,1,,,,,0.00021,0.00001,3.1,0.00004,1,,,,,0.04362,0.00103,384.1,0.00001
845,1,,,,,0.00022,0.00000,3.2,0.00004,1,,,,,0.03356,0.00053,530.4,0.00170
846,1,,,,,0.00022,0.00000,3.2,0.00004,1,,,,,0.03552,0.02054,347.7,0.00000
847,1,,,,,0.00022,0.00000,3.2,0.00004,1,,,,,0.03905,0.00190,379.0,0.00000
848,1,,,,,0.00022,0.00000,3.2,0.00004,1,,,,,0.05128,0.00554,558.1,0.00000
849,1,,,,,0.00022,0.00001,3.2,0.00004,1,,,,,0.01868,0.00001,344.6,0.00000
850,1,,,,,0.00022,0.00001,3.2,0.00004,1,,,,,0.04181,0.00381,575.0,0.00000
851,1,,,,,0.00022,0.00000,3.2,0.00004,1,,,,,0.05895,0.00509,972.8,0.00002
852,1,,,,,0.00022,0.00001,3.2,0.00004,1,,,,,0.02482,0.01022,577.6,0.00005
853,1,,,,,0.00022,0.00000,3.2,0.00004,1,,,,,0.00035,0.00002,1422.0,0.03753
854,1,,,,,0.00022,0.00000,3.2,0.00004,1,,,,,0.01480,0.00000,438.1,0.00001
855,1,,,,,0.00022,0.00000,3.2,0.00004,1,,,,,0.01135,0.00269,385.3,0.00000
856,1,,,,,0.00022,0.00001,3.2,0.00004,1,,,,,0.00058,0.00003,51.5,0.00065
857,1,,,,,0.00022,0.00000,3.2,0.00004,1,,,,,0.00022,0.00001,3.1,0.00004
858,1,,,,,0.00022,0.00000,3.2,0.00004,1,,,,,0.00022,0.00000,3.1,0.00003
859,1,,,,,0.00022,0.00000,3.2,0.00003,1,,,,,0.00022,0.00000,3.1,0.00004
860,1,,,,,0.00022,0.00000,3.2,0.00004,1,,,,,0.00022,0.00000,3.1,0.00004
861,1,,,,,0.00022,0.00000,3.2,0.00004,1,,,,,0.00022,0.00000,3.2,0.00004
862,1,,,,,0.00022,0.00000,3.2,0.00004,1,,,,,0.00022,0.00000,3.2,0.00004
863,1,,,,,0.00022,0.00000,3.1,0.00004,1,,,,,0.00022,0.00000,3.1,0.00004
864,1,,,,,0.00022,0.00000,3.1,0.00004,1,,,,,0.00022,0.00000,3.1,0.00004
865,1,,,,,0.00022,0.00000,3.2,0.00004,1,,,,,0.00022,0.00001,3.1,0.00004
866,1,,,,,0.00022,0.00000,3.2,0.00004,1,,,,,0.00022,0.00000,3.1,0.00004
867,1,,,,,0.00022,0.00001,3.1,0.00004,1,,,,,0.00022,0.00000,3.1,0.00004
868,1,,,,,0.00022,0.00000,3.2,0.00003,1,,,,,0.00022,0.00000,3.1,0.00004
869,1,,,,,0.00022,0.00000,3.2,0.00004,1,,,,,0.00022,0.00000,3.1,0.00004
870,1,,,,,0.00022,0.00000,3.2,0.00004,1,,,,,0.00022,0.00000,3.1,0.00004
871,1,,,,,0.00022,0.00000,3.2,0.00004,1,,,,,0.00022,0.00000,3.1,0.00004
872,1,,,,,0.00022,0.00000,3.2,0.00004,1,,,,,0.00022,0.00000,3.1,0.00003
873,1,,,,,0.00022,0.00000,3.2,0.00004,1,,,,,0.00022,0.00000,3.1,0.00004
874,1,,,,,0.00022,0.00000,3.2,0.00004,1,,,,,0.00022,0.00000,3.1,0.00004
875,1,,,,,0.00022,0.00000,3.2,0.00004,1,,,,,0.00022,0.00000,3.1,0.00004
876,1,,,,,0.00022,0.00000,3.2,0.00004,1,,,,,0.00022,0.00000,3.1,0.00004
877,1,,,,,0.00022,0.00000,3.2,0.00004,1,,,,,0.00022,0.00000,3.1,0.00004
878,1,,,,,0.00022,0.00000,3.2,0.00004,1,,,,,0.00022,0.00000,3.1,0.00004
879,1,,,,,0.00022,0.00000,3.2,0.00004,1,,,,,0.00022,0.00001,3.1,0.00004
880,1,,,,,0.00022,0.00000,3.2,0.00003,1,,,,,0.00022,0.00000,3.1,0.00004
881,1,,,,,0.00022,0.00000,3.2,0.00004,1,,,,,0.00022,0.00000,3.0,0.00004
882,1,,,,,0.00022,0.00000,3.2,0.00004,1,,,,,0.00022,0.00000,3.1,0.00004
883,1,,,,,0.00022,0.00001,3.2,0.00004,1,,,,,0.00022,0.00000,3.1,0.00003
884,1,,,,,0.00022,0.00001,3.1,0.00004,1,,,,,0.00022,0.00000,3.0,0.00003
885,1,,,,,0.00022,0.00001,3.2,0.00004,1,,,,,0.00022,0.00000,3.1,0.00004
886,1,,,,,0.00022,0.00000,3.2,0.00003,1,,,,,0.00022,0.00000,3.1,0.00004
887,1,,,,,0.00022,0.00000,3.2,0.00004,1,,,,,0.00022,0.00000,3.1,0.00004
888,1,,,,,0.00022,0.00001,3.2,0.00004,1,,,,,0.00022,0.00000,3.1,0.00004
889,1,,,,,0.00022,0.00001,3.2,0.00004,1,,,,,0.00022,0.00000,3.1,0.00004
890,1,,,,,0.00022,0.00000,3.2,0.00004,1,,,,,0.00022,0.00000,3.1,0.00004
891,1,,,,,0.00022,0.00000,3.2,0.00004,1,,,,,0.00022,0.00000,3.1,0.00004
892,1,,,,,0.00022,0.00000,3.2,0.00004,1,,,,,0.00022,0.00001,3.1,0.00004
893,1,,,,,0.00022,0.00000,3.2,0.00004,1,,,,,0.00022,0.00000,3.1,0.00004
894,1,,,,,0.00022,0.00000,3.2,0.00004,1,,,,,0.00022,0.00000,3.1,0.00004
895,1,,,,,0.00022,0.00001,3.1,0.00004,1,,,,,0.00022,0.00000,3.1,0.00004
896,1,,,,,0.00022,0.00000,3.2,0.00004,1,,,,,0.00022,0.00000,3.1,0.00004
897,1,,,,,0.00022,0.00001,3.2,0.00004,1,,,,,0.00022,0.00000,3.1,0.00004
898,1,,,,,0.00022,0.00000,3.2,0.00004,1,,,,,0.00022,0.00000,3.1,0.00004
899,1,,,,,0.00022,0.00000,3.2,0.00004,1,,,,,0.00022,0.00000,3.1,0.00004
900,1,,,,,0.00022,0.00000,3.2,0.00004,1,,,,,0.00022,0.00000,3.1,0.00004
901,1,,,,,0.00022,0.00000,3.1,0.00004,1,,,,,0.00022,0.00000,3.1,0.00004
902,1,,,,,0.00022,0.00000,3.2,0.00004,1,,,,,0.00022,0.00000,3.2,0.00004
903,1,,,,,0.00022,0.00000,3.1,0.00003,1,,,,,0.00022,0.00000,3.2,0.00004
904,1,,,,,0.00022,0.00000,3.2,0.00004,1,,,,,0.00022,0.00000,3.1,0.00004
905,1,,,,,0.00022,0.00000,3.1,0.00004,1,,,,,0.00022,0.00000,3.1,0.00003
906,1,,,,,0.00022,0.00000,3.2,0.00004,1,,,,,0.00022,0.00000,3.1,0.00004
907,1,,,,,0.00022,0.00000,3.2,0.00004,1,,,,,0.00022,0.00001,3.1,0.00004
908,1,,,,,0.00022,0.00000,3.1,0.00004,1,,,,,0.00022,0.00000,3.1,0.00004
909,1,,,,,0.00022,0.00000,3.2,0.00004,1,,,,,0.00022,0.00000,3.1,0.00004
910,1,,,,,0.00022,0.00001,3.2,0.00004,1,,,,,0.00022,0.00000,3.1,0.00004
911,1,,,,,0.00022,0.00001,3.1,0.00004,1,,,,,0.00022,0.00000,3.1,0.00004
912,1,,,,,0.00022,0.00000,3.1,0.00004,1,,,,,0.00022,0.00000,3.1,0.00004
913,1,,,,,0.00022,0.00000,3.1,0.00004,1,,,,,0.00022,0.00000,3.2,0.00004
914,1,,,,,0.00022,0.00000,3.2,0.00004,1,,,,,0.00022,0.00000,3.1,0.00003
915,1,,,,,0.00022,0.00000,3.2,0.00003,1,,,,,0.00022,0.00000,3.1,0.00004
916,1,,,,,0.00022,0.00000,3.1,0.00004,1,,,,,0.00022,0.00000,3.1,0.00004
917,1,,,,,0.00022,0.00000,3.2,0.00004,1,,,,,0.00022,0.00000,3.1,0.00004
918,1,,,,,0.00022,0.00000,3.2,0.00004,1,,,,,0.00022,0.00000,3.1,0.00004
919,1,,,,,0.00022,0.00000,3.2,0.00004,1,,,,,0.00022,0.00000,3.2,0.00004
920,1,,,,,0.00022,0.00001,3.2,0.00004,1,,,,,0.00022,0.00000,3.1,0.00004
921,1,,,,,0.00022,0.00000,3.1,0.00004,1,,,,,0.00022,0.00000,3.1,0.00004
922,1,,,,,0.00022,0.00000,3.2,0.00004,1,,,,,0.00022,0.00000,3.2,0.00004
923,1,,,,,0.00022,0.00000,3.2,0.00004,1,,,,,0.00022,0.00000,3.2,0.00004
924,1,,,,,0.00022,0.00000,3.2,0.00004,1,,,,,0.00022,0.00000,3.1,0.00004
925,1,,,,,0.00022,0.00000,3.2,0.00004,1,,,,,0.00022,0.00000,3.2,0.00004
926,1,,,,,0.00022,0.00000,3.2,0.00004,1,,,,,0.00022,0.00000,3.2,0.00004
927,1,,,,,0.00022,0.00000,3.2,0.00004,1,,,,,0.00022,0.00001,3.2,0.00004
928,1,,,,,0.00022,0.00001,3.2,0.00004,1,,,,,0.00022,0.00001,3.2,0.00004
929,1,,,,,0.00022,0.00000,3.2,0.00004,1,,,,,0.00022,0.00000,3.1,0.00004
930,1,,,,,0.00022,0.00000,3.2,0.00004,1,,,,,0.00022,0.00000,3.2,0.00004
931,1,,,,,0.00022,0.00000,3.1,0.00004,1,,,,,0.00022,0.00001,3.1,0.00004
932,1,,,,,0.00022,0.00000,3.2,0.00003,1,,,,,0.00022,0.00000,3.1,0.00004
933,1,,,,,0.00022,0.00000,3.2,0.00004,1,,,,,0.00022,0.00000,3.1,0.00004
934,1,,,,,0.00022,0.00000,3.2,0.00004,1,,,,,0.00022,0.00000,3.1,0.00004
935,1,,,,,0.00022,0.00000,3.2,0.00004,1,,,,,0.00022,0.00000,3.1,0.00004
936,1,,,,,0.00022,0.00000,3.2,0.00004,1,,,,,0.00022,0.00000,3.1,0.00004
937,1,,,,,0.00022,0.00000,3.2,0.00004,1,,,,,0.00022,0.00000,3.2,0.00004
938,1,,,,,0.00022,0.00000,3.2,0.00004,1,,,,,0.00022,0.00000,3.1,0.00004
939,1,,,,,0.00022,0.00000,3.2,0.00004,1,,,,,0.00022,0.00000,3.1,0.00004
940,1,,,,,0.00022,0.00000,3.2,0.00004,1,,,,,0.00022,0.00000,3.2,0.00004
941,1,,,,,0.00022,0.00001,3.2,0.00004,1,,,,,0.00022,0.00000,3.2,0.00004
942,1,,,,,0.00022,0.00000,3.2,0.00004,1,,,,,0.00022,0.00001,3.1,0.00004
943,1,,,,,0.00022,0.00000,3.2,0.00003,1,,,,,0.00022,0.00000,3.2,0.00004
944,1,,,,,0.00022,0.00000,3.2,0.00004,1,,,,,0.00022,0.00001,3.2,0.00004
945,1,,,,,0.00022,0.00000,3.2,0.00004,1,,,,,0.00022,0.00000,3.1,0.00004
946,1,,,,,0.00022,0.00000,3.2,0.00004,1,,,,,0.00022,0.00000,3.1,0.00003
947,1,,,,,0.00022,0.00000,3.2,0.00004,1,,,,,0.00022,0.00000,3.1,0.00004
948,1,,,,,0.00022,0.00000,3.2,0.00004,1,,,,,0.00022,0.00000,3.1,0.00004
949,1,,,,,0.00022,0.00000,3.2,0.00004,1,,,,,0.00022,0.00000,3.1,0.00004
950,1,,,,,0.00022,0.00001,3.2,0.00004,1,,,,,0.00022,0.00000,3.2,0.00004
951,1,,,,,0.00022,0.00001,3.2,0.00004,1,,,,,0.00022,0.00001,3.1,0.00004
952,1,,,,,0.00022,0.00001,3.2,0.00003,1,,,,,0.00022,0.00000,3.1,0.00004
953,1,,,,,0.00022,0.00000,3.2,0.00004,1,,,,,0.00022,0.00000,3.2,0.00004
954,1,,,,,0.00022,0.00000,3.2,0.00003,1,,,,,0.00022,0.00000,3.2,0.00004
955,1,,,,,0.00022,0.00000,3.2,0.00004,1,,,,,0.00022,0.00000,3.2,0.00004
956,1,,,,,0.00022,0.00000,3.3,0.00004,1,,,,,0.00022,0.00000,3.2,0.00004
957,1,,,,,0.00022,0.00000,3.2,0.00004,1,,,,,0.00022,0.00000,3.2,0.00004
958,1,,,,,0.00022,0.00000,3.2,0.00004,1,,,,,0.00022,0.00000,3.2,0.00004
959,1,,,,,0.00022,0.00000,3.3,0.00004,1,,,,,0.00022,0.00000,3.1,0.00004
960,1,,,,,0.00022,0.00000,3.2,0.00004,1,,,,,0.00022,0.00000,3.1,0.00004
961,1,,,,,0.00022,0.00000,3.3,0.00004,1,,,,,0.00022,0.00000,3.2,0.00004
962,1,,,,,0.00022,0.00000,3.3,0.00004,1,,,,,0.00022,0.00000,3.2,0.00004
963,1,,,,,0.00022,0.00000,3.3,0.00004,1,,,,,0.00022,0.00000,3.2,0.00004
964,1,,,,,0.00022,0.00000,3.4,0.00004,1,,,,,0.00022,0.00000,3.2,0.00004
965,1,,,,,0.00022,0.00000,3.7,0.00004,1,,,,,0.00022,0.00000,3.1,0.00004
966,1,,,,,0.00022,0.00001,3.4,0.00004,1,,,,,0.00022,0.00000,3.1,0.00004
967,1,,,,,0.00022,0.00000,3.4,0.00004,1,,,,,0.00022,0.00000,3.1,0.00004
968,1,,,,,0.00022,0.00000,3.5,0.00004,1,,,,,0.00022,0.00001,3.1,0.00003
969,1,,,,,0.00022,0.00000,3.5,0.00004,1,,,,,0.00022,0.00000,3.1,0.00004
970,1,,,,,0.00022,0.00000,3.6,0.00004,1,,,,,0.00022,0.00000,3.1,0.00003
971,1,,,,,0.00022,0.00001,3.5,0.00004,1,,,,,0.00022,0.00000,3.1,0.00004
972,1,,,,,0.00022,0.00000,3.5,0.00004,1,,,,,0.00022,0.00000,3.2,0.00004
973,1,,,,,0.00022,0.00001,3.5,0.00004,1,,,,,0.00022,0.00000,3.1,0.00004
974,1,,,,,0.00022,0.00000,3.5,0.00004,1,,,,,0.00022,0.00000,3.1,0.00004
975,1,,,,,0.00022,0.00000,3.6,0.00004,1,,,,,0.00022,0.00001,3.2,0.00004
976,1,,,,,0.00022,0.00000,3.5,0.00004,1,,,,,0.00022,0.00000,3.3,0.00004
977,1,,,,,0.00022,0.00001,3.6,0.00004,1,,,,,0.00022,0.00000,3.2,0.00003
978,1,,,,,0.00022,0.00000,3.6,0.00004,1,,,,,0.00022,0.00000,3.3,0.00004
979,1,,,,,0.00022,0.00000,3.6,0.00004,1,,,,,0.00022,0.00000,3.4,0.00004
980,1,,,,,0.00022,0.00000,3.6,0.00004,1,,,,,0.00022,0.00001,3.5,0.00004
981,1,,,,,0.00022,0.00000,3.6,0.00005,1,,,,,0.00022,0.00000,3.4,0.00004
982,1,,,,,0.00022,0.00000,3.5,0.00004,1,,,,,0.00022,0.00000,3.4,0.00004
983,1,,,,,0.00022,0.00000,3.5,0.00004,1,,,,,0.00022,0.00000,3.4,0.00004
984,1,,,,,0.00022,0.00001,3.6,0.00004,1,,,,,0.00022,0.00000,3.4,0.00004
985,1,,,,,0.00022,0.00000,3.6,0.00004,1,,,,,0.00022,0.00000,3.4,0.00004
986,1,,,,,0.00022,0.00000,3.6,0.00004,1,,,,,0.00022,0.00000,3.5,0.00004
987,1,,,,,0.00022,0.00000,3.5,0.00004,1,,,,,0.00022,0.00000,3.4,0.00004
988,1,,,,,0.00022,0.00001,3.6,0.00004,1,,,,,0.00022,0.00000,3.4,0.00004
989,1,,,,,0.00022,0.00000,3.6,0.00004,1,,,,,0.00022,0.00000,3.4,0.00004
990,1,,,,,0.00022,0.00000,3.6,0.00004,1,,,,,0.00022,0.00001,3.4,0.00004
991,1,,,,,0.00022,0.00000,3.7,0.00004,1,,,,,0.00022,0.00001,3.4,0.00004
992,1,,,,,0.00022,0.00000,3.6,0.00004,1,,,,,0.00022,0.00000,3.4,0.00004
993,1,,,,,0.00022,0.00001,3.6,0.00004,1,,,,,0.00022,0.00000,3.4,0.00004
994,1,,,,,0.00022,0.00000,3.6,0.00004,1,,,,,0.00022,0.00000,3.4,0.00004
995,1,,,,,0.00022,0.00000,3.6,0.00004,1,,,,,0.00022,0.00000,3.4,0.00004
996,1,,,,,0.00022,0.00000,3.6,0.00004,1,,,,,0.00022,0.00000,3.4,0.00004
997,1,,,,,0.00022,0.00000,3.5,0.00004,1,,,,,0.00022,0.00001,3.4,0.00004
998,1,,,,,0.00022,0.00000,4.0,0.00005,1,,,,,0.00022,0.00000,3.5,0.00004
999,1,,,,,0.01574,0.00001,723.8,0.00001,1,,,,,0.00421,0.00001,4352.7,0.01592
1000,1,,,,,0.03302,0.00159,661.6,0.00001,1,,,,,0.09763,0.00111,472.6,0.00000
1001,1,,,,,0.04582,0.00019,473.8,0.00000,1,,,,,0.07088,0.03453,534.8,0.00000
1002,1,,,,,0.05313,0.00021,524.5,0.00000,1,,,,,0.00711,0.00032,344.1,0.00001
1003,1,,,,,0.02245,0.00269,248.3,0.00000,1,,,,,0.05479,0.00045,1193.6,0.00004
1004,1,,,,,0.00024,0.00000,14.0,0.00019,1,,,,,0.04263,0.01397,752.4,0.00003
1005,1,,,,,0.05628,0.00001,508.1,0.00000,1,,,,,0.04877,0.00003,332.9,0.00000
1006,1,,,,,0.03128,0.00273,271.5,0.00000,1,,,,,0.06453,0.00912,391.5,0.00000
1007,1,,,,,0.00208,0.00011,9.5,0.00008,1,,,,,0.02892,0.02314,342.1,0.00007
1008,1,,,,,0.04083,0.00126,531.4,0.00000,1,,,,,0.04286,0.00089,493.1,0.00000
1009,1,,,,,0.00829,0.00010,248.3,0.00000,1,,,,,0.01161,0.00027,241.4,0.00005
1010,1,,,,,0.03794,0.00214,379.9,0.00000,1,,,,,0.03958,0.00416,385.1,0.00000
1011,1,,,,,0.01196,0.00058,527.0,0.00386,1,,,,,0.03401,0.00006,480.7,0.00002
1012,1,,,,,0.02584,0.00043,234.0,0.00000,1,,,,,0.07490,0.00342,901.2,0.00002
1013,1,,,,,0.06258,0.00083,507.6,0.00002,1,,,,,0.04221,0.00358,1025.0,0.00008
1014,1,,,,,0.05520,0.01681,534.2,0.00259,1,,,,,0.00079,0.00039,48.2,0.00007
1015,1,,,,,0.01565,0.01890,2127.9,0.05653,1,,,,,0.00759,0.00001,788.2,0.00021
1016,1,,,,,0.02245,0.00528,376.2,0.00282,1,,,,,0.03145,0.00043,297.9,0.00000
1017,1,,,,,0.00400,0.02822,8138.3,0.10237,1,,,,,0.04392,0.00706,318.8,0.00000
1018,1,,,,,0.04572,0.00120,484.0,0.00002,1,,,,,0.08034,0.00643,502.8,0.00000
1019,1,,,,,0.04849,0.00342,563.7,0.00000,1,,,,,0.07593,0.00462,474.9,0.00000
1020,1,,,,,0.05635,0.00679,554.6,0.00003,1,,,,,0.04858,0.00264,365.1,0.00000
1021,1,,,,,0.05117,0.01891,362.9,0.00000,1,,,,,0.01562,0.00283,5025.1,0.03323
1022,1,,,,,0.06059,0.00027,476.7,0.00000,1,,,,,0.00210,0.00069,136.4,0.00333
1023,1,,,,,0.05142,0.00551,476.4,0.00000,1,,,,,0.01943,0.00159,741.3,0.00863
1024,1,,,,,0.06805,0.00711,760.7,0.00009,1,,,,,0.01144,0.01525,6327.8,0.10306
1025,1,,,,,0.05593,0.00373,583.8,0.00008,1,,,,,0.04865,0.00267,425.7,0.00000
1026,1,,,,,0.05034,0.00187,509.7,0.00006,1,,,,,0.04297,0.00008,434.7,0.00001
1027,1,,,,,0.03885,0.00283,340.0,0.00013,1,,,,,0.00365,0.00057,177.5,0.00002
1028,1,,,,,0.02928,0.00486,551.9,0.01456,1,,,,,0.01423,0.00095,317.6,0.00000
1029,1,,,,,0.00557,0.01801,6438.2,0.10078,1,,,,,0.02244,0.00003,337.1,0.00000
1030,1,,,,,0.04757,0.00005,461.4,0.00549,1,,,,,0.03559,0.00096,395.5,0.00000
1031,1,,,,,0.07529,0.01375,746.4,0.00003,1,,,,,0.00228,0.00025,5079.0,0.08401
1032,1,,,,,0.05667,0.02099,408.6,0.00001,1,,,,,0.04958,0.00002,562.3,0.00002
1033,1,,,,,0.02927,0.00023,282.8,0.00000,1,,,,,0.03919,0.02856,431.3,0.00000
1034,1,,,,,0.04410,0.00008,425.9,0.00000,1,,,,,0.02525,0.00002,314.4,0.00000
1035,1,,,,,0.07062,0.01804,585.6,0.00000,1,,,,,0.02402,0.00723,515.9,0.00000
1036,1,,,,,0.03760,0.00989,336.2,0.00000,1,,,,,0.02387,0.00035,440.9,0.00000
1037,1,,,,,0.04388,0.00181,465.5,0.00000,1,,,,,0.02085,0.00251,242.5,0.00001
1038,1,,,,,0.00216,0.00077,130.1,0.00016,1,,,,,0.02062,0.00001,332.9,0.00001
1039,1,,,,,0.02773,0.00181,489.3,0.00008,1,,,,,0.00481,0.00114,6205.9,0.10989
1040,1,,,,,0.03971,0.00090,376.6,0.00000,1,,,,,0.05273,0.00008,474.8,0.00142
1041,1,,,,,0.04484,0.00041,550.1,0.00002,1,,,,,0.06049,0.00702,412.7,0.00001
1042,1,,,,,0.03792,0.00096,250.2,0.00000,1,,,,,0.07332,0.01241,500.2,0.00001
1043,1,,,,,0.00159,0.00005,188.7,0.00252,1,,,,,0.03056,0.00488,300.7,0.00000
1044,1,,,,,0.04142,0.00002,511.4,0.00001,1,,,,,0.00571,0.00239,302.8,0.00001
1045,1,,,,,0.03831,0.00457,708.9,0.00001,1,,,,,0.00021,0.00001,3.2,0.00004
1046,1,,,,,0.03246,0.00399,484.5,0.00000,1,,,,,0.00022,0.00000,3.3,0.00004
1047,1,,,,,0.03130,0.00201,275.3,0.00000,1,,,,,0.00022,0.00000,3.2,0.00004
1048,1,,,,,0.00090,0.00062,16.1,0.00006,1,,,,,0.00022,0.00000,3.2,0.00004
1049,1,,,,,0.00022,0.00001,3.3,0.00004,1,,,,,0.00022,0.00000,3.1,0.00004
1050,1,,,,,0.06090,0.00000,517.6,0.00002,1,,,,,0.00022,0.00001,3.2,0.00004
1051,1,,,,,0.01282,0.01620,541.5,0.00387,1,,,,,0.00022,0.00000,3.2,0.00004
1052,1,,,,,0.00802,0.00543,8285.0,0.02645,1,,,,,0.00022,0.00001,3.3,0.00004
1053,1,,,,,0.06376,0.00345,336.3,0.00001,1,,,,,0.00022,0.00000,3.2,0.00003
1054,1,,,,,0.07110,0.00221,722.0,0.00007,1,,,,,0.00022,0.00000,3.2,0.00004
1055,1,,,,,0.04851,0.00925,628.9,0.00002,1,,,,,0.00022,0.00000,3.1,0.00003
1056,1,,,,,0.06081,0.00283,734.7,0.00002,1,,,,,0.00022,0.00000,3.1,0.00004
1057,1,,,,,0.04360,0.00547,463.4,0.00002,1,,,,,0.00022,0.00000,3.2,0.00004
1058,1,,,,,0.00449,0.00010,169.9,0.00002,1,,,,,0.00022,0.00000,3.1,0.00004
1059,1,,,,,0.03960,0.00084,329.6,0.00000,1,,,,,0.00022,0.00000,3.1,0.00004
1060,1,,,,,0.04157,0.00244,474.3,0.00001,1,,,,,0.00022,0.00000,3.1,0.00004
1061,1,,,,,0.05736,0.00054,495.4,0.00000,1,,,,,0.00022,0.00000,3.1,0.00004
1062,1,,,,,0.02517,0.00566,335.3,0.00000,1,,,,,0.00022,0.00000,3.1,0.00004
1063,1,,,,,0.05242,0.00018,494.5,0.00000,1,,,,,0.00022,0.00000,3.2,0.00004
1064,1,,,,,0.05828,0.00277,436.1,0.00001,1,,,,,0.00022,0.00001,3.2,0.00004
1065,1,,,,,0.03407,0.00509,353.2,0.00001,1,,,,,0.00022,0.00000,3.2,0.00004
1066,1,,,,,0.00216,0.00002,7911.5,0.08862,1,,,,,0.00022,0.00000,3.2,0.00004
1067,1,,,,,0.00477,0.00211,8608.2,0.04177,1,,,,,0.00022,0.00000,3.2,0.00004
1068,1,,,,,0.00104,0.00009,122.6,0.00940,1,,,,,0.00022,0.00000,3.2,0.00004
1069,1,,,,,0.05648,0.00271,394.4,0.00004,1,,,,,0.00022,0.00000,3.2,0.00004
1070,1,,,,,0.05375,0.00648,492.2,0.00001,1,,,,,0.00022,0.00000,3.2,0.00004
1071,1,,,,,0.01612,0.00019,202.1,0.00000,1,,,,,0.00022,0.00000,3.2,0.00004
1072,1,,,,,0.04445,0.00045,517.5,0.00586,1,,,,,0.00022,0.00000,3.2,0.00004
1073,1,,,,,0.05272,0.00380,418.5,0.00157,1,,,,,0.00022,0.00001,3.2,0.00003
1074,1,,,,,0.00213,0.02180,1207.1,0.06878,1,,,,,0.00022,0.00000,3.2,0.00004
1075,1,,,,,0.01987,0.00015,367.5,0.00017,1,,,,,0.00022,0.00000,3.2,0.00003
1076,1,,,,,0.01017,0.00014,190.2,0.00041,1,,,,,0.00022,0.00000,3.2,0.00004
1077,1,,,,,0.07885,0.00004,466.5,0.00002,1,,,,,0.00022,0.00000,3.1,0.00004
1078,1,,,,,0.04895,0.00186,542.7,0.00006,1,,,,,0.00022,0.00000,3.1,0.00004
1079,1,,,,,0.03222,0.00586,495.8,0.00005,1,,,,,0.00022,0.00000,3.1,0.00004
1080,1,,,,,0.03304,0.00059,377.4,0.00001,1,,,,,0.00022,0.00000,3.2,0.00003
1081,1,,,,,0.01559,0.00276,269.2,0.00000,1,,,,,0.00022,0.00000,3.2,0.00004
1082,1,,,,,0.00860,0.00018,178.3,0.00000,1,,,,,0.00022,0.00000,3.2,0.00004
1083,1,,,,,0.00024,0.00003,3.3,0.00004,1,,,,,0.00022,0.00000,3.1,0.00003
1084,1,,,,,0.00022,0.00000,3.3,0.00004,1,,,,,0.00022,0.00000,3.2,0.00004
1085,1,,,,,0.00022,0.00000,3.2,0.00004,1,,,,,0.00022,0.00000,3.1,0.00003
1086,1,,,,,0.00022,0.00000,3.2,0.00004,1,,,,,0.00022,0.00000,3.2,0.00004
1087,1,,,,,0.00022,0.00001,3.2,0.00004,1,,,,,0.00022,0.00000,3.1,0.00004
1088,1,,,,,0.00022,0.00001,3.2,0.00003,1,,,,,0.00022,0.00000,3.2,0.00004
1089,1,,,,,0.00022,0.00001,3.2,0.00004,1,,,,,0.00022,0.00000,3.1,0.00004
1090,1,,,,,0.00022,0.00000,3.1,0.00004,1,,,,,0.00022,0.00000,3.1,0.00004
1091,1,,,,,0.00022,0.00000,3.1,0.00004,1,,,,,0.00022,0.00000,3.2,0.00004
1092,1,,,,,0.00022,0.00000,3.2,0.00004,1,,,,,0.00022,0.00000,3.1,0.00004
1093,1,,,,,0.00022,0.00000,3.2,0.00004,1,,,,,0.00022,0.00000,3.1,0.00004
1094,1,,,,,0.00022,0.00000,3.1,0.00004,1,,,,,0.00022,0.00000,3.2,0.00004
1095,1,,,,,0.00022,0.00001,3.2,0.00004,1,,,,,0.00022,0.00000,3.2,0.00004
1096,1,,,,,0.00022,0.00000,3.1,0.00004,1,,,,,0.00022,0.00000,3.2,0.00004
1097,1,,,,,0.00022,0.00000,3.1,0.00003,1,,,,,0.00022,0.00000,3.2,0.00003
1098,1,,,,,0.00022,0.00000,3.1,0.00004,1,,,,,0.00022,0.00000,3.2,0.00004
1099,1,,,,,0.00022,0.00000,3.1,0.00004,1,,,,,0.00022,0.00000,3.1,0.00003
1100,1,,,,,0.00022,0.00000,3.1,0.00004,1,,,,,0.00022,0.00000,3.1,0.00004
1101,1,,,,,0.00022,0.00000,3.1,0.00004,1,,,,,0.00022,0.00000,3.2,0.00004
1102,1,,,,,0.00022,0.00000,3.1,0.00004,1,,,,,0.00022,0.00001,3.2,0.00004
1103,1,,,,,0.00022,0.00000,3.1,0.00004,1,,,,,0.00022,0.00000,3.1,0.00004
1104,1,,,,,0.00022,0.00000,3.2,0.00004,1,,,,,0.00022,0.00000,3.1,0.00004
1105,1,,,,,0.00022,0.00000,3.1,0.00004,1,,,,,0.00022,0.00000,3.2,0.00004
1106,1,,,,,0.00022,0.00000,3.1,0.00004,1,,,,,0.00022,0.00000,3.2,0.00004
1107,1,,,,,0.00022,0.00000,3.2,0.00004,1,,,,,0.00022,0.00000,3.1,0.00004
1108,1,,,,,0.00022,0.00001,3.2,0.00004,1,,,,,0.00022,0.00000,3.1,0.00003
1109,1,,,,,0.00022,0.00000,3.2,0.00004,1,,,,,0.00022,0.00000,3.1,0.00003
1110,1,,,,,0.00022,0.00000,3.2,0.00004,1,,,,,0.00022,0.00000,3.2,0.00004
1111,1,,,,,0.00022,0.00000,3.1,0.00003,1,,,,,0.00022,0.00000,3.1,0.00004
1112,1,,,,,0.00022,0.00000,3.2,0.00004,1,,,,,0.00022,0.00000,3.2,0.00004
1113,1,,,,,0.00022,0.00000,3.1,0.00004,1,,,,,0.00022,0.00000,3.2,0.00004
1114,1,,,,,0.00022,0.00000,3.1,0.00004,1,,,,,0.00022,0.00000,3.2,0.00004
1115,1,,,,,0.00022,0.00000,3.1,0.00004,1,,,,,0.00022,0.00000,3.1,0.00004
1116,1,,,,,0.00022,0.00000,3.1,0.00004,1,,,,,0.00022,0.00001,3.1,0.00004
1117,1,,,,,0.00022,0.00000,3.1,0.00003,1,,,,,0.00022,0.00001,3.2,0.00003
1118,1,,,,,0.00022,0.00000,3.1,0.00004,1,,,,,0.00022,0.00000,3.1,0.00004
1119,1,,,,,0.00022,0.00000,3.1,0.00004,1,,,,,0.00022,0.00000,3.2,0.00004
1120,1,,,,,0.00022,0.00000,3.1,0.00004,1,,,,,0.00022,0.00000,3.2,0.00004
1121,1,,,,,0.00022,0.00000,3.1,0.00004,1,,,,,0.00022,0.00000,3.1,0.00004
1122,1,,,,,0.00022,0.00000,3.1,0.00004,1,,,,,0.00022,0.00000,3.1,0.00004
1123,1,,,,,0.00022,0.00000,3.1,0.00004,1,,,,,0.00022,0.00000,3.1,0.00004
1124,1,,,,,0.00022,0.00000,3.1,0.00004,1,,,,,0.00022,0.00001,3.1,0.00004
1125,1,,,,,0.00022,0.00000,3.1,0.00003,1,,,,,0.00022,0.00000,3.1,0.00003
1126,1,,,,,0.00022,0.00000,3.2,0.00004,1,,,,,0.00022,0.00000,3.1,0.00004
1127,1,,,,,0.00022,0.00001,3.2,0.00004,1,,,,,0.00022,0.00000,3.1,0.00004
1128,1,,,,,0.00022,0.00001,3.1,0.00004,1,,,,,0.00022,0.00000,3.2,0.00004
1129,1,,,,,0.00022,0.00001,3.1,0.00004,1,,,,,0.00022,0.00000,3.1,0.00004
1130,1,,,,,0.00022,0.00000,3.1,0.00004,1,,,,,0.00022,0.00000,3.1,0.00004
1131,1,,,,,0.00022,0.00000,3.1,0.00004,1,,,,,0.00022,0.00001,3.2,0.00004
1132,1,,,,,0.00022,0.00000,3.1,0.00004,1,,,,,0.00022,0.00000,3.2,0.00004
1133,1,,,,,0.00022,0.00000,3.1,0.00004,1,,,,,0.00022,0.00000,3.2,0.00004
1134,1,,,,,0.00022,0.00001,3.1,0.00004,1,,,,,0.00022,0.00001,3.2,0.00004
1135,1,,,,,0.00022,0.00000,3.1,0.00004,1,,,,,0.00022,0.00001,3.2,0.00003
1136,1,,,,,0.00022,0.00000,3.1,0.00004,1,,,,,0.00022,0.00000,3.1,0.00004
1137,1,,,,,0.00022,0.00000,3.1,0.00004,1,,,,,0.00022,0.00000,3.1,0.00004
1138,1,,,,,0.00022,0.00000,3.1,0.00004,1,,,,,0.00022,0.00000,3.1,0.00004
1139,1,,,,,0.00022,0.00000,3.1,0.00004,1,,,,,0.00022,0.00000,3.1,0.00004
1140,1,,,,,0.00022,0.00000,3.1,0.00004,1,,,,,0.00022,0.00000,3.2,0.00004
1141,1,,,,,0.00022,0.00000,3.2,0.00004,1,,,,,0.00022,0.00000,3.2,0.00004
1142,1,,,,,0.00022,0.00000,3.2,0.00004,1,,,,,0.00022,0.00000,3.2,0.00004
1143,1,,,,,0.00022,0.00000,3.2,0.00004,1,,,,,0.00022,0.00000,3.2,0.00004
1144,1,,,,,0.00022,0.00000,3.1,0.00004,1,,,,,0.00022,0.00000,3.2,0.00004
1145,1,,,,,0.00022,0.00000,3.1,0.00004,1,,,,,0.00022,0.00000,3.3,0.00004
1146,1,,,,,0.00022,0.00000,3.1,0.00003,1,,,,,0.00022,0.00001,3.3,0.00004
1147,1,,,,,0.00022,0.00000,3.1,0.00003,1,,,,,0.00022,0.00000,3.3,0.00004
1148,1,,,,,0.00022,0.00000,3.2,0.00004,1,,,,,0.00022,0.00000,3.2,0.00004
1149,1,,,,,0.00022,0.00001,3.1,0.00003,1,,,,,0.00022,0.00000,3.2,0.00004
1150,1,,,,,0.00022,0.00000,3.2,0.00004,1,,,,,0.00022,0.00000,3.2,0.00004
1151,1,,,,,0.00022,0.00000,3.1,0.00004,1,,,,,0.00022,0.00000,3.2,0.00004
1152,1,,,,,0.00022,0.00000,3.1,0.00003,1,,,,,0.00022,0.00000,3.3,0.00004
1153,1,,,,,0.00022,0.00000,3.2,0.00004,1,,,,,0.00022,0.00000,3.3,0.00004
1154,1,,,,,0.00022,0.00000,3.1,0.00004,1,,,,,0.00022,0.00000,3.3,0.00004
1155,1,,,,,0.00022,0.00000,3.1,0.00004,1,,,,,0.00022,0.00000,3.2,0.00004
1156,1,,,,,0.00022,0.00000,3.1,0.00004,1,,,,,0.00022,0.00001,3.2,0.00004
1157,1,,,,,0.00022,0.00001,3.2,0.00004,1,,,,,0.00022,0.00000,3.2,0.00004
1158,1,,,,,0.00022,0.00000,3.2,0.00004,1,,,,,0.00022,0.00000,3.2,0.00004
1159,1,,,,,0.00022,0.00000,3.2,0.00004,1,,,,,0.00022,0.00000,3.2,0.00004
1160,1,,,,,0.00022,0.00000,3.2,0.00004,1,,,,,0.00022,0.00000,3.2,0.00004
1161,1,,,,,0.00022,0.00000,3.2,0.00004,1,,,,,0.00022,0.00000,3.2,0.00004
1162,1,,,,,0.00022,0.00001,3.2,0.00004,1,,,,,0.00022,0.00000,3.3,0.00004
1163,1,,,,,0.00022,0.00001,3.2,0.00004,1,,,,,0.00022,0.00000,3.3,0.00004
1164,1,,,,,0.00022,0.00000,3.2,0.00004,1,,,,,0.00022,0.00000,3.2,0.00004
1165,1,,,,,0.00022,0.00000,3.2,0.00004,1,,,,,0.00022,0.00000,3.2,0.00004
1166,1,,,,,0.00022,0.00000,3.2,0.00004,1,,,,,0.00022,0.00000,3.2,0.00004
1167,1,,,,,0.00022,0.00000,3.1,0.00004,1,,,,,0.00022,0.00000,3.4,0.00004
1168,1,,,,,0.00022,0.00000,3.2,0.00004,1,,,,,0.00022,0.00001,3.7,0.00004
1169,1,,,,,0.00022,0.00000,3.2,0.00004,1,,,,,0.00022,0.00000,3.5,0.00004
1170,1,,,,,0.00022,0.00000,3.2,0.00004,1,,,,,0.00022,0.00000,3.4,0.00004
1171,1,,,,,0.00022,0.00000,3.2,0.00004,1,,,,,0.00022,0.00000,3.4,0.00004
1172,1,,,,,0.00022,0.00000,3.2,0.00004,1,,,,,0.00022,0.00000,3.5,0.00004
1173,1,,,,,0.00022,0.00000,3.2,0.00004,1,,,,,0.00022,0.00001,3.4,0.00004
1174,1,,,,,0.00022,0.00000,3.2,0.00004,1,,,,,0.00022,0.00000,3.4,0.00004
1175,1,,,,,0.00022,0.00001,3.3,0.00004,1,,,,,0.00022,0.00000,3.4,0.00004
1176,1,,,,,0.00022,0.00001,3.2,0.00003,1,,,,,0.00022,0.00000,3.4,0.00004
1177,1,,,,,0.00022,0.00000,3.2,0.00003,1,,,,,0.00022,0.00000,3.5,0.00004
1178,1,,,,,0.00022,0.00000,3.2,0.00004,1,,,,,0.00022,0.00000,3.4,0.00004
1179,1,,,,,0.00022,0.00000,3.2,0.00004,1,,,,,0.00022,0.00000,3.5,0.00004
1180,1,,,,,0.00022,0.00000,3.3,0.00004,1,,,,,0.00022,0.00000,3.5,0.00004
1181,1,,,,,0.00022,0.00000,3.2,0.00004,1,,,,,0.00022,0.00000,3.4,0.00004
1182,1,,,,,0.00022,0.00001,3.2,0.00004,1,,,,,0.00022,0.00001,3.4,0.00004
1183,1,,,,,0.00022,0.00000,3.2,0.00004,1,,,,,0.00022,0.00000,3.5,0.00004
1184,1,,,,,0.00022,0.00000,3.2,0.00004,1,,,,,0.00022,0.00000,3.5,0.00004
1185,1,,,,,0.00639,0.00000,41.2,0.00009,1,,,,,0.00022,0.00000,3.5,0.00004
1186,1,,,,,0.04772,0.00451,440.0,0.00001,1,,,,,0.01653,0.00001,257.2,0.00000
1187,1,,,,,0.08936,0.00777,730.3,0.00003,1,,,,,0.04938,0.00308,318.7,0.00000
1188,1,,,,,0.08644,0.04676,669.4,0.00002,1,,,,,0.02556,0.00007,1834.0,0.00017
1189,1,,,,,0.03888,0.00037,375.9,0.00001,1,,,,,0.05858,0.00467,358.9,0.00000
1190,1,,,,,0.04955,0.00267,623.5,0.00003,1,,,,,0.01441,0.00111,6291.3,0.06627
1191,1,,,,,0.04081,0.00127,268.2,0.00000,1,,,,,0.00692,0.03882,5480.5,0.15792
1192,1,,,,,0.06340,0.00125,295.2,0.00000,1,,,,,0.09465,0.00316,788.0,0.00001
1193,1,,,,,0.07072,0.00343,346.9,0.00000,1,,,,,0.04273,0.01933,568.1,0.00000
1194,1,,,,,0.07977,0.01390,557.6,0.00000,1,,,,,0.03762,0.00007,643.3,0.00001
1195,1,,,,,0.02142,0.00257,276.0,0.00000,1,,,,,0.06513,0.03184,534.7,0.00002
1196,1,,,,,0.00178,0.00002,2885.4,0.02491,1,,,,,0.00855,0.00010,4442.8,0.03533
1197,1,,,,,0.05324,0.00086,367.6,0.00001,1,,,,,0.04812,0.00023,463.5,0.00024
1198,1,,,,,0.03623,0.00093,327.4,0.00002,1,,,,,0.02609,0.00139,497.2,0.00002
1199,1,,,,,0.03296,0.00056,537.1,0.00830,1,,,,,0.02821,0.00097,301.1,0.00000
1200,1,,,,,0.07915,0.01096,569.5,0.00000,1,,,,,0.03271,0.00515,283.3,0.00000
1201,1,,,,,0.02284,0.00532,576.9,0.00001,1,,,,,0.06094,0.00146,396.9,0.00000
1202,1,,,,,0.06355,0.00091,460.0,0.00000,1,,,,,0.02555,0.00535,471.2,0.00003
1203,1,,,,,0.06681,0.00129,314.2,0.00000,1,,,,,0.00621,0.00005,316.3,0.00499
1204,1,,,,,0.05049,0.00242,296.1,0.00000,1,,,,,0.02394,0.00352,398.9,0.00143
1205,1,,,,,0.03210,0.00737,271.6,0.00002,1,,,,,0.02733,0.00911,1136.4,0.02014
1206,1,,,,,0.00229,0.00003,3132.4,0.00718,1,,,,,0.03869,0.00099,468.4,0.00012
1207,1,,,,,0.04683,0.00035,358.8,0.00005,1,,,,,0.00324,0.00829,7345.4,0.07875
1208,1,,,,,0.04676,0.00915,348.2,0.00001,1,,,,,0.08420,0.00039,780.8,0.00003
1209,1,,,,,0.00408,0.00084,8366.0,0.11207,1,,,,,0.07943,0.01695,508.5,0.00007
1210,1,,,,,0.00090,0.00024,3887.3,0.17511,1,,,,,0.00043,0.00089,317.0,0.01054
1211,1,,,,,0.04158,0.00001,391.4,0.00000,1,,,,,0.04247,0.00017,466.0,0.00001
1212,1,,,,,0.01476,0.00115,5339.1,0.13152,1,,,,,0.01162,0.00285,210.4,0.00004
1213,1,,,,,0.00512,0.02864,6634.6,0.09892,1,,,,,0.01597,0.00162,1408.1,0.01535
1214,1,,,,,0.06305,0.00045,494.5,0.00003,1,,,,,0.00561,0.01521,4207.1,0.04421
1215,1,,,,,0.08822,0.00279,523.5,0.00000,1,,,,,0.01455,0.00013,363.9,0.00000
1216,1,,,,,0.05844,0.01275,450.1,0.00000,1,,,,,0.06397,0.00416,408.6,0.00000
1217,1,,,,,0.04516,0.00088,373.3,0.00000,1,,,,,0.04040,0.00424,357.8,0.00000
1218,1,,,,,0.06046,0.00604,637.0,0.00000,1,,,,,0.03518,0.00041,431.4,0.00000
1219,1,,,,,0.05239,0.00150,609.6,0.00001,1,,,,,0.01701,0.00742,755.9,0.00002
1220,1,,,,,0.03765,0.00597,389.5,0.00000,1,,,,,0.03886,0.00030,417.5,0.00001
1221,1,,,,,0.04620,0.00185,314.1,0.00000,1,,,,,0.01120,0.00181,1344.9,0.03558
1222,1,,,,,0.04244,0.00490,260.0,0.00000,1,,,,,0.01496,0.00019,364.1,0.00010
1223,1,,,,,0.05498,0.00425,329.1,0.00001,1,,,,,0.00313,0.00480,5062.4,0.03889
1224,1,,,,,0.05835,0.00618,323.1,0.00002,1,,,,,0.01551,0.00003,420.4,0.00137
1225,1,,,,,0.04997,0.00452,258.3,0.00000,1,,,,,0.01392,0.00141,225.2,0.00001
1226,1,,,,,0.05448,0.00342,309.8,0.00001,1,,,,,0.02328,0.00230,446.5,0.00000
1227,1,,,,,0.01205,0.00225,233.7,0.00000,1,,,,,0.00847,0.00179,278.0,0.00000
1228,1,,,,,0.03226,0.00000,381.4,0.00359,1,,,,,0.00235,0.00008,142.8,0.00000
1229,1,,,,,0.04064,0.00425,339.2,0.00000,1,,,,,0.00022,0.00000,3.4,0.00004
1230,1,,,,,0.06209,0.00512,423.9,0.00000,1,,,,,0.06515,0.00000,438.3,0.00001
1231,1,,,,,0.06112,0.01740,408.7,0.00000,1,,,,,0.02814,0.00335,250.3,0.00001
1232,1,,,,,0.02979,0.00294,230.5,0.00012,1,,,,,0.06421,0.00235,312.0,0.00000
1233,1,,,,,0.02173,0.00361,305.5,0.00001,1,,,,,0.03350,0.00297,742.3,0.00399
1234,1,,,,,0.01609,0.00000,3697.8,0.04400,1,,,,,0.06917,0.00357,502.5,0.00001
1235,1,,,,,0.06059,0.00071,555.8,0.00005,1,,,,,0.03482,0.01250,407.4,0.00021
1236,1,,,,,0.00053,0.00011,49.3,0.00188,1,,,,,0.05264,0.00102,883.9,0.00014
1237,1,,,,,0.02984,0.00002,366.8,0.00000,1,,,,,0.01607,0.00538,223.0,0.00002
1238,1,,,,,0.00692,0.00049,6476.3,0.09206,1,,,,,0.05718,0.00146,390.4,0.00000
1239,1,,,,,0.00166,0.00145,3744.6,0.04137,1,,,,,0.10468,0.00527,471.4,0.00000
1240,1,,,,,0.05196,0.00001,636.0,0.00004,1,,,,,0.02448,0.01116,3125.3,0.04790
1241,1,,,,,0.05272,0.00733,414.4,0.00001,1,,,,,0.02912,0.00007,896.7,0.02090
1242,1,,,,,0.00369,0.00042,8012.6,0.08885,1,,,,,0.02273,0.00221,260.9,0.00000
1243,1,,,,,0.05507,0.00156,416.8,0.00001,1,,,,,0.07033,0.00057,491.8,0.00001
1244,1,,,,,0.04494,0.00040,360.1,0.00001,1,,,,,0.05366,0.01512,482.2,0.00005
1245,1,,,,,0.08538,0.02661,484.9,0.00000,1,,,,,0.02971,0.00006,501.5,0.00325
1246,1,,,,,0.07261,0.01162,446.0,0.00001,1,,,,,0.02604,0.00666,344.0,0.00068
1247,1,,,,,0.03090,0.00350,306.7,0.00000,1,,,,,0.02275,0.00303,539.0,0.00023
1248,1,,,,,0.03157,0.00175,319.5,0.00000,1,,,,,0.05639,0.00219,675.1,0.00001
1249,1,,,,,0.00865,0.00000,315.1,0.00708,1,,,,,0.01862,0.00385,329.4,0.00006
1250,1,,,,,0.04186,0.00184,493.4,0.00000,1,,,,,0.01465,0.00361,253.1,0.00001
1251,1,,,,,0.05002,0.00074,480.4,0.00002,1,,,,,0.03540,0.00000,616.0,0.00001
1252,1,,,,,0.06049,0.00826,634.7,0.00000,1,,,,,0.06280,0.00512,778.5,0.00000
1253,1,,,,,0.06829,0.02883,718.1,0.00002,1,,,,,0.01048,0.00328,272.4,0.00000
1254,1,,,,,0.05761,0.01216,974.1,0.00006,1,,,,,0.01424,0.00032,427.4,0.00001
1255,1,,,,,0.02416,0.01857,452.9,0.00003,1,,,,,0.00350,0.00032,225.2,0.00001
1256,1,,,,,0.00424,0.00000,4375.5,0.03284,1,,,,,0.00638,0.00001,215.6,0.00001
1257,1,,,,,0.01496,0.00063,3344.9,0.03287,1,,,,,0.04690,0.00077,314.6,0.00001
1258,1,,,,,0.01971,0.00130,306.2,0.00001,1,,,,,0.08022,0.00396,480.3,0.00000
1259,1,,,,,0.00807,0.00015,239.9,0.00000,1,,,,,0.08406,0.04021,746.7,0.00005
1260,1,,,,,0.00144,0.00004,6877.2,0.06931,1,,,,,0.01891,0.00454,630.9,0.00003
1261,1,,,,,0.00131,0.00177,6985.5,0.08537,1,,,,,0.08966,0.00648,693.0,0.00001
1262,1,,,,,0.00021,0.00002,3.3,0.00005,1,,,,,0.03909,0.01739,1331.2,0.02199
1263,1,,,,,0.01463,0.00000,433.5,0.00004,1,,,,,0.04988,0.02148,508.7,0.00049
1264,1,,,,,0.03285,0.00578,362.4,0.00006,1,,,,,0.01401,0.01207,228.1,0.00001
1265,1,,,,,0.00265,0.00001,7668.2,0.07848,1,,,,,0.03552,0.00029,488.8,0.00008
1266,1,,,,,0.04687,0.00194,422.1,0.00008,1,,,,,0.06926,0.01131,784.8,0.00001
1267,1,,,,,0.01296,0.00013,211.3,0.00006,1,,,,,0.00242,0.00002,2519.4,0.00296
1268,1,,,,,0.08319,0.00068,407.7,0.00000,1,,,,,0.04343,0.00048,406.4,0.00000
1269,1,,,,,0.05375,0.00613,409.8,0.00001,1,,,,,0.03301,0.00967,405.1,0.00000
1270,1,,,,,0.06539,0.00047,401.9,0.00000,1,,,,,0.01596,0.00131,1266.8,0.00072
1271,1,,,,,0.09728,0.01386,686.5,0.00002,1,,,,,0.03922,0.00842,679.3,0.00004
1272,1,,,,,0.04354,0.01361,419.0,0.00113,1,,,,,0.02183,0.00003,426.8,0.00008
1273,1,,,,,0.00192,0.00123,7979.7,0.11757,1,,,,,0.00857,0.00152,174.3,0.00001
1274,1,,,,,0.02339,0.00029,439.0,0.00004,1,,,,,0.04565,0.00471,548.7,0.00001
1275,1,,,,,0.01192,0.00194,263.3,0.00001,1,,,,,0.04625,0.00090,459.7,0.00001
1276,1,,,,,0.00330,0.00004,148.8,0.00001,1,,,,,0.01070,0.00059,794.2,0.00547
1277,1,,,,,0.00022,0.00000,3.1,0.00004,1,,,,,0.04237,0.00323,385.0,0.00000
1278,1,,,,,0.00022,0.00000,3.1,0.00004,1,,,,,0.01960,0.00012,515.3,0.00001
1279,1,,,,,0.00022,0.00000,3.1,0.00004,1,,,,,0.05273,0.00796,888.7,0.00001
1280,1,,,,,0.00022,0.00000,3.1,0.00004,1,,,,,0.02932,0.00022,427.0,0.00005
1281,1,,,,,0.00022,0.00000,3.1,0.00004,1,,,,,0.01673,0.00331,544.6,0.00761
1282,1,,,,,0.00022,0.00000,3.1,0.00004,1,,,,,0.01672,0.00348,200.1,0.00000
1283,1,,,,,0.00022,0.00000,3.1,0.00004,1,,,,,0.01981,0.00045,319.9,0.00000
1284,1,,,,,0.00022,0.00000,3.1,0.00003,1,,,,,0.03371,0.00002,570.5,0.00085
1285,1,,,,,0.00022,0.00000,3.1,0.00004,1,,,,,0.04133,0.01381,349.8,0.00000
1286,1,,,,,0.00022,0.00000,3.1,0.00003,1,,,,,0.01849,0.00364,263.1,0.00150
1287,1,,,,,0.00022,0.00000,3.2,0.00004,1,,,,,0.00266,0.00398,5508.9,0.11755
1288,1,,,,,0.00022,0.00000,3.2,0.00004,1,,,,,0.04767,0.00000,531.3,0.00000
1289,1,,,,,0.00022,0.00000,3.1,0.00004,1,,,,,0.05461,0.00511,472.2,0.00001
1290,1,,,,,0.00022,0.00000,3.1,0.00004,1,,,,,0.04391,0.00028,327.1,0.00001
1291,1,,,,,0.00022,0.00000,3.1,0.00004,1,,,,,0.00480,0.00062,181.0,0.00001
1292,1,,,,,0.00022,0.00000,3.1,0.00004,1,,,,,0.07075,0.00000,478.2,0.00000
1293,1,,,,,0.00022,0.00000,3.1,0.00004,1,,,,,0.08168,0.02615,530.6,0.00000
1294,1,,,,,0.00022,0.00000,3.1,0.00004,1,,,,,0.01440,0.00016,326.9,0.00002
1295,1,,,,,0.00022,0.00000,3.1,0.00004,1,,,,,0.04535,0.00224,689.9,0.00001
1296,1,,,,,0.00022,0.00000,3.1,0.00004,1,,,,,0.02474,0.02468,410.0,0.00001
1297,1,,,,,0.00022,0.00001,3.1,0.00004,1,,,,,0.00975,0.00026,757.9,0.00006
1298,1,,,,,0.00022,0.00000,3.1,0.00004,1,,,,,0.02871,0.00008,375.0,0.00000
1299,1,,,,,0.00022,0.00000,3.1,0.00004,1,,,,,0.04487,0.00263,461.0,0.00000
1300,1,,,,,0.00022,0.00000,3.1,0.00004,1,,,,,0.02377,0.00514,473.5,0.00001
1301,1,,,,,0.00022,0.00000,3.1,0.00003,1,,,,,0.04124,0.00000,418.3,0.00000
1302,1,,,,,0.00022,0.00000,3.1,0.00004,1,,,,,0.03573,0.00715,340.3,0.00000
1303,1,,,,,0.00022,0.00000,3.1,0.00004,1,,,,,0.04588,0.00109,386.1,0.00000
1304,1,,,,,0.00022,0.00000,3.2,0.00004,1,,,,,0.01995,0.00652,258.0,0.00001
1305,1,,,,,0.00022,0.00000,3.1,0.00003,1,,,,,0.01028,0.00001,585.4,0.00202
1306,1,,,,,0.00022,0.00000,3.1,0.00004,1,,,,,0.02579,0.00013,385.9,0.00008
1307,1,,,,,0.00022,0.00000,3.1,0.00004,1,,,,,0.05212,0.00205,535.2,0.00003
1308,1,,,,,0.00022,0.00000,3.1,0.00003,1,,,,,0.05011,0.00108,512.0,0.00004
1309,1,,,,,0.00022,0.00000,3.1,0.00004,1,,,,,0.02637,0.00149,432.0,0.00002
1310,1,,,,,0.00022,0.00000,3.2,0.00004,1,,,,,0.01033,0.00037,254.3,0.00000
1311,1,,,,,0.00022,0.00000,3.1,0.00004,1,,,,,0.00229,0.00047,128.5,0.00028
1312,1,,,,,0.00022,0.00000,3.1,0.00004,1,,,,,0.00022,0.00000,3.1,0.00004
1313,1,,,,,0.00022,0.00000,3.1,0.00003,1,,,,,0.00022,0.00000,3.2,0.00004
1314,1,,,,,0.00022,0.00000,3.1,0.00004,1,,,,,0.00022,0.00000,3.1,0.00004
1315,1,,,,,0.00022,0.00000,3.1,0.00004,1,,,,,0.00022,0.00000,3.1,0.00003
1316,1,,,,,0.00022,0.00000,3.1,0.00004,1,,,,,0.00022,0.00000,3.1,0.00004
1317,1,,,,,0.00022,0.00000,3.1,0.00004,1,,,,,0.00022,0.00000,3.2,0.00004
1318,1,,,,,0.00022,0.00000,3.1,0.00004,1,,,,,0.00022,0.00001,3.1,0.00004
1319,1,,,,,0.00022,0.00000,3.1,0.00004,1,,,,,0.00022,0.00000,3.1,0.00004
1320,1,,,,,0.00022,0.00000,3.1,0.00004,1,,,,,0.00022,0.00000,3.1,0.00004
1321,1,,,,,0.00022,0.00000,3.1,0.00004,1,,,,,0.00022,0.00000,3.1,0.00004
1322,1,,,,,0.00022,0.00000,3.0,0.00004,1,,,,,0.00022,0.00000,3.1,0.00004
1323,1,,,,,0.00022,0.00000,3.1,0.00004,1,,,,,0.00022,0.00000,3.1,0.00004
1324,1,,,,,0.00022,0.00000,3.1,0.00004,1,,,,,0.00022,0.00000,3.1,0.00004
1325,1,,,,,0.00022,0.00001,3.1,0.00004,1,,,,,0.00022,0.00000,3.1,0.00004
1326,1,,,,,0.00022,0.00000,3.0,0.00003,1,,,,,0.00022,0.00000,3.2,0.00004
1327,1,,,,,0.00022,0.00000,3.1,0.00004,1,,,,,0.00022,0.00000,3.1,0.00004
1328,1,,,,,0.00022,0.00000,3.1,0.00003,1,,,,,0.00022,0.00000,3.1,0.00004
1329,1,,,,,0.00022,0.00000,3.2,0.00004,1,,,,,0.00022,0.00000,3.1,0.00004
1330,1,,,,,0.00022,0.00000,3.1,0.00004,1,,,,,0.00022,0.00000,3.1,0.00004
1331,1,,,,,0.00022,0.00000,3.1,0.00004,1,,,,,0.00022,0.00000,3.1,0.00003
1332,1,,,,,0.00022,0.00000,3.2,0.00004,1,,,,,0.00022,0.00000,3.1,0.00004
1333,1,,,,,0.00022,0.00000,3.2,0.00004,1,,,,,0.00022,0.00000,3.2,0.00004
1334,1,,,,,0.00022,0.00001,3.2,0.00004,1,,,,,0.00022,0.00000,3.1,0.00004
1335,1,,,,,0.00022,0.00000,3.1,0.00003,1,,,,,0.00022,0.00000,3.2,0.00003
1336,1,,,,,0.00022,0.00000,3.2,0.00004,1,,,,,0.00022,0.00000,3.1,0.00003
1337,1,,,,,0.00022,0.00000,3.2,0.00004,1,,,,,0.00022,0.00000,3.2,0.00004
1338,1,,,,,0.00022,0.00000,3.2,0.00004,1,,,,,0.00022,0.00000,3.1,0.00004
1339,1,,,,,0.00022,0.00000,3.1,0.00004,1,,,,,0.00022,0.00000,3.1,0.00004
1340,1,,,,,0.00022,0.00000,3.1,0.00004,1,,,,,0.00022,0.00000,3.1,0.00004
1341,1,,,,,0.00022,0.00000,3.1,0.00004,1,,,,,0.00022,0.00000,3.1,0.00004
1342,1,,,,,0.00022,0.00000,3.1,0.00004,1,,,,,0.00022,0.00000,3.1,0.00004
1343,1,,,,,0.00022,0.00000,3.2,0.00004,1,,,,,0.00022,0.00001,3.0,0.00003
1344,1,,,,,0.00022,0.00000,3.2,0.00004,1,,,,,0.00022,0.00000,3.1,0.00004
1345,1,,,,,0.00022,0.00001,3.1,0.00004,1,,,,,0.00022,0.00000,3.2,0.00004
1346,1,,,,,0.00022,0.00001,3.1,0.00004,1,,,,,0.00022,0.00000,3.1,0.00003
1347,1,,,,,0.00022,0.00000,3.2,0.00004,1,,,,,0.00022,0.00000,3.1,0.00004
1348,1,,,,,0.00022,0.00000,3.1,0.00004,1,,,,,0.00022,0.00000,3.2,0.00004
1349,1,,,,,0.00022,0.00000,3.1,0.00004,1,,,,,0.00022,0.00000,3.1,0.00003
1350,1,,,,,0.00022,0.00000,3.1,0.00004,1,,,,,0.00022,0.00000,3.1,0.00003
1351,1,,,,,0.00022,0.00000,3.1,0.00003,1,,,,,0.00022,0.00000,3.1,0.00004
1352,1,,,,,0.00022,0.00000,3.2,0.00004,1,,,,,0.00022,0.00000,3.1,0.00004
1353,1,,,,,0.00022,0.00000,3.2,0.00004,1,,,,,0.00022,0.00000,3.1,0.00003
1354,1,,,,,0.00022,0.00000,3.1,0.00004,1,,,,,0.00022,0.00000,3.1,0.00004
1355,1,,,,,0.00022,0.00000,3.1,0.00004,1,,,,,0.00022,0.00000,3.1,0.00003
1356,1,,,,,0.00022,0.00000,3.2,0.00004,1,,,,,0.00022,0.00000,3.1,0.00003
1357,1,,,,,0.00022,0.00000,3.2,0.00004,1,,,,,0.00022,0.00000,3.1,0.00004
1358,1,,,,,0.00022,0.00000,3.1,0.00003,1,,,,,0.00022,0.00000,3.1,0.00004
1359,1,,,,,0.00022,0.00001,3.1,0.00004,1,,,,,0.00022,0.00000,3.1,0.00004
1360,1,,,,,0.00022,0.00000,3.1,0.00004,1,,,,,0.00022,0.00000,3.1,0.00004
1361,1,,,,,0.00022,0.00000,3.2,0.00004,1,,,,,0.00022,0.00000,3.1,0.00003
1362,1,,,,,0.00022,0.00000,3.2,0.00004,1,,,,,0.00022,0.00000,3.1,0.00004
1363,1,,,,,0.00022,0.00000,3.1,0.00003,1,,,,,0.00022,0.00000,3.2,0.00004
1364,1,,,,,0.00022,0.00000,3.1,0.00004,1,,,,,0.00022,0.00000,3.2,0.00004
1365,1,,,,,0.00022,0.00000,3.1,0.00004,1,,,,,0.00022,0.00000,3.1,0.00004
1366,1,,,,,0.00022,0.00000,3.1,0.00004,1,,,,,0.00022,0.00000,3.1,0.00004
1367,1,,,,,0.00022,0.00000,3.1,0.00004,1,,,,,0.00022,0.00000,3.1,0.00004
1368,1,,,,,0.00022,0.00000,3.2,0.00004,1,,,,,0.00022,0.00000,3.2,0.00004
1369,1,,,,,0.00022,0.00000,3.2,0.00004,1,,,,,0.00022,0.00000,3.2,0.00004
1370,1,,,,,0.00022,0.00000,3.2,0.00004,1,,,,,0.00022,0.00000,3.2,0.00004
1371,1,,,,,0.00022,0.00000,3.2,0.00003,1,,,,,0.00022,0.00000,3.2,0.00004
1372,1,,,,,0.00022,0.00000,3.2,0.00004,1,,,,,0.00022,0.00000,3.2,0.00004
1373,1,,,,,0.00022,0.00000,3.2,0.00004,1,,,,,0.00022,0.00000,3.1,0.00004
1374,1,,,,,0.00022,0.00000,3.3,0.00004,1,,,,,0.00022,0.00000,3.2,0.00004
1375,1,,,,,0.00022,0.00000,3.2,0.00004,1,,,,,0.00022,0.00000,3.2,0.00004
1376,1,,,,,0.00022,0.00000,3.2,0.00004,1,,,,,0.00022,0.00000,3.2,0.00004
1377,1,,,,,0.00022,0.00000,3.2,0.00004,1,,,,,0.00022,0.00000,3.1,0.00004
1378,1,,,,,0.00022,0.00000,3.2,0.00004,1,,,,,0.00022,0.00001,3.1,0.00004
1379,1,,,,,0.00022,0.00000,3.2,0.00004,1,,,,,0.00022,0.00000,3.1,0.00004
1380,1,,,,,0.00022,0.00000,3.2,0.00004,1,,,,,0.00022,0.00000,3.2,0.00004
1381,1,,,,,0.00022,0.00001,3.2,0.00004,1,,,,,0.00022,0.00000,3.1,0.00004
1382,1,,,,,0.00022,0.00000,3.2,0.00004,1,,,,,0.00022,0.00000,3.2,0.00004
1383,1,,,,,0.00022,0.00000,3.3,0.00004,1,,,,,0.00022,0.00000,3.2,0.00004
1384,1,,,,,0.00022,0.00000,3.2,0.00004,1,,,,,0.00022,0.00000,3.2,0.00004
1385,1,,,,,0.00022,0.00000,3.2,0.00004,1,,,,,0.00022,0.00000,3.2,0.00003
1386,1,,,,,0.00022,0.00000,3.2,0.00004,1,,,,,0.00022,0.00000,3.2,0.00004
1387,1,,,,,0.00022,0.00000,3.2,0.00004,1,,,,,0.00022,0.00000,3.2,0.00004
1388,1,,,,,0.00022,0.00000,3.3,0.00004,1,,,,,0.00022,0.00000,3.1,0.00004
1389,1,,,,,0.00022,0.00000,3.2,0.00004,1,,,,,0.00022,0.00000,3.1,0.00004
1390,1,,,,,0.00022,0.00000,3.3,0.00004,1,,,,,0.00022,0.00000,3.1,0.00004
1391,1,,,,,0.00022,0.00000,3.3,0.00003,1,,,,,0.00022,0.00000,3.2,0.00004
1392,1,,,,,0.00022,0.00000,3.3,0.00004,1,,,,,0.00022,0.00000,3.2,0.00004
1393,1,,,,,0.00022,0.00000,3.3,0.00004,1,,,,,0.00022,0.00000,3.2,0.00004
1394,1,,,,,0.00022,0.00000,3.3,0.00004,1,,,,,0.00022,0.00000,3.1,0.00003
1395,1,,,,,0.00022,0.00000,3.2,0.00004,1,,,,,0.00022,0.00000,3.2,0.00004
1396,1,,,,,0.00022,0.00000,3.3,0.00004,1,,,,,0.00022,0.00000,3.1,0.00004
1397,1,,,,,0.00022,0.00000,3.3,0.00004,1,,,,,0.00022,0.00000,3.2,0.00004
1398,1,,,,,0.00022,0.00000,3.3,0.00004,1,,,,,0.00022,0.00000,3.2,0.00004
1399,1,,,,,0.00022,0.00000,3.5,0.00004,1,,,,,0.00022,0.00000,3.2,0.00004
1400,1,,,,,0.00022,0.00000,3.5,0.00004,1,,,,,0.00022,0.00000,3.2,0.00004
1401,1,,,,,0.00022,0.00000,3.5,0.00004,1,,,,,0.00022,0.00000,3.2,0.00004
1402,1,,,,,0.00022,0.00000,3.5,0.00004,1,,,,,0.00022,0.00000,3.2,0.00004
1403,1,,,,,0.00022,0.00000,3.5,0.00004,1,,,,,0.00022,0.00000,3.2,0.00004
1404,1,,,,,0.00022,0.00000,3.5,0.00004,1,,,,,0.00022,0.00000,3.2,0.00004
1405,1,,,,,0.00022,0.00000,3.5,0.00004,1,,,,,0.00022,0.00000,3.2,0.00004
1406,1,,,,,0.00022,0.00001,3.6,0.00004,1,,,,,0.00022,0.00000,3.2,0.00004
1407,1,,,,,0.00022,0.00000,3.5,0.00004,1,,,,,0.00022,0.00000,3.3,0.00004
1408,1,,,,,0.00022,0.00000,3.5,0.00004,1,,,,,0.00022,0.00000,3.2,0.00004
1409,1,,,,,0.00022,0.00000,3.6,0.00004,1,,,,,0.00022,0.00000,3.2,0.00003
1410,1,,,,,0.00022,0.00001,3.5,0.00004,1,,,,,0.00022,0.00000,3.2,0.00004
1411,1,,,,,0.05542,0.00001,606.6,0.00000,1,,,,,0.00022,0.00000,3.2,0.00004
1412,1,,,,,0.11956,0.00230,569.4,0.00000,1,,,,,0.00022,0.00000,3.2,0.00004
1413,1,,,,,0.06717,0.00074,471.2,0.00000,1,,,,,0.00022,0.00000,3.2,0.00004
1414,1,,,,,0.04835,0.00692,303.3,0.00000,1,,,,,0.00022,0.00001,3.2,0.00004
1415,1,,,,,0.09132,0.00140,557.1,0.00001,1,,,,,0.00022,0.00000,3.2,0.00004
1416,1,,,,,0.07302,0.00981,820.7,0.00002,1,,,,,0.00022,0.00000,3.1,0.00004
1417,1,,,,,0.05615,0.00517,565.4,0.00002,1,,,,,0.00022,0.00000,3.2,0.00004
1418,1,,,,,0.00708,0.00061,168.9,0.00001,1,,,,,0.00022,0.00000,3.3,0.00004
1419,1,,,,,0.09987,0.00143,500.4,0.00001,1,,,,,0.00022,0.00000,3.2,0.00004
1420,1,,,,,0.07914,0.01847,604.3,0.00001,1,,,,,0.00022,0.00000,3.2,0.00004
1421,1,,,,,0.02039,0.00002,372.8,0.00004,1,,,,,0.00022,0.00000,3.2,0.00004
1422,1,,,,,0.04865,0.00852,271.6,0.00000,1,,,,,0.00022,0.00000,3.2,0.00003
1423,1,,,,,0.03443,0.00771,512.7,0.00001,1,,,,,0.00022,0.00000,3.3,0.00004
1424,1,,,,,0.01020,0.00017,335.5,0.00000,1,,,,,0.00022,0.00000,3.3,0.00004
1425,1,,,,,0.02378,0.00181,368.7,0.00000,1,,,,,0.00022,0.00000,3.2,0.00004
1426,1,,,,,0.02136,0.00258,330.9,0.00000,1,,,,,0.00022,0.00000,3.1,0.00004
1427,1,,,,,0.00457,0.00056,162.8,0.00000,1,,,,,0.00022,0.00000,3.2,0.00004
1428,1,,,,,0.00669,0.00000,189.8,0.00001,1,,,,,0.00022,0.00000,3.2,0.00004
1429,1,,,,,0.06666,0.00092,621.0,0.00000,1,,,,,0.00022,0.00000,3.3,0.00004
1430,1,,,,,0.03965,0.01771,417.7,0.00000,1,,,,,0.00022,0.00000,3.2,0.00004
1431,1,,,,,0.03469,0.00002,645.1,0.01094,1,,,,,0.00022,0.00000,3.2,0.00004
1432,1,,,,,0.03313,0.00491,298.7,0.00000,1,,,,,0.00022,0.00000,3.3,0.00004
1433,1,,,,,0.05174,0.00004,414.3,0.00000,1,,,,,0.00022,0.00000,3.4,0.00004
1434,1,,,,,0.08099,0.02017,629.9,0.00000,1,,,,,0.00022,0.00000,3.5,0.00004
1435,1,,,,,0.05695,0.03542,496.8,0.00001,1,,,,,0.00022,0.00000,3.4,0.00004
1436,1,,,,,0.07664,0.01764,726.9,0.00002,1,,,,,0.00022,0.00000,3.4,0.00004
1437,1,,,,,0.05648,0.01302,543.3,0.00001,1,,,,,0.00022,0.00000,3.4,0.00004
1438,1,,,,,0.00991,0.00021,170.3,0.00000,1,,,,,0.00022,0.00000,3.5,0.00004
1439,1,,,,,0.04010,0.00007,353.4,0.00000,1,,,,,0.00022,0.00000,3.5,0.00004
1440,1,,,,,0.05108,0.00234,545.9,0.00000,1,,,,,0.00022,0.00000,3.5,0.00004
1441,1,,,,,0.02390,0.00575,612.5,0.00001,1,,,,,0.00022,0.00000,3.4,0.00004
1442,1,,,,,0.01034,0.00391,240.9,0.00000,1,,,,,0.00022,0.00000,3.4,0.00004
1443,1,,,,,0.00087,0.00025,39.2,0.00008,1,,,,,0.00022,0.00000,3.5,0.00004
1444,1,,,,,0.02308,0.00000,235.7,0.00000,1,,,,,0.00022,0.00000,3.5,0.00004
1445,1,,,,,0.07002,0.00012,491.0,0.00001,1,,,,,0.00022,0.00000,3.5,0.00004
1446,1,,,,,0.02092,0.00432,219.4,0.00000,1,,,,,0.00022,0.00000,3.5,0.00004
1447,1,,,,,0.03517,0.00058,326.4,0.00000,1,,,,,0.00022,0.00000,3.5,0.00004
1448,1,,,,,0.00301,0.00110,140.5,0.00003,1,,,,,0.00022,0.00000,3.5,0.00004
1449,1,,,,,0.01050,0.00000,249.4,0.00022,1,,,,,0.00022,0.00000,3.5,0.00004
1450,1,,,,,0.05684,0.00217,588.2,0.00003,1,,,,,0.00022,0.00000,3.5,0.00004
1451,1,,,,,0.05316,0.00038,636.1,0.00002,1,,,,,0.00022,0.00000,3.6,0.00004
1452,1,,,,,0.04461,0.00711,441.7,0.00000,1,,,,,0.00022,0.00000,3.6,0.00004
1453,1,,,,,0.04383,0.00094,372.3,0.00000,1,,,,,0.00022,0.00000,3.5,0.00004
1454,1,,,,,0.05323,0.00538,417.9,0.00000,1,,,,,0.00022,0.00000,3.5,0.00004
1455,1,,,,,0.03491,0.00082,449.1,0.00000,1,,,,,0.00022,0.00000,3.5,0.00004
1456,1,,,,,0.00046,0.00026,7.0,0.00008,1,,,,,0.00022,0.00000,3.5,0.00004
1457,1,,,,,0.03625,0.00001,363.8,0.00000,1,,,,,0.00022,0.00000,3.5,0.00004
1458,1,,,,,0.03734,0.00723,503.4,0.00000,1,,,,,0.00022,0.00000,3.5,0.00004
1459,1,,,,,0.01941,0.00001,252.9,0.00000,1,,,,,0.00022,0.00000,3.5,0.00004
1460,1,,,,,0.03429,0.00035,460.6,0.00001,1,,,,,0.00022,0.00000,3.5,0.00004
1461,1,,,,,0.00913,0.00023,1223.4,0.00009,1,,,,,0.00022,0.00000,3.6,0.00004
1462,1,,,,,0.02603,0.00186,309.9,0.00000,1,,,,,0.00022,0.00000,3.6,0.00004
1463,1,,,,,0.02048,0.00198,439.0,0.00000,1,,,,,0.00022,0.00000,3.6,0.00004
1464,1,,,,,0.04004,0.00057,440.5,0.00000,1,,,,,0.00022,0.00000,3.5,0.00004
1465,1,,,,,0.07811,0.01127,705.2,0.00001,1,,,,,0.00022,0.00000,3.6,0.00004
1466,1,,,,,0.04757,0.00809,641.3,0.00000,1,,,,,0.00022,0.00000,3.5,0.00004
1467,1,,,,,0.00134,0.00107,2486.0,0.00024,1,,,,,0.00022,0.00001,3.5,0.00004
1468,1,,,,,0.02009,0.00006,343.7,0.00001,1,,,,,0.00022,0.00001,3.5,0.00004
1469,1,,,,,0.06347,0.00772,610.8,0.00000,1,,,,,0.00022,0.00000,3.5,0.00004
1470,1,,,,,0.07873,0.00473,668.1,0.00000,1,,,,,0.00022,0.00000,3.5,0.00004
1471,1,,,,,0.03615,0.00960,331.2,0.00000,1,,,,,0.00022,0.00000,3.5,0.00004
1472,1,,,,,0.04015,0.01575,360.8,0.00002,1,,,,,0.00022,0.00000,3.5,0.00004
1473,1,,,,,0.00501,0.00524,6917.1,0.05854,1,,,,,0.00022,0.00000,3.6,0.00004
1474,1,,,,,0.03709,0.00336,454.3,0.00012,1,,,,,0.00022,0.00000,3.6,0.00004
1475,1,,,,,0.03851,0.00083,349.3,0.00000,1,,,,,0.00022,0.00001,3.6,0.00004
1476,1,,,,,0.00819,0.00231,200.1,0.00001,1,,,,,0.00022,0.00000,3.6,0.00004
1477,1,,,,,0.04785,0.00001,427.4,0.00001,1,,,,,0.00022,0.00000,3.6,0.00004
1478,1,,,,,0.04835,0.00301,363.2,0.00000,1,,,,,0.00022,0.00000,3.6,0.00004
1479,1,,,,,0.03363,0.00109,266.8,0.00000,1,,,,,0.00022,0.00000,3.6,0.00004
1480,1,,,,,0.00161,0.00119,74.5,0.00007,1,,,,,0.00022,0.00000,3.5,0.00004
1481,1,,,,,0.00816,0.00001,3829.7,0.04340,1,,,,,0.00022,0.00000,3.6,0.00004
1482,1,,,,,0.04067,0.00253,336.3,0.00008,1,,,,,0.00022,0.00000,3.6,0.00004
1483,1,,,,,0.01617,0.00002,338.9,0.00006,1,,,,,0.00022,0.00000,3.6,0.00004
1484,1,,,,,0.02212,0.00603,339.2,0.00001,1,,,,,0.00022,0.00000,3.5,0.00004
1485,1,,,,,0.00187,0.00002,7619.2,0.04016,1,,,,,0.00022,0.00000,3.7,0.00004
1486,1,,,,,0.01204,0.00148,4639.7,0.04664,1,,,,,0.06071,0.00001,673.2,0.00000
1487,1,,,,,0.06079,0.00545,425.0,0.00000,1,,,,,0.08182,0.01343,580.4,0.00000
1488,1,,,,,0.02214,0.00322,228.2,0.00000,1,,,,,0.06731,0.00620,705.2,0.00000
1489,1,,,,,0.05858,0.00003,500.3,0.00000,1,,,,,0.03028,0.00215,553.8,0.00000
1490,1,,,,,0.05906,0.00778,479.8,0.00000,1,,,,,0.00488,0.00081,520.1,0.00002
1491,1,,,,,0.04144,0.00367,446.0,0.00000,1,,,,,0.01068,0.00004,1035.4,0.00002
1492,1,,,,,0.01152,0.00138,187.1,0.00001,1,,,,,0.07848,0.00893,844.7,0.00002
1493,1,,,,,0.01733,0.00000,435.3,0.00013,1,,,,,0.03879,0.00611,288.5,0.00000
1494,1,,,,,0.05620,0.00756,584.7,0.00001,1,,,,,0.00845,0.00001,8008.3,0.05804
1495,1,,,,,0.05125,0.00357,513.6,0.00001,1,,,,,0.02348,0.00109,264.6,0.00002
1496,1,,,,,0.03586,0.00358,280.8,0.00000,1,,,,,0.05685,0.00006,539.0,0.00239
1497,1,,,,,0.02101,0.00311,279.8,0.00000,1,,,,,0.09767,0.01939,451.9,0.00002
1498,1,,,,,0.00021,0.00001,3.7,0.00006,1,,,,,0.00351,0.00393,5981.4,0.10101
1499,1,,,,,0.00022,0.00001,3.2,0.00004,1,,,,,0.03026,0.00013,957.1,0.01758
1500,1,,,,,0.00022,0.00000,3.1,0.00004,1,,,,,0.02355,0.00109,482.8,0.00015
1501,1,,,,,0.00022,0.00000,3.2,0.00004,1,,,,,0.02834,0.00001,369.6,0.00002
1502,1,,,,,0.00022,0.00000,3.1,0.00003,1,,,,,0.05431,0.00269,494.8,0.00002
1503,1,,,,,0.00022,0.00000,3.1,0.00004,1,,,,,0.05242,0.02706,711.1,0.00002
1504,1,,,,,0.00022,0.00000,3.2,0.00004,1,,,,,0.04742,0.00064,379.7,0.00000
1505,1,,,,,0.00022,0.00000,3.2,0.00004,1,,,,,0.07550,0.00243,428.3,0.00000
1506,1,,,,,0.00022,0.00000,3.1,0.00004,1,,,,,0.01912,0.00010,479.2,0.00006
1507,1,,,,,0.00022,0.00000,3.1,0.00003,1,,,,,0.02031,0.00737,391.4,0.00001
1508,1,,,,,0.00022,0.00000,3.1,0.00004,1,,,,,0.02641,0.00001,277.7,0.00004
1509,1,,,,,0.00022,0.00000,3.1,0.00004,1,,,,,0.04683,0.00160,307.8,0.00000
1510,1,,,,,0.00022,0.00000,3.1,0.00004,1,,,,,0.04815,0.00153,366.4,0.00001
1511,1,,,,,0.00022,0.00000,3.2,0.00004,1,,,,,0.03372,0.00251,309.6,0.00002
1512,1,,,,,0.00022,0.00000,3.1,0.00004,1,,,,,0.01742,0.00170,330.5,0.00006
1513,1,,,,,0.00022,0.00000,3.1,0.00004,1,,,,,0.02904,0.00000,545.3,0.00016
1514,1,,,,,0.00022,0.00000,3.1,0.00004,1,,,,,0.08128,0.01011,733.6,0.00000
1515,1,,,,,0.00022,0.00000,3.1,0.00004,1,,,,,0.10206,0.02015,519.1,0.00000
1516,1,,,,,0.00022,0.00000,3.1,0.00004,1,,,,,0.02336,0.00689,346.1,0.00005
1517,1,,,,,0.00022,0.00000,3.1,0.00004,1,,,,,0.04860,0.00151,429.5,0.00003
1518,1,,,,,0.00022,0.00000,3.2,0.00004,1,,,,,0.03453,0.01175,447.8,0.00406
1519,1,,,,,0.00022,0.00000,3.2,0.00004,1,,,,,0.00360,0.01929,1109.8,0.02121
1520,1,,,,,0.00022,0.00000,3.2,0.00004,1,,,,,0.03339,0.00000,504.0,0.00003
1521,1,,,,,0.00022,0.00000,3.2,0.00004,1,,,,,0.01580,0.00329,201.7,0.00005
1522,1,,,,,0.00022,0.00000,3.2,0.00003,1,,,,,0.03584,0.00217,430.2,0.00013
1523,1,,,,,0.00022,0.00001,3.2,0.00004,1,,,,,0.01318,0.00843,368.0,0.00007
1524,1,,,,,0.00022,0.00000,3.2,0.00004,1,,,,,0.03434,0.00005,411.5,0.00000
1525,1,,,,,0.00022,0.00000,3.2,0.00004,1,,,,,0.01478,0.00021,676.1,0.00020
1526,1,,,,,0.00022,0.00000,3.1,0.00004,1,,,,,0.02028,0.00415,545.9,0.00001
1527,1,,,,,0.00022,0.00000,3.1,0.00003,1,,,,,0.01950,0.00138,293.5,0.00000
1528,1,,,,,0.00022,0.00000,3.1,0.00003,1,,,,,0.00422,0.00065,6195.9,0.06246
1529,1,,,,,0.00022,0.00000,3.2,0.00004,1,,,,,0.00123,0.00088,3792.3,0.04416
1530,1,,,,,0.00022,0.00000,3.1,0.00004,1,,,,,0.01182,0.00000,2039.6,0.01332
1531,1,,,,,0.00022,0.00000,3.1,0.00004,1,,,,,0.01634,0.00057,394.6,0.00000
1532,1,,,,,0.00022,0.00000,3.2,0.00004,1,,,,,0.00129,0.00023,475.5,0.00488
1533,1,,,,,0.00022,0.00000,3.1,0.00004,1,,,,,0.00183,0.00018,6453.3,0.02445
1534,1,,,,,0.00022,0.00000,3.1,0.00003,1,,,,,0.03187,0.00001,428.6,0.00002
1535,1,,,,,0.00022,0.00000,3.2,0.00004,1,,,,,0.05144,0.01290,538.8,0.00003
1536,1,,,,,0.00022,0.00000,3.1,0.00003,1,,,,,0.05890,0.00088,908.5,0.00003
1537,1,,,,,0.00022,0.00000,3.1,0.00003,1,,,,,0.07304,0.01327,737.5,0.00001
1538,1,,,,,0.00022,0.00000,3.1,0.00004,1,,,,,0.01635,0.00008,442.5,0.00088
1539,1,,,,,0.00022,0.00000,3.1,0.00004,1,,,,,0.03138,0.00455,284.2,0.00000
1540,1,,,,,0.00022,0.00000,3.1,0.00004,1,,,,,0.05420,0.00234,682.9,0.00006
1541,1,,,,,0.00022,0.00000,3.1,0.00004,1,,,,,0.03580,0.00906,399.9,0.00000
1542,1,,,,,0.00022,0.00000,3.1,0.00004,1,,,,,0.05769,0.00259,405.9,0.00000
1543,1,,,,,0.00022,0.00000,3.1,0.00004,1,,,,,0.08015,0.00767,738.3,0.00001
1544,1,,,,,0.00022,0.00000,3.2,0.00004,1,,,,,0.08414,0.00265,676.2,0.00000
1545,1,,,,,0.00022,0.00000,3.2,0.00004,1,,,,,0.02374,0.01934,258.5,0.00005
1546,1,,,,,0.00022,0.00000,3.1,0.00004,1,,,,,0.04803,0.00286,863.5,0.00001
1547,1,,,,,0.00022,0.00000,3.1,0.00004,1,,,,,0.09629,0.01738,872.2,0.00001
1548,1,,,,,0.00022,0.00000,3.1,0.00004,1,,,,,0.00546,0.00077,3512.5,0.02391
1549,1,,,,,0.00022,0.00000,3.1,0.00004,1,,,,,0.03351,0.00806,384.3,0.00059
1550,1,,,,,0.00022,0.00000,3.1,0.00004,1,,,,,0.02742,0.00615,286.5,0.00005
1551,1,,,,,0.00022,0.00001,3.1,0.00004,1,,,,,0.02895,0.00543,485.2,0.00003
1552,1,,,,,0.00022,0.00001,3.1,0.00004,1,,,,,0.03346,0.00081,479.2,0.00000
1553,1,,,,,0.00022,0.00000,3.1,0.00004,1,,,,,0.03896,0.00467,363.1,0.00000
1554,1,,,,,0.00022,0.00000,3.2,0.00004,1,,,,,0.06663,0.00536,536.3,0.00000
1555,1,,,,,0.00022,0.00000,3.1,0.00003,1,,,,,0.05481,0.00238,542.5,0.00000
1556,1,,,,,0.00022,0.00000,3.1,0.00003,1,,,,,0.00335,0.00406,288.4,0.00055
1557,1,,,,,0.00022,0.00000,3.2,0.00004,1,,,,,0.02382,0.00032,420.3,0.00007
1558,1,,,,,0.00022,0.00000,3.1,0.00004,1,,,,,0.06777,0.00147,784.3,0.00001
1559,1,,,,,0.00022,0.00000,3.2,0.00004,1,,,,,0.04147,0.01124,813.7,0.00001
1560,1,,,,,0.00022,0.00000,3.2,0.00004,1,,,,,0.00309,0.00038,6463.8,0.06852
1561,1,,,,,0.00022,0.00001,3.2,0.00004,1,,,,,0.00143,0.00132,6270.3,0.07158
1562,1,,,,,0.00022,0.00000,3.2,0.00004,1,,,,,0.01118,0.00001,394.4,0.00002
1563,1,,,,,0.00022,0.00000,3.2,0.00004,1,,,,,0.00832,0.00305,267.0,0.00062
1564,1,,,,,0.00022,0.00000,3.1,0.00004,1,,,,,0.02377,0.00031,268.0,0.00007
1565,1,,,,,0.00022,0.00000,3.1,0.00004,1,,,,,0.06935,0.00262,528.7,0.00000
1566,1,,,,,0.00022,0.00000,3.1,0.00004,1,,,,,0.05939,0.00685,561.0,0.00001
1567,1,,,,,0.00022,0.00001,3.1,0.00004,1,,,,,0.03825,0.00533,283.6,0.00001
1568,1,,,,,0.00022,0.00000,3.2,0.00004,1,,,,,0.02060,0.00524,506.9,0.00210
1569,1,,,,,0.00022,0.00000,3.1,0.00004,1,,,,,0.01507,0.00372,4286.2,0.04128
1570,1,,,,,0.00022,0.00000,3.2,0.00004,1,,,,,0.02650,0.00007,2535.1,0.03261
1571,1,,,,,0.00022,0.00000,3.2,0.00004,1,,,,,0.04618,0.01309,411.1,0.00001
1572,1,,,,,0.00022,0.00000,3.1,0.00004,1,,,,,0.04568,0.00449,467.5,0.00001
1573,1,,,,,0.00022,0.00000,3.2,0.00004,1,,,,,0.02747,0.00071,337.3,0.00000
1574,1,,,,,0.00022,0.00000,3.2,0.00004,1,,,,,0.00620,0.00237,5507.6,0.06189
1575,1,,,,,0.00022,0.00000,3.1,0.00004,1,,,,,0.03020,0.00148,452.0,0.00256
1576,1,,,,,0.00022,0.00000,3.1,0.00004,1,,,,,0.01543,0.00499,462.2,0.00002
1577,1,,,,,0.00022,0.00000,3.1,0.00003,1,,,,,0.00872,0.00128,250.3,0.00001
1578,1,,,,,0.00022,0.00000,3.2,0.00004,1,,,,,0.01678,0.00023,380.7,0.00004
1579,1,,,,,0.00022,0.00000,3.1,0.00004,1,,,,,0.05056,0.00595,415.1,0.00000
1580,1,,,,,0.00022,0.00000,3.1,0.00004,1,,,,,0.06076,0.00721,410.7,0.00000
1581,1,,,,,0.00022,0.00001,3.1,0.00004,1,,,,,0.05240,0.00098,459.7,0.00000
1582,1,,,,,0.00022,0.00001,3.2,0.00004,1,,,,,0.04299,0.00453,607.3,0.00001
1583,1,,,,,0.00022,0.00001,3.1,0.00004,1,,,,,0.00642,0.00597,162.4,0.00044
1584,1,,,,,0.00022,0.00000,3.1,0.00003,1,,,,,0.02910,0.00001,333.0,0.00001
1585,1,,,,,0.00022,0.00000,3.1,0.00004,1,,,,,0.05050,0.00023,455.4,0.00000
1586,1,,,,,0.00022,0.00000,3.1,0.00004,1,,,,,0.00416,0.00016,5545.0,0.05654
1587,1,,,,,0.00022,0.00000,3.1,0.00004,1,,,,,0.03307,0.00045,372.7,0.00004
1588,1,,,,,0.00022,0.00000,3.2,0.00004,1,,,,,0.03054,0.00272,360.8,0.00000
1589,1,,,,,0.00022,0.00000,3.2,0.00004,1,,,,,0.02970,0.00582,498.8,0.00000
1590,1,,,,,0.00022,0.00000,3.1,0.00004,1,,,,,0.02390,0.00111,253.7,0.00000
1591,1,,,,,0.00022,0.00000,3.1,0.00004,1,,,,,0.01120,0.00016,1799.7,0.00897
1592,1,,,,,0.00022,0.00000,3.2,0.00004,1,,,,,0.04089,0.00099,299.4,0.00000
1593,1,,,,,0.00022,0.00001,3.2,0.00003,1,,,,,0.06747,0.01122,490.0,0.00001
1594,1,,,,,0.00022,0.00000,3.2,0.00004,1,,,,,0.05988,0.00925,604.9,0.00002
1595,1,,,,,0.00022,0.00000,3.2,0.00004,1,,,,,0.03162,0.00826,365.4,0.00001
1596,1,,,,,0.00022,0.00000,3.2,0.00004,1,,,,,0.01794,0.00185,208.7,0.00001
1597,1,,,,,0.00022,0.00000,3.2,0.00004,1,,,,,0.03062,0.00269,412.6,0.00001
1598,1,,,,,0.00022,0.00000,3.2,0.00004,1,,,,,0.02861,0.00001,384.0,0.00002
1599,1,,,,,0.00022,0.00000,3.2,0.00004,1,,,,,0.02023,0.00157,282.7,0.00001
1600,1,,,,,0.00022,0.00000,3.1,0.00004,1,,,,,0.08873,0.00006,544.3,0.00000
1601,1,,,,,0.00022,0.00000,3.1,0.00004,1,,,,,0.06165,0.00589,480.8,0.00000
1602,1,,,,,0.00022,0.00000,3.2,0.00004,1,,,,,0.02418,0.00002,385.7,0.00012
1603,1,,,,,0.00022,0.00001,3.2,0.00004,1,,,,,0.02796,0.00840,713.5,0.00766
1604,1,,,,,0.00022,0.00000,3.2,0.00004,1,,,,,0.03669,0.00334,377.8,0.00001
1605,1,,,,,0.00022,0.00000,3.2,0.00004,1,,,,,0.05205,0.00384,453.1,0.00001
1606,1,,,,,0.00022,0.00000,3.2,0.00004,1,,,,,0.02913,0.00069,330.7,0.00025
1607,1,,,,,0.00022,0.00000,3.2,0.00003,1,,,,,0.06717,0.00389,449.9,0.00001
1608,1,,,,,0.00022,0.00000,3.2,0.00003,1,,,,,0.07580,0.00223,534.7,0.00000
1609,1,,,,,0.00022,0.00000,3.2,0.00004,1,,,,,0.04549,0.01171,386.7,0.00000
1610,1,,,,,0.00022,0.00001,3.2,0.00004,1,,,,,0.03603,0.00180,463.4,0.00001
1611,1,,,,,0.00022,0.00000,3.1,0.00004,1,,,,,0.01677,0.00305,367.2,0.00042
1612,1,,,,,0.00022,0.00001,3.2,0.00004,1,,,,,0.00209,0.00434,6263.9,0.05426
1613,1,,,,,0.00022,0.00000,3.2,0.00004,1,,,,,0.06336,0.00000,779.0,0.00002
1614,1,,,,,0.00022,0.00000,3.3,0.00004,1,,,,,0.09054,0.01003,590.1,0.00001
1615,1,,,,,0.00022,0.00000,3.2,0.00003,1,,,,,0.00781,0.00527,6774.1,0.05544
1616,1,,,,,0.00022,0.00000,3.2,0.00004,1,,,,,0.11189,0.00003,463.0,0.00001
1617,1,,,,,0.00022,0.00000,3.2,0.00004,1,,,,,0.00477,0.00027,6681.3,0.10855
1618,1,,,,,0.00022,0.00000,3.3,0.00004,1,,,,,0.05540,0.01015,551.2,0.00005
1619,1,,,,,0.00022,0.00000,3.3,0.00004,1,,,,,0.03071,0.00247,267.3,0.00000
1620,1,,,,,0.00022,0.00000,3.3,0.00004,1,,,,,0.03164,0.00001,582.5,0.00008
1621,1,,,,,0.00022,0.00000,3.5,0.00004,1,,,,,0.10748,0.01826,762.3,0.00001
1622,1,,,,,0.00022,0.00000,3.5,0.00004,1,,,,,0.04035,0.01335,339.1,0.00002
1623,1,,,,,0.00022,0.00000,3.4,0.00004,1,,,,,0.03712,0.00635,434.2,0.00022
1624,1,,,,,0.00022,0.00000,3.5,0.00004,1,,,,,0.00371,0.00380,5502.3,0.05539
1625,1,,,,,0.00022,0.00000,3.5,0.00004,1,,,,,0.03878,0.00001,396.3,0.00000
1626,1,,,,,0.00022,0.00001,3.5,0.00004,1,,,,,0.06888,0.00662,413.0,0.00000
1627,1,,,,,0.00022,0.00000,3.5,0.00004,1,,,,,0.00762,0.00044,5536.6,0.00783
1628,1,,,,,0.00022,0.00000,3.5,0.00004,1,,,,,0.03021,0.00019,515.5,0.00006
1629,1,,,,,0.00022,0.00000,3.6,0.00005,1,,,,,0.00534,0.00010,199.8,0.00003
1630,1,,,,,0.00022,0.00001,3.6,0.00004,1,,,,,0.08419,0.00002,433.8,0.00000
1631,1,,,,,0.00022,0.00000,3.5,0.00004,1,,,,,0.00438,0.00090,241.1,0.00005
1632,1,,,,,0.00022,0.00000,3.6,0.00005,1,,,,,0.04407,0.00002,434.2,0.00001
1633,1,,,,,0.00022,0.00000,3.6,0.00004,1,,,,,0.05514,0.00587,404.8,0.00000
1634,1,,,,,0.00022,0.00000,3.5,0.00004,1,,,,,0.03916,0.00003,492.7,0.00001
1635,1,,,,,0.00022,0.00000,3.5,0.00004,1,,,,,0.03187,0.00729,322.7,0.00000
1636,1,,,,,0.00022,0.00000,3.5,0.00004,1,,,,,0.00834,0.00168,4750.0,0.01201
1637,1,,,,,0.00022,0.00000,3.5,0.00004,1,,,,,0.00571,0.00007,4906.4,0.01466
1638,1,,,,,0.00022,0.00000,3.5,0.00004,1,,,,,0.03426,0.00117,314.1,0.00002
1639,1,,,,,0.00022,0.00001,3.5,0.00004,1,,,,,0.04275,0.00539,388.7,0.00006
1640,1,,,,,0.00022,0.00000,3.5,0.00004,1,,,,,0.00416,0.00744,5817.3,0.05930
1641,1,,,,,0.00022,0.00000,3.5,0.00004,1,,,,,0.05106,0.00005,456.3,0.00002
1642,1,,,,,0.00022,0.00001,3.5,0.00004,1,,,,,0.02716,0.00188,367.2,0.00000
1643,1,,,,,0.00022,0.00000,3.5,0.00004,1,,,,,0.10022,0.00093,433.2,0.00000
1644,1,,,,,0.00022,0.00000,3.5,0.00004,1,,,,,0.09961,0.00352,432.2,0.00000
1645,1,,,,,0.00022,0.00000,3.5,0.00004,1,,,,,0.05944,0.01153,378.8,0.00000
1646,1,,,,,0.00022,0.00001,3.5,0.00004,1,,,,,0.02352,0.00041,327.7,0.00002
1647,1,,,,,0.00022,0.00000,3.5,0.00004,1,,,,,0.01160,0.00003,339.7,0.00047
1648,1,,,,,0.00022,0.00000,3.5,0.00004,1,,,,,0.03774,0.00245,464.1,0.00001
1649,1,,,,,0.00022,0.00000,3.6,0.00004,1,,,,,0.02404,0.00447,287.2,0.00018
1650,1,,,,,0.00022,0.00000,3.5,0.00004,1,,,,,0.02722,0.00322,485.4,0.00001
1651,1,,,,,0.00022,0.00000,3.5,0.00004,1,,,,,0.02971,0.00084,360.5,0.00000
1652,1,,,,,0.00022,0.00000,3.5,0.00004,1,,,,,0.02693,0.00275,496.6,0.00003
1653,1,,,,,0.00022,0.00000,3.6,0.00004,1,,,,,0.02465,0.00036,349.3,0.00001
1654,1,,,,,0.00022,0.00000,3.6,0.00004,1,,,,,0.02223,0.00096,307.8,0.00000
1655,1,,,,,0.00022,0.00001,3.6,0.00004,1,,,,,0.03764,0.00179,643.8,0.00000
1656,1,,,,,0.00022,0.00000,3.6,0.00004,1,,,,,0.02408,0.01082,775.5,0.00003
1657,1,,,,,0.00022,0.00000,3.6,0.00004,1,,,,,0.00199,0.00008,398.0,0.00072
1658,1,,,,,0.00022,0.00001,3.6,0.00004,1,,,,,0.00021,0.00000,3.1,0.00004
1659,1,,,,,0.00022,0.00000,3.7,0.00004,1,,,,,0.00022,0.00000,3.2,0.00004
1660,1,,,,,0.00022,0.00001,3.6,0.00004,1,,,,,0.00022,0.00000,3.2,0.00004
1661,1,,,,,0.00022,0.00000,3.6,0.00004,1,,,,,0.00022,0.00000,3.1,0.00004
1662,1,,,,,0.00022,0.00000,3.6,0.00004,1,,,,,0.00022,0.00000,3.2,0.00004
1663,1,,,,,0.00022,0.00000,3.6,0.00004,1,,,,,0.00022,0.00000,3.2,0.00004
1664,1,,,,,0.00022,0.00000,3.6,0.00004,1,,,,,0.00022,0.00000,3.2,0.00004
1665,1,,,,,0.00022,0.00000,3.6,0.00004,1,,,,,0.00022,0.00000,3.1,0.00004
1666,1,,,,,0.00022,0.00000,3.6,0.00004,1,,,,,0.00022,0.00000,3.1,0.00004
1667,1,,,,,0.00022,0.00000,3.6,0.00004,1,,,,,0.00022,0.00000,3.2,0.00004
1668,1,,,,,0.00022,0.00000,3.7,0.00004,1,,,,,0.00022,0.00000,3.2,0.00004
1669,1,,,,,0.00022,0.00000,3.7,0.00004,1,,,,,0.00022,0.00000,3.2,0.00004
1670,1,,,,,0.00022,0.00000,3.7,0.00004,1,,,,,0.00022,0.00000,3.2,0.00004
1671,1,,,,,0.00022,0.00000,3.6,0.00004,1,,,,,0.00022,0.00000,3.2,0.00004
1672,1,,,,,0.00022,0.00000,3.6,0.00004,1,,,,,0.00022,0.00000,3.1,0.00004
1673,1,,,,,0.00022,0.00000,3.7,0.00004,1,,,,,0.00022,0.00000,3.1,0.00003
1674,1,,,,,0.00022,0.00001,3.9,0.00004,1,,,,,0.00022,0.00000,3.2,0.00004
1675,1,,,,,0.00390,0.00001,240.8,0.00003,1,,,,,0.00022,0.00000,3.2,0.00003
1676,1,,,,,0.03895,0.00079,393.5,0.00000,1,,,,,0.00022,0.00000,3.2,0.00004
1677,1,,,,,0.07359,0.00108,603.4,0.00000,1,,,,,0.00022,0.00000,3.2,0.00004
1678,1,,,,,0.06689,0.00452,608.9,0.00000,1,,,,,0.00022,0.00000,3.2,0.00004
1679,1,,,,,0.06543,0.00074,839.1,0.00001,1,,,,,0.00022,0.00000,3.2,0.00004
1680,1,,,,,0.05612,0.00603,545.7,0.00001,1,,,,,0.00022,0.00000,3.2,0.00004
1681,1,,,,,0.05503,0.00406,282.8,0.00000,1,,,,,0.00022,0.00000,3.2,0.00004
1682,1,,,,,0.07052,0.00456,580.6,0.00000,1,,,,,0.00022,0.00000,3.2,0.00004
1683,1,,,,,0.04942,0.01223,347.4,0.00000,1,,,,,0.00022,0.00000,3.1,0.00004
1684,1,,,,,0.04918,0.00141,320.1,0.00000,1,,,,,0.00022,0.00000,3.1,0.00004
1685,1,,,,,0.01991,0.00247,168.6,0.00000,1,,,,,0.00022,0.00000,3.1,0.00004
1686,1,,,,,0.01766,0.00033,4121.1,0.18849,1,,,,,0.00022,0.00000,3.1,0.00003
1687,1,,,,,0.09211,0.00474,591.6,0.00001,1,,,,,0.00022,0.00000,3.1,0.00004
1688,1,,,,,0.04740,0.01461,294.7,0.00000,1,,,,,0.00022,0.00000,3.1,0.00004
1689,1,,,,,0.04189,0.00158,392.5,0.00000,1,,,,,0.00022,0.00000,3.1,0.00003
1690,1,,,,,0.03927,0.00295,577.4,0.00001,1,,,,,0.00022,0.00000,3.1,0.00004
1691,1,,,,,0.05243,0.00135,671.4,0.00000,1,,,,,0.00022,0.00000,3.2,0.00004
1692,1,,,,,0.05400,0.00790,564.3,0.00000,1,,,,,0.00022,0.00001,3.1,0.00004
1693,1,,,,,0.03608,0.00014,323.5,0.00000,1,,,,,0.00022,0.00000,3.1,0.00004
1694,1,,,,,0.09826,0.00355,631.3,0.00000,1,,,,,0.00022,0.00000,3.1,0.00004
1695,1,,,,,0.02729,0.01296,337.3,0.00000,1,,,,,0.00022,0.00000,3.1,0.00004
1696,1,,,,,0.02064,0.00071,331.1,0.00000,1,,,,,0.00022,0.00000,3.1,0.00004
1697,1,,,,,0.00413,0.00149,5655.5,0.08205,1,,,,,0.00022,0.00000,3.1,0.00004
1698,1,,,,,0.00892,0.00100,6818.1,0.15515,1,,,,,0.00022,0.00000,3.1,0.00004
1699,1,,,,,0.04243,0.00074,458.7,0.00000,1,,,,,0.00022,0.00001,3.1,0.00004
1700,1,,,,,0.04369,0.00463,561.3,0.00001,1,,,,,0.00022,0.00000,3.1,0.00004
1701,1,,,,,0.02902,0.00082,249.2,0.00000,1,,,,,0.00022,0.00000,3.1,0.00004
1702,1,,,,,0.01121,0.00038,201.2,0.00010,1,,,,,0.00022,0.00000,3.1,0.00004
1703,1,,,,,0.06944,0.00062,575.0,0.00005,1,,,,,0.00022,0.00000,3.1,0.00004
1704,1,,,,,0.04362,0.01415,576.0,0.00422,1,,,,,0.00022,0.00000,3.1,0.00004
1705,1,,,,,0.01689,0.02682,2682.1,0.05285,1,,,,,0.00022,0.00000,3.1,0.00004
1706,1,,,,,0.05188,0.00758,324.6,0.00000,1,,,,,0.00022,0.00000,3.2,0.00004
1707,1,,,,,0.05035,0.00547,401.2,0.00001,1,,,,,0.00022,0.00001,3.2,0.00004
1708,1,,,,,0.00909,0.00185,165.0,0.00000,1,,,,,0.00022,0.00000,3.1,0.00004
1709,1,,,,,0.02878,0.00000,326.5,0.00040,1,,,,,0.00022,0.00000,3.2,0.00004
1710,1,,,,,0.01782,0.00558,188.3,0.00000,1,,,,,0.00022,0.00000,3.2,0.00004
1711,1,,,,,0.02648,0.00079,240.3,0.00000,1,,,,,0.00022,0.00000,3.2,0.00004
1712,1,,,,,0.04374,0.00184,427.7,0.00003,1,,,,,0.00022,0.00000,3.1,0.00003
1713,1,,,,,0.06131,0.01247,437.1,0.00000,1,,,,,0.00022,0.00000,3.2,0.00004
1714,1,,,,,0.01553,0.00263,1513.2,0.03225,1,,,,,0.00022,0.00000,3.1,0.00004
1715,1,,,,,0.01502,0.01655,4337.1,0.16266,1,,,,,0.00022,0.00000,3.1,0.00004
1716,1,,,,,0.04760,0.00064,451.0,0.00000,1,,,,,0.00022,0.00000,3.2,0.00004
1717,1,,,,,0.03316,0.00333,381.7,0.00000,1,,,,,0.00022,0.00000,3.1,0.00004
1718,1,,,,,0.04382,0.00126,506.8,0.00000,1,,,,,0.00022,0.00000,3.2,0.00004
1719,1,,,,,0.02485,0.00383,478.8,0.00000,1,,,,,0.00022,0.00000,3.1,0.00004
1720,1,,,,,0.01614,0.00005,436.0,0.00000,1,,,,,0.00022,0.00000,3.1,0.00004
1721,1,,,,,0.00650,0.00124,155.9,0.00000,1,,,,,0.00022,0.00001,3.1,0.00004
1722,1,,,,,0.00022,0.00000,3.3,0.00005,1,,,,,0.00022,0.00000,3.1,0.00004
1723,1,,,,,0.00022,0.00001,3.2,0.00004,1,,,,,0.00022,0.00000,3.1,0.00004
1724,1,,,,,0.00022,0.00000,3.2,0.00004,1,,,,,0.00022,0.00001,3.1,0.00004
1725,1,,,,,0.04790,0.00001,440.6,0.00001,1,,,,,0.00022,0.00001,3.1,0.00004
1726,1,,,,,0.00724,0.00168,217.2,0.00080,1,,,,,0.00022,0.00000,3.2,0.00004
1727,1,,,,,0.02936,0.00030,295.0,0.00001,1,,,,,0.00022,0.00000,3.1,0.00004
1728,1,,,,,0.06154,0.00050,350.2,0.00000,1,,,,,0.00022,0.00000,3.2,0.00004
1729,1,,,,,0.06764,0.00470,594.8,0.00002,1,,,,,0.00022,0.00000,3.2,0.00004
1730,1,,,,,0.05734,0.01503,401.3,0.00001,1,,,,,0.00022,0.00001,3.2,0.00004
1731,1,,,,,0.00326,0.00026,6185.6,0.16524,1,,,,,0.00022,0.00000,3.2,0.00004
1732,1,,,,,0.05744,0.00136,557.3,0.00002,1,,,,,0.00022,0.00000,3.2,0.00003
1733,1,,,,,0.01086,0.00602,679.4,0.00690,1,,,,,0.00022,0.00000,3.1,0.00003
1734,1,,,,,0.04545,0.00248,359.5,0.00000,1,,,,,0.00022,0.00001,3.1,0.00004
1735,1,,,,,0.04411,0.00489,430.1,0.00000,1,,,,,0.00022,0.00000,3.1,0.00004
1736,1,,,,,0.00774,0.00008,173.2,0.00001,1,,,,,0.00022,0.00000,3.1,0.00003
1737,1,,,,,0.10053,0.00054,551.1,0.00000,1,,,,,0.00022,0.00000,3.1,0.00004
1738,1,,,,,0.07035,0.00946,556.3,0.00001,1,,,,,0.00022,0.00000,3.1,0.00004
1739,1,,,,,0.00030,0.00003,96.8,0.00229,1,,,,,0.00022,0.00000,3.1,0.00003
1740,1,,,,,0.03579,0.00001,502.9,0.00055,1,,,,,0.00022,0.00000,3.2,0.00004
1741,1,,,,,0.04152,0.00544,304.5,0.00000,1,,,,,0.00022,0.00000,3.1,0.00004
1742,1,,,,,0.04169,0.00165,380.7,0.00001,1,,,,,0.00022,0.00000,3.1,0.00004
1743,1,,,,,0.01136,0.00191,172.5,0.00000,1,,,,,0.00022,0.00000,3.2,0.00004
1744,1,,,,,0.05158,0.00028,442.3,0.00004,1,,,,,0.00022,0.00000,3.2,0.00004
1745,1,,,,,0.06170,0.00957,564.1,0.00001,1,,,,,0.00022,0.00000,3.2,0.00004
1746,1,,,,,0.05214,0.00223,393.2,0.00000,1,,,,,0.00022,0.00000,3.2,0.00003
1747,1,,,,,0.02724,0.00323,229.0,0.00000,1,,,,,0.00022,0.00000,3.2,0.00004
1748,1,,,,,0.01453,0.00013,564.0,0.00915,1,,,,,0.00022,0.00000,3.2,0.00004
1749,1,,,,,0.01719,0.00526,189.6,0.00000,1,,,,,0.00022,0.00000,3.2,0.00004
1750,1,,,,,0.02968,0.00005,295.4,0.00002,1,,,,,0.00022,0.00000,3.2,0.00003
1751,1,,,,,0.03397,0.00279,293.4,0.00003,1,,,,,0.00022,0.00000,3.2,0.00003
1752,1,,,,,0.00268,0.00546,8135.4,0.12062,1,,,,,0.00022,0.00000,3.3,0.00004
1753,1,,,,,0.03169,0.00459,448.9,0.00137,1,,,,,0.00022,0.00000,3.3,0.00004
1754,1,,,,,0.03445,0.02127,300.0,0.00000,1,,,,,0.00022,0.00000,3.3,0.00004
1755,1,,,,,0.00630,0.00015,165.8,0.00171,1,,,,,0.00022,0.00000,3.3,0.00004
1756,1,,,,,0.02958,0.00216,288.0,0.00000,1,,,,,0.00022,0.00000,3.3,0.00004
1757,1,,,,,0.03096,0.00053,216.7,0.00000,1,,,,,0.00022,0.00000,3.3,0.00004
1758,1,,,,,0.05002,0.00123,461.8,0.00000,1,,,,,0.00022,0.00000,3.1,0.00004
1759,1,,,,,0.03407,0.00509,456.0,0.00000,1,,,,,0.00022,0.00000,3.2,0.00003
1760,1,,,,,0.00073,0.00002,285.9,0.00024,1,,,,,0.00022,0.00000,3.3,0.00004
1761,1,,,,,0.01815,0.00053,312.9,0.00000,1,,,,,0.00022,0.00000,3.2,0.00004
1762,1,,,,,0.02654,0.00006,387.6,0.00001,1,,,,,0.00022,0.00000,3.3,0.00004
1763,1,,,,,0.06758,0.00773,761.2,0.00001,1,,,,,0.00022,0.00000,3.3,0.00004
1764,1,,,,,0.02372,0.00494,485.0,0.00002,1,,,,,0.00022,0.00000,3.2,0.00004
1765,1,,,,,0.01258,0.00000,517.3,0.00078,1,,,,,0.00022,0.00000,3.2,0.00004
1766,1,,,,,0.07055,0.00608,431.2,0.00000,1,,,,,0.00022,0.00000,3.3,0.00004
1767,1,,,,,0.01674,0.00203,240.7,0.00000,1,,,,,0.00022,0.00000,3.2,0.00004
1768,1,,,,,0.01758,0.00009,218.4,0.00000,1,,,,,0.00022,0.00001,3.2,0.00003
1769,1,,,,,0.04449,0.00146,502.0,0.00001,1,,,,,0.00022,0.00000,3.2,0.00003
1770,1,,,,,0.04419,0.00902,462.0,0.00001,1,,,,,0.00022,0.00000,3.2,0.00004
1771,1,,,,,0.03305,0.00004,301.6,0.00001,1,,,,,0.00022,0.00000,3.3,0.00004
1772,1,,,,,0.01536,0.00585,178.3,0.00000,1,,,,,0.00022,0.00000,3.3,0.00004
1773,1,,,,,0.05025,0.00157,463.5,0.00002,1,,,,,0.00022,0.00000,3.2,0.00004
1774,1,,,,,0.03353,0.00269,341.9,0.00001,1,,,,,0.00022,0.00000,3.2,0.00004
1775,1,,,,,0.03193,0.00264,358.3,0.00001,1,,,,,0.00022,0.00000,3.3,0.00004
1776,1,,,,,0.00766,0.00009,191.4,0.00000,1,,,,,0.00022,0.00000,3.3,0.00004
1777,1,,,,,0.05343,0.00293,667.6,0.00001,1,,,,,0.00022,0.00000,3.4,0.00004
1778,1,,,,,0.03452,0.00111,774.6,0.00002,1,,,,,0.00022,0.00000,3.3,0.00004
1779,1,,,,,0.00856,0.00035,229.5,0.00001,1,,,,,0.00022,0.00001,3.4,0.00004
1780,1,,,,,0.01935,0.00018,323.7,0.00000,1,,,,,0.00022,0.00000,3.4,0.00004
1781,1,,,,,0.00059,0.00000,655.4,0.00254,1,,,,,0.00022,0.00000,3.6,0.00004
1782,1,,,,,0.02082,0.00001,384.9,0.00000,1,,,,,0.00022,0.00000,3.6,0.00004
1783,1,,,,,0.04032,0.00253,484.9,0.00000,1,,,,,0.00022,0.00000,3.5,0.00004
1784,1,,,,,0.03233,0.00181,286.5,0.00000,1,,,,,0.00022,0.00001,3.5,0.00004
1785,1,,,,,0.04036,0.01445,501.4,0.00000,1,,,,,0.00022,0.00000,3.6,0.00004
1786,1,,,,,0.04586,0.00601,655.8,0.00000,1,,,,,0.00022,0.00000,3.5,0.00004
1787,1,,,,,0.03495,0.00430,702.4,0.00001,1,,,,,0.00022,0.00000,3.5,0.00004
1788,1,,,,,0.00160,0.00026,1051.6,0.03119,1,,,,,0.00022,0.00000,3.5,0.00004
1789,1,,,,,0.00469,0.00441,7200.6,0.09928,1,,,,,0.00022,0.00000,3.5,0.00004
1790,1,,,,,0.04214,0.00791,436.0,0.00014,1,,,,,0.00022,0.00000,3.5,0.00004
1791,1,,,,,0.05153,0.00303,421.2,0.00000,1,,,,,0.00022,0.00000,3.5,0.00004
1792,1,,,,,0.02923,0.00069,395.6,0.00000,1,,,,,0.00022,0.00000,3.5,0.00004
1793,1,,,,,0.01310,0.00339,336.0,0.00000,1,,,,,0.00022,0.00000,3.5,0.00004
1794,1,,,,,0.00449,0.00026,142.0,0.00000,1,,,,,0.00022,0.00000,3.6,0.00004
1795,1,,,,,0.00048,0.00004,25.3,0.00168,1,,,,,0.00022,0.00000,3.5,0.00004
1796,1,,,,,0.00022,0.00000,3.9,0.00011,1,,,,,0.00022,0.00000,3.6,0.00004
1797,1,,,,,0.00022,0.00000,3.0,0.00004,1,,,,,0.00022,0.00000,3.6,0.00004
1798,1,,,,,0.00022,0.00000,3.1,0.00004,1,,,,,0.00022,0.00000,3.5,0.00004
1799,1,,,,,0.00022,0.00000,3.1,0.00004,1,,,,,0.00022,0.00000,3.6,0.00004
1800,1,,,,,0.00022,0.00000,3.1,0.00004,1,,,,,0.00022,0.00000,3.5,0.00004
1801,1,,,,,0.00022,0.00000,3.1,0.00004,1,,,,,0.00022,0.00000,3.5,0.00004
1802,1,,,,,0.00022,0.00000,3.1,0.00004,1,,,,,0.00022,0.00000,3.6,0.00004
1803,1,,,,,0.00022,0.00000,3.1,0.00004,1,,,,,0.00022,0.00000,3.6,0.00004
1804,1,,,,,0.00022,0.00000,3.1,0.00004,1,,,,,0.00022,0.00000,3.5,0.00004
1805,1,,,,,0.00022,0.00000,3.1,0.00004,1,,,,,0.00022,0.00000,3.5,0.00004
1806,1,,,,,0.00022,0.00001,3.1,0.00004,1,,,,,0.00022,0.00001,3.5,0.00004
1807,1,,,,,0.00022,0.00000,3.2,0.00004,1,,,,,0.00022,0.00000,3.5,0.00004
1808,1,,,,,0.00022,0.00000,3.1,0.00004,1,,,,,0.00022,0.00000,3.5,0.00004
1809,1,,,,,0.00022,0.00000,3.1,0.00004,1,,,,,0.00022,0.00000,3.5,0.00004
1810,1,,,,,0.00022,0.00000,3.1,0.00004,1,,,,,0.00022,0.00000,3.6,0.00004
1811,1,,,,,0.00022,0.00000,3.1,0.00004,1,,,,,0.00022,0.00000,3.5,0.00004
1812,1,,,,,0.00022,0.00000,3.1,0.00003,1,,,,,0.00022,0.00000,3.5,0.00004
1813,1,,,,,0.00022,0.00000,3.1,0.00004,1,,,,,0.00022,0.00000,3.6,0.00004
1814,1,,,,,0.00022,0.00000,3.1,0.00004,1,,,,,0.00022,0.00001,3.5,0.00004
1815,1,,,,,0.00022,0.00000,3.1,0.00004,1,,,,,0.00022,0.00001,3.5,0.00004
1816,1,,,,,0.00022,0.00000,3.0,0.00004,1,,,,,0.00022,0.00000,3.6,0.00004
1817,1,,,,,0.00022,0.00000,3.1,0.00003,1,,,,,0.00022,0.00000,3.6,0.00004
1818,1,,,,,0.00022,0.00000,3.1,0.00003,1,,,,,0.00022,0.00000,3.5,0.00004
1819,1,,,,,0.00022,0.00000,3.1,0.00003,1,,,,,0.00022,0.00000,3.5,0.00004
1820,1,,,,,0.00022,0.00000,3.2,0.00003,1,,,,,0.00022,0.00000,3.5,0.00004
1821,1,,,,,0.00022,0.00000,3.1,0.00004,1,,,,,0.00022,0.00000,3.6,0.00004
1822,1,,,,,0.00022,0.00000,3.2,0.00004,1,,,,,0.00022,0.00000,3.5,0.00004
1823,1,,,,,0.00022,0.00000,3.1,0.00004,1,,,,,0.00022,0.00000,3.6,0.00004
1824,1,,,,,0.00022,0.00000,3.1,0.00004,1,,,,,0.00022,0.00000,3.6,0.00004
1825,1,,,,,0.00022,0.00000,3.1,0.00003,1,,,,,0.00022,0.00001,3.6,0.00004
1826,1,,,,,0.00022,0.00000,3.1,0.00004,1,,,,,0.00022,0.00000,3.7,0.00004
1827,1,,,,,0.00022,0.00000,3.1,0.00004,1,,,,,0.00022,0.00000,3.6,0.00004
1828,1,,,,,0.00022,0.00000,3.1,0.00004,1,,,,,0.00022,0.00000,3.7,0.00004
1829,1,,,,,0.00022,0.00000,3.1,0.00004,1,,,,,0.00022,0.00000,3.6,0.00004
1830,1,,,,,0.00022,0.00000,3.1,0.00004,1,,,,,0.00022,0.00000,3.6,0.00004
1831,1,,,,,0.00022,0.00000,3.1,0.00004,1,,,,,0.00022,0.00000,3.6,0.00004
1832,1,,,,,0.00022,0.00000,3.0,0.00003,1,,,,,0.00022,0.00000,3.6,0.00004
1833,1,,,,,0.00022,0.00000,3.1,0.00004,1,,,,,0.00022,0.00001,3.6,0.00004
1834,1,,,,,0.00022,0.00000,3.1,0.00004,1,,,,,0.00022,0.00001,3.6,0.00004
1835,1,,,,,0.00022,0.00000,3.1,0.00004,1,,,,,0.00022,0.00000,3.6,0.00004
1836,1,,,,,0.00022,0.00000,3.1,0.00004,1,,,,,0.00022,0.00000,3.6,0.00004
1837,1,,,,,0.00022,0.00000,3.1,0.00004,1,,,,,0.00022,0.00001,3.6,0.00004
1838,1,,,,,0.00022,0.00000,3.1,0.00004,1,,,,,0.00022,0.00000,3.5,0.00004
1839,1,,,,,0.00022,0.00000,3.1,0.00004,1,,,,,0.00022,0.00000,3.6,0.00004
1840,1,,,,,0.00022,0.00000,3.1,0.00004,1,,,,,0.00022,0.00000,3.5,0.00004
1841,1,,,,,0.00022,0.00000,3.1,0.00004,1,,,,,0.00022,0.00000,3.6,0.00005
1842,1,,,,,0.00022,0.00000,3.1,0.00004,1,,,,,0.00022,0.00001,3.5,0.00004
1843,1,,,,,0.00022,0.00000,3.1,0.00003,1,,,,,0.00022,0.00000,3.6,0.00004
1844,1,,,,,0.00022,0.00000,3.1,0.00004,1,,,,,0.00022,0.00001,3.6,0.00004
1845,1,,,,,0.00022,0.00000,3.1,0.00004,1,,,,,0.00022,0.00000,3.6,0.00004
1846,1,,,,,0.00022,0.00000,3.1,0.00004,1,,,,,0.00022,0.00000,3.6,0.00004
1847,1,,,,,0.00022,0.00000,3.1,0.00004,1,,,,,0.00022,0.00001,3.6,0.00004
1848,1,,,,,0.00022,0.00000,3.1,0.00004,1,,,,,0.00022,0.00000,3.6,0.00004
1849,1,,,,,0.00022,0.00000,3.1,0.00004,1,,,,,0.00022,0.00000,3.5,0.00004
1850,1,,,,,0.00022,0.00000,3.1,0.00004,1,,,,,0.00022,0.00001,3.5,0.00004
1851,1,,,,,0.00022,0.00000,3.2,0.00004,1,,,,,0.00022,0.00000,3.5,0.00004
1852,1,,,,,0.00022,0.00000,3.2,0.00004,1,,,,,0.00022,0.00000,3.6,0.00004
1853,1,,,,,0.00022,0.00000,3.2,0.00004,1,,,,,0.00022,0.00000,3.6,0.00004
1854,1,,,,,0.00022,0.00000,3.1,0.00004,1,,,,,0.00022,0.00000,3.6,0.00004
1855,1,,,,,0.00022,0.00000,3.2,0.00004,1,,,,,0.00022,0.00000,3.6,0.00004
1856,1,,,,,0.00022,0.00000,3.2,0.00004,1,,,,,0.00022,0.00000,3.6,0.00004
1857,1,,,,,0.00022,0.00000,3.2,0.00004,1,,,,,0.00022,0.00001,3.6,0.00004
1858,1,,,,,0.00022,0.00000,3.2,0.00004,1,,,,,0.00022,0.00000,3.6,0.00004
1859,1,,,,,0.00022,0.00001,3.2,0.00004,1,,,,,0.00022,0.00001,3.6,0.00004
1860,1,,,,,0.00022,0.00001,3.1,0.00003,1,,,,,0.00022,0.00000,3.6,0.00004
1861,1,,,,,0.00022,0.00000,3.2,0.00004,1,,,,,0.05618,0.00001,421.1,0.00000
1862,1,,,,,0.00022,0.00001,3.2,0.00003,1,,,,,0.10572,0.00399,598.7,0.00000
1863,1,,,,,0.00022,0.00000,3.1,0.00003,1,,,,,0.10122,0.00144,687.5,0.00000
1864,1,,,,,0.00022,0.00000,3.1,0.00003,1,,,,,0.06190,0.01321,394.3,0.00000
1865,1,,,,,0.00022,0.00000,3.2,0.00004,1,,,,,0.03934,0.00598,434.8,0.00000
1866,1,,,,,0.00022,0.00000,3.2,0.00004,1,,,,,0.11672,0.02357,724.0,0.00001
1867,1,,,,,0.00022,0.00000,3.2,0.00004,1,,,,,0.10000,0.00393,670.1,0.00001
1868,1,,,,,0.00022,0.00000,3.1,0.00003,1,,,,,0.02918,0.00731,473.5,0.00003
1869,1,,,,,0.00022,0.00000,3.1,0.00004,1,,,,,0.01635,0.00001,359.0,0.00000
1870,1,,,,,0.00022,0.00001,3.2,0.00004,1,,,,,0.00713,0.00003,491.7,0.00044
1871,1,,,,,0.00022,0.00000,3.2,0.00004,1,,,,,0.02222,0.00033,343.2,0.00005
1872,1,,,,,0.00022,0.00000,3.2,0.00004,1,,,,,0.09040,0.00966,697.3,0.00000
1873,1,,,,,0.00022,0.00001,3.2,0.00004,1,,,,,0.05577,0.01201,565.0,0.00000
1874,1,,,,,0.00022,0.00000,3.2,0.00003,1,,,,,0.00024,0.00006,5.8,0.00007
1875,1,,,,,0.00022,0.00000,3.2,0.00004,1,,,,,0.01340,0.00001,329.1,0.00000
1876,1,,,,,0.00022,0.00000,3.2,0.00004,1,,,,,0.05675,0.00245,638.0,0.00000
1877,1,,,,,0.00022,0.00000,3.2,0.00004,1,,,,,0.03613,0.00000,397.6,0.00000
1878,1,,,,,0.00022,0.00001,3.3,0.00004,1,,,,,0.05971,0.00975,398.6,0.00000
1879,1,,,,,0.00022,0.00000,3.2,0.00003,1,,,,,0.07113,0.00229,478.3,0.00000
1880,1,,,,,0.00022,0.00000,3.2,0.00004,1,,,,,0.04602,0.00336,488.3,0.00000
1881,1,,,,,0.00022,0.00000,3.2,0.00004,1,,,,,0.02859,0.00001,396.3,0.00000
1882,1,,,,,0.00022,0.00000,3.3,0.00004,1,,,,,0.03390,0.00561,377.6,0.00000
1883,1,,,,,0.00022,0.00000,3.2,0.00004,1,,,,,0.04636,0.00241,642.1,0.00000
1884,1,,,,,0.00022,0.00000,3.2,0.00004,1,,,,,0.03723,0.00025,451.0,0.00000
1885,1,,,,,0.00022,0.00000,3.2,0.00004,1,,,,,0.03801,0.00119,373.8,0.00000
1886,1,,,,,0.00022,0.00000,3.2,0.00004,1,,,,,0.04621,0.00838,505.6,0.00000
1887,1,,,,,0.00022,0.00000,3.2,0.00004,1,,,,,0.03109,0.00560,460.4,0.00000
1888,1,,,,,0.00022,0.00000,3.2,0.00004,1,,,,,0.01108,0.00705,255.7,0.00001
1889,1,,,,,0.00022,0.00000,3.3,0.00004,1,,,,,0.00399,0.00000,670.2,0.00003
1890,1,,,,,0.00022,0.00000,3.3,0.00004,1,,,,,0.08671,0.00244,687.4,0.00000
1891,1,,,,,0.00022,0.00000,3.2,0.00004,1,,,,,0.02804,0.00488,1559.6,0.00429
1892,1,,,,,0.00022,0.00000,3.2,0.00004,1,,,,,0.00393,0.00292,3716.7,0.00398
1893,1,,,,,0.00022,0.00001,3.2,0.00004,1,,,,,0.01919,0.00391,420.0,0.00001
1894,1,,,,,0.00022,0.00000,3.2,0.00003,1,,,,,0.01489,0.00033,330.8,0.00000
1895,1,,,,,0.00022,0.00001,3.2,0.00003,1,,,,,0.00806,0.00214,265.8,0.00007
1896,1,,,,,0.00022,0.00000,3.2,0.00004,1,,,,,0.00193,0.00167,963.5,0.00798
1897,1,,,,,0.00022,0.00000,3.3,0.00004,1,,,,,0.01802,0.00007,369.1,0.00002
1898,1,,,,,0.00022,0.00000,3.3,0.00004,1,,,,,0.02409,0.00224,374.8,0.00056
1899,1,,,,,0.00022,0.00000,3.3,0.00004,1,,,,,0.06045,0.01175,498.6,0.00000
1900,1,,,,,0.00022,0.00001,3.3,0.00004,1,,,,,0.05859,0.00585,519.9,0.00000
1901,1,,,,,0.00022,0.00000,3.3,0.00004,1,,,,,0.06192,0.00361,421.0,0.00000
1902,1,,,,,0.00022,0.00000,3.2,0.00004,1,,,,,0.00814,0.00473,187.2,0.00009
1903,1,,,,,0.00022,0.00001,3.2,0.00004,1,,,,,0.03988,0.00005,382.6,0.00000
1904,1,,,,,0.00022,0.00000,3.2,0.00004,1,,,,,0.04676,0.00336,483.7,0.00001
1905,1,,,,,0.00022,0.00000,3.3,0.00004,1,,,,,0.03522,0.00308,492.0,0.00010
1906,1,,,,,0.00022,0.00001,3.2,0.00004,1,,,,,0.03013,0.00272,517.6,0.00100
1907,1,,,,,0.00022,0.00001,3.2,0.00004,1,,,,,0.02711,0.01510,422.6,0.00001
1908,1,,,,,0.00022,0.00000,3.3,0.00004,1,,,,,0.02043,0.00001,352.6,0.00001
1909,1,,,,,0.00022,0.00000,3.2,0.00004,1,,,,,0.03037,0.00342,383.2,0.00000
1910,1,,,,,0.00022,0.00000,3.2,0.00004,1,,,,,0.00249,0.00130,7003.1,0.12671
1911,1,,,,,0.00022,0.00000,3.4,0.00004,1,,,,,0.03643,0.00150,411.6,0.00056
1912,1,,,,,0.00022,0.00000,3.2,0.00004,1,,,,,0.01548,0.00906,4554.3,0.04745
1913,1,,,,,0.00022,0.00000,3.2,0.00004,1,,,,,0.00712,0.00005,3792.8,0.00491
1914,1,,,,,0.00022,0.00000,3.2,0.00004,1,,,,,0.02642,0.00201,343.7,0.00000
1915,1,,,,,0.00022,0.00000,3.3,0.00004,1,,,,,0.02769,0.00423,464.9,0.00000
1916,1,,,,,0.00022,0.00001,3.3,0.00004,1,,,,,0.00155,0.00001,2561.6,0.11931
1917,1,,,,,0.00022,0.00000,3.4,0.00004,1,,,,,0.01706,0.00181,400.1,0.00021
1918,1,,,,,0.00022,0.00000,3.4,0.00004,1,,,,,0.06736,0.00037,539.8,0.00000
1919,1,,,,,0.00022,0.00000,3.5,0.00004,1,,,,,0.07719,0.01370,544.0,0.00001
1920,1,,,,,0.00022,0.00000,3.4,0.00004,1,,,,,0.04154,0.00017,427.9,0.00001
1921,1,,,,,0.00022,0.00000,3.5,0.00004,1,,,,,0.00692,0.00212,247.4,0.00005
1922,1,,,,,0.00022,0.00000,3.4,0.00004,1,,,,,0.00021,0.00000,3.2,0.00004
1923,1,,,,,0.00022,0.00001,3.5,0.00004,1,,,,,0.00022,0.00000,3.2,0.00003
1924,1,,,,,0.00022,0.00000,3.5,0.00004,1,,,,,0.00022,0.00000,3.2,0.00004
1925,1,,,,,0.00022,0.00000,3.5,0.00004,1,,,,,0.00022,0.00000,3.2,0.00004
1926,1,,,,,0.00022,0.00000,3.5,0.00004,1,,,,,0.00022,0.00000,3.2,0.00004
1927,1,,,,,0.00022,0.00000,3.5,0.00004,1,,,,,0.00022,0.00000,3.1,0.00004
1928,1,,,,,0.00022,0.00000,3.5,0.00004,1,,,,,0.00022,0.00000,3.2,0.00003
1929,1,,,,,0.00022,0.00000,3.5,0.00004,1,,,,,0.00022,0.00000,3.2,0.00004
1930,1,,,,,0.00022,0.00000,3.5,0.00004,1,,,,,0.00022,0.00001,3.2,0.00004
1931,1,,,,,0.00022,0.00000,3.5,0.00004,1,,,,,0.00022,0.00000,3.1,0.00003
1932,1,,,,,0.00022,0.00000,3.5,0.00004,1,,,,,0.00022,0.00000,3.2,0.00004
1933,1,,,,,0.00022,0.00000,3.5,0.00004,1,,,,,0.00022,0.00000,3.1,0.00004
1934,1,,,,,0.00022,0.00000,3.6,0.00004,1,,,,,0.00022,0.00000,3.1,0.00003
1935,1,,,,,0.00022,0.00000,3.6,0.00004,1,,,,,0.00022,0.00000,3.2,0.00004
1936,1,,,,,0.00022,0.00001,3.6,0.00004,1,,,,,0.00022,0.00000,3.2,0.00004
1937,1,,,,,0.00022,0.00001,3.6,0.00004,1,,,,,0.00022,0.00000,3.2,0.00003
1938,1,,,,,0.00022,0.00001,3.6,0.00004,1,,,,,0.00022,0.00000,3.2,0.00003
1939,1,,,,,0.00022,0.00001,3.6,0.00004,1,,,,,0.00022,0.00000,3.2,0.00004
1940,1,,,,,0.00022,0.00000,3.6,0.00004,1,,,,,0.00022,0.00000,3.2,0.00004
1941,1,,,,,0.00022,0.00000,3.6,0.00004,1,,,,,0.00022,0.00000,3.2,0.00003
1942,1,,,,,0.00022,0.00001,3.5,0.00004,1,,,,,0.00022,0.00000,3.2,0.00004
1943,1,,,,,0.00022,0.00001,3.5,0.00004,1,,,,,0.00022,0.00000,3.2,0.00004
1944,1,,,,,0.00022,0.00000,3.6,0.00004,1,,,,,0.00022,0.00000,3.1,0.00003
1945,1,,,,,0.00022,0.00001,3.6,0.00005,1,,,,,0.00022,0.00000,3.2,0.00003
1946,1,,,,,0.00022,0.00001,3.6,0.00004,1,,,,,0.00022,0.00000,3.2,0.00004
1947,1,,,,,0.00022,0.00001,3.6,0.00004,1,,,,,0.00022,0.00000,3.2,0.00004
1948,1,,,,,0.00022,0.00000,3.6,0.00004,1,,,,,0.00022,0.00000,3.1,0.00003
1949,1,,,,,0.00022,0.00000,3.6,0.00004,1,,,,,0.00022,0.00000,3.2,0.00004
1950,1,,,,,0.00022,0.00000,3.5,0.00004,1,,,,,0.00022,0.00000,3.2,0.00004
1951,1,,,,,0.00022,0.00000,3.6,0.00004,1,,,,,0.00022,0.00000,3.1,0.00004
1952,1,,,,,0.00022,0.00001,3.6,0.00004,1,,,,,0.00022,0.00000,3.2,0.00004
1953,1,,,,,0.00022,0.00000,3.6,0.00004,1,,,,,0.00022,0.00000,3.2,0.00004
1954,1,,,,,0.00022,0.00000,3.6,0.00004,1,,,,,0.00022,0.00000,3.2,0.00004
1955,1,,,,,0.00022,0.00000,3.6,0.00004,1,,,,,0.00022,0.00000,3.1,0.00004
1956,1,,,,,0.00022,0.00001,3.7,0.00004,1,,,,,0.00022,0.00000,3.1,0.00004
1957,1,,,,,0.00022,0.00000,3.7,0.00004,1,,,,,0.00022,0.00000,3.1,0.00004
1958,1,,,,,0.00022,0.00000,3.7,0.00004,1,,,,,0.00022,0.00000,3.2,0.00004
1959,1,,,,,0.00022,0.00000,3.6,0.00004,1,,,,,0.00022,0.00000,3.2,0.00004
1960,1,,,,,0.00022,0.00000,3.7,0.00004,1,,,,,0.00022,0.00000,3.2,0.00004
1961,1,,,,,0.00022,0.00000,3.7,0.00004,1,,,,,0.00022,0.00000,3.2,0.00004
1962,1,,,,,0.00022,0.00000,3.6,0.00004,1,,,,,0.00022,0.00000,3.2,0.00004
1963,1,,,,,0.00022,0.00000,3.7,0.00004,1,,,,,0.00022,0.00000,3.1,0.00003
1964,1,,,,,0.00022,0.00000,3.6,0.00004,1,,,,,0.00022,0.00000,3.2,0.00004
1965,1,,,,,0.00022,0.00000,3.6,0.00004,1,,,,,0.00022,0.00001,3.2,0.00004
1966,1,,,,,0.00022,0.00000,3.6,0.00004,1,,,,,0.00022,0.00000,3.2,0.00004
1967,1,,,,,0.00022,0.00000,3.5,0.00004,1,,,,,0.00022,0.00000,3.2,0.00004
1968,1,,,,,0.00022,0.00000,3.6,0.00004,1,,,,,0.00022,0.00000,3.2,0.00004
1969,1,,,,,0.00022,0.00000,3.7,0.00004,1,,,,,0.00022,0.00000,3.1,0.00004
1970,1,,,,,0.00022,0.00000,3.6,0.00004,1,,,,,0.00022,0.00000,3.1,0.00003
1971,1,,,,,0.00022,0.00000,3.6,0.00004,1,,,,,0.00022,0.00001,3.2,0.00003
1972,1,,,,,0.00022,0.00001,3.6,0.00004,1,,,,,0.00022,0.00000,3.2,0.00004
1973,1,,,,,0.00022,0.00000,3.7,0.00004,1,,,,,0.00022,0.00000,3.2,0.00004
1974,1,,,,,0.00022,0.00000,3.7,0.00004,1,,,,,0.00022,0.00000,3.2,0.00004
1975,1,,,,,0.04344,0.00001,509.2,0.00001,1,,,,,0.00022,0.00000,3.2,0.00004
1976,1,,,,,0.04935,0.00460,508.0,0.00000,1,,,,,0.00022,0.00000,3.2,0.00004
1977,1,,,,,0.00251,0.00014,7684.3,0.05170,1,,,,,0.00022,0.00000,3.2,0.00004
1978,1,,,,,0.03325,0.00365,413.3,0.00001,1,,,,,0.00022,0.00000,3.2,0.00004
1979,1,,,,,0.04473,0.00108,355.3,0.00001,1,,,,,0.00022,0.00000,3.2,0.00004
1980,1,,,,,0.10757,0.00826,446.8,0.00000,1,,,,,0.00022,0.00001,3.2,0.00003
1981,1,,,,,0.01264,0.00005,180.2,0.00000,1,,,,,0.00022,0.00000,3.1,0.00003
1982,1,,,,,0.00022,0.00001,11.8,0.00013,1,,,,,0.00022,0.00000,3.2,0.00004
1983,1,,,,,0.03972,0.00004,480.3,0.00000,1,,,,,0.00022,0.00001,3.2,0.00004
1984,1,,,,,0.06139,0.01047,467.9,0.00000,1,,,,,0.00022,0.00000,3.2,0.00004
1985,1,,,,,0.05663,0.00613,468.2,0.00001,1,,,,,0.00022,0.00000,3.1,0.00004
1986,1,,,,,0.01260,0.00059,343.7,0.00001,1,,,,,0.00022,0.00000,3.2,0.00004
1987,1,,,,,0.00221,0.00001,4390.5,0.06140,1,,,,,0.00022,0.00000,3.2,0.00004
1988,1,,,,,0.00028,0.00056,41.3,0.00078,1,,,,,0.00022,0.00000,3.2,0.00004
1989,1,,,,,0.00022,0.00000,3.2,0.00004,1,,,,,0.00022,0.00000,3.2,0.00004
1990,1,,,,,0.00022,0.00001,3.2,0.00004,1,,,,,0.00022,0.00001,3.1,0.00004
1991,1,,,,,0.04359,0.00000,317.7,0.00104,1,,,,,0.00022,0.00000,3.2,0.00004
1992,1,,,,,0.07240,0.00805,419.0,0.00004,1,,,,,0.00022,0.00000,3.2,0.00003
1993,1,,,,,0.01487,0.00317,334.5,0.00279,1,,,,,0.00022,0.00000,3.1,0.00004
1994,1,,,,,0.06672,0.02245,489.3,0.00012,1,,,,,0.00022,0.00000,3.1,0.00004
1995,1,,,,,0.06555,0.00771,493.6,0.00000,1,,,,,0.00022,0.00000,3.2,0.00004
1996,1,,,,,0.06144,0.00464,529.4,0.00000,1,,,,,0.00022,0.00000,3.1,0.00004
1997,1,,,,,0.04941,0.00471,347.9,0.00000,1,,,,,0.00022,0.00000,3.1,0.00004
1998,1,,,,,0.05373,0.00250,441.6,0.00001,1,,,,,0.00022,0.00000,3.1,0.00004
1999,1,,,,,0.02224,0.00351,248.9,0.00001,1,,,,,0.00022,0.00000,3.1,0.00004
2000,1,,,,,0.00261,0.00000,3223.1,0.06958,1,,,,,0.00022,0.00000,3.1,0.00004
2001,1,,,,,0.05893,0.00012,460.4,0.00007,1,,,,,0.00022,0.00000,3.1,0.00004
2002,1,,,,,0.02804,0.00078,278.2,0.00005,1,,,,,0.00022,0.00000,3.1,0.00004
2003,1,,,,,0.00433,0.00053,7820.0,0.16322,1,,,,,0.00022,0.00000,3.1,0.00004
2004,1,,,,,0.00027,0.00079,317.0,0.01310,1,,,,,0.00022,0.00000,3.2,0.00004
2005,1,,,,,0.05661,0.00012,445.6,0.00000,1,,,,,0.00022,0.00000,3.1,0.00004
2006,1,,,,,0.01122,0.00614,4935.0,0.12923,1,,,,,0.00022,0.00000,3.2,0.00004
2007,1,,,,,0.01098,0.00968,6873.6,0.08370,1,,,,,0.00022,0.00000,3.2,0.00004
2008,1,,,,,0.10394,0.01011,558.3,0.00001,1,,,,,0.00022,0.00001,3.2,0.00004
2009,1,,,,,0.07703,0.01019,508.4,0.00000,1,,,,,0.00022,0.00000,3.2,0.00004
2010,1,,,,,0.04654,0.00866,369.7,0.00000,1,,,,,0.00022,0.00000,3.2,0.00004
2011,1,,,,,0.06878,0.01172,537.5,0.00000,1,,,,,0.00022,0.00000,3.1,0.00004
2012,1,,,,,0.06331,0.00038,632.7,0.00000,1,,,,,0.00022,0.00000,3.2,0.00004
2013,1,,,,,0.05092,0.00969,665.4,0.00001,1,,,,,0.00022,0.00001,3.2,0.00004
2014,1,,,,,0.03877,0.00572,586.5,0.00001,1,,,,,0.00022,0.00000,3.2,0.00004
2015,1,,,,,0.01475,0.00093,277.0,0.00000,1,,,,,0.00022,0.00000,3.2,0.00004
2016,1,,,,,0.00317,0.00003,133.5,0.00001,1,,,,,0.00022,0.00000,3.2,0.00004
2017,1,,,,,0.00022,0.00000,3.6,0.00005,1,,,,,0.00022,0.00000,3.1,0.00004
2018,1,,,,,0.06649,0.00000,268.7,0.00000,1,,,,,0.00022,0.00000,3.1,0.00004
2019,1,,,,,0.07259,0.00803,297.1,0.00000,1,,,,,0.00022,0.00000,3.1,0.00004
2020,1,,,,,0.02623,0.00024,3571.9,0.08744,1,,,,,0.00022,0.00000,3.1,0.00004
2021,1,,,,,0.15064,0.00193,603.1,0.00002,1,,,,,0.00022,0.00001,3.1,0.00004
2022,1,,,,,0.05794,0.02704,489.6,0.00632,1,,,,,0.00022,0.00000,3.2,0.00004
2023,1,,,,,0.00230,0.01990,5466.3,0.16745,1,,,,,0.00022,0.00000,3.2,0.00004
2024,1,,,,,0.06040,0.00017,566.6,0.00005,1,,,,,0.00022,0.00000,3.2,0.00004
2025,1,,,,,0.04906,0.00797,641.3,0.00002,1,,,,,0.00022,0.00001,3.2,0.00004
2026,1,,,,,0.00035,0.00021,457.0,0.01573,1,,,,,0.00022,0.00000,3.2,0.00004
2027,1,,,,,0.04125,0.00001,396.4,0.00001,1,,,,,0.00022,0.00000,3.3,0.00004
2028,1,,,,,0.02235,0.00095,189.2,0.00000,1,,,,,0.00022,0.00001,3.2,0.00004
2029,1,,,,,0.09504,0.00867,778.6,0.00004,1,,,,,0.00022,0.00000,3.2,0.00004
2030,1,,,,,0.05889,0.01897,715.8,0.00002,1,,,,,0.00022,0.00000,3.2,0.00003
2031,1,,,,,0.06311,0.00247,489.9,0.00000,1,,,,,0.00022,0.00000,3.2,0.00004
2032,1,,,,,0.04203,0.00513,269.3,0.00000,1,,,,,0.00022,0.00001,3.2,0.00004
2033,1,,,,,0.00252,0.00060,7661.3,0.03736,1,,,,,0.00022,0.00000,3.1,0.00004
2034,1,,,,,0.02512,0.00012,372.3,0.00002,1,,,,,0.00022,0.00000,3.1,0.00004
2035,1,,,,,0.01612,0.00038,184.2,0.00001,1,,,,,0.00022,0.00000,3.2,0.00004
2036,1,,,,,0.00937,0.00001,151.3,0.00053,1,,,,,0.00022,0.00000,3.2,0.00004
2037,1,,,,,0.06598,0.00714,587.7,0.00001,1,,,,,0.00022,0.00000,3.1,0.00004
2038,1,,,,,0.06827,0.00013,468.9,0.00003,1,,,,,0.00022,0.00000,3.2,0.00004
2039,1,,,,,0.04276,0.00276,298.1,0.00000,1,,,,,0.00022,0.00000,3.2,0.00004
2040,1,,,,,0.03272,0.00034,328.4,0.00000,1,,,,,0.00022,0.00000,3.2,0.00004
2041,1,,,,,0.00097,0.00034,6.6,0.00009,1,,,,,0.00022,0.00000,3.2,0.00004
2042,1,,,,,0.05971,0.00000,516.5,0.00001,1,,,,,0.00022,0.00000,3.2,0.00004
2043,1,,,,,0.03464,0.00671,292.4,0.00000,1,,,,,0.00022,0.00000,3.3,0.00004
2044,1,,,,,0.05586,0.00185,433.8,0.00000,1,,,,,0.00022,0.00000,3.4,0.00004
2045,1,,,,,0.05870,0.00666,489.8,0.00000,1,,,,,0.00022,0.00000,3.5,0.00004
2046,1,,,,,0.04287,0.00351,264.5,0.00000,1,,,,,0.00022,0.00000,3.4,0.00004
2047,1,,,,,0.03742,0.00349,394.3,0.00000,1,,,,,0.00022,0.00000,3.5,0.00004
2048,1,,,,,0.01601,0.00003,248.4,0.00000,1,,,,,0.00022,0.00000,3.5,0.00004
2049,1,,,,,0.00739,0.00015,146.1,0.00000,1,,,,,0.00022,0.00000,3.5,0.00004
2050,1,,,,,0.00036,0.00008,4.8,0.00005,1,,,,,0.00022,0.00000,3.5,0.00004
2051,1,,,,,0.00194,0.00001,7570.7,0.09032,1,,,,,0.00022,0.00000,3.5,0.00004
2052,1,,,,,0.06721,0.01672,567.3,0.00226,1,,,,,0.00022,0.00001,3.5,0.00004
2053,1,,,,,0.06280,0.01103,548.8,0.00001,1,,,,,0.00022,0.00001,3.5,0.00004
2054,1,,,,,0.02794,0.00458,308.7,0.00000,1,,,,,0.00022,0.00001,3.5,0.00004
2055,1,,,,,0.02860,0.00007,452.4,0.00619,1,,,,,0.00022,0.00000,3.5,0.00004
2056,1,,,,,0.06237,0.00177,692.1,0.00003,1,,,,,0.00022,0.00000,3.5,0.00004
2057,1,,,,,0.06461,0.00071,644.8,0.00001,1,,,,,0.00022,0.00000,3.4,0.00004
2058,1,,,,,0.04227,0.00128,317.3,0.00000,1,,,,,0.00022,0.00000,3.4,0.00004
2059,1,,,,,0.01997,0.00157,267.7,0.00023,1,,,,,0.00022,0.00000,3.4,0.00004
2060,1,,,,,0.00055,0.00339,2394.0,0.04388,1,,,,,0.00022,0.00000,3.5,0.00004
2061,1,,,,,0.04992,0.00003,437.1,0.00000,1,,,,,0.00022,0.00001,3.5,0.00004
2062,1,,,,,0.03911,0.00328,351.5,0.00000,1,,,,,0.00022,0.00000,3.5,0.00005
2063,1,,,,,0.06097,0.00082,462.5,0.00000,1,,,,,0.00022,0.00000,3.5,0.00004
2064,1,,,,,0.06794,0.01129,467.8,0.00000,1,,,,,0.00022,0.00000,3.5,0.00004
2065,1,,,,,0.04770,0.00262,326.1,0.00001,1,,,,,0.00022,0.00000,3.5,0.00004
2066,1,,,,,0.04253,0.00332,324.9,0.00001,1,,,,,0.00022,0.00001,3.4,0.00004
2067,1,,,,,0.02779,0.00062,266.8,0.00000,1,,,,,0.00022,0.00000,3.5,0.00004
2068,1,,,,,0.02149,0.00001,525.9,0.00199,1,,,,,0.00022,0.00000,3.5,0.00004
2069,1,,,,,0.05527,0.00776,539.8,0.00000,1,,,,,0.00022,0.00000,3.5,0.00004
2070,1,,,,,0.04370,0.00054,276.7,0.00000,1,,,,,0.00022,0.00000,3.5,0.00004
2071,1,,,,,0.02404,0.00170,360.5,0.00235,1,,,,,0.00022,0.00000,3.5,0.00004
2072,1,,,,,0.02790,0.00364,244.6,0.00000,1,,,,,0.00022,0.00000,3.5,0.00004
2073,1,,,,,0.07473,0.00046,455.7,0.00002,1,,,,,0.00022,0.00000,3.5,0.00004
2074,1,,,,,0.06515,0.02796,468.0,0.00001,1,,,,,0.00022,0.00000,3.5,0.00004
2075,1,,,,,0.02268,0.00128,246.9,0.00001,1,,,,,0.00022,0.00000,3.5,0.00004
2076,1,,,,,0.04610,0.00012,596.1,0.00000,1,,,,,0.00022,0.00001,3.5,0.00005
2077,1,,,,,0.07996,0.00395,594.9,0.00000,1,,,,,0.00022,0.00000,3.5,0.00004
2078,1,,,,,0.02618,0.01393,274.3,0.00000,1,,,,,0.00022,0.00000,3.6,0.00004
2079,1,,,,,0.07931,0.00137,441.8,0.00000,1,,,,,0.00022,0.00001,3.4,0.00004
2080,1,,,,,0.01435,0.00205,180.9,0.00000,1,,,,,0.00022,0.00000,3.6,0.00004
2081,1,,,,,0.03412,0.00074,409.3,0.00001,1,,,,,0.00022,0.00000,3.6,0.00004
2082,1,,,,,0.03204,0.00135,211.7,0.00000,1,,,,,0.00022,0.00000,3.5,0.00004
2083,1,,,,,0.03032,0.00120,357.6,0.00000,1,,,,,0.00022,0.00000,3.5,0.00004
2084,1,,,,,0.00026,0.00001,7.5,0.00024,1,,,,,0.00022,0.00000,3.5,0.00004
2085,1,,,,,0.03078,0.00001,555.6,0.00001,1,,,,,0.00022,0.00000,3.6,0.00004
2086,1,,,,,0.05488,0.01044,565.4,0.00000,1,,,,,0.00022,0.00000,3.5,0.00004
2087,1,,,,,0.03910,0.00424,513.3,0.00001,1,,,,,0.00022,0.00000,3.6,0.00004
2088,1,,,,,0.01559,0.00064,289.1,0.00001,1,,,,,0.00022,0.00000,3.6,0.00004
2089,1,,,,,0.00828,0.00001,200.2,0.00000,1,,,,,0.00022,0.00000,3.6,0.00004
2090,1,,,,,0.00180,0.00008,118.6,0.00002,1,,,,,0.00022,0.00000,3.6,0.00004
2091,1,,,,,0.00022,0.00000,3.2,0.00005,1,,,,,0.00022,0.00000,3.5,0.00004
2092,1,,,,,0.00022,0.00001,3.1,0.00004,1,,,,,0.00022,0.00000,3.6,0.00004
2093,1,,,,,0.00022,0.00000,3.1,0.00004,1,,,,,0.00022,0.00000,3.6,0.00004
2094,1,,,,,0.00022,0.00000,3.2,0.00004,1,,,,,0.00022,0.00000,3.6,0.00004
2095,1,,,,,0.00022,0.00001,3.2,0.00004,1,,,,,0.00022,0.00000,3.6,0.00004
2096,1,,,,,0.00022,0.00000,3.2,0.00004,1,,,,,0.00022,0.00000,3.5,0.00004
2097,1,,,,,0.00022,0.00001,3.1,0.00004,1,,,,,0.00022,0.00000,3.6,0.00005
2098,1,,,,,0.00022,0.00000,3.1,0.00004,1,,,,,0.00022,0.00000,3.6,0.00004
2099,1,,,,,0.00022,0.00000,3.1,0.00004,1,,,,,0.00022,0.00000,3.6,0.00004
2100,1,,,,,0.00022,0.00000,3.1,0.00004,1,,,,,0.00022,0.00000,3.5,0.00004
2101,1,,,,,0.00022,0.00000,3.1,0.00004,1,,,,,0.00022,0.00000,3.6,0.00004
2102,1,,,,,0.00022,0.00000,3.1,0.00004,1,,,,,0.00022,0.00000,3.6,0.00004
2103,1,,,,,0.00022,0.00000,3.1,0.00004,1,,,,,0.00022,0.00000,3.6,0.00004
2104,1,,,,,0.00022,0.00000,3.1,0.00004,1,,,,,0.00022,0.00000,3.6,0.00004
2105,1,,,,,0.00022,0.00000,3.1,0.00004,1,,,,,0.00022,0.00000,3.6,0.00004
2106,1,,,,,0.00022,0.00000,3.0,0.00003,1,,,,,0.00022,0.00000,3.6,0.00004
2107,1,,,,,0.00022,0.00000,3.1,0.00004,1,,,,,0.00022,0.00001,3.6,0.00004
2108,1,,,,,0.00022,0.00000,3.1,0.00004,1,,,,,0.00022,0.00000,3.6,0.00004
2109,1,,,,,0.00022,0.00000,3.1,0.00004,1,,,,,0.00022,0.00000,3.5,0.00004
2110,1,,,,,0.00022,0.00000,3.1,0.00004,1,,,,,0.00022,0.00000,3.7,0.00004
2111,1,,,,,0.00022,0.00000,3.2,0.00004,1,,,,,0.00022,0.00000,3.6,0.00004
2112,1,,,,,0.00022,0.00000,3.1,0.00004,1,,,,,0.00022,0.00000,3.5,0.00004
2113,1,,,,,0.00022,0.00000,3.1,0.00004,1,,,,,0.00022,0.00001,3.5,0.00004
2114,1,,,,,0.00022,0.00000,3.1,0.00004,1,,,,,0.00022,0.00001,3.6,0.00004
2115,1,,,,,0.00022,0.00000,3.1,0.00003,1,,,,,0.00022,0.00001,3.6,0.00004
2116,1,,,,,0.00022,0.00000,3.1,0.00004,1,,,,,0.00022,0.00000,3.6,0.00004
2117,1,,,,,0.00022,0.00000,3.1,0.00004,1,,,,,0.00022,0.00001,3.5,0.00004
2118,1,,,,,0.00022,0.00000,3.1,0.00004,1,,,,,0.00022,0.00000,3.5,0.00004
2119,1,,,,,0.00022,0.00000,3.1,0.00004,1,,,,,0.00022,0.00000,3.6,0.00004
2120,1,,,,,0.00022,0.00000,3.1,0.00004,1,,,,,0.00022,0.00000,3.6,0.00004
2121,1,,,,,0.00022,0.00000,3.0,0.00004,1,,,,,0.00022,0.00001,3.6,0.00004
2122,1,,,,,0.00022,0.00000,3.1,0.00004,1,,,,,0.00022,0.00001,3.5,0.00004
2123,1,,,,,0.00022,0.00000,3.0,0.00004,1,,,,,0.00022,0.00001,3.6,0.00004
2124,1,,,,,0.00022,0.00000,3.1,0.00004,1,,,,,0.00022,0.00000,3.6,0.00004
2125,1,,,,,0.00022,0.00000,3.1,0.00004,1,,,,,0.00022,0.00000,3.5,0.00004
2126,1,,,,,0.00022,0.00000,3.1,0.00004,1,,,,,0.00022,0.00000,3.6,0.00004
2127,1,,,,,0.00022,0.00000,3.1,0.00004,1,,,,,0.00022,0.00000,3.5,0.00004
2128,1,,,,,0.00022,0.00000,3.1,0.00004,1,,,,,0.00022,0.00000,3.5,0.00004
2129,1,,,,,0.00022,0.00000,3.1,0.00004,1,,,,,0.00022,0.00000,3.5,0.00004
2130,1,,,,,0.00022,0.00000,3.1,0.00004,1,,,,,0.00022,0.00000,3.5,0.00004
2131,1,,,,,0.00022,0.00000,3.0,0.00003,1,,,,,0.00022,0.00000,3.6,0.00004
2132,1,,,,,0.00022,0.00000,3.1,0.00004,1,,,,,0.00022,0.00000,3.6,0.00004
2133,1,,,,,0.00022,0.00000,3.1,0.00004,1,,,,,0.00022,0.00000,3.6,0.00004
2134,1,,,,,0.00022,0.00000,3.1,0.00004,1,,,,,0.00022,0.00000,3.5,0.00004
2135,1,,,,,0.00022,0.00000,3.1,0.00004,1,,,,,0.00022,0.00000,3.6,0.00004
2136,1,,,,,0.00022,0.00001,3.1,0.00004,1,,,,,0.00022,0.00001,3.6,0.00004
2137,1,,,,,0.00022,0.00000,3.1,0.00004,1,,,,,0.00022,0.00000,3.5,0.00004
2138,1,,,,,0.00022,0.00000,3.1,0.00004,1,,,,,0.00022,0.00001,3.5,0.00004
2139,1,,,,,0.00022,0.00001,3.1,0.00003,1,,,,,0.00022,0.00000,3.5,0.00004
2140,1,,,,,0.00022,0.00000,3.2,0.00004,1,,,,,0.00022,0.00000,3.6,0.00004
2141,1,,,,,0.00022,0.00000,3.2,0.00004,1,,,,,0.00022,0.00000,3.6,0.00004
2142,1,,,,,0.00022,0.00000,3.2,0.00004,1,,,,,0.00022,0.00000,3.6,0.00004
2143,1,,,,,0.00022,0.00000,3.1,0.00004,1,,,,,0.00022,0.00000,3.5,0.00004
2144,1,,,,,0.00022,0.00000,3.1,0.00004,1,,,,,0.00022,0.00000,3.6,0.00004
2145,1,,,,,0.00022,0.00000,3.1,0.00004,1,,,,,0.00022,0.00000,3.6,0.00004
2146,1,,,,,0.00022,0.00000,3.1,0.00004,1,,,,,0.00022,0.00001,3.6,0.00004
2147,1,,,,,0.00022,0.00000,3.1,0.00004,1,,,,,0.00022,0.00000,3.6,0.00004
2148,1,,,,,0.00022,0.00000,3.1,0.00004,1,,,,,0.00022,0.00000,3.6,0.00004
2149,1,,,,,0.00022,0.00000,3.2,0.00004,1,,,,,0.00022,0.00000,3.6,0.00004
2150,1,,,,,0.00022,0.00000,3.1,0.00004,1,,,,,0.00022,0.00000,3.6,0.00004
2151,1,,,,,0.00022,0.00000,3.1,0.00004,1,,,,,0.00022,0.00000,3.6,0.00004
2152,1,,,,,0.00022,0.00000,3.1,0.00003,1,,,,,0.00022,0.00001,3.8,0.00004
2153,1,,,,,0.00022,0.00000,3.1,0.00004,1,,,,,0.00022,0.00001,3.8,0.00004
2154,1,,,,,0.00022,0.00001,3.2,0.00004,1,,,,,0.00022,0.00001,3.7,0.00004
2155,1,,,,,0.00022,0.00000,3.1,0.00004,1,,,,,0.00022,0.00001,3.6,0.00004
2156,1,,,,,0.00022,0.00000,3.1,0.00003,1,,,,,0.00022,0.00001,3.6,0.00004
2157,1,,,,,0.00022,0.00000,3.1,0.00004,1,,,,,0.00022,0.00000,3.6,0.00004
2158,1,,,,,0.00022,0.00000,3.2,0.00003,1,,,,,0.00022,0.00000,3.6,0.00004
2159,1,,,,,0.00022,0.00000,3.1,0.00004,1,,,,,0.00022,0.00000,3.6,0.00004
2160,1,,,,,0.00022,0.00000,3.1,0.00004,1,,,,,0.00022,0.00000,3.6,0.00004
2161,1,,,,,0.00022,0.00001,3.1,0.00004,1,,,,,0.00022,0.00001,3.6,0.00004
2162,1,,,,,0.00022,0.00000,3.2,0.00004,1,,,,,0.00022,0.00001,3.6,0.00004
2163,1,,,,,0.00022,0.00000,3.2,0.00004,1,,,,,0.00022,0.00000,3.6,0.00004
2164,1,,,,,0.00022,0.00000,3.2,0.00004,1,,,,,0.00022,0.00000,3.6,0.00004
2165,1,,,,,0.00022,0.00001,3.1,0.00004,1,,,,,0.00022,0.00000,3.6,0.00004
2166,1,,,,,0.00022,0.00000,3.2,0.00004,1,,,,,0.00022,0.00000,3.7,0.00004
2167,1,,,,,0.00022,0.00000,3.2,0.00004,1,,,,,0.00022,0.00000,3.6,0.00004
2168,1,,,,,0.00022,0.00000,3.2,0.00004,1,,,,,0.00022,0.00000,3.6,0.00004
2169,1,,,,,0.00022,0.00001,3.2,0.00004,1,,,,,0.00022,0.00000,3.6,0.00004
2170,1,,,,,0.00022,0.00000,3.2,0.00004,1,,,,,0.00022,0.00000,3.7,0.00004
2171,1,,,,,0.00022,0.00000,3.2,0.00004,1,,,,,0.00022,0.00001,3.8,0.00005
2172,1,,,,,0.00022,0.00000,3.2,0.00003,1,,,,,0.00022,0.00000,3.7,0.00004
2173,1,,,,,0.00022,0.00000,3.3,0.00004,1,,,,,0.00022,0.00000,3.7,0.00004
2174,1,,,,,0.00022,0.00000,3.2,0.00004,1,,,,,0.00022,0.00001,3.7,0.00004
2175,1,,,,,0.00022,0.00000,3.2,0.00004,1,,,,,0.00022,0.00001,3.7,0.00004
2176,1,,,,,0.00022,0.00000,3.2,0.00004,1,,,,,0.00022,0.00000,3.7,0.00004
2177,1,,,,,0.00022,0.00000,3.2,0.00004,1,,,,,0.00022,0.00000,3.6,0.00004
2178,1,,,,,0.00022,0.00000,3.2,0.00004,1,,,,,0.00022,0.00000,3.8,0.00004
2179,1,,,,,0.00022,0.00000,3.2,0.00004,1,,,,,0.00022,0.00000,3.8,0.00004
2180,1,,,,,0.00022,0.00001,3.2,0.00004,1,,,,,0.00022,0.00000,3.7,0.00004
2181,1,,,,,0.00022,0.00000,3.2,0.00004,1,,,,,0.00022,0.00000,3.8,0.00004
2182,1,,,,,0.00022,0.00001,3.1,0.00004,1,,,,,0.00022,0.00001,3.7,0.00004
2183,1,,,,,0.00022,0.00000,3.1,0.00004,1,,,,,0.00022,0.00000,3.7,0.00004
2184,1,,,,,0.00022,0.00000,3.2,0.00004,1,,,,,0.00022,0.00000,3.8,0.00004
2185,1,,,,,0.00022,0.00000,3.1,0.00004,1,,,,,0.00022,0.00000,3.7,0.00004
2186,1,,,,,0.00022,0.00000,3.1,0.00004,1,,,,,0.00022,0.00000,3.8,0.00004
2187,1,,,,,0.00022,0.00000,3.1,0.00004,1,,,,,0.00022,0.00000,3.8,0.00004
2188,1,,,,,0.00022,0.00000,3.2,0.00004,1,,,,,0.00022,0.00000,3.8,0.00004
2189,1,,,,,0.00022,0.00000,3.2,0.00004,1,,,,,0.00022,0.00001,3.8,0.00004
2190,1,,,,,0.00022,0.00000,3.2,0.00004,1,,,,,0.00022,0.00000,3.8,0.00004
2191,1,,,,,0.00022,0.00000,3.1,0.00004,1,,,,,0.00022,0.00000,3.8,0.00004
2192,1,,,,,0.00022,0.00000,3.2,0.00004,1,,,,,0.00022,0.00000,3.7,0.00004
2193,1,,,,,0.00022,0.00000,3.2,0.00004,1,,,,,0.00022,0.00000,3.8,0.00005
2194,1,,,,,0.00022,0.00000,3.2,0.00004,1,,,,,0.00022,0.00000,3.8,0.00004
2195,1,,,,,0.00022,0.00001,3.2,0.00004,1,,,,,0.00022,0.00000,3.7,0.00004
2196,1,,,,,0.00022,0.00000,3.2,0.00004,1,,,,,0.00022,0.00000,3.6,0.00004
2197,1,,,,,0.00022,0.00000,3.1,0.00004,1,,,,,0.00022,0.00000,3.5,0.00004
2198,1,,,,,0.00022,0.00000,3.1,0.00003,1,,,,,0.00022,0.00000,3.5,0.00004
2199,1,,,,,0.00022,0.00000,3.1,0.00003,1,,,,,0.00022,0.00000,3.5,0.00004
2200,1,,,,,0.00022,0.00000,3.2,0.00004,1,,,,,0.00022,0.00000,3.5,0.00004
2201,1,,,,,0.00022,0.00000,3.1,0.00004,1,,,,,0.00022,0.00001,3.5,0.00004
2202,1,,,,,0.00022,0.00000,3.1,0.00003,1,,,,,0.00022,0.00001,3.5,0.00004
2203,1,,,,,0.00022,0.00000,3.1,0.00004,1,,,,,0.00022,0.00000,3.5,0.00004
2204,1,,,,,0.00022,0.00000,3.3,0.00004,1,,,,,0.00022,0.00000,3.5,0.00004
2205,1,,,,,0.00022,0.00000,3.3,0.00004,1,,,,,0.00022,0.00001,3.5,0.00004
2206,1,,,,,0.00022,0.00000,3.3,0.00003,1,,,,,0.00022,0.00001,3.5,0.00004
2207,1,,,,,0.00022,0.00000,3.2,0.00004,1,,,,,0.00022,0.00000,3.5,0.00004
2208,1,,,,,0.00022,0.00000,3.3,0.00003,1,,,,,0.00022,0.00000,3.8,0.00004
2209,1,,,,,0.00022,0.00001,3.2,0.00004,1,,,,,0.00022,0.00000,3.8,0.00004
2210,1,,,,,0.00022,0.00000,3.2,0.00004,1,,,,,0.00022,0.00000,3.8,0.00004
2211,1,,,,,0.00022,0.00000,3.2,0.00004,1,,,,,0.00022,0.00001,3.8,0.00004
2212,1,,,,,0.00022,0.00000,3.4,0.00004,1,,,,,0.00022,0.00000,3.9,0.00005
2213,1,,,,,0.00022,0.00000,3.3,0.00004,1,,,,,0.00022,0.00001,3.8,0.00004
2214,1,,,,,0.00022,0.00000,3.4,0.00004,1,,,,,0.00022,0.00000,3.8,0.00004
2215,1,,,,,0.00022,0.00000,3.5,0.00004,1,,,,,0.00022,0.00000,3.8,0.00004
2216,1,,,,,0.00022,0.00001,3.5,0.00004,1,,,,,0.00022,0.00000,3.8,0.00004
2217,1,,,,,0.00022,0.00000,3.4,0.00004,1,,,,,0.00022,0.00000,3.8,0.00004
2218,1,,,,,0.00022,0.00000,3.4,0.00004,1,,,,,0.00022,0.00000,3.9,0.00004
2219,1,,,,,0.00022,0.00000,3.4,0.00004,1,,,,,0.00022,0.00001,3.9,0.00004
2220,1,,,,,0.00022,0.00000,3.5,0.00004,1,,,,,0.00022,0.00001,3.9,0.00005
2221,1,,,,,0.00022,0.00001,3.5,0.00004,1,,,,,0.00022,0.00000,3.9,0.00005
2222,1,,,,,0.00022,0.00000,3.5,0.00004,1,,,,,0.00022,0.00000,3.8,0.00004
2223,1,,,,,0.00022,0.00000,3.4,0.00004,1,,,,,0.00022,0.00000,3.9,0.00004
2224,1,,,,,0.00022,0.00000,3.5,0.00004,1,,,,,0.00022,0.00000,3.9,0.00004
2225,1,,,,,0.00022,0.00000,3.5,0.00004,1,,,,,0.00022,0.00000,3.8,0.00005
2226,1,,,,,0.00022,0.00001,3.5,0.00004,1,,,,,0.00022,0.00000,3.9,0.00004
2227,1,,,,,0.00022,0.00000,3.5,0.00004,1,,,,,0.00022,0.00000,3.8,0.00004
2228,1,,,,,0.00022,0.00000,3.5,0.00004,1,,,,,0.00022,0.00000,3.6,0.00004
2229,1,,,,,0.00022,0.00000,3.5,0.00004,1,,,,,0.00022,0.00000,3.5,0.00004
2230,1,,,,,0.00022,0.00001,3.5,0.00004,1,,,,,0.00022,0.00000,3.5,0.00004
2231,1,,,,,0.00022,0.00000,3.5,0.00004,1,,,,,0.00022,0.00000,3.5,0.00004
2232,1,,,,,0.00022,0.00000,3.5,0.00004,1,,,,,0.00022,0.00000,3.5,0.00004
2233,1,,,,,0.00022,0.00001,3.5,0.00004,1,,,,,0.00022,0.00000,3.6,0.00004
2234,1,,,,,0.00022,0.00000,3.5,0.00004,1,,,,,0.00022,0.00000,3.5,0.00004
2235,1,,,,,0.00022,0.00000,3.5,0.00004,1,,,,,0.00022,0.00001,3.6,0.00004
2236,1,,,,,0.00022,0.00000,3.5,0.00004,1,,,,,0.00022,0.00001,3.5,0.00004
2237,1,,,,,0.00022,0.00000,3.5,0.00004,1,,,,,0.00022,0.00001,3.5,0.00004
2238,1,,,,,0.00022,0.00000,3.5,0.00005,1,,,,,0.00022,0.00000,3.5,0.00004
2239,1,,,,,0.00022,0.00000,3.5,0.00004,1,,,,,0.00022,0.00000,3.5,0.00004
2240,1,,,,,0.00022,0.00000,3.6,0.00004,1,,,,,0.00022,0.00000,3.5,0.00004
2241,1,,,,,0.00022,0.00000,3.6,0.00005,1,,,,,0.00022,0.00000,3.5,0.00005
2242,1,,,,,0.00022,0.00000,3.6,0.00004,1,,,,,0.00022,0.00000,3.5,0.00004
2243,1,,,,,0.00022,0.00000,3.5,0.00004,1,,,,,0.00022,0.00001,3.5,0.00004
2244,1,,,,,0.00022,0.00000,3.6,0.00004,1,,,,,0.00022,0.00000,3.5,0.00004
2245,1,,,,,0.00022,0.00000,3.6,0.00004,1,,,,,0.00022,0.00000,3.4,0.00004
2246,1,,,,,0.00022,0.00000,3.6,0.00004,1,,,,,0.00022,0.00000,3.5,0.00004
2247,1,,,,,0.00022,0.00000,3.6,0.00004,1,,,,,0.00022,0.00000,3.5,0.00004
2248,1,,,,,0.00022,0.00000,3.6,0.00004,1,,,,,0.00022,0.00000,3.5,0.00004
2249,1,,,,,0.00022,0.00000,3.6,0.00004,1,,,,,0.00022,0.00000,3.5,0.00004
2250,1,,,,,0.00022,0.00000,3.6,0.00004,1,,,,,0.00022,0.00001,3.5,0.00004
2251,1,,,,,0.00022,0.00000,3.6,0.00004,1,,,,,0.00022,0.00000,3.5,0.00004
2252,1,,,,,0.00022,0.00000,3.6,0.00004,1,,,,,0.00022,0.00001,3.7,0.00004
2253,1,,,,,0.00022,0.00001,3.6,0.00004,1,,,,,0.00022,0.00000,3.5,0.00004
2254,1,,,,,0.00022,0.00000,3.7,0.00004,1,,,,,0.00022,0.00000,3.5,0.00004
2255,1,,,,,0.00022,0.00000,3.6,0.00004,1,,,,,0.00022,0.00000,3.5,0.00004
2256,1,,,,,0.00022,0.00001,3.6,0.00004,1,,,,,0.00022,0.00000,3.5,0.00004
2257,1,,,,,0.00022,0.00000,3.6,0.00004,1,,,,,0.00022,0.00000,3.4,0.00004
2258,1,,,,,0.00022,0.00001,3.7,0.00004,1,,,,,0.00022,0.00000,3.4,0.00004
2259,1,,,,,0.00022,0.00000,3.6,0.00004,1,,,,,0.00022,0.00000,3.5,0.00004
2260,1,,,,,0.00022,0.00000,3.6,0.00004,1,,,,,0.00022,0.00000,3.4,0.00004
2261,1,,,,,0.00022,0.00000,3.7,0.00004,1,,,,,0.00022,0.00000,3.5,0.00004
2262,1,,,,,0.00022,0.00000,3.7,0.00004,1,,,,,0.00022,0.00000,3.5,0.00004
2263,1,,,,,0.00022,0.00000,3.7,0.00004,1,,,,,0.00022,0.00000,3.4,0.00004
2264,1,,,,,0.00022,0.00001,3.7,0.00004,1,,,,,0.00022,0.00000,3.4,0.00004
2265,1,,,,,0.00022,0.00000,3.7,0.00005,1,,,,,0.00022,0.00000,3.4,0.00004
2266,1,,,,,0.00022,0.00000,3.6,0.00004,1,,,,,0.00022,0.00000,3.5,0.00004
2267,1,,,,,0.00022,0.00001,3.6,0.00004,1,,,,,0.00022,0.00000,3.5,0.00004
2268,1,,,,,0.00022,0.00000,3.7,0.00004,1,,,,,0.00022,0.00000,3.4,0.00004
2269,1,,,,,0.00022,0.00000,3.7,0.00005,1,,,,,0.00022,0.00001,3.4,0.00004
2270,1,,,,,0.00022,0.00001,3.5,0.00004,1,,,,,0.00022,0.00000,3.4,0.00004
2271,1,,,,,0.00022,0.00000,3.6,0.00004,1,,,,,0.00022,0.00000,3.5,0.00004
2272,1,,,,,0.00022,0.00000,3.6,0.00005,1,,,,,0.00022,0.00000,3.4,0.00004
2273,1,,,,,0.00275,0.00001,266.6,0.00647,1,,,,,0.00022,0.00001,3.6,0.00004
2274,1,,,,,0.04883,0.00206,402.0,0.00001,1,,,,,0.08613,0.00001,600.1,0.00000
2275,1,,,,,0.09361,0.00671,575.5,0.00000,1,,,,,0.02459,0.00070,335.9,0.00000
2276,1,,,,,0.04420,0.01107,392.0,0.00000,1,,,,,0.04634,0.00901,354.1,0.00001
2277,1,,,,,0.08445,0.00064,435.7,0.00000,1,,,,,0.07028,0.00819,552.6,0.00001
2278,1,,,,,0.08957,0.01924,408.1,0.00000,1,,,,,0.04951,0.01289,281.2,0.00000
2279,1,,,,,0.06438,0.01336,545.6,0.00000,1,,,,,0.08998,0.00271,566.7,0.00000
2280,1,,,,,0.02519,0.00740,267.4,0.00000,1,,,,,0.06840,0.01654,525.1,0.00000
2281,1,,,,,0.03380,0.00242,380.4,0.00000,1,,,,,0.00246,0.00000,772.4,0.00048
2282,1,,,,,0.00585,0.00175,5612.5,0.10672,1,,,,,0.09174,0.00208,702.4,0.00000
2283,1,,,,,0.00347,0.02718,7169.2,0.13375,1,,,,,0.10062,0.00205,655.6,0.00000
2284,1,,,,,0.04165,0.00003,470.9,0.00009,1,,,,,0.03000,0.00030,334.2,0.00000
2285,1,,,,,0.03946,0.00535,543.7,0.00001,1,,,,,0.04536,0.00495,510.3,0.00000
2286,1,,,,,0.03132,0.00424,558.9,0.00002,1,,,,,0.01490,0.00066,259.5,0.00000
2287,1,,,,,0.02544,0.00236,266.5,0.00000,1,,,,,0.00293,0.00065,162.7,0.00001
2288,1,,,,,0.00654,0.00023,236.5,0.00045,1,,,,,0.01502,0.00017,590.5,0.00003
2289,1,,,,,0.00021,0.00002,3.4,0.00006,1,,,,,0.04081,0.00142,740.7,0.00000
2290,1,,,,,0.02554,0.00001,1882.3,0.01635,1,,,,,0.02945,0.00016,461.6,0.00000
2291,1,,,,,0.07525,0.00230,424.2,0.00002,1,,,,,0.03699,0.00015,462.8,0.00000
2292,1,,,,,0.02569,0.00610,354.1,0.00155,1,,,,,0.07442,0.00903,490.3,0.00000
2293,1,,,,,0.00205,0.00113,2255.5,0.01237,1,,,,,0.01117,0.00172,205.5,0.00000
2294,1,,,,,0.05381,0.00156,309.4,0.00000,1,,,,,0.09420,0.00001,513.3,0.00000
2295,1,,,,,0.04054,0.00444,262.9,0.00000,1,,,,,0.07645,0.00518,710.0,0.00003
2296,1,,,,,0.04198,0.00791,298.5,0.00000,1,,,,,0.04084,0.00739,513.5,0.00001
2297,1,,,,,0.00215,0.00019,47.3,0.00012,1,,,,,0.00560,0.00022,212.0,0.00000
2298,1,,,,,0.03590,0.00009,359.6,0.00001,1,,,,,0.00092,0.00014,68.3,0.00009
2299,1,,,,,0.04211,0.01037,554.0,0.00000,1,,,,,0.00022,0.00000,3.4,0.00005
2300,1,,,,,0.04012,0.00106,311.1,0.00001,1,,,,,0.00022,0.00000,3.3,0.00004
2301,1,,,,,0.05622,0.00094,428.2,0.00001,1,,,,,0.00022,0.00000,3.3,0.00004
2302,1,,,,,0.04356,0.00134,268.2,0.00000,1,,,,,0.00022,0.00000,3.2,0.00004
2303,1,,,,,0.00345,0.00003,5662.1,0.06131,1,,,,,0.00022,0.00000,3.3,0.00004
2304,1,,,,,0.04891,0.00014,380.8,0.00002,1,,,,,0.00022,0.00000,3.3,0.00004
2305,1,,,,,0.05563,0.01546,441.2,0.00002,1,,,,,0.00022,0.00000,3.3,0.00004
2306,1,,,,,0.00868,0.00133,347.6,0.00456,1,,,,,0.00022,0.00000,3.3,0.00004
2307,1,,,,,0.01504,0.00151,333.0,0.00040,1,,,,,0.00022,0.00000,3.2,0.00003
2308,1,,,,,0.04046,0.00050,392.8,0.00000,1,,,,,0.00022,0.00000,3.2,0.00004
2309,1,,,,,0.06913,0.00642,676.8,0.00000,1,,,,,0.00022,0.00000,3.2,0.00004
2310,1,,,,,0.02807,0.00373,385.3,0.00000,1,,,,,0.00022,0.00000,3.3,0.00004
2311,1,,,,,0.03342,0.00001,454.5,0.00002,1,,,,,0.00022,0.00000,3.2,0.00004
2312,1,,,,,0.02833,0.00463,377.5,0.00000,1,,,,,0.00022,0.00001,3.3,0.00003
2313,1,,,,,0.01121,0.00006,1503.6,0.00175,1,,,,,0.00022,0.00000,3.2,0.00003
2314,1,,,,,0.05469,0.00589,515.9,0.00001,1,,,,,0.00022,0.00000,3.2,0.00004
2315,1,,,,,0.05447,0.00191,480.1,0.00001,1,,,,,0.00022,0.00000,3.2,0.00004
2316,1,,,,,0.03441,0.00022,379.8,0.00000,1,,,,,0.00022,0.00000,3.2,0.00004
2317,1,,,,,0.01632,0.00081,279.2,0.00000,1,,,,,0.00022,0.00000,3.1,0.00003
2318,1,,,,,0.00425,0.00005,4971.2,0.03824,1,,,,,0.00022,0.00000,3.1,0.00004
2319,1,,,,,0.00030,0.00048,189.1,0.00424,1,,,,,0.00022,0.00000,3.2,0.00003
2320,1,,,,,0.04368,0.00001,449.3,0.00001,1,,,,,0.00022,0.00000,3.2,0.00004
2321,1,,,,,0.02945,0.00332,286.4,0.00126,1,,,,,0.00022,0.00000,3.2,0.00004
2322,1,,,,,0.00490,0.01407,7014.7,0.10568,1,,,,,0.00022,0.00000,3.2,0.00004
2323,1,,,,,0.02598,0.00159,3114.5,0.05356,1,,,,,0.00022,0.00000,3.2,0.00004
2324,1,,,,,0.07348,0.00824,418.5,0.00005,1,,,,,0.00022,0.00000,3.2,0.00004
2325,1,,,,,0.00564,0.00255,7488.4,0.06898,1,,,,,0.00022,0.00000,3.3,0.00004
2326,1,,,,,0.02851,0.00002,464.6,0.00331,1,,,,,0.00022,0.00000,3.3,0.00004
2327,1,,,,,0.00593,0.00078,203.0,0.00001,1,,,,,0.00022,0.00000,3.2,0.00004
2328,1,,,,,0.07429,0.00023,439.7,0.00000,1,,,,,0.00022,0.00000,3.3,0.00004
2329,1,,,,,0.03158,0.00784,339.9,0.00000,1,,,,,0.00022,0.00000,3.2,0.00004
2330,1,,,,,0.05664,0.00556,460.5,0.00000,1,,,,,0.00022,0.00000,3.2,0.00004
2331,1,,,,,0.05362,0.00421,372.7,0.00000,1,,,,,0.00022,0.00000,3.2,0.00004
2332,1,,,,,0.04889,0.00301,453.1,0.00000,1,,,,,0.00022,0.00000,3.2,0.00004
2333,1,,,,,0.07239,0.00542,677.6,0.00002,1,,,,,0.00022,0.00000,3.2,0.00004
2334,1,,,,,0.04374,0.02949,330.4,0.00000,1,,,,,0.00022,0.00000,3.2,0.00004
2335,1,,,,,0.05218,0.00242,455.5,0.00000,1,,,,,0.00022,0.00000,3.2,0.00004
2336,1,,,,,0.02184,0.00068,342.9,0.00001,1,,,,,0.00022,0.00000,3.2,0.00004
2337,1,,,,,0.01187,0.00198,4220.8,0.05745,1,,,,,0.00022,0.00000,3.1,0.00004
2338,1,,,,,0.00338,0.02757,6958.1,0.06011,1,,,,,0.00022,0.00000,3.2,0.00004
2339,1,,,,,0.07075,0.00011,488.8,0.00011,1,,,,,0.00022,0.00001,3.1,0.00004
2340,1,,,,,0.04373,0.03789,595.7,0.00006,1,,,,,0.00022,0.00000,3.2,0.00004
2341,1,,,,,0.00026,0.00008,8.0,0.00019,1,,,,,0.00022,0.00000,3.2,0.00004
2342,1,,,,,0.07129,0.00002,693.7,0.00001,1,,,,,0.00022,0.00001,3.2,0.00004
2343,1,,,,,0.07728,0.03078,774.7,0.00004,1,,,,,0.00022,0.00000,3.2,0.00004
2344,1,,,,,0.02238,0.00906,539.3,0.00013,1,,,,,0.00022,0.00000,3.2,0.00004
2345,1,,,,,0.01985,0.00000,380.0,0.00001,1,,,,,0.00022,0.00000,3.2,0.00004
2346,1,,,,,0.01975,0.00066,237.1,0.00001,1,,,,,0.00022,0.00000,3.1,0.00003
2347,1,,,,,0.00175,0.00087,8145.9,0.11900,1,,,,,0.00022,0.00000,3.2,0.00004
2348,1,,,,,0.03260,0.00034,300.4,0.00006,1,,,,,0.00022,0.00000,3.3,0.00004
2349,1,,,,,0.03605,0.00797,265.7,0.00000,1,,,,,0.00022,0.00000,3.2,0.00004
2350,1,,,,,0.00315,0.00001,86.5,0.00091,1,,,,,0.00022,0.00000,3.2,0.00004
2351,1,,,,,0.04563,0.00190,472.1,0.00000,1,,,,,0.00022,0.00000,3.2,0.00004
2352,1,,,,,0.03663,0.00149,303.0,0.00000,1,,,,,0.00022,0.00000,3.2,0.00004
2353,1,,,,,0.00499,0.00039,5298.8,0.09212,1,,,,,0.00022,0.00000,3.2,0.00004
2354,1,,,,,0.01632,0.00012,352.0,0.00002,1,,,,,0.00022,0.00000,3.2,0.00004
2355,1,,,,,0.02817,0.00172,253.5,0.00000,1,,,,,0.00022,0.00000,3.2,0.00003
2356,1,,,,,0.04715,0.00042,430.9,0.00001,1,,,,,0.00022,0.00000,3.2,0.00003
2357,1,,,,,0.05133,0.00653,523.2,0.00001,1,,,,,0.00022,0.00000,3.2,0.00004
2358,1,,,,,0.00027,0.00002,35.2,0.00086,1,,,,,0.00022,0.00000,3.2,0.00003
2359,1,,,,,0.02680,0.00008,375.3,0.00000,1,,,,,0.00022,0.00000,3.2,0.00004
2360,1,,,,,0.00623,0.00011,5722.1,0.11577,1,,,,,0.00022,0.00000,3.2,0.00004
2361,1,,,,,0.00040,0.00060,58.4,0.00215,1,,,,,0.00022,0.00000,3.2,0.00004
2362,1,,,,,0.05928,0.00000,636.2,0.00004,1,,,,,0.00022,0.00000,3.2,0.00004
2363,1,,,,,0.02626,0.00787,525.7,0.00003,1,,,,,0.00022,0.00000,3.2,0.00004
2364,1,,,,,0.02015,0.00003,347.6,0.00008,1,,,,,0.00022,0.00000,3.2,0.00003
2365,1,,,,,0.03381,0.00454,359.1,0.00000,1,,,,,0.00022,0.00000,3.2,0.00004
2366,1,,,,,0.00364,0.00000,6126.7,0.05342,1,,,,,0.00022,0.00000,3.2,0.00004
2367,1,,,,,0.02785,0.00114,416.4,0.00023,1,,,,,0.00022,0.00000,3.2,0.00004
2368,1,,,,,0.02538,0.00179,269.3,0.00000,1,,,,,0.00022,0.00000,3.2,0.00004
2369,1,,,,,0.01043,0.00085,172.7,0.00026,1,,,,,0.00022,0.00000,3.2,0.00004
2370,1,,,,,0.03125,0.00187,398.2,0.00000,1,,,,,0.00022,0.00000,3.2,0.00004
2371,1,,,,,0.03430,0.00730,578.1,0.00001,1,,,,,0.00022,0.00000,3.2,0.00004
2372,1,,,,,0.02442,0.00023,372.5,0.00001,1,,,,,0.00022,0.00000,3.2,0.00004
2373,1,,,,,0.01668,0.00086,228.2,0.00000,1,,,,,0.00022,0.00000,3.2,0.00004
2374,1,,,,,0.00306,0.00020,7001.4,0.04364,1,,,,,0.00022,0.00000,3.2,0.00004
2375,1,,,,,0.00113,0.00169,5404.8,0.04904,1,,,,,0.00022,0.00000,3.2,0.00004
2376,1,,,,,0.00021,0.00000,3.2,0.00004,1,,,,,0.00022,0.00000,3.2,0.00004
2377,1,,,,,0.00022,0.00000,3.2,0.00004,1,,,,,0.00022,0.00000,3.2,0.00004
2378,1,,,,,0.00022,0.00000,3.3,0.00004,1,,,,,0.00022,0.00000,3.2,0.00004
2379,1,,,,,0.00022,0.00000,3.2,0.00004,1,,,,,0.00022,0.00000,3.2,0.00003
2380,1,,,,,0.00022,0.00000,3.2,0.00004,1,,,,,0.00022,0.00000,3.2,0.00004
2381,1,,,,,0.00022,0.00001,3.1,0.00004,1,,,,,0.00022,0.00000,3.2,0.00004
2382,1,,,,,0.00022,0.00000,3.2,0.00004,1,,,,,0.00022,0.00000,3.3,0.00004
2383,1,,,,,0.00022,0.00000,3.3,0.00004,1,,,,,0.00022,0.00000,3.3,0.00004
2384,1,,,,,0.00022,0.00000,3.2,0.00004,1,,,,,0.00022,0.00000,3.2,0.00004
2385,1,,,,,0.00022,0.00000,3.2,0.00004,1,,,,,0.00022,0.00000,3.2,0.00004
2386,1,,,,,0.00022,0.00000,3.2,0.00004,1,,,,,0.00022,0.00001,3.1,0.00004
2387,1,,,,,0.00022,0.00000,3.2,0.00004,1,,,,,0.00022,0.00000,3.2,0.00004
2388,1,,,,,0.00022,0.00001,3.2,0.00004,1,,,,,0.00022,0.00000,3.2,0.00004
2389,1,,,,,0.00022,0.00000,3.2,0.00004,1,,,,,0.00022,0.00000,3.2,0.00004
2390,1,,,,,0.00022,0.00000,3.2,0.00004,1,,,,,0.00022,0.00001,3.2,0.00004
2391,1,,,,,0.00022,0.00000,3.2,0.00004,1,,,,,0.00022,0.00000,3.2,0.00004
2392,1,,,,,0.00022,0.00000,3.2,0.00004,1,,,,,0.00022,0.00000,3.1,0.00004
2393,1,,,,,0.00022,0.00000,3.2,0.00004,1,,,,,0.00022,0.00000,3.2,0.00004
2394,1,,,,,0.00022,0.00000,3.2,0.00004,1,,,,,0.00022,0.00000,3.2,0.00004
2395,1,,,,,0.00022,0.00000,3.1,0.00004,1,,,,,0.00022,0.00000,3.2,0.00004
2396,1,,,,,0.00022,0.00001,3.2,0.00004,1,,,,,0.00022,0.00000,3.2,0.00004
2397,1,,,,,0.00022,0.00000,3.2,0.00004,1,,,,,0.00022,0.00000,3.1,0.00004
2398,1,,,,,0.00022,0.00000,3.1,0.00003,1,,,,,0.00022,0.00000,3.2,0.00003
2399,1,,,,,0.00022,0.00000,3.2,0.00004,1,,,,,0.00022,0.00000,3.1,0.00004
2400,1,,,,,0.00022,0.00000,3.2,0.00004,1,,,,,0.00022,0.00000,3.2,0.00004
2401,1,,,,,0.00022,0.00000,3.2,0.00004,1,,,,,0.00022,0.00000,3.1,0.00004
2402,1,,,,,0.00022,0.00000,3.3,0.00004,1,,,,,0.00022,0.00000,3.2,0.00004
2403,1,,,,,0.00022,0.00000,3.2,0.00004,1,,,,,0.00022,0.00000,3.2,0.00004
2404,1,,,,,0.00022,0.00000,3.2,0.00004,1,,,,,0.00022,0.00000,3.2,0.00004
2405,1,,,,,0.00022,0.00000,3.1,0.00004,1,,,,,0.00022,0.00000,3.2,0.00004
2406,1,,,,,0.00022,0.00000,3.1,0.00004,1,,,,,0.00022,0.00000,3.2,0.00004
2407,1,,,,,0.00022,0.00000,3.1,0.00004,1,,,,,0.00022,0.00000,3.2,0.00004
2408,1,,,,,0.00022,0.00000,3.1,0.00003,1,,,,,0.00022,0.00000,3.2,0.00004
2409,1,,,,,0.00022,0.00000,3.1,0.00004,1,,,,,0.00022,0.00000,3.2,0.00004
2410,1,,,,,0.00022,0.00000,3.2,0.00004,1,,,,,0.00022,0.00000,3.2,0.00004
2411,1,,,,,0.00022,0.00000,3.2,0.00004,1,,,,,0.00022,0.00000,3.3,0.00004
2412,1,,,,,0.00022,0.00000,3.2,0.00004,1,,,,,0.00022,0.00001,3.3,0.00004
2413,1,,,,,0.00022,0.00000,3.2,0.00004,1,,,,,0.00022,0.00000,3.3,0.00004
2414,1,,,,,0.00022,0.00000,3.1,0.00004,1,,,,,0.00022,0.00000,3.3,0.00004
2415,1,,,,,0.00022,0.00000,3.1,0.00004,1,,,,,0.00022,0.00000,3.3,0.00004
2416,1,,,,,0.00022,0.00000,3.1,0.00003,1,,,,,0.00022,0.00000,3.3,0.00004
2417,1,,,,,0.00022,0.00000,3.2,0.00003,1,,,,,0.00022,0.00000,3.3,0.00004
2418,1,,,,,0.00022,0.00000,3.2,0.00004,1,,,,,0.00022,0.00000,3.4,0.00004
2419,1,,,,,0.00022,0.00000,3.2,0.00004,1,,,,,0.00022,0.00000,3.2,0.00004
2420,1,,,,,0.00022,0.00000,3.2,0.00004,1,,,,,0.00022,0.00000,3.5,0.00004
2421,1,,,,,0.00022,0.00001,3.2,0.00003,1,,,,,0.00022,0.00000,3.6,0.00004
2422,1,,,,,0.00022,0.00000,3.2,0.00004,1,,,,,0.00022,0.00000,3.4,0.00004
2423,1,,,,,0.00022,0.00000,3.2,0.00004,1,,,,,0.00022,0.00000,3.4,0.00004
2424,1,,,,,0.00022,0.00000,3.2,0.00004,1,,,,,0.00022,0.00000,3.4,0.00004
2425,1,,,,,0.00022,0.00000,3.2,0.00004,1,,,,,0.00022,0.00000,3.4,0.00004
2426,1,,,,,0.00022,0.00000,3.2,0.00004,1,,,,,0.00022,0.00000,3.4,0.00004
2427,1,,,,,0.00022,0.00000,3.3,0.00004,1,,,,,0.00022,0.00000,3.4,0.00004
2428,1,,,,,0.00022,0.00000,3.1,0.00004,1,,,,,0.00022,0.00000,3.4,0.00004
2429,1,,,,,0.00022,0.00000,3.1,0.00004,1,,,,,0.00022,0.00000,3.4,0.00004
2430,1,,,,,0.00022,0.00000,3.2,0.00004,1,,,,,0.00022,0.00000,3.4,0.00004
2431,1,,,,,0.00022,0.00000,3.2,0.00004,1,,,,,0.00022,0.00000,3.4,0.00004
2432,1,,,,,0.00022,0.00000,3.2,0.00004,1,,,,,0.00022,0.00000,3.4,0.00004
2433,1,,,,,0.00022,0.00000,3.2,0.00004,1,,,,,0.00022,0.00000,3.5,0.00004
2434,1,,,,,0.00022,0.00000,3.3,0.00004,1,,,,,0.00022,0.00000,3.4,0.00004
2435,1,,,,,0.00022,0.00000,3.2,0.00004,1,,,,,0.00022,0.00000,3.4,0.00004
2436,1,,,,,0.00022,0.00000,3.2,0.00004,1,,,,,0.00022,0.00000,3.4,0.00004
2437,1,,,,,0.00022,0.00000,3.2,0.00004,1,,,,,0.00022,0.00000,3.4,0.00004
2438,1,,,,,0.00022,0.00000,3.2,0.00004,1,,,,,0.00022,0.00000,3.5,0.00004
2439,1,,,,,0.00022,0.00000,3.1,0.00004,1,,,,,0.00022,0.00000,3.4,0.00004
2440,1,,,,,0.00022,0.00000,3.2,0.00004,1,,,,,0.00022,0.00000,3.4,0.00004
2441,1,,,,,0.00022,0.00000,3.2,0.00004,1,,,,,0.00022,0.00000,3.5,0.00004
2442,1,,,,,0.00022,0.00001,3.2,0.00004,1,,,,,0.00022,0.00001,3.5,0.00004
2443,1,,,,,0.00022,0.00000,3.2,0.00004,1,,,,,0.00022,0.00000,3.4,0.00004
2444,1,,,,,0.00022,0.00000,3.2,0.00004,1,,,,,0.00022,0.00000,3.5,0.00004
2445,1,,,,,0.00022,0.00000,3.2,0.00004,1,,,,,0.00022,0.00000,3.5,0.00004
2446,1,,,,,0.00022,0.00000,3.1,0.00003,1,,,,,0.00022,0.00000,3.5,0.00004
2447,1,,,,,0.00022,0.00000,3.1,0.00004,1,,,,,0.00022,0.00000,3.5,0.00004
2448,1,,,,,0.00022,0.00000,3.2,0.00004,1,,,,,0.00022,0.00000,3.4,0.00004
2449,1,,,,,0.00022,0.00000,3.2,0.00004,1,,,,,0.00022,0.00000,3.5,0.00004
2450,1,,,,,0.00022,0.00000,3.1,0.00004,1,,,,,0.00022,0.00001,3.6,0.00004
2451,1,,,,,0.00022,0.00000,3.2,0.00004,1,,,,,0.00022,0.00001,3.5,0.00004
2452,1,,,,,0.00022,0.00000,3.1,0.00004,1,,,,,0.00022,0.00000,3.5,0.00004
2453,1,,,,,0.00022,0.00000,3.2,0.00004,1,,,,,0.00022,0.00001,3.5,0.00004
2454,1,,,,,0.00022,0.00001,3.2,0.00004,1,,,,,0.00022,0.00000,3.5,0.00004
2455,1,,,,,0.00022,0.00000,3.2,0.00004,1,,,,,0.00022,0.00000,3.5,0.00004
2456,1,,,,,0.00022,0.00001,3.2,0.00004,1,,,,,0.00022,0.00000,3.5,0.00004
2457,1,,,,,0.00022,0.00001,3.2,0.00004,1,,,,,0.00022,0.00000,3.5,0.00004
2458,1,,,,,0.00022,0.00000,3.2,0.00004,1,,,,,0.00022,0.00000,3.5,0.00004
2459,1,,,,,0.00022,0.00000,3.2,0.00004,1,,,,,0.00022,0.00001,3.5,0.00004
2460,1,,,,,0.00022,0.00000,3.2,0.00004,1,,,,,0.00022,0.00001,3.5,0.00004
2461,1,,,,,0.00022,0.00000,3.2,0.00004,1,,,,,0.00022,0.00000,3.6,0.00004
2462,1,,,,,0.00022,0.00000,3.2,0.00004,1,,,,,0.00022,0.00000,3.5,0.00004
2463,1,,,,,0.00022,0.00000,3.2,0.00004,1,,,,,0.00022,0.00000,3.5,0.00005
2464,1,,,,,0.00022,0.00000,3.2,0.00004,1,,,,,0.00022,0.00000,3.5,0.00004
2465,1,,,,,0.00022,0.00000,3.2,0.00004,1,,,,,0.00022,0.00000,3.5,0.00004
2466,1,,,,,0.00022,0.00000,3.3,0.00004,1,,,,,0.00022,0.00001,3.5,0.00004
2467,1,,,,,0.00022,0.00000,3.3,0.00004,1,,,,,0.00022,0.00001,3.5,0.00004
2468,1,,,,,0.00022,0.00000,3.2,0.00004,1,,,,,0.00022,0.00001,3.5,0.00004
2469,1,,,,,0.00022,0.00000,3.3,0.00004,1,,,,,0.00022,0.00000,3.5,0.00004
2470,1,,,,,0.00022,0.00000,3.3,0.00004,1,,,,,0.00022,0.00000,3.5,0.00005
2471,1,,,,,0.00022,0.00001,3.3,0.00004,1,,,,,0.00022,0.00000,3.6,0.00004
2472,1,,,,,0.00022,0.00001,3.3,0.00004,1,,,,,0.00022,0.00000,3.6,0.00004
2473,1,,,,,0.00022,0.00000,3.3,0.00004,1,,,,,0.00022,0.00000,3.5,0.00004
2474,1,,,,,0.00022,0.00000,3.2,0.00004,1,,,,,0.00022,0.00000,3.5,0.00004
2475,1,,,,,0.00022,0.00001,3.3,0.00004,1,,,,,0.00022,0.00001,3.5,0.00004
2476,1,,,,,0.00022,0.00000,3.2,0.00004,1,,,,,0.00022,0.00001,3.5,0.00004
2477,1,,,,,0.00022,0.00000,3.3,0.00004,1,,,,,0.00022,0.00000,3.5,0.00004
2478,1,,,,,0.00022,0.00000,3.2,0.00003,1,,,,,0.00022,0.00000,3.6,0.00004
2479,1,,,,,0.00022,0.00000,3.2,0.00004,1,,,,,0.00022,0.00000,3.6,0.00004
2480,1,,,,,0.00022,0.00000,3.3,0.00004,1,,,,,0.00022,0.00000,3.6,0.00004
2481,1,,,,,0.00022,0.00000,3.2,0.00004,1,,,,,0.00022,0.00000,3.6,0.00004
2482,1,,,,,0.00022,0.00000,3.2,0.00004,1,,,,,0.00022,0.00000,3.5,0.00004
2483,1,,,,,0.00022,0.00000,3.3,0.00004,1,,,,,0.00022,0.00000,3.5,0.00004
2484,1,,,,,0.00022,0.00000,3.2,0.00004,1,,,,,0.00022,0.00000,3.5,0.00004
2485,1,,,,,0.00022,0.00000,3.2,0.00003,1,,,,,0.00022,0.00000,3.6,0.00004
2486,1,,,,,0.00022,0.00000,3.3,0.00004,1,,,,,0.00022,0.00000,3.6,0.00004
2487,1,,,,,0.00022,0.00000,3.3,0.00004,1,,,,,0.00022,0.00000,3.6,0.00004
2488,1,,,,,0.00022,0.00000,3.3,0.00004,1,,,,,0.00022,0.00000,3.6,0.00004
2489,1,,,,,0.00022,0.00000,3.2,0.00004,1,,,,,0.00022,0.00000,3.6,0.00004
2490,1,,,,,0.00022,0.00000,3.2,0.00004,1,,,,,0.00022,0.00000,3.5,0.00004
2491,1,,,,,0.00022,0.00000,3.2,0.00004,1,,,,,0.00022,0.00000,3.6,0.00004
2492,1,,,,,0.00022,0.00000,3.2,0.00004,1,,,,,0.00022,0.00000,3.6,0.00004
2493,1,,,,,0.00022,0.00000,3.2,0.00004,1,,,,,0.00022,0.00000,3.6,0.00004
2494,1,,,,,0.00022,0.00001,3.3,0.00004,1,,,,,0.00022,0.00000,3.5,0.00004
2495,1,,,,,0.00022,0.00000,3.3,0.00004,1,,,,,0.00022,0.00000,3.5,0.00004
2496,1,,,,,0.00022,0.00000,3.4,0.00004,1,,,,,0.00022,0.00000,3.5,0.00004
2497,1,,,,,0.00022,0.00000,3.5,0.00004,1,,,,,0.00022,0.00000,3.5,0.00004
2498,1,,,,,0.00022,0.00001,3.4,0.00004,1,,,,,0.00022,0.00001,3.6,0.00004
2499,1,,,,,0.00022,0.00000,3.4,0.00004,1,,,,,0.00022,0.00000,3.6,0.00004
2500,1,,,,,0.00022,0.00000,3.5,0.00004,1,,,,,0.00022,0.00000,3.5,0.00004
2501,1,,,,,0.00022,0.00001,3.5,0.00004,1,,,,,0.00022,0.00000,3.6,0.00004
2502,1,,,,,0.00022,0.00001,3.5,0.00004,1,,,,,0.00022,0.00000,3.5,0.00004
2503,1,,,,,0.00022,0.00000,3.4,0.00004,1,,,,,0.00022,0.00000,3.5,0.00004
2504,1,,,,,0.00022,0.00000,3.5,0.00004,1,,,,,0.00022,0.00000,3.6,0.00004
2505,1,,,,,0.00022,0.00000,3.5,0.00004,1,,,,,0.00022,0.00000,3.5,0.00004
2506,1,,,,,0.00022,0.00000,3.5,0.00004,1,,,,,0.00022,0.00000,3.5,0.00004
2507,1,,,,,0.00022,0.00000,3.5,0.00004,1,,,,,0.00022,0.00000,3.6,0.00004
2508,1,,,,,0.00022,0.00000,3.5,0.00004,1,,,,,0.00022,0.00000,3.5,0.00004
2509,1,,,,,0.00022,0.00000,3.6,0.00004,1,,,,,0.00022,0.00001,3.5,0.00004
2510,1,,,,,0.00022,0.00000,3.5,0.00004,1,,,,,0.00022,0.00000,3.6,0.00004
2511,1,,,,,0.00022,0.00001,3.5,0.00004,1,,,,,0.00022,0.00000,3.5,0.00004
2512,1,,,,,0.00022,0.00000,3.6,0.00004,1,,,,,0.00022,0.00000,3.5,0.00004
2513,1,,,,,0.00022,0.00000,3.5,0.00004,1,,,,,0.00022,0.00000,3.5,0.00004
2514,1,,,,,0.00022,0.00000,3.5,0.00004,1,,,,,0.00022,0.00000,3.5,0.00004
2515,1,,,,,0.00022,0.00000,3.5,0.00005,1,,,,,0.00022,0.00001,3.6,0.00004
2516,1,,,,,0.00022,0.00000,3.6,0.00004,1,,,,,0.00022,0.00001,3.6,0.00004
2517,1,,,,,0.00022,0.00000,3.5,0.00004,1,,,,,0.00022,0.00000,3.6,0.00004
2518,1,,,,,0.00022,0.00000,3.5,0.00004,1,,,,,0.00022,0.00000,3.7,0.00004
2519,1,,,,,0.00022,0.00000,3.5,0.00004,1,,,,,0.00022,0.00000,3.6,0.00004
2520,1,,,,,0.00022,0.00001,3.5,0.00004,1,,,,,0.00022,0.00000,3.7,0.00004
2521,1,,,,,0.00022,0.00000,3.6,0.00004,1,,,,,0.00022,0.00000,3.6,0.00004
2522,1,,,,,0.00022,0.00000,3.5,0.00004,1,,,,,0.00022,0.00000,3.7,0.00004
2523,1,,,,,0.00022,0.00001,3.5,0.00004,1,,,,,0.00022,0.00001,3.7,0.00004
2524,1,,,,,0.00022,0.00000,3.5,0.00004,1,,,,,0.00022,0.00000,3.7,0.00004
2525,1,,,,,0.00022,0.00000,3.5,0.00004,1,,,,,0.00022,0.00000,3.5,0.00004
2526,1,,,,,0.00022,0.00000,3.5,0.00004,1,,,,,0.00022,0.00000,3.4,0.00004
2527,1,,,,,0.00022,0.00001,3.5,0.00004,1,,,,,0.00022,0.00001,3.5,0.00004
2528,1,,,,,0.00022,0.00000,3.5,0.00004,1,,,,,0.00022,0.00000,3.5,0.00004
2529,1,,,,,0.00022,0.00000,3.5,0.00004,1,,,,,0.00022,0.00000,3.4,0.00004
2530,1,,,,,0.00022,0.00000,3.6,0.00004,1,,,,,0.00022,0.00000,3.5,0.00004
2531,1,,,,,0.00022,0.00000,3.5,0.00004,1,,,,,0.00022,0.00000,3.5,0.00004
2532,1,,,,,0.00022,0.00001,3.5,0.00004,1,,,,,0.00022,0.00000,3.5,0.00004
2533,1,,,,,0.00022,0.00000,3.5,0.00004,1,,,,,0.00022,0.00000,3.5,0.00004
2534,1,,,,,0.00022,0.00000,3.6,0.00004,1,,,,,0.00022,0.00000,3.5,0.00004
2535,1,,,,,0.00022,0.00000,3.6,0.00004,1,,,,,0.00022,0.00000,3.5,0.00004
2536,1,,,,,0.00022,0.00000,3.6,0.00004,1,,,,,0.00022,0.00000,3.5,0.00004
2537,1,,,,,0.00022,0.00000,3.6,0.00004,1,,,,,0.00022,0.00000,3.5,0.00004
2538,1,,,,,0.00022,0.00000,3.6,0.00004,1,,,,,0.00022,0.00000,3.5,0.00004
2539,1,,,,,0.00022,0.00000,3.5,0.00004,1,,,,,0.00022,0.00000,3.5,0.00004
2540,1,,,,,0.00022,0.00000,3.5,0.00004,1,,,,,0.00022,0.00001,3.5,0.00004
2541,1,,,,,0.00022,0.00001,3.5,0.00004,1,,,,,0.00022,0.00000,3.5,0.00004
2542,1,,,,,0.00022,0.00000,3.6,0.00004,1,,,,,0.00022,0.00001,3.5,0.00004
2543,1,,,,,0.00022,0.00000,3.5,0.00004,1,,,,,0.00022,0.00000,3.5,0.00004
2544,1,,,,,0.00022,0.00000,3.5,0.00004,1,,,,,0.00022,0.00001,3.5,0.00004
2545,1,,,,,0.00022,0.00000,3.5,0.00004,1,,,,,0.00022,0.00000,3.5,0.00004
2546,1,,,,,0.00022,0.00000,3.5,0.00004,1,,,,,0.00022,0.00000,3.5,0.00004
2547,1,,,,,0.00022,0.00000,3.5,0.00004,1,,,,,0.00022,0.00000,3.4,0.00004
2548,1,,,,,0.00022,0.00000,3.5,0.00004,1,,,,,0.00022,0.00000,3.5,0.00004
2549,1,,,,,0.00022,0.00000,3.5,0.00004,1,,,,,0.00022,0.00001,3.5,0.00004
2550,1,,,,,0.00022,0.00000,3.5,0.00004,1,,,,,0.00022,0.00000,3.5,0.00004
2551,1,,,,,0.00022,0.00000,3.6,0.00004,1,,,,,0.00022,0.00000,3.6,0.00004
2552,1,,,,,0.00022,0.00000,3.5,0.00004,1,,,,,0.00022,0.00000,3.5,0.00004
2553,1,,,,,0.00022,0.00000,3.5,0.00004,1,,,,,0.00022,0.00000,3.5,0.00004
2554,1,,,,,0.00022,0.00000,3.5,0.00004,1,,,,,0.00022,0.00000,3.5,0.00004
2555,1,,,,,0.00022,0.00000,3.5,0.00004,1,,,,,0.00022,0.00000,3.5,0.00004
2556,1,,,,,0.00022,0.00001,3.6,0.00004,1,,,,,0.00022,0.00000,3.5,0.00004
2557,1,,,,,0.00022,0.00001,3.5,0.00004,1,,,,,0.00022,0.00000,3.5,0.00004
2558,1,,,,,0.00022,0.00000,3.5,0.00004,1,,,,,0.00022,0.00000,3.5,0.00004
2559,1,,,,,0.00022,0.00000,3.5,0.00004,1,,,,,0.00022,0.00000,3.5,0.00004
2560,1,,,,,0.00022,0.00000,3.5,0.00004,1,,,,,0.00022,0.00000,3.5,0.00004
2561,1,,,,,0.00022,0.00001,3.5,0.00004,1,,,,,0.00022,0.00000,3.5,0.00004
2562,1,,,,,0.00022,0.00001,3.6,0.00004,1,,,,,0.00022,0.00000,3.4,0.00004
2563,1,,,,,0.00022,0.00000,3.6,0.00004,1,,,,,0.00022,0.00001,3.4,0.00004
2564,1,,,,,0.00022,0.00000,3.6,0.00004,1,,,,,0.00022,0.00001,3.5,0.00004
2565,1,,,,,0.00022,0.00000,3.6,0.00005,1,,,,,0.00022,0.00000,3.5,0.00004
2566,1,,,,,0.00022,0.00000,3.5,0.00004,1,,,,,0.00022,0.00001,3.5,0.00004
2567,1,,,,,0.00022,0.00000,3.6,0.00004,1,,,,,0.00022,0.00001,3.5,0.00004
2568,1,,,,,0.00022,0.00001,3.5,0.00004,1,,,,,0.00022,0.00000,3.5,0.00004
2569,1,,,,,0.00022,0.00000,3.5,0.00004,1,,,,,0.00022,0.00000,3.4,0.00004
2570,1,,,,,0.00022,0.00001,3.6,0.00004,1,,,,,0.00022,0.00000,3.5,0.00004
2571,1,,,,,0.00022,0.00000,3.5,0.00004,1,,,,,0.00022,0.00000,3.5,0.00004
2572,1,,,,,0.00022,0.00000,3.5,0.00004,1,,,,,0.00022,0.00000,3.5,0.00004
2573,1,,,,,0.00022,0.00001,3.5,0.00004,1,,,,,0.00022,0.00000,3.5,0.00004
2574,1,,,,,0.00022,0.00000,3.6,0.00004,1,,,,,0.00022,0.00000,3.6,0.00004
2575,1,,,,,0.00022,0.00001,3.5,0.00004,1,,,,,0.00022,0.00000,3.5,0.00004
2576,1,,,,,0.00022,0.00000,3.5,0.00004,1,,,,,0.00022,0.00000,3.5,0.00004
2577,1,,,,,0.00022,0.00000,3.5,0.00004,1,,,,,0.00022,0.00000,3.5,0.00004
2578,1,,,,,0.00022,0.00000,3.5,0.00004,1,,,,,0.00022,0.00000,3.5,0.00004
2579,1,,,,,0.00022,0.00000,3.5,0.00004,1,,,,,0.00022,0.00000,3.5,0.00004
2580,1,,,,,0.00022,0.00000,3.5,0.00004,1,,,,,0.00022,0.00000,3.5,0.00004
2581,1,,,,,0.00022,0.00000,3.6,0.00004,1,,,,,0.00022,0.00000,3.5,0.00004
2582,1,,,,,0.00022,0.00000,3.5,0.00004,1,,,,,0.00022,0.00000,3.5,0.00004
2583,1,,,,,0.00022,0.00000,3.6,0.00004,1,,,,,0.00022,0.00000,3.5,0.00004
2584,1,,,,,0.00022,0.00000,3.5,0.00004,1,,,,,0.00022,0.00000,3.5,0.00004
2585,1,,,,,0.00022,0.00000,3.5,0.00004,1,,,,,0.00022,0.00000,3.5,0.00004
2586,1,,,,,0.00022,0.00000,3.5,0.00004,1,,,,,0.00022,0.00001,3.5,0.00004
2587,1,,,,,0.00022,0.00000,3.6,0.00004,1,,,,,0.00022,0.00001,3.5,0.00004
2588,1,,,,,0.00022,0.00000,3.6,0.00004,1,,,,,0.00022,0.00001,3.5,0.00004
2589,1,,,,,0.00022,0.00000,3.6,0.00004,1,,,,,0.00022,0.00001,3.5,0.00004
2590,1,,,,,0.00022,0.00000,3.6,0.00004,1,,,,,0.00022,0.00001,3.5,0.00004
2591,1,,,,,0.00022,0.00000,3.6,0.00004,1,,,,,0.00022,0.00000,3.5,0.00004
2592,1,,,,,0.00022,0.00000,3.6,0.00004,1,,,,,0.00022,0.00000,3.5,0.00004
2593,1,,,,,0.00022,0.00000,3.7,0.00005,1,,,,,0.00022,0.00000,3.6,0.00004
2594,1,,,,,0.00022,0.00000,3.7,0.00004,1,,,,,0.00022,0.00000,3.5,0.00004
2595,1,,,,,0.00022,0.00000,3.5,0.00004,1,,,,,0.00022,0.00000,3.5,0.00004
2596,1,,,,,0.00022,0.00001,3.4,0.00004,1,,,,,0.00022,0.00000,3.5,0.00004
2597,1,,,,,0.00022,0.00000,3.6,0.00004,1,,,,,0.00022,0.00000,3.5,0.00004
2598,1,,,,,0.00022,0.00000,3.6,0.00004,1,,,,,0.00022,0.00000,3.5,0.00004
2599,1,,,,,0.00022,0.00000,3.6,0.00004,1,,,,,0.00022,0.00000,3.5,0.00004
2600,1,,,,,0.00022,0.00000,3.6,0.00004,1,,,,,0.00022,0.00000,3.5,0.00004
2601,1,,,,,0.00022,0.00000,3.6,0.00004,1,,,,,0.00022,0.00000,3.5,0.00004
2602,1,,,,,0.00022,0.00000,3.7,0.00004,1,,,,,0.00022,0.00000,3.5,0.00004
2603,1,,,,,0.00022,0.00000,3.6,0.00004,1,,,,,0.00022,0.00000,3.5,0.00004
2604,1,,,,,0.00022,0.00001,3.5,0.00004,1,,,,,0.00022,0.00000,3.6,0.00004
2605,1,,,,,0.00022,0.00000,3.5,0.00004,1,,,,,0.00022,0.00000,3.6,0.00004
2606,1,,,,,0.00022,0.00000,3.5,0.00004,1,,,,,0.00022,0.00000,3.6,0.00004
2607,1,,,,,0.00022,0.00000,3.6,0.00004,1,,,,,0.00022,0.00000,3.5,0.00004
2608,1,,,,,0.00022,0.00000,3.6,0.00004,1,,,,,0.00022,0.00001,3.6,0.00004
2609,1,,,,,0.00022,0.00000,3.6,0.00004,1,,,,,0.00022,0.00000,3.6,0.00004
2610,1,,,,,0.00022,0.00000,3.7,0.00004,1,,,,,0.00022,0.00000,3.5,0.00004
2611,1,,,,,0.00022,0.00000,3.5,0.00004,1,,,,,0.00022,0.00000,3.5,0.00004
2612,1,,,,,0.00022,0.00000,3.6,0.00004,1,,,,,0.00022,0.00000,3.5,0.00004
2613,1,,,,,0.00022,0.00000,3.6,0.00004,1,,,,,0.00022,0.00000,3.5,0.00004
2614,1,,,,,0.00022,0.00000,3.6,0.00004,1,,,,,0.00022,0.00000,3.7,0.00004
2615,1,,,,,0.00022,0.00000,3.7,0.00004,1,,,,,0.00022,0.00001,3.5,0.00004
2616,1,,,,,0.00022,0.00000,3.6,0.00004,1,,,,,0.00022,0.00000,3.6,0.00004
2617,1,,,,,0.00054,0.00000,7.4,0.00012,1,,,,,0.00022,0.00000,3.5,0.00004
2618,1,,,,,0.05292,0.00017,419.4,0.00000,1,,,,,0.00022,0.00000,3.5,0.00004
2619,1,,,,,0.06512,0.01911,450.2,0.00000,1,,,,,0.00022,0.00000,3.5,0.00004
2620,1,,,,,0.06731,0.00080,430.6,0.00000,1,,,,,0.00022,0.00000,3.5,0.00004
2621,1,,,,,0.03913,0.00611,365.5,0.00000,1,,,,,0.00022,0.00000,3.5,0.00004
2622,1,,,,,0.00380,0.00032,343.3,0.01148,1,,,,,0.00022,0.00000,3.5,0.00004
2623,1,,,,,0.03898,0.00008,444.5,0.00005,1,,,,,0.00022,0.00000,3.5,0.00004
2624,1,,,,,0.06991,0.01579,593.5,0.00000,1,,,,,0.00022,0.00000,3.5,0.00004
2625,1,,,,,0.06315,0.00939,563.6,0.00000,1,,,,,0.00022,0.00000,3.5,0.00004
2626,1,,,,,0.02575,0.00012,453.7,0.00000,1,,,,,0.00022,0.00000,3.5,0.00004
2627,1,,,,,0.00528,0.00021,151.2,0.00000,1,,,,,0.00022,0.00000,3.7,0.00004
2628,1,,,,,0.00042,0.00001,26.7,0.00094,1,,,,,0.00022,0.00000,3.5,0.00004
2629,1,,,,,0.01039,0.00028,8316.2,0.08538,1,,,,,0.00022,0.00000,3.4,0.00004
2630,1,,,,,0.06964,0.00591,617.5,0.00001,1,,,,,0.00022,0.00000,3.5,0.00004
2631,1,,,,,0.03255,0.00341,279.5,0.00000,1,,,,,0.00022,0.00000,3.5,0.00004
2632,1,,,,,0.02622,0.00002,915.0,0.04824,1,,,,,0.00022,0.00000,3.5,0.00004
2633,1,,,,,0.05656,0.00984,699.0,0.00002,1,,,,,0.00022,0.00000,3.5,0.00004
2634,1,,,,,0.03999,0.00143,236.7,0.00000,1,,,,,0.00022,0.00000,3.5,0.00004
2635,1,,,,,0.02127,0.00062,538.9,0.00476,1,,,,,0.00022,0.00000,3.8,0.00004
2636,1,,,,,0.03001,0.00371,312.2,0.00001,1,,,,,0.00022,0.00000,3.8,0.00004
2637,1,,,,,0.02098,0.00010,780.9,0.01036,1,,,,,0.00022,0.00000,3.7,0.00004
2638,1,,,,,0.02114,0.00318,667.8,0.00912,1,,,,,0.00022,0.00000,3.7,0.00004
2639,1,,,,,0.01960,0.00121,249.6,0.00025,1,,,,,0.00022,0.00000,3.7,0.00004
2640,1,,,,,0.04451,0.00613,331.0,0.00000,1,,,,,0.00022,0.00001,3.8,0.00004
2641,1,,,,,0.01881,0.00181,177.8,0.00000,1,,,,,0.00022,0.00000,3.7,0.00004
2642,1,,,,,0.01333,0.00042,239.3,0.00001,1,,,,,0.00022,0.00000,3.5,0.00004
2643,1,,,,,0.00321,0.00002,4993.7,0.12030,1,,,,,0.00022,0.00000,3.7,0.00004
2644,1,,,,,0.05833,0.00020,431.2,0.00000,1,,,,,0.00022,0.00000,3.8,0.00004
2645,1,,,,,0.00772,0.00699,1026.8,0.00012,1,,,,,0.00022,0.00000,3.7,0.00004
2646,1,,,,,0.02651,0.00002,291.1,0.00000,1,,,,,0.00022,0.00000,3.6,0.00004
2647,1,,,,,0.01218,0.00007,261.3,0.00001,1,,,,,0.00022,0.00000,3.5,0.00004
2648,1,,,,,0.07841,0.00307,520.0,0.00000,1,,,,,0.00022,0.00000,3.5,0.00004
2649,1,,,,,0.08913,0.01204,517.3,0.00000,1,,,,,0.00022,0.00000,3.5,0.00004
2650,1,,,,,0.00889,0.00247,263.8,0.00003,1,,,,,0.00022,0.00000,3.5,0.00004
2651,1,,,,,0.02929,0.00024,371.1,0.00000,1,,,,,0.00022,0.00000,3.7,0.00004
2652,1,,,,,0.02517,0.00137,251.7,0.00000,1,,,,,0.00022,0.00001,3.6,0.00004
2653,1,,,,,0.07408,0.00380,614.7,0.00001,1,,,,,0.00022,0.00000,3.5,0.00004
2654,1,,,,,0.03028,0.00259,385.5,0.00001,1,,,,,0.00022,0.00000,3.5,0.00004
2655,1,,,,,0.01947,0.00002,386.5,0.00005,1,,,,,0.00022,0.00000,3.5,0.00004
2656,1,,,,,0.02790,0.00565,227.8,0.00000,1,,,,,0.00022,0.00000,3.5,0.00004
2657,1,,,,,0.03387,0.00380,259.4,0.00000,1,,,,,0.00022,0.00000,3.5,0.00004
2658,1,,,,,0.04817,0.00163,475.5,0.00000,1,,,,,0.00022,0.00000,3.5,0.00004
2659,1,,,,,0.03832,0.00196,328.5,0.00000,1,,,,,0.00022,0.00000,3.5,0.00004
2660,1,,,,,0.04467,0.00298,374.1,0.00000,1,,,,,0.00022,0.00000,3.5,0.00004
2661,1,,,,,0.04614,0.01112,492.4,0.00000,1,,,,,0.00022,0.00000,3.5,0.00004
2662,1,,,,,0.03670,0.00092,560.2,0.00000,1,,,,,0.00022,0.00000,3.5,0.00004
2663,1,,,,,0.02954,0.00397,242.0,0.00000,1,,,,,0.00022,0.00000,3.5,0.00004
2664,1,,,,,0.03120,0.00698,378.8,0.00000,1,,,,,0.00022,0.00000,3.5,0.00004
2665,1,,,,,0.01062,0.00036,215.8,0.00000,1,,,,,0.00022,0.00000,3.5,0.00004
2666,1,,,,,0.00429,0.00001,4764.1,0.00268,1,,,,,0.00022,0.00000,3.5,0.00004
2667,1,,,,,0.04846,0.00032,377.0,0.00000,1,,,,,0.00022,0.00000,3.5,0.00004
2668,1,,,,,0.04896,0.00249,349.3,0.00000,1,,,,,0.00022,0.00000,3.5,0.00004
2669,1,,,,,0.02544,0.00502,237.2,0.00000,1,,,,,0.00022,0.00001,3.5,0.00004
2670,1,,,,,0.02710,0.00031,265.6,0.00000,1,,,,,0.00022,0.00000,3.5,0.00004
2671,1,,,,,0.02321,0.00086,335.0,0.00001,1,,,,,0.00022,0.00000,3.5,0.00004
2672,1,,,,,0.02041,0.00007,266.6,0.00000,1,,,,,0.00022,0.00000,3.5,0.00004
2673,1,,,,,0.03102,0.00239,375.9,0.00000,1,,,,,0.00022,0.00000,3.6,0.00004
2674,1,,,,,0.00282,0.00218,81.3,0.00007,1,,,,,0.00022,0.00000,3.5,0.00004
2675,1,,,,,0.03760,0.00001,414.8,0.00001,1,,,,,0.00022,0.00000,3.5,0.00004
2676,1,,,,,0.02694,0.00312,225.4,0.00001,1,,,,,0.00022,0.00000,3.5,0.00004
2677,1,,,,,0.04833,0.00471,485.3,0.00000,1,,,,,0.00022,0.00000,3.5,0.00004
2678,1,,,,,0.02779,0.00020,410.1,0.00000,1,,,,,0.00022,0.00000,3.5,0.00004
2679,1,,,,,0.02951,0.00093,355.0,0.00000,1,,,,,0.00022,0.00000,3.5,0.00004
2680,1,,,,,0.06264,0.00198,466.6,0.00000,1,,,,,0.00022,0.00000,3.5,0.00004
2681,1,,,,,0.05780,0.01673,452.3,0.00000,1,,,,,0.00022,0.00000,3.4,0.00004
2682,1,,,,,0.04855,0.00166,660.6,0.00000,1,,,,,0.00022,0.00000,3.5,0.00004
2683,1,,,,,0.03127,0.00906,447.5,0.00000,1,,,,,0.00022,0.00000,3.5,0.00004
2684,1,,,,,0.00872,0.00053,5005.2,0.04280,1,,,,,0.00022,0.00000,3.5,0.00004
2685,1,,,,,0.01986,0.00114,393.0,0.00000,1,,,,,0.00022,0.00000,3.5,0.00004
2686,1,,,,,0.02083,0.00002,304.9,0.00000,1,,,,,0.00022,0.00001,3.5,0.00004
2687,1,,,,,0.04742,0.00300,508.2,0.00000,1,,,,,0.00022,0.00000,3.5,0.00004
2688,1,,,,,0.02593,0.00075,572.3,0.00000,1,,,,,0.00022,0.00000,3.5,0.00004
2689,1,,,,,0.00077,0.00008,352.1,0.00282,1,,,,,0.00022,0.00000,3.5,0.00004
2690,1,,,,,0.00026,0.00168,6.0,0.00013,1,,,,,0.00022,0.00000,3.5,0.00004
2691,1,,,,,0.00081,0.00000,62.0,0.00014,1,,,,,0.00022,0.00000,3.5,0.00004
2692,1,,,,,0.04174,0.00039,398.0,0.00001,1,,,,,0.00022,0.00000,3.7,0.00004
2693,1,,,,,0.01520,0.00122,283.5,0.00155,1,,,,,0.00022,0.00001,3.8,0.00005
2694,1,,,,,0.06165,0.01365,486.0,0.00001,1,,,,,0.00022,0.00001,3.7,0.00004
2695,1,,,,,0.01024,0.00251,163.3,0.00000,1,,,,,0.00022,0.00001,3.7,0.00004
2696,1,,,,,0.02237,0.00001,2390.5,0.09106,1,,,,,0.00022,0.00000,3.7,0.00004
2697,1,,,,,0.09976,0.00611,736.9,0.00001,1,,,,,0.00022,0.00000,3.7,0.00004
2698,1,,,,,0.05729,0.00538,570.6,0.00001,1,,,,,0.00022,0.00000,3.8,0.00004
2699,1,,,,,0.00038,0.00000,2054.0,0.06797,1,,,,,0.00022,0.00001,3.7,0.00004
2700,1,,,,,0.04520,0.00002,422.4,0.00000,1,,,,,0.00022,0.00000,3.8,0.00005
2701,1,,,,,0.03653,0.00175,402.3,0.00000,1,,,,,0.00022,0.00001,3.8,0.00004
2702,1,,,,,0.06398,0.00000,433.5,0.00000,1,,,,,0.00022,0.00001,3.8,0.00004
2703,1,,,,,0.08655,0.00902,497.7,0.00000,1,,,,,0.00022,0.00000,3.7,0.00004
2704,1,,,,,0.02295,0.00033,397.8,0.00253,1,,,,,0.00022,0.00000,3.8,0.00005
2705,1,,,,,0.07448,0.00993,451.7,0.00004,1,,,,,0.00022,0.00000,3.7,0.00004
2706,1,,,,,0.04029,0.00125,393.0,0.00001,1,,,,,0.00022,0.00001,3.8,0.00004
2707,1,,,,,0.03661,0.00301,254.0,0.00000,1,,,,,0.00022,0.00000,3.7,0.00004
2708,1,,,,,0.03880,0.00135,399.0,0.00000,1,,,,,0.00022,0.00000,3.7,0.00004
2709,1,,,,,0.03977,0.00922,333.7,0.00000,1,,,,,0.00022,0.00000,3.7,0.00004
2710,1,,,,,0.06128,0.01663,588.7,0.00000,1,,,,,0.00022,0.00000,3.8,0.00005
2711,1,,,,,0.04637,0.02316,546.6,0.00000,1,,,,,0.00022,0.00000,3.7,0.00004
2712,1,,,,,0.03082,0.00082,280.6,0.00000,1,,,,,0.00022,0.00000,3.8,0.00004
2713,1,,,,,0.05316,0.00234,487.8,0.00000,1,,,,,0.00022,0.00000,3.7,0.00004
2714,1,,,,,0.06714,0.00783,525.8,0.00000,1,,,,,0.00022,0.00000,3.7,0.00004
2715,1,,,,,0.03471,0.00663,378.9,0.00000,1,,,,,0.00022,0.00001,3.7,0.00004
2716,1,,,,,0.01200,0.00130,182.2,0.00000,1,,,,,0.00022,0.00000,3.8,0.00004
2717,1,,,,,0.00364,0.00052,148.4,0.00001,1,,,,,0.00022,0.00000,3.8,0.00004
2718,1,,,,,0.05662,0.00000,453.4,0.00000,1,,,,,0.00022,0.00000,3.7,0.00004
2719,1,,,,,0.07337,0.01053,343.3,0.00000,1,,,,,0.00022,0.00000,3.7,0.00004
2720,1,,,,,0.03297,0.00292,262.1,0.00000,1,,,,,0.00022,0.00000,3.6,0.00004
2721,1,,,,,0.05619,0.00008,430.0,0.00000,1,,,,,0.00022,0.00000,3.5,0.00004
2722,1,,,,,0.04729,0.00518,295.8,0.00000,1,,,,,0.00022,0.00000,3.5,0.00004
2723,1,,,,,0.06444,0.00385,510.0,0.00001,1,,,,,0.00022,0.00001,3.5,0.00004
2724,1,,,,,0.03029,0.00450,677.7,0.00846,1,,,,,0.00022,0.00000,3.5,0.00004
2725,1,,,,,0.03680,0.00042,523.5,0.00100,1,,,,,0.00022,0.00000,3.5,0.00004
2726,1,,,,,0.03383,0.00463,391.6,0.00002,1,,,,,0.00022,0.00000,3.5,0.00004
2727,1,,,,,0.04253,0.00007,433.8,0.00003,1,,,,,0.00022,0.00000,3.5,0.00004
2728,1,,,,,0.03445,0.00058,243.3,0.00002,1,,,,,0.00022,0.00000,3.5,0.00004
2729,1,,,,,0.05729,0.00178,571.1,0.00000,1,,,,,0.00022,0.00000,3.5,0.00004
2730,1,,,,,0.02032,0.00164,320.7,0.00000,1,,,,,0.00022,0.00000,3.4,0.00004
2731,1,,,,,0.02052,0.00001,399.2,0.00000,1,,,,,0.00022,0.00000,3.4,0.00004
2732,1,,,,,0.04020,0.00325,469.2,0.00000,1,,,,,0.00022,0.00000,3.4,0.00004
2733,1,,,,,0.01641,0.00231,344.3,0.00000,1,,,,,0.00022,0.00001,3.5,0.00004
2734,1,,,,,0.00021,0.00001,4.0,0.00009,1,,,,,0.00022,0.00000,3.5,0.00004
2735,1,,,,,0.00022,0.00001,3.2,0.00004,1,,,,,0.00022,0.00000,3.5,0.00004
2736,1,,,,,0.00022,0.00000,3.1,0.00004,1,,,,,0.00022,0.00000,3.5,0.00004
2737,1,,,,,0.00022,0.00000,3.1,0.00004,1,,,,,0.00022,0.00001,3.5,0.00004
2738,1,,,,,0.00022,0.00000,3.1,0.00004,1,,,,,0.00022,0.00000,3.5,0.00004
2739,1,,,,,0.00022,0.00000,3.2,0.00004,1,,,,,0.00022,0.00000,3.5,0.00004
2740,1,,,,,0.00022,0.00000,3.1,0.00004,1,,,,,0.00022,0.00000,3.5,0.00004
2741,1,,,,,0.00022,0.00000,3.2,0.00004,1,,,,,0.00022,0.00000,3.5,0.00004
2742,1,,,,,0.00022,0.00000,3.1,0.00004,1,,,,,0.00022,0.00000,3.5,0.00004
2743,1,,,,,0.00022,0.00000,3.1,0.00004,1,,,,,0.00022,0.00000,3.5,0.00004
2744,1,,,,,0.00022,0.00000,3.1,0.00004,1,,,,,0.00022,0.00000,3.5,0.00004
2745,1,,,,,0.00022,0.00000,3.1,0.00004,1,,,,,0.00022,0.00000,3.4,0.00004
2746,1,,,,,0.00022,0.00000,3.1,0.00004,1,,,,,0.00022,0.00001,3.5,0.00004
2747,1,,,,,0.00022,0.00000,3.1,0.00004,1,,,,,0.00022,0.00000,3.5,0.00004
2748,1,,,,,0.00022,0.00000,3.1,0.00004,1,,,,,0.00022,0.00000,3.5,0.00004
2749,1,,,,,0.00022,0.00000,3.1,0.00004,1,,,,,0.00022,0.00000,3.6,0.00005
2750,1,,,,,0.00022,0.00000,3.1,0.00004,1,,,,,0.00022,0.00000,3.5,0.00004
2751,1,,,,,0.00022,0.00000,3.1,0.00004,1,,,,,0.00022,0.00000,3.5,0.00004
2752,1,,,,,0.00022,0.00000,3.1,0.00004,1,,,,,0.00022,0.00000,3.5,0.00004
2753,1,,,,,0.00022,0.00000,3.1,0.00004,1,,,,,0.00022,0.00000,3.5,0.00004
2754,1,,,,,0.00022,0.00000,3.1,0.00004,1,,,,,0.00022,0.00000,3.5,0.00004
2755,1,,,,,0.00022,0.00000,3.1,0.00004,1,,,,,0.00022,0.00000,3.5,0.00004
2756,1,,,,,0.00022,0.00000,3.1,0.00004,1,,,,,0.00022,0.00000,3.5,0.00004
2757,1,,,,,0.00022,0.00000,3.1,0.00004,1,,,,,0.00022,0.00000,3.5,0.00004
2758,1,,,,,0.00022,0.00000,3.2,0.00004,1,,,,,0.00022,0.00000,3.4,0.00004
2759,1,,,,,0.00022,0.00000,3.1,0.00004,1,,,,,0.00022,0.00000,3.4,0.00004
2760,1,,,,,0.00022,0.00000,3.1,0.00004,1,,,,,0.00022,0.00000,3.4,0.00004
2761,1,,,,,0.00022,0.00000,3.1,0.00004,1,,,,,0.00022,0.00000,3.4,0.00004
2762,1,,,,,0.00022,0.00000,3.2,0.00004,1,,,,,0.00022,0.00001,3.4,0.00004
2763,1,,,,,0.00022,0.00000,3.1,0.00004,1,,,,,0.00022,0.00000,3.4,0.00004
2764,1,,,,,0.00022,0.00000,3.1,0.00004,1,,,,,0.00022,0.00000,3.5,0.00004
2765,1,,,,,0.00022,0.00000,3.0,0.00003,1,,,,,0.00022,0.00000,3.5,0.00004
2766,1,,,,,0.00022,0.00000,3.1,0.00004,1,,,,,0.00022,0.00000,3.5,0.00004
2767,1,,,,,0.00022,0.00001,3.1,0.00004,1,,,,,0.00022,0.00000,3.5,0.00004
2768,1,,,,,0.00022,0.00000,3.0,0.00003,1,,,,,0.00022,0.00001,3.5,0.00004
2769,1,,,,,0.00022,0.00000,3.1,0.00004,1,,,,,0.00022,0.00000,3.4,0.00004
2770,1,,,,,0.00022,0.00000,3.1,0.00004,1,,,,,0.00022,0.00000,3.5,0.00004
2771,1,,,,,0.00022,0.00000,3.1,0.00004,1,,,,,0.00022,0.00000,3.4,0.00004
2772,1,,,,,0.00022,0.00001,3.0,0.00004,1,,,,,0.00022,0.00000,3.5,0.00004
2773,1,,,,,0.00022,0.00000,3.1,0.00004,1,,,,,0.00022,0.00000,3.5,0.00004
2774,1,,,,,0.00022,0.00000,3.0,0.00004,1,,,,,0.00022,0.00000,3.4,0.00004
2775,1,,,,,0.00022,0.00000,3.1,0.00004,1,,,,,0.00022,0.00000,3.5,0.00004
2776,1,,,,,0.00022,0.00000,3.0,0.00004,1,,,,,0.00022,0.00000,3.5,0.00004
2777,1,,,,,0.00022,0.00000,3.1,0.00004,1,,,,,0.00022,0.00000,3.7,0.00004
2778,1,,,,,0.00022,0.00000,3.1,0.00004,1,,,,,0.00022,0.00000,3.5,0.00004
2779,1,,,,,0.00022,0.00000,3.1,0.00004,1,,,,,0.00022,0.00000,3.5,0.00004
2780,1,,,,,0.00022,0.00001,3.1,0.00004,1,,,,,0.00022,0.00000,3.5,0.00004
2781,1,,,,,0.00022,0.00000,3.1,0.00004,1,,,,,0.00022,0.00000,3.4,0.00005
2782,1,,,,,0.00022,0.00000,3.1,0.00004,1,,,,,0.00022,0.00000,3.5,0.00004
2783,1,,,,,0.00022,0.00000,3.1,0.00004,1,,,,,0.00022,0.00000,3.5,0.00004
2784,1,,,,,0.00022,0.00000,3.0,0.00004,1,,,,,0.00022,0.00000,3.5,0.00004
2785,1,,,,,0.00022,0.00000,3.1,0.00004,1,,,,,0.00022,0.00000,3.5,0.00004
2786,1,,,,,0.00022,0.00000,3.1,0.00004,1,,,,,0.00022,0.00000,3.5,0.00004
2787,1,,,,,0.00022,0.00000,3.1,0.00004,1,,,,,0.00022,0.00000,3.4,0.00004
2788,1,,,,,0.00022,0.00000,3.1,0.00003,1,,,,,0.00022,0.00000,3.5,0.00004
2789,1,,,,,0.00022,0.00001,3.1,0.00004,1,,,,,0.00022,0.00000,3.5,0.00004
2790,1,,,,,0.00022,0.00000,3.1,0.00004,1,,,,,0.00022,0.00000,3.5,0.00004
2791,1,,,,,0.00022,0.00000,3.2,0.00004,1,,,,,0.00022,0.00000,3.4,0.00004
2792,1,,,,,0.00022,0.00000,3.1,0.00003,1,,,,,0.00022,0.00000,3.4,0.00004
2793,1,,,,,0.00022,0.00001,3.2,0.00004,1,,,,,0.00022,0.00000,3.5,0.00004
2794,1,,,,,0.00022,0.00000,3.2,0.00004,1,,,,,0.00022,0.00001,3.4,0.00004
2795,1,,,,,0.00022,0.00000,3.2,0.00003,1,,,,,0.00022,0.00000,3.5,0.00004
2796,1,,,,,0.00022,0.00000,3.2,0.00004,1,,,,,0.00022,0.00000,3.4,0.00004
2797,1,,,,,0.00022,0.00000,3.2,0.00004,1,,,,,0.00022,0.00000,3.5,0.00004
2798,1,,,,,0.00022,0.00000,3.2,0.00004,1,,,,,0.00022,0.00000,3.5,0.00004
2799,1,,,,,0.00022,0.00000,3.2,0.00004,1,,,,,0.00022,0.00000,3.5,0.00004
2800,1,,,,,0.00022,0.00000,3.2,0.00004,1,,,,,0.00022,0.00000,3.5,0.00004
2801,1,,,,,0.00022,0.00000,3.2,0.00004,1,,,,,0.00022,0.00001,3.6,0.00004
2802,1,,,,,0.00022,0.00000,3.2,0.00004,1,,,,,0.00022,0.00000,3.5,0.00004
2803,1,,,,,0.00022,0.00000,3.1,0.00004,1,,,,,0.00022,0.00000,3.5,0.00003
2804,1,,,,,0.00022,0.00000,3.1,0.00004,1,,,,,0.00022,0.00000,3.5,0.00004
2805,1,,,,,0.00022,0.00000,3.1,0.00004,1,,,,,0.00022,0.00001,3.4,0.00004
2806,1,,,,,0.00022,0.00000,3.2,0.00004,1,,,,,0.00022,0.00000,3.5,0.00004
2807,1,,,,,0.00022,0.00000,3.1,0.00004,1,,,,,0.00022,0.00000,3.5,0.00004
2808,1,,,,,0.00022,0.00000,3.1,0.00003,1,,,,,0.00022,0.00000,3.5,0.00004
2809,1,,,,,0.00022,0.00000,3.2,0.00004,1,,,,,0.00022,0.00000,3.5,0.00004
2810,1,,,,,0.00022,0.00000,3.1,0.00004,1,,,,,0.00022,0.00000,3.5,0.00004
2811,1,,,,,0.00022,0.00000,3.2,0.00004,1,,,,,0.00022,0.00001,3.5,0.00004
2812,1,,,,,0.00022,0.00000,3.1,0.00004,1,,,,,0.00022,0.00000,3.5,0.00004
2813,1,,,,,0.00022,0.00000,3.1,0.00003,1,,,,,0.00022,0.00000,3.5,0.00004
2814,1,,,,,0.00022,0.00000,3.2,0.00004,1,,,,,0.00022,0.00000,3.5,0.00005
2815,1,,,,,0.00022,0.00000,3.2,0.00004,1,,,,,0.00022,0.00000,3.4,0.00004
2816,1,,,,,0.00022,0.00000,3.2,0.00004,1,,,,,0.00022,0.00000,3.4,0.00004
2817,1,,,,,0.00022,0.00000,3.2,0.00004,1,,,,,0.00022,0.00000,3.4,0.00004
2818,1,,,,,0.00022,0.00000,3.2,0.00004,1,,,,,0.00022,0.00000,3.6,0.00004
2819,1,,,,,0.00022,0.00000,3.2,0.00004,1,,,,,0.00022,0.00000,3.5,0.00004
2820,1,,,,,0.00022,0.00000,3.2,0.00004,1,,,,,0.00022,0.00000,3.4,0.00004
2821,1,,,,,0.00022,0.00000,3.1,0.00004,1,,,,,0.00022,0.00000,3.4,0.00004
2822,1,,,,,0.00022,0.00000,3.1,0.00003,1,,,,,0.00022,0.00000,3.6,0.00004
2823,1,,,,,0.00022,0.00000,3.2,0.00004,1,,,,,0.00022,0.00000,3.5,0.00004
2824,1,,,,,0.00022,0.00000,3.1,0.00004,1,,,,,0.00022,0.00000,3.4,0.00004
2825,1,,,,,0.00022,0.00000,3.1,0.00004,1,,,,,0.00022,0.00000,3.5,0.00004
2826,1,,,,,0.00022,0.00000,3.2,0.00004,1,,,,,0.00022,0.00000,3.4,0.00004
2827,1,,,,,0.00022,0.00000,3.2,0.00004,1,,,,,0.00022,0.00000,3.5,0.00004
2828,1,,,,,0.00022,0.00000,3.2,0.00003,1,,,,,0.00022,0.00000,3.5,0.00004
2829,1,,,,,0.00022,0.00000,3.2,0.00004,1,,,,,0.00022,0.00000,3.5,0.00004
2830,1,,,,,0.00022,0.00000,3.2,0.00004,1,,,,,0.00022,0.00000,3.4,0.00004
2831,1,,,,,0.00022,0.00000,3.2,0.00004,1,,,,,0.00022,0.00001,3.5,0.00003
2832,1,,,,,0.00022,0.00000,3.2,0.00004,1,,,,,0.00022,0.00000,3.5,0.00004
2833,1,,,,,0.00022,0.00000,3.1,0.00004,1,,,,,0.00022,0.00000,3.5,0.00004
2834,1,,,,,0.00022,0.00000,3.2,0.00004,1,,,,,0.00022,0.00000,3.5,0.00004
2835,1,,,,,0.00022,0.00000,3.2,0.00004,1,,,,,0.00022,0.00001,3.5,0.00004
2836,1,,,,,0.00022,0.00000,3.1,0.00004,1,,,,,0.00022,0.00000,3.5,0.00004
2837,1,,,,,0.00022,0.00000,3.1,0.00004,1,,,,,0.00022,0.00000,3.5,0.00004
2838,1,,,,,0.00022,0.00000,3.2,0.00004,1,,,,,0.00022,0.00000,3.5,0.00004
2839,1,,,,,0.00022,0.00000,3.2,0.00004,1,,,,,0.00022,0.00000,3.5,0.00004
2840,1,,,,,0.00022,0.00000,3.2,0.00004,1,,,,,0.00022,0.00000,3.5,0.00004
2841,1,,,,,0.00022,0.00000,3.2,0.00004,1,,,,,0.00022,0.00000,3.5,0.00004
2842,1,,,,,0.00022,0.00000,3.2,0.00004,1,,,,,0.00022,0.00000,3.5,0.00004
2843,1,,,,,0.00022,0.00001,3.2,0.00004,1,,,,,0.00022,0.00000,3.5,0.00004
2844,1,,,,,0.00022,0.00000,3.2,0.00004,1,,,,,0.00022,0.00000,3.5,0.00004
2845,1,,,,,0.00022,0.00000,3.2,0.00004,1,,,,,0.00022,0.00000,3.6,0.00004
2846,1,,,,,0.00022,0.00000,3.2,0.00004,1,,,,,0.00022,0.00000,3.5,0.00004
2847,1,,,,,0.00022,0.00000,3.2,0.00004,1,,,,,0.00022,0.00000,3.5,0.00004
2848,1,,,,,0.00022,0.00000,3.2,0.00004,1,,,,,0.00022,0.00000,3.5,0.00004
2849,1,,,,,0.00022,0.00000,3.2,0.00004,1,,,,,0.00022,0.00001,3.5,0.00004
2850,1,,,,,0.00022,0.00000,3.2,0.00004,1,,,,,0.00022,0.00000,3.5,0.00004
2851,1,,,,,0.00022,0.00000,3.2,0.00003,1,,,,,0.00022,0.00000,3.5,0.00004
2852,1,,,,,0.00022,0.00000,3.2,0.00004,1,,,,,0.00022,0.00000,3.7,0.00004
2853,1,,,,,0.00022,0.00000,3.3,0.00004,1,,,,,0.00022,0.00000,3.8,0.00004
2854,1,,,,,0.00022,0.00000,3.3,0.00004,1,,,,,0.00022,0.00000,3.9,0.00004
2855,1,,,,,0.00022,0.00000,3.3,0.00004,1,,,,,0.00022,0.00000,3.8,0.00004
2856,1,,,,,0.00022,0.00000,3.3,0.00004,1,,,,,0.00022,0.00000,3.8,0.00004
2857,1,,,,,0.00022,0.00000,3.5,0.00004,1,,,,,0.00022,0.00001,3.8,0.00004
2858,1,,,,,0.00022,0.00000,3.5,0.00004,1,,,,,0.00022,0.00000,3.8,0.00004
2859,1,,,,,0.00022,0.00000,3.5,0.00004,1,,,,,0.00022,0.00000,3.8,0.00004
2860,1,,,,,0.00022,0.00000,3.4,0.00004,1,,,,,0.00022,0.00001,3.8,0.00004
2861,1,,,,,0.00022,0.00000,3.5,0.00004,1,,,,,0.00022,0.00001,3.8,0.00004
2862,1,,,,,0.00022,0.00000,3.4,0.00004,1,,,,,0.00022,0.00000,3.9,0.00004
2863,1,,,,,0.00022,0.00000,3.5,0.00004,1,,,,,0.00022,0.00000,3.8,0.00004
2864,1,,,,,0.00022,0.00000,3.5,0.00004,1,,,,,0.00022,0.00000,3.6,0.00004
2865,1,,,,,0.00022,0.00000,3.5,0.00004,1,,,,,0.00022,0.00000,3.5,0.00004
2866,1,,,,,0.00022,0.00001,3.4,0.00004,1,,,,,0.00022,0.00000,3.5,0.00004
2867,1,,,,,0.00022,0.00000,3.5,0.00004,1,,,,,0.00022,0.00000,3.5,0.00004
2868,1,,,,,0.00022,0.00000,3.5,0.00004,1,,,,,0.00022,0.00000,3.5,0.00004
2869,1,,,,,0.00022,0.00000,3.5,0.00004,1,,,,,0.00022,0.00000,3.5,0.00004
2870,1,,,,,0.00022,0.00000,3.5,0.00004,1,,,,,0.00022,0.00000,3.5,0.00004
2871,1,,,,,0.00022,0.00000,3.5,0.00004,1,,,,,0.00022,0.00000,3.5,0.00004
2872,1,,,,,0.00022,0.00000,3.5,0.00004,1,,,,,0.00022,0.00000,3.5,0.00004
2873,1,,,,,0.00022,0.00000,3.5,0.00004,1,,,,,0.00022,0.00000,3.6,0.00004
2874,1,,,,,0.00022,0.00000,3.5,0.00004,1,,,,,0.00022,0.00000,3.5,0.00004
2875,1,,,,,0.00022,0.00000,3.5,0.00004,1,,,,,0.00022,0.00000,3.5,0.00004
2876,1,,,,,0.00022,0.00000,3.5,0.00004,1,,,,,0.00022,0.00000,3.6,0.00005
2877,1,,,,,0.00022,0.00000,3.5,0.00004,1,,,,,0.00022,0.00000,3.6,0.00004
2878,1,,,,,0.00022,0.00000,3.5,0.00004,1,,,,,0.00022,0.00000,3.6,0.00004
2879,1,,,,,0.00022,0.00000,3.5,0.00004,1,,,,,0.00022,0.00000,3.5,0.00004
2880,1,,,,,0.00022,0.00000,3.6,0.00004,1,,,,,0.00022,0.00000,3.5,0.00004
2881,1,,,,,0.00022,0.00000,3.5,0.00004,1,,,,,0.00022,0.00000,3.5,0.00004
2882,1,,,,,0.00022,0.00000,3.5,0.00004,1,,,,,0.00022,0.00000,3.5,0.00004
2883,1,,,,,0.00022,0.00000,3.5,0.00004,1,,,,,0.00022,0.00000,3.5,0.00004
2884,1,,,,,0.00022,0.00001,3.5,0.00004,1,,,,,0.00022,0.00000,3.5,0.00004
2885,1,,,,,0.00022,0.00001,3.5,0.00004,1,,,,,0.00022,0.00000,3.5,0.00004
2886,1,,,,,0.00022,0.00000,3.6,0.00004,1,,,,,0.00022,0.00000,3.5,0.00004
2887,1,,,,,0.00022,0.00000,3.5,0.00004,1,,,,,0.00022,0.00000,3.5,0.00004
2888,1,,,,,0.00022,0.00001,3.6,0.00004,1,,,,,0.00022,0.00001,3.5,0.00004
2889,1,,,,,0.00022,0.00000,3.5,0.00004,1,,,,,0.00022,0.00000,3.5,0.00004
2890,1,,,,,0.00022,0.00000,3.5,0.00004,1,,,,,0.00022,0.00000,3.5,0.00004
2891,1,,,,,0.00022,0.00001,3.5,0.00004,1,,,,,0.00022,0.00000,3.5,0.00004
2892,1,,,,,0.00022,0.00000,3.4,0.00004,1,,,,,0.00022,0.00001,3.5,0.00004
2893,1,,,,,0.00022,0.00000,3.5,0.00004,1,,,,,0.00022,0.00000,3.4,0.00004
2894,1,,,,,0.00022,0.00000,3.5,0.00004,1,,,,,0.00022,0.00000,3.5,0.00004
2895,1,,,,,0.00022,0.00000,3.5,0.00004,1,,,,,0.00022,0.00000,3.4,0.00004
2896,1,,,,,0.00022,0.00000,3.5,0.00004,1,,,,,0.00022,0.00000,3.5,0.00004
2897,1,,,,,0.00022,0.00000,3.5,0.00004,1,,,,,0.00022,0.00000,3.5,0.00004
2898,1,,,,,0.00022,0.00000,3.6,0.00005,1,,,,,0.00022,0.00000,3.5,0.00004
2899,1,,,,,0.00022,0.00000,3.6,0.00004,1,,,,,0.00022,0.00000,3.5,0.00004
2900,1,,,,,0.00022,0.00000,3.6,0.00004,1,,,,,0.00022,0.00000,3.5,0.00004
2901,1,,,,,0.00022,0.00000,3.6,0.00005,1,,,,,0.00022,0.00000,3.4,0.00004
2902,1,,,,,0.00022,0.00000,3.5,0.00005,1,,,,,0.00022,0.00000,3.6,0.00004
2903,1,,,,,0.00022,0.00000,3.6,0.00004,1,,,,,0.00022,0.00000,3.5,0.00004
2904,1,,,,,0.00022,0.00001,3.6,0.00004,1,,,,,0.00022,0.00001,3.5,0.00004
2905,1,,,,,0.00022,0.00000,3.5,0.00004,1,,,,,0.00022,0.00000,3.5,0.00004
2906,1,,,,,0.00022,0.00000,3.6,0.00004,1,,,,,0.00022,0.00001,3.5,0.00004
2907,1,,,,,0.00022,0.00001,3.5,0.00004,1,,,,,0.00022,0.00000,3.5,0.00004
2908,1,,,,,0.00022,0.00000,3.5,0.00004,1,,,,,0.00022,0.00000,3.7,0.00003
2909,1,,,,,0.00022,0.00000,3.6,0.00004,1,,,,,0.00022,0.00001,3.6,0.00004
2910,1,,,,,0.00022,0.00000,3.5,0.00004,1,,,,,0.00022,0.00000,3.6,0.00004
2911,1,,,,,0.00022,0.00000,3.5,0.00004,1,,,,,0.00022,0.00000,3.6,0.00004
2912,1,,,,,0.00022,0.00001,3.6,0.00004,1,,,,,0.00022,0.00000,3.6,0.00004
2913,1,,,,,0.00022,0.00000,3.6,0.00004,1,,,,,0.00022,0.00000,3.7,0.00004
2914,1,,,,,0.00022,0.00000,3.6,0.00004,1,,,,,0.00022,0.00000,3.8,0.00004
2915,1,,,,,0.00022,0.00000,3.6,0.00004,1,,,,,0.00022,0.00000,3.6,0.00004
2916,1,,,,,0.00022,0.00000,3.6,0.00004,1,,,,,0.00022,0.00000,3.5,0.00004
2917,1,,,,,0.00022,0.00000,3.7,0.00004,1,,,,,0.00022,0.00001,3.6,0.00004
2918,1,,,,,0.00022,0.00000,3.6,0.00004,1,,,,,0.00022,0.00000,3.7,0.00004
2919,1,,,,,0.00022,0.00001,3.7,0.00004,1,,,,,0.00022,0.00000,3.7,0.00004
2920,1,,,,,0.00022,0.00000,3.6,0.00004,1,,,,,0.00022,0.00000,3.6,0.00004
2921,1,,,,,0.00022,0.00000,3.6,0.00004,1,,,,,0.00022,0.00001,3.7,0.00004
2922,1,,,,,0.00022,0.00000,3.6,0.00004,1,,,,,0.00022,0.00000,3.7,0.00004
2923,1,,,,,0.00022,0.00000,3.6,0.00004,1,,,,,0.00022,0.00000,3.6,0.00004
2924,1,,,,,0.00022,0.00000,3.6,0.00004,1,,,,,0.00022,0.00000,3.7,0.00004
2925,1,,,,,0.00022,0.00000,3.6,0.00004,1,,,,,0.00022,0.00000,3.6,0.00004
2926,1,,,,,0.00022,0.00000,3.6,0.00004,1,,,,,0.00022,0.00001,3.6,0.00004
2927,1,,,,,0.00022,0.00000,3.5,0.00004,1,,,,,0.00022,0.00001,3.7,0.00004
2928,1,,,,,0.00022,0.00000,3.6,0.00004,1,,,,,0.00022,0.00000,3.7,0.00004
2929,1,,,,,0.00022,0.00001,3.6,0.00004,1,,,,,0.00022,0.00001,3.7,0.00004
2930,1,,,,,0.00022,0.00000,3.5,0.00004,1,,,,,0.00022,0.00000,3.7,0.00004
2931,1,,,,,0.00022,0.00000,3.6,0.00004,1,,,,,0.00022,0.00000,3.7,0.00004
2932,1,,,,,0.00022,0.00000,3.6,0.00004,1,,,,,0.00022,0.00000,3.6,0.00004
2933,1,,,,,0.00022,0.00000,3.6,0.00004,1,,,,,0.00022,0.00001,3.7,0.00004
2934,1,,,,,0.00022,0.00000,3.6,0.00004,1,,,,,0.00022,0.00001,3.7,0.00004
2935,1,,,,,0.00022,0.00000,3.6,0.00005,1,,,,,0.00022,0.00001,3.7,0.00004
2936,1,,,,,0.00022,0.00001,3.6,0.00004,1,,,,,0.00022,0.00000,3.8,0.00004
2937,1,,,,,0.00022,0.00000,3.5,0.00004,1,,,,,0.00022,0.00000,3.8,0.00004
2938,1,,,,,0.00022,0.00000,3.5,0.00004,1,,,,,0.00022,0.00001,3.7,0.00004
2939,1,,,,,0.00022,0.00000,3.6,0.00004,1,,,,,0.00022,0.00001,3.7,0.00004
2940,1,,,,,0.00022,0.00000,3.6,0.00004,1,,,,,0.00022,0.00000,3.7,0.00005
2941,1,,,,,0.00022,0.00000,3.6,0.00004,1,,,,,0.00022,0.00000,3.6,0.00004
2942,1,,,,,0.00022,0.00000,3.6,0.00004,1,,,,,0.00022,0.00000,3.5,0.00004
2943,1,,,,,0.00022,0.00000,3.6,0.00004,1,,,,,0.00022,0.00000,3.5,0.00004
2944,1,,,,,0.00022,0.00000,3.6,0.00004,1,,,,,0.00022,0.00000,3.4,0.00004
2945,1,,,,,0.00022,0.00001,3.6,0.00004,1,,,,,0.00022,0.00000,3.7,0.00004
2946,1,,,,,0.00022,0.00001,3.6,0.00004,1,,,,,0.00022,0.00000,3.6,0.00004
2947,1,,,,,0.00022,0.00000,3.5,0.00004,1,,,,,0.00022,0.00000,3.5,0.00004
2948,1,,,,,0.00022,0.00000,3.6,0.00004,1,,,,,0.00022,0.00000,3.5,0.00004
2949,1,,,,,0.00022,0.00000,3.6,0.00004,1,,,,,0.00022,0.00000,3.4,0.00004
2950,1,,,,,0.00022,0.00000,3.5,0.00004,1,,,,,0.00022,0.00000,3.5,0.00004
2951,1,,,,,0.00022,0.00000,3.5,0.00004,1,,,,,0.00022,0.00000,3.5,0.00004
2952,1,,,,,0.00022,0.00000,3.5,0.00004,1,,,,,0.00022,0.00000,3.5,0.00004
2953,1,,,,,0.00022,0.00000,3.5,0.00004,1,,,,,0.00022,0.00000,3.5,0.00004
2954,1,,,,,0.00022,0.00000,3.6,0.00004,1,,,,,0.00022,0.00000,3.5,0.00004
2955,1,,,,,0.00022,0.00000,3.6,0.00004,1,,,,,0.00022,0.00000,3.5,0.00004
2956,1,,,,,0.00022,0.00000,3.7,0.00004,1,,,,,0.00022,0.00000,3.4,0.00004
2957,1,,,,,0.00022,0.00000,3.6,0.00004,1,,,,,0.00022,0.00000,3.5,0.00004
2958,1,,,,,0.00022,0.00000,3.5,0.00004,1,,,,,0.00022,0.00000,3.5,0.00004
2959,1,,,,,0.00022,0.00000,3.7,0.00004,1,,,,,0.00022,0.00000,3.5,0.00004
2960,1,,,,,0.00022,0.00001,3.6,0.00004,1,,,,,0.00022,0.00000,3.5,0.00004
2961,1,,,,,0.00022,0.00000,3.5,0.00004,1,,,,,0.00022,0.00000,3.5,0.00004
2962,1,,,,,0.00022,0.00000,3.6,0.00004,1,,,,,0.00022,0.00000,3.6,0.00004
2963,1,,,,,0.00022,0.00000,3.6,0.00004,1,,,,,0.00022,0.00000,3.5,0.00004
2964,1,,,,,0.00022,0.00000,3.6,0.00004,1,,,,,0.00022,0.00000,3.5,0.00004
2965,1,,,,,0.00022,0.00001,3.8,0.00004,1,,,,,0.00022,0.00000,3.5,0.00004
2966,1,,,,,0.00022,0.00000,3.7,0.00004,1,,,,,0.00022,0.00000,3.5,0.00004
2967,1,,,,,0.00022,0.00000,3.7,0.00004,1,,,,,0.00022,0.00000,3.4,0.00004
2968,1,,,,,0.00022,0.00000,3.7,0.00005,1,,,,,0.00022,0.00000,3.5,0.00004
2969,1,,,,,0.00022,0.00000,3.8,0.00004,1,,,,,0.00022,0.00001,3.5,0.00004
2970,1,,,,,0.00022,0.00000,3.8,0.00004,1,,,,,0.00022,0.00001,3.4,0.00004
2971,1,,,,,0.00022,0.00000,3.8,0.00004,1,,,,,0.00022,0.00000,3.5,0.00004
2972,1,,,,,0.00022,0.00000,3.8,0.00005,1,,,,,0.00022,0.00000,3.5,0.00004
2973,1,,,,,0.00022,0.00000,3.7,0.00004,1,,,,,0.00022,0.00000,3.4,0.00003
2974,1,,,,,0.00022,0.00000,3.7,0.00005,1,,,,,0.00022,0.00000,3.5,0.00004
2975,1,,,,,0.00022,0.00000,3.7,0.00004,1,,,,,0.00022,0.00000,3.5,0.00004
2976,1,,,,,0.00022,0.00000,3.7,0.00004,1,,,,,0.00022,0.00000,3.5,0.00004
2977,1,,,,,0.00022,0.00000,3.7,0.00004,1,,,,,0.00022,0.00000,3.5,0.00004
2978,1,,,,,0.00022,0.00000,3.8,0.00004,1,,,,,0.00022,0.00000,3.5,0.00004
2979,1,,,,,0.00022,0.00000,3.7,0.00004,1,,,,,0.00022,0.00000,3.4,0.00004
2980,1,,,,,0.00022,0.00000,3.7,0.00004,1,,,,,0.00022,0.00000,3.5,0.00004
2981,1,,,,,0.00022,0.00000,3.7,0.00004,1,,,,,0.00022,0.00000,3.5,0.00004
2982,1,,,,,0.00022,0.00000,3.7,0.00004,1,,,,,0.00022,0.00000,3.5,0.00004
2983,1,,,,,0.00022,0.00001,3.5,0.00004,1,,,,,0.00022,0.00000,3.4,0.00004
2984,1,,,,,0.00022,0.00000,3.7,0.00004,1,,,,,0.00022,0.00000,3.5,0.00004
2985,1,,,,,0.00022,0.00000,3.6,0.00004,1,,,,,0.00022,0.00000,3.5,0.00004
2986,1,,,,,0.00022,0.00000,3.6,0.00004,1,,,,,0.00022,0.00000,3.4,0.00004
2987,1,,,,,0.00022,0.00000,3.5,0.00004,1,,,,,0.00022,0.00001,3.5,0.00004
2988,1,,,,,0.00022,0.00000,3.7,0.00004,1,,,,,0.00022,0.00000,3.4,0.00004
2989,1,,,,,0.00022,0.00000,3.6,0.00004,1,,,,,0.00022,0.00000,3.5,0.00004
2990,1,,,,,0.00022,0.00000,3.5,0.00004,1,,,,,0.00022,0.00000,3.5,0.00004
2991,1,,,,,0.00022,0.00000,3.6,0.00004,1,,,,,0.00022,0.00000,3.5,0.00004
2992,1,,,,,0.00022,0.00000,3.6,0.00004,1,,,,,0.00022,0.00000,3.5,0.00004
2993,1,,,,,0.00022,0.00000,3.6,0.00004,1,,,,,0.00022,0.00000,3.5,0.00004
2994,1,,,,,0.00022,0.00000,3.5,0.00004,1,,,,,0.00022,0.00000,3.8,0.00004
2995,1,,,,,0.00022,0.00000,3.5,0.00004,1,,,,,0.00022,0.00000,3.8,0.00004
2996,1,,,,,0.00022,0.00000,3.5,0.00004,1,,,,,0.00022,0.00000,3.8,0.00004
2997,1,,,,,0.00022,0.00000,3.4,0.00004,1,,,,,0.00022,0.00001,3.8,0.00004
2998,1,,,,,0.00022,0.00001,3.5,0.00004,1,,,,,0.00022,0.00000,3.8,0.00004
2999,1,,,,,0.00022,0.00000,3.5,0.00004,1,,,,,0.00022,0.00000,3.8,0.00004
3000,1,,,,,0.00023,0.00000,4.5,0.00006,1,,,,,0.00022,0.00000,3.7,0.00004
3001,1,,,,,0.00022,0.00001,3.9,0.00005,1,,,,,0.00022,0.00000,3.7,0.00004
3002,1,,,,,0.00022,0.00000,3.5,0.00004,1,,,,,0.00022,0.00000,3.6,0.00004
3003,1,,,,,0.00022,0.00000,3.6,0.00004,1,,,,,0.00022,0.00000,3.6,0.00004
3004,1,,,,,0.00022,0.00000,3.6,0.00004,1,,,,,0.00022,0.00000,3.6,0.00004
3005,1,,,,,0.00022,0.00001,3.6,0.00004,1,,,,,0.00022,0.00000,3.6,0.00004
3006,1,,,,,0.00022,0.00000,3.8,0.00004,1,,,,,0.00022,0.00000,3.7,0.00005
3007,1,,,,,0.00022,0.00000,3.8,0.00004,1,,,,,0.00022,0.00000,3.8,0.00004
3008,1,,,,,0.00022,0.00000,3.8,0.00004,1,,,,,0.00022,0.00000,3.8,0.00004
3009,1,,,,,0.00022,0.00000,3.7,0.00005,1,,,,,0.00022,0.00001,3.8,0.00004
3010,1,,,,,0.00022,0.00000,3.7,0.00004,1,,,,,0.00022,0.00000,3.8,0.00004
3011,1,,,,,0.00022,0.00000,3.7,0.00004,1,,,,,0.00022,0.00000,3.7,0.00004
3012,1,,,,,0.00022,0.00000,3.9,0.00004,1,,,,,0.00022,0.00001,3.8,0.00004
3013,1,,,,,0.00022,0.00001,3.8,0.00004,1,,,,,0.00022,0.00000,3.8,0.00004
3014,1,,,,,0.00022,0.00000,3.8,0.00004,1,,,,,0.00022,0.00001,3.7,0.00004
3015,1,,,,,0.00022,0.00000,3.7,0.00004,1,,,,,0.00022,0.00000,3.8,0.00004
3016,1,,,,,0.00022,0.00001,3.8,0.00004,1,,,,,0.00022,0.00000,3.8,0.00004
3017,1,,,,,0.00022,0.00000,3.8,0.00004,1,,,,,0.00022,0.00000,3.7,0.00004
3018,1,,,,,0.00022,0.00000,3.7,0.00004,1,,,,,0.00022,0.00000,3.8,0.00004
3019,1,,,,,0.00022,0.00000,3.6,0.00004,1,,,,,0.00022,0.00001,3.7,0.00004
3020,1,,,,,0.00022,0.00000,3.6,0.00004,1,,,,,0.00022,0.00000,3.6,0.00004
3021,1,,,,,0.00022,0.00000,3.6,0.00004,1,,,,,0.00022,0.00000,3.6,0.00004
3022,1,,,,,0.00022,0.00001,3.6,0.00004,1,,,,,0.00022,0.00000,3.6,0.00004
3023,1,,,,,0.00022,0.00000,3.7,0.00005,1,,,,,0.00022,0.00001,3.6,0.00004
3024,1,,,,,0.00022,0.00000,3.7,0.00004,1,,,,,0.00022,0.00000,3.6,0.00004
3025,1,,,,,0.00022,0.00000,3.6,0.00004,1,,,,,0.00022,0.00001,3.6,0.00004
3026,1,,,,,0.00022,0.00000,3.7,0.00004,1,,,,,0.00022,0.00000,3.7,0.00005
3027,1,,,,,0.00022,0.00000,3.7,0.00004,1,,,,,0.00022,0.00000,3.6,0.00004
3028,1,,,,,0.00022,0.00000,3.7,0.00004,1,,,,,0.00022,0.00000,3.6,0.00004
3029,1,,,,,0.00022,0.00000,3.7,0.00004,1,,,,,0.00022,0.00000,3.6,0.00004
3030,1,,,,,0.00022,0.00000,3.7,0.00004,1,,,,,0.00022,0.00000,3.6,0.00004
3031,1,,,,,0.00022,0.00000,3.7,0.00004,1,,,,,0.00022,0.00000,3.5,0.00004
3032,1,,,,,0.00022,0.00000,3.7,0.00004,1,,,,,0.00022,0.00000,3.6,0.00005
3033,1,,,,,0.00022,0.00000,3.7,0.00004,1,,,,,0.00022,0.00000,3.6,0.00004
3034,1,,,,,0.00022,0.00000,3.6,0.00004,1,,,,,0.00022,0.00000,3.6,0.00004
3035,1,,,,,0.00022,0.00000,3.6,0.00004,1,,,,,0.00022,0.00000,3.6,0.00004
3036,1,,,,,0.00022,0.00000,3.7,0.00004,1,,,,,0.00022,0.00000,3.6,0.00004
3037,1,,,,,0.00022,0.00001,3.7,0.00004,1,,,,,0.00022,0.00000,3.8,0.00004
3038,1,,,,,0.00022,0.00000,3.7,0.00004,1,,,,,0.00022,0.00000,3.8,0.00004
3039,1,,,,,0.00022,0.00000,3.7,0.00004,1,,,,,0.00022,0.00000,3.7,0.00004
3040,1,,,,,0.00022,0.00000,3.7,0.00004,1,,,,,0.00022,0.00001,3.7,0.00004
3041,1,,,,,0.00022,0.00000,3.7,0.00004,1,,,,,0.00022,0.00000,3.7,0.00004
3042,1,,,,,0.00022,0.00000,3.7,0.00004,1,,,,,0.00022,0.00001,3.7,0.00004
3043,1,,,,,0.00022,0.00000,3.7,0.00004,1,,,,,0.00022,0.00000,3.7,0.00004
3044,1,,,,,0.00022,0.00000,3.7,0.00004,1,,,,,0.00022,0.00000,3.6,0.00004
3045,1,,,,,0.00022,0.00000,3.9,0.00004,1,,,,,0.00022,0.00000,3.7,0.00004
3046,1,,,,,0.00022,0.00000,3.7,0.00004,1,,,,,0.00022,0.00000,3.5,0.00004
3047,1,,,,,0.00022,0.00000,3.7,0.00004,1,,,,,0.00022,0.00000,3.7,0.00004
3048,1,,,,,0.00022,0.00000,3.6,0.00004,1,,,,,0.00022,0.00000,3.5,0.00004
3049,1,,,,,0.00022,0.00000,3.7,0.00004,1,,,,,0.00022,0.00000,3.7,0.00004
3050,1,,,,,0.00022,0.00000,3.7,0.00004,1,,,,,0.00022,0.00000,3.4,0.00004
3051,1,,,,,0.00022,0.00001,3.8,0.00004,1,,,,,0.00022,0.00000,3.4,0.00004
3052,1,,,,,0.00022,0.00000,3.8,0.00004,1,,,,,0.00022,0.00000,3.5,0.00004
3053,1,,,,,0.00022,0.00000,3.9,0.00004,1,,,,,0.00022,0.00000,3.5,0.00004
3054,1,,,,,0.00022,0.00000,3.8,0.00004,1,,,,,0.00022,0.00000,3.5,0.00004
3055,1,,,,,0.00022,0.00000,3.7,0.00004,1,,,,,0.00022,0.00000,3.5,0.00004
3056,1,,,,,0.00022,0.00000,3.6,0.00004,1,,,,,0.00022,0.00000,3.4,0.00004
3057,1,,,,,0.00022,0.00001,3.6,0.00004,1,,,,,0.00022,0.00000,3.5,0.00004
3058,1,,,,,0.00022,0.00000,3.7,0.00004,1,,,,,0.00022,0.00000,3.4,0.00004
3059,1,,,,,0.00022,0.00000,3.6,0.00004,1,,,,,0.00022,0.00000,3.4,0.00004
3060,1,,,,,0.00022,0.00001,3.6,0.00004,1,,,,,0.00022,0.00000,3.5,0.00004
3061,1,,,,,0.00022,0.00001,3.6,0.00004,1,,,,,0.00022,0.00000,3.5,0.00004
3062,1,,,,,0.00022,0.00000,3.6,0.00004,1,,,,,0.00022,0.00000,3.5,0.00004
3063,1,,,,,0.00022,0.00001,3.6,0.00004,1,,,,,0.00022,0.00000,3.5,0.00004
3064,1,,,,,0.00022,0.00001,3.6,0.00004,1,,,,,0.00022,0.00000,3.5,0.00004
3065,1,,,,,0.00022,0.00000,3.6,0.00004,1,,,,,0.00022,0.00000,3.5,0.00004
3066,1,,,,,0.00022,0.00001,3.7,0.00004,1,,,,,0.00022,0.00000,3.5,0.00004
3067,1,,,,,0.00022,0.00001,3.7,0.00004,1,,,,,0.00022,0.00000,3.5,0.00004
3068,1,,,,,0.00022,0.00000,3.7,0.00004,1,,,,,0.00022,0.00000,3.4,0.00004
3069,1,,,,,0.00022,0.00000,3.7,0.00004,1,,,,,0.00022,0.00000,3.5,0.00004
3070,1,,,,,0.00022,0.00000,3.8,0.00004,1,,,,,0.00022,0.00000,3.5,0.00004
3071,1,,,,,0.00022,0.00000,3.7,0.00004,1,,,,,0.00022,0.00000,3.5,0.00004
3072,1,,,,,0.00022,0.00000,3.7,0.00004,1,,,,,0.00022,0.00000,3.5,0.00004
3073,1,,,,,0.00022,0.00000,3.7,0.00004,1,,,,,0.00022,0.00000,3.4,0.00004
3074,1,,,,,0.00022,0.00001,3.8,0.00005,1,,,,,0.00022,0.00000,3.5,0.00004
3075,1,,,,,0.00022,0.00000,3.7,0.00005,1,,,,,0.00022,0.00000,3.5,0.00004
3076,1,,,,,0.00022,0.00000,3.7,0.00004,1,,,,,0.00022,0.00000,3.5,0.00004
3077,1,,,,,0.00022,0.00000,3.7,0.00004,1,,,,,0.00022,0.00000,3.7,0.00004
3078,1,,,,,0.00022,0.00000,3.7,0.00004,1,,,,,0.00022,0.00000,3.8,0.00004
3079,1,,,,,0.00022,0.00001,3.7,0.00004,1,,,,,0.00022,0.00001,3.7,0.00004
3080,1,,,,,0.00022,0.00000,3.7,0.00004,1,,,,,0.00022,0.00000,3.7,0.00004
3081,1,,,,,0.00022,0.00000,3.7,0.00004,1,,,,,0.00022,0.00001,3.7,0.00004
3082,1,,,,,0.00022,0.00000,3.7,0.00005,1,,,,,0.00022,0.00000,3.8,0.00005
3083,1,,,,,0.00022,0.00001,3.7,0.00005,1,,,,,0.00022,0.00001,3.7,0.00004
3084,1,,,,,0.00022,0.00000,3.7,0.00004,1,,,,,0.00022,0.00000,3.6,0.00004
3085,1,,,,,0.00022,0.00000,3.7,0.00005,1,,,,,0.00022,0.00000,3.8,0.00004
3086,1,,,,,0.00022,0.00001,3.7,0.00004,1,,,,,0.00022,0.00001,3.7,0.00005
3087,1,,,,,0.00022,0.00000,3.7,0.00004,1,,,,,0.00022,0.00001,3.8,0.00004
3088,1,,,,,0.00022,0.00000,3.7,0.00004,1,,,,,0.00022,0.00000,3.7,0.00005
3089,1,,,,,0.00022,0.00000,3.7,0.00005,1,,,,,0.00022,0.00000,3.7,0.00004
3090,1,,,,,0.00022,0.00000,3.7,0.00004,1,,,,,0.00022,0.00000,3.7,0.00004
3091,1,,,,,0.00022,0.00000,3.7,0.00004,1,,,,,0.00022,0.00001,3.7,0.00004
3092,1,,,,,0.00022,0.00000,3.7,0.00004,1,,,,,0.00022,0.00000,3.7,0.00004
3093,1,,,,,0.00022,0.00000,3.7,0.00004,1,,,,,0.00022,0.00000,3.7,0.00004
3094,1,,,,,0.00022,0.00000,3.5,0.00004,1,,,,,0.00022,0.00000,3.6,0.00004
3095,1,,,,,0.00022,0.00000,3.6,0.00004,1,,,,,0.00022,0.00000,3.5,0.00004
3096,1,,,,,0.00022,0.00001,3.5,0.00004,1,,,,,0.00022,0.00001,3.6,0.00004
3097,1,,,,,0.00022,0.00000,3.6,0.00004,1,,,,,0.00022,0.00001,3.6,0.00004
3098,1,,,,,0.00022,0.00000,3.6,0.00004,1,,,,,0.00022,0.00001,3.6,0.00004
3099,1,,,,,0.00022,0.00000,3.6,0.00004,1,,,,,0.00022,0.00000,3.5,0.00004
3100,1,,,,,0.00022,0.00000,3.6,0.00004,1,,,,,0.00022,0.00000,3.5,0.00004
3101,1,,,,,0.00022,0.00000,3.6,0.00004,1,,,,,0.00022,0.00001,3.5,0.00004
3102,1,,,,,0.00022,0.00001,3.6,0.00004,1,,,,,0.00022,0.00000,3.5,0.00004
3103,1,,,,,0.00022,0.00000,3.7,0.00004,1,,,,,0.00022,0.00001,3.5,0.00004
3104,1,,,,,0.00022,0.00000,3.6,0.00004,1,,,,,0.00022,0.00000,3.6,0.00004
3105,1,,,,,0.00022,0.00000,3.6,0.00004,1,,,,,0.00022,0.00000,3.5,0.00004
3106,1,,,,,0.00022,0.00000,3.6,0.00004,1,,,,,0.00022,0.00000,3.6,0.00004
3107,1,,,,,0.00022,0.00000,3.6,0.00004,1,,,,,0.00022,0.00000,3.5,0.00004
3108,1,,,,,0.00022,0.00001,3.6,0.00004,1,,,,,0.00022,0.00000,3.5,0.00004
3109,1,,,,,0.00022,0.00000,3.7,0.00004,1,,,,,0.00022,0.00000,3.7,0.00004
3110,1,,,,,0.00022,0.00001,3.8,0.00004,1,,,,,0.00022,0.00000,3.7,0.00004
3111,1,,,,,0.00022,0.00000,3.7,0.00004,1,,,,,0.00022,0.00001,3.5,0.00004
3112,1,,,,,0.00022,0.00000,3.7,0.00004,1,,,,,0.00022,0.00000,3.6,0.00004
3113,1,,,,,0.00022,0.00000,3.8,0.00004,1,,,,,0.00022,0.00001,3.7,0.00004
3114,1,,,,,0.00022,0.00000,3.7,0.00004,1,,,,,0.00022,0.00001,3.7,0.00004
3115,1,,,,,0.00022,0.00000,3.8,0.00004,1,,,,,0.00022,0.00001,3.6,0.00004
3116,1,,,,,0.00022,0.00000,3.7,0.00004,1,,,,,0.00022,0.00000,3.7,0.00004
3117,1,,,,,0.00022,0.00000,3.7,0.00004,1,,,,,0.00022,0.00000,3.6,0.00004
3118,1,,,,,0.00022,0.00000,3.6,0.00004,1,,,,,0.00022,0.00000,3.6,0.00004
3119,1,,,,,0.00022,0.00001,3.7,0.00004,1,,,,,0.00022,0.00001,3.7,0.00004
3120,1,,,,,0.00022,0.00001,3.7,0.00004,1,,,,,0.00022,0.00000,3.7,0.00004
3121,1,,,,,0.00022,0.00000,3.7,0.00004,1,,,,,0.00022,0.00000,3.7,0.00004
3122,1,,,,,0.00022,0.00000,3.7,0.00004,1,,,,,0.00022,0.00000,3.7,0.00004
3123,1,,,,,0.00022,0.00001,3.7,0.00004,1,,,,,0.00022,0.00000,3.7,0.00004
3124,1,,,,,0.00022,0.00000,3.7,0.00004,1,,,,,0.00022,0.00000,3.7,0.00004
3125,1,,,,,0.00022,0.00000,3.7,0.00005,1,,,,,0.00022,0.00000,3.7,0.00004
3126,1,,,,,0.00022,0.00000,3.7,0.00005,1,,,,,0.00022,0.00000,3.7,0.00004
3127,1,,,,,0.00022,0.00000,3.7,0.00004,1,,,,,0.00022,0.00000,3.6,0.00004
3128,1,,,,,0.00022,0.00000,3.7,0.00005,1,,,,,0.00022,0.00000,3.7,0.00004
3129,1,,,,,0.00022,0.00001,3.7,0.00005,1,,,,,0.00022,0.00000,3.7,0.00004
3130,1,,,,,0.00022,0.00000,3.5,0.00004,1,,,,,0.00022,0.00000,3.5,0.00005
3131,1,,,,,0.00022,0.00000,3.6,0.00004,1,,,,,0.00022,0.00000,3.7,0.00004
3132,1,,,,,0.00022,0.00000,3.6,0.00004,1,,,,,0.00022,0.00001,3.4,0.00004
3133,1,,,,,0.00022,0.00000,3.6,0.00004,1,,,,,0.00022,0.00000,3.4,0.00004
3134,1,,,,,0.00022,0.00000,3.6,0.00004,1,,,,,0.00022,0.00000,3.4,0.00004
3135,1,,,,,0.00022,0.00000,3.6,0.00004,1,,,,,0.00022,0.00000,3.4,0.00004
3136,1,,,,,0.00022,0.00000,3.6,0.00004,1,,,,,0.00022,0.00000,3.4,0.00004
3137,1,,,,,0.00022,0.00000,3.6,0.00004,1,,,,,0.00022,0.00000,3.4,0.00004
3138,1,,,,,0.00022,0.00000,3.6,0.00004,1,,,,,0.00022,0.00000,3.4,0.00004
3139,1,,,,,0.00022,0.00000,3.6,0.00004,1,,,,,0.00022,0.00001,3.5,0.00004
3140,1,,,,,0.00022,0.00001,3.6,0.00004,1,,,,,0.00022,0.00000,3.5,0.00004
3141,1,,,,,0.00022,0.00000,3.6,0.00004,1,,,,,0.00022,0.00001,3.5,0.00004
3142,1,,,,,0.00022,0.00000,3.6,0.00004,1,,,,,0.00022,0.00000,3.4,0.00004
3143,1,,,,,0.00022,0.00000,3.6,0.00004,1,,,,,0.00022,0.00000,3.5,0.00004
3144,1,,,,,0.00022,0.00000,3.6,0.00004,1,,,,,0.00022,0.00001,3.5,0.00004
3145,1,,,,,0.00022,0.00000,3.7,0.00004,1,,,,,0.00022,0.00001,3.5,0.00004
3146,1,,,,,0.00022,0.00000,3.6,0.00004,1,,,,,0.00022,0.00001,3.5,0.00004
3147,1,,,,,0.00022,0.00000,3.6,0.00004,1,,,,,0.00022,0.00000,3.4,0.00004
3148,1,,,,,0.00022,0.00000,3.7,0.00004,1,,,,,0.00022,0.00001,3.4,0.00004
3149,1,,,,,0.00022,0.00001,3.6,0.00004,1,,,,,0.00022,0.00001,3.5,0.00004
3150,1,,,,,0.00022,0.00000,3.7,0.00004,1,,,,,0.00022,0.00000,3.4,0.00004
3151,1,,,,,0.00022,0.00000,3.6,0.00004,1,,,,,0.00022,0.00000,3.5,0.00004
3152,1,,,,,0.00022,0.00001,3.6,0.00004,1,,,,,0.00022,0.00001,3.7,0.00005
3153,1,,,,,0.00022,0.00000,3.6,0.00005,1,,,,,0.00022,0.00000,3.4,0.00004
3154,1,,,,,0.00022,0.00000,3.6,0.00004,1,,,,,0.00022,0.00000,3.6,0.00004
3155,1,,,,,0.00022,0.00000,3.7,0.00004,1,,,,,0.00022,0.00000,3.7,0.00004
3156,1,,,,,0.00022,0.00000,3.6,0.00004,1,,,,,0.00022,0.00001,3.7,0.00004
3157,1,,,,,0.00022,0.00000,3.7,0.00004,1,,,,,0.00022,0.00000,3.7,0.00004
3158,1,,,,,0.00022,0.00000,3.6,0.00004,1,,,,,0.00022,0.00000,3.7,0.00004
3159,1,,,,,0.00022,0.00000,3.6,0.00004,1,,,,,0.00022,0.00000,3.7,0.00004
3160,1,,,,,0.00022,0.00000,3.6,0.00004,1,,,,,0.00022,0.00001,3.7,0.00004
3161,1,,,,,0.00022,0.00000,3.6,0.00004,1,,,,,0.00022,0.00000,3.6,0.00004
3162,1,,,,,0.00022,0.00000,3.6,0.00004,1,,,,,0.00022,0.00000,3.7,0.00004
3163,1,,,,,0.00022,0.00000,3.6,0.00004,1,,,,,0.00022,0.00001,3.6,0.00004
3164,1,,,,,0.00022,0.00001,3.7,0.00004,1,,,,,0.00022,0.00001,3.7,0.00004
3165,1,,,,,0.00022,0.00000,3.8,0.00005,1,,,,,0.00022,0.00001,3.6,0.00004
3166,1,,,,,0.00022,0.00000,3.5,0.00004,1,,,,,0.00022,0.00000,3.5,0.00004
3167,1,,,,,0.00022,0.00000,3.6,0.00004,1,,,,,0.00022,0.00000,3.4,0.00004
3168,1,,,,,0.00022,0.00000,3.5,0.00004,1,,,,,0.00022,0.00000,3.5,0.00004
3169,1,,,,,0.00022,0.00000,3.6,0.00004,1,,,,,0.00022,0.00000,3.5,0.00004
3170,1,,,,,0.00022,0.00000,3.6,0.00004,1,,,,,0.00022,0.00000,3.5,0.00004
3171,1,,,,,0.00022,0.00000,3.5,0.00004,1,,,,,0.00022,0.00000,3.5,0.00004
3172,1,,,,,0.00022,0.00000,3.6,0.00005,1,,,,,0.00022,0.00000,3.5,0.00004
3173,1,,,,,0.00022,0.00001,3.6,0.00004,1,,,,,0.00022,0.00000,3.5,0.00004
3174,1,,,,,0.00022,0.00001,3.5,0.00004,1,,,,,0.00022,0.00000,3.5,0.00004
3175,1,,,,,0.00022,0.00000,3.5,0.00004,1,,,,,0.00022,0.00001,3.4,0.00004
3176,1,,,,,0.00022,0.00000,3.6,0.00004,1,,,,,0.00022,0.00001,3.5,0.00004
3177,1,,,,,0.00022,0.00001,3.6,0.00004,1,,,,,0.00022,0.00000,3.5,0.00004
3178,1,,,,,0.00022,0.00000,3.6,0.00004,1,,,,,0.00022,0.00000,3.4,0.00004
3179,1,,,,,0.00022,0.00000,3.6,0.00004,1,,,,,0.00022,0.00000,3.4,0.00004
3180,1,,,,,0.00022,0.00000,3.6,0.00004,1,,,,,0.00022,0.00000,3.4,0.00004
3181,1,,,,,0.00022,0.00000,3.5,0.00004,1,,,,,0.00022,0.00000,3.7,0.00004
3182,1,,,,,0.00022,0.00000,3.5,0.00004,1,,,,,0.00022,0.00001,3.7,0.00004
3183,1,,,,,0.00022,0.00000,3.6,0.00004,1,,,,,0.00022,0.00000,3.6,0.00004
3184,1,,,,,0.00022,0.00000,3.5,0.00004,1,,,,,0.00022,0.00000,3.6,0.00004
3185,1,,,,,0.00022,0.00000,3.6,0.00004,1,,,,,0.00022,0.00000,3.7,0.00004
3186,1,,,,,0.00022,0.00001,3.6,0.00004,1,,,,,0.00022,0.00000,3.6,0.00004
3187,1,,,,,0.00022,0.00000,3.6,0.00004,1,,,,,0.00022,0.00000,3.6,0.00004
3188,1,,,,,0.00022,0.00000,3.6,0.00004,1,,,,,0.00022,0.00000,3.6,0.00004
3189,1,,,,,0.00022,0.00000,3.5,0.00004,1,,,,,0.00022,0.00000,3.7,0.00004
3190,1,,,,,0.00022,0.00001,3.6,0.00004,1,,,,,0.00022,0.00000,3.7,0.00004
3191,1,,,,,0.00022,0.00001,3.6,0.00004,1,,,,,0.00022,0.00001,3.7,0.00004
3192,1,,,,,0.00022,0.00000,3.6,0.00004,1,,,,,0.00022,0.00000,3.8,0.00005
3193,1,,,,,0.00022,0.00000,3.6,0.00004,1,,,,,0.00022,0.00000,3.7,0.00004
3194,1,,,,,0.00022,0.00000,3.5,0.00004,1,,,,,0.00022,0.00000,3.7,0.00004
3195,1,,,,,0.00022,0.00000,3.6,0.00004,1,,,,,0.00022,0.00000,3.7,0.00004
3196,1,,,,,0.00022,0.00000,3.5,0.00004,1,,,,,0.00022,0.00000,3.6,0.00004
3197,1,,,,,0.00022,0.00000,3.6,0.00004,1,,,,,0.00022,0.00000,3.6,0.00004
3198,1,,,,,0.00022,0.00001,3.6,0.00004,1,,,,,0.00022,0.00000,3.6,0.00004
3199,1,,,,,0.00022,0.00000,3.6,0.00004,1,,,,,0.00022,0.00000,3.7,0.00004
3200,1,,,,,0.00022,0.00000,3.6,0.00004,1,,,,,0.00022,0.00000,3.7,0.00004
3201,1,,,,,0.00022,0.00000,3.6,0.00003,1,,,,,0.00022,0.00000,3.7,0.00004
3202,1,,,,,0.00022,0.00000,3.7,0.00004,1,,,,,0.00022,0.00001,3.7,0.00004
3203,1,,,,,0.00022,0.00000,3.7,0.00004,1,,,,,0.00022,0.00001,3.7,0.00004
3204,1,,,,,0.00022,0.00000,3.6,0.00004,1,,,,,0.00022,0.00000,3.7,0.00004
3205,1,,,,,0.00022,0.00000,3.6,0.00004,1,,,,,0.00022,0.00000,3.7,0.00004
3206,1,,,,,0.00022,0.00000,3.6,0.00004,1,,,,,0.00022,0.00000,3.7,0.00004
3207,1,,,,,0.00022,0.00000,3.5,0.00004,1,,,,,0.00022,0.00000,3.4,0.00004
3208,1,,,,,0.00022,0.00001,3.5,0.00004,1,,,,,0.00022,0.00000,3.4,0.00004
3209,1,,,,,0.00022,0.00000,3.6,0.00004,1,,,,,0.00022,0.00000,3.4,0.00004
3210,1,,,,,0.00022,0.00000,3.5,0.00004,1,,,,,0.00022,0.00000,3.4,0.00004
3211,1,,,,,0.00022,0.00000,3.6,0.00004,1,,,,,0.00022,0.00000,3.4,0.00004
3212,1,,,,,0.00022,0.00000,3.6,0.00004,1,,,,,0.00022,0.00000,3.4,0.00005
3213,1,,,,,0.00022,0.00000,3.6,0.00004,1,,,,,0.00022,0.00000,3.4,0.00004
3214,1,,,,,0.00022,0.00000,3.6,0.00004,1,,,,,0.00022,0.00000,3.4,0.00004
3215,1,,,,,0.00022,0.00001,3.6,0.00004,1,,,,,0.00022,0.00000,3.4,0.00004
3216,1,,,,,0.00022,0.00000,3.6,0.00004,1,,,,,0.00022,0.00000,3.4,0.00004
3217,1,,,,,0.00022,0.00001,3.6,0.00005,1,,,,,0.00022,0.00001,3.5,0.00004
3218,1,,,,,0.00022,0.00000,3.7,0.00004,1,,,,,0.00022,0.00001,3.4,0.00004
3219,1,,,,,0.00022,0.00000,3.7,0.00004,1,,,,,0.00022,0.00001,3.4,0.00004
3220,1,,,,,0.00022,0.00000,3.8,0.00005,1,,,,,0.00022,0.00000,3.5,0.00004
3221,1,,,,,0.00022,0.00000,3.7,0.00004,1,,,,,0.00022,0.00000,3.4,0.00004
3222,1,,,,,0.00022,0.00000,3.7,0.00004,1,,,,,0.00022,0.00000,3.4,0.00004
3223,1,,,,,0.00022,0.00000,3.7,0.00004,1,,,,,0.00022,0.00001,3.4,0.00004
3224,1,,,,,0.00022,0.00000,3.7,0.00004,1,,,,,0.00022,0.00000,3.4,0.00004
3225,1,,,,,0.00022,0.00000,3.7,0.00004,1,,,,,0.00022,0.00001,3.4,0.00004
3226,1,,,,,0.00022,0.00001,3.7,0.00004,1,,,,,0.00022,0.00000,3.4,0.00004
3227,1,,,,,0.00022,0.00000,3.6,0.00004,1,,,,,0.00022,0.00000,3.6,0.00004
3228,1,,,,,0.00022,0.00000,3.7,0.00005,1,,,,,0.00022,0.00001,3.6,0.00004
3229,1,,,,,0.00022,0.00001,3.7,0.00004,1,,,,,0.00022,0.00000,3.7,0.00004
3230,1,,,,,0.00022,0.00000,3.7,0.00004,1,,,,,0.00022,0.00001,3.6,0.00004
3231,1,,,,,0.00022,0.00001,3.6,0.00004,1,,,,,0.00022,0.00000,3.7,0.00004
3232,1,,,,,0.00022,0.00000,3.7,0.00004,1,,,,,0.00022,0.00000,3.6,0.00004
3233,1,,,,,0.00022,0.00000,3.7,0.00004,1,,,,,0.00022,0.00000,3.6,0.00004
3234,1,,,,,0.00022,0.00001,3.7,0.00004,1,,,,,0.00022,0.00000,3.7,0.00004
3235,1,,,,,0.00022,0.00000,3.8,0.00004,1,,,,,0.00022,0.00000,3.6,0.00004
3236,1,,,,,0.00022,0.00000,3.7,0.00004,1,,,,,0.00022,0.00000,3.6,0.00004
3237,1,,,,,0.00022,0.00000,3.7,0.00004,1,,,,,0.00022,0.00000,3.6,0.00004
3238,1,,,,,0.00022,0.00000,3.7,0.00004,1,,,,,0.00022,0.00000,3.6,0.00004
3239,1,,,,,0.00022,0.00000,3.6,0.00004,1,,,,,0.00022,0.00000,3.7,0.00004
3240,1,,,,,0.00022,0.00001,3.7,0.00004,1,,,,,0.00022,0.00000,3.6,0.00004
3241,1,,,,,0.00022,0.00000,3.6,0.00005,1,,,,,0.00022,0.00001,3.7,0.00004
3242,1,,,,,0.00022,0.00001,3.7,0.00004,1,,,,,0.00022,0.00001,3.7,0.00004
3243,1,,,,,0.00022,0.00000,3.8,0.00004,1,,,,,0.00022,0.00000,3.6,0.00004
3244,1,,,,,0.00022,0.00000,3.7,0.00004,1,,,,,0.00022,0.00000,3.7,0.00004
3245,1,,,,,0.00022,0.00000,3.6,0.00004,1,,,,,0.00022,0.00000,3.6,0.00004
3246,1,,,,,0.00022,0.00001,3.6,0.00005,1,,,,,0.00022,0.00000,3.5,0.00004
3247,1,,,,,0.00022,0.00000,3.6,0.00004,1,,,,,0.00022,0.00000,3.5,0.00004
3248,1,,,,,0.00022,0.00000,3.6,0.00004,1,,,,,0.00022,0.00001,3.5,0.00004
3249,1,,,,,0.00022,0.00000,3.7,0.00004,1,,,,,0.00022,0.00000,3.4,0.00004
3250,1,,,,,0.00022,0.00000,3.7,0.00004,1,,,,,0.00022,0.00000,3.4,0.00004
3251,1,,,,,0.00022,0.00000,3.6,0.00004,1,,,,,0.00022,0.00000,3.4,0.00004
3252,1,,,,,0.00022,0.00000,3.6,0.00004,1,,,,,0.00022,0.00001,3.5,0.00004
3253,1,,,,,0.00022,0.00000,3.6,0.00004,1,,,,,0.00022,0.00001,3.5,0.00004
3254,1,,,,,0.00022,0.00000,3.6,0.00004,1,,,,,0.00022,0.00000,3.5,0.00004
3255,1,,,,,0.00022,0.00000,3.6,0.00005,1,,,,,0.00022,0.00000,3.4,0.00004
3256,1,,,,,0.00022,0.00000,3.6,0.00004,1,,,,,0.00022,0.00000,3.5,0.00004
3257,1,,,,,0.00022,0.00000,3.7,0.00004,1,,,,,0.00022,0.00000,3.5,0.00004
3258,1,,,,,0.00022,0.00000,3.6,0.00004,1,,,,,0.00022,0.00001,3.4,0.00004
3259,1,,,,,0.00022,0.00001,3.7,0.00004,1,,,,,0.00022,0.00001,3.5,0.00004
3260,1,,,,,0.00022,0.00000,3.7,0.00004,1,,,,,0.00022,0.00000,3.5,0.00004
3261,1,,,,,0.00022,0.00000,3.7,0.00004,1,,,,,0.00022,0.00000,3.5,0.00004
3262,1,,,,,0.00022,0.00000,3.7,0.00004,1,,,,,0.00022,0.00000,3.5,0.00004
3263,1,,,,,0.00022,0.00000,3.8,0.00004,1,,,,,0.00022,0.00001,3.5,0.00004
3264,1,,,,,0.00022,0.00000,3.8,0.00004,1,,,,,0.00022,0.00000,3.5,0.00004
3265,1,,,,,0.00022,0.00000,3.7,0.00004,1,,,,,0.00022,0.00000,3.4,0.00004
3266,1,,,,,0.00022,0.00000,3.8,0.00004,1,,,,,0.00022,0.00000,3.5,0.00004
3267,1,,,,,0.00022,0.00000,3.8,0.00004,1,,,,,0.00022,0.00000,3.5,0.00005
3268,1,,,,,0.00022,0.00000,3.8,0.00004,1,,,,,0.00022,0.00000,3.6,0.00004
3269,1,,,,,0.00022,0.00000,3.8,0.00004,1,,,,,0.00022,0.00000,3.5,0.00004
3270,1,,,,,0.00022,0.00000,3.8,0.00004,1,,,,,0.00022,0.00001,3.5,0.00004
3271,1,,,,,0.00022,0.00000,3.7,0.00004,1,,,,,0.00022,0.00000,3.5,0.00004
3272,1,,,,,0.00022,0.00001,3.8,0.00004,1,,,,,0.00022,0.00000,3.6,0.00005
3273,1,,,,,0.00022,0.00000,3.8,0.00004,1,,,,,0.00022,0.00000,3.5,0.00004
3274,1,,,,,0.00022,0.00000,3.6,0.00004,1,,,,,0.00022,0.00000,3.5,0.00004
3275,1,,,,,0.03754,0.00001,273.1,0.00000,1,,,,,0.00022,0.00000,3.5,0.00004
3276,1,,,,,0.07774,0.02404,610.8,0.00000,1,,,,,0.00022,0.00000,3.5,0.00004
3277,1,,,,,0.00998,0.00544,126.3,0.00009,1,,,,,0.00022,0.00000,3.5,0.00004
3278,1,,,,,0.04204,0.00000,481.0,0.00000,1,,,,,0.00022,0.00001,3.4,0.00004
3279,1,,,,,0.08320,0.03011,748.2,0.00000,1,,,,,0.00022,0.00000,3.5,0.00004
3280,1,,,,,0.03921,0.00206,356.2,0.00000,1,,,,,0.00022,0.00000,3.5,0.00004
3281,1,,,,,0.05729,0.00178,422.1,0.00000,1,,,,,0.00022,0.00001,3.5,0.00004
3282,1,,,,,0.05805,0.00652,264.7,0.00000,1,,,,,0.00022,0.00000,3.5,0.00004
3283,1,,,,,0.05631,0.00414,431.6,0.00000,1,,,,,0.00022,0.00000,3.5,0.00004
3284,1,,,,,0.08734,0.00606,637.1,0.00000,1,,,,,0.00022,0.00000,3.5,0.00004
3285,1,,,,,0.05593,0.00872,638.2,0.00000,1,,,,,0.00022,0.00001,3.4,0.00004
3286,1,,,,,0.02557,0.00717,560.1,0.00000,1,,,,,0.00022,0.00000,3.5,0.00004
3287,1,,,,,0.00792,0.00130,170.8,0.00000,1,,,,,0.00022,0.00000,3.4,0.00003
3288,1,,,,,0.00042,0.00012,4.4,0.00005,1,,,,,0.00022,0.00000,3.4,0.00004
3289,1,,,,,0.00446,0.00000,574.0,0.00007,1,,,,,0.00022,0.00000,3.5,0.00004
3290,1,,,,,0.06582,0.00068,423.9,0.00000,1,,,,,0.00022,0.00000,3.5,0.00004
3291,1,,,,,0.05834,0.00013,289.2,0.00000,1,,,,,0.00022,0.00000,3.4,0.00004
3292,1,,,,,0.04472,0.00421,299.6,0.00000,1,,,,,0.00022,0.00000,3.5,0.00004
3293,1,,,,,0.00717,0.00007,5435.7,0.02595,1,,,,,0.00022,0.00000,3.5,0.00004
3294,1,,,,,0.03795,0.00271,386.3,0.00001,1,,,,,0.00022,0.00000,3.5,0.00004
3295,1,,,,,0.03955,0.00822,613.1,0.00000,1,,,,,0.00022,0.00000,3.5,0.00004
3296,1,,,,,0.02229,0.00232,433.6,0.00000,1,,,,,0.00022,0.00000,3.5,0.00004
3297,1,,,,,0.01491,0.00012,286.3,0.00000,1,,,,,0.00022,0.00000,3.5,0.00004
3298,1,,,,,0.00749,0.00088,150.4,0.00000,1,,,,,0.00022,0.00001,3.5,0.00004
3299,1,,,,,0.00095,0.00002,53.4,0.00008,1,,,,,0.00022,0.00001,3.5,0.00004
3300,1,,,,,0.03543,0.00000,537.7,0.00002,1,,,,,0.00022,0.00000,3.5,0.00004
3301,1,,,,,0.04227,0.00858,561.6,0.00000,1,,,,,0.00022,0.00000,3.5,0.00004
3302,1,,,,,0.05701,0.00067,510.0,0.00000,1,,,,,0.00022,0.00000,3.6,0.00004
3303,1,,,,,0.00412,0.00026,561.7,0.00003,1,,,,,0.00022,0.00000,3.7,0.00005
3304,1,,,,,0.09234,0.00031,576.4,0.00000,1,,,,,0.00022,0.00000,3.7,0.00004
3305,1,,,,,0.05874,0.01717,489.4,0.00001,1,,,,,0.00022,0.00000,3.6,0.00004
3306,1,,,,,0.00351,0.00065,226.6,0.00001,1,,,,,0.00022,0.00001,3.7,0.00004
3307,1,,,,,0.04701,0.00001,535.9,0.00019,1,,,,,0.00022,0.00000,3.6,0.00004
3308,1,,,,,0.12524,0.00293,611.2,0.00001,1,,,,,0.00022,0.00000,3.6,0.00004
3309,1,,,,,0.07738,0.00822,602.5,0.00003,1,,,,,0.00022,0.00001,3.7,0.00004
3310,1,,,,,0.02807,0.01125,440.6,0.00000,1,,,,,0.00022,0.00000,3.7,0.00004
3311,1,,,,,0.00650,0.00020,180.4,0.00000,1,,,,,0.00022,0.00000,3.7,0.00004
3312,1,,,,,0.00043,0.00003,3.9,0.00005,1,,,,,0.00022,0.00000,3.7,0.00004
3313,1,,,,,0.00022,0.00000,3.3,0.00004,1,,,,,0.00022,0.00000,3.7,0.00004
3314,1,,,,,0.00022,0.00000,3.2,0.00004,1,,,,,0.00022,0.00001,3.6,0.00004
3315,1,,,,,0.00022,0.00000,3.2,0.00004,1,,,,,0.00022,0.00000,3.8,0.00005
3316,1,,,,,0.00022,0.00000,3.2,0.00004,1,,,,,0.00022,0.00000,3.7,0.00004
3317,1,,,,,0.00022,0.00000,3.2,0.00004,1,,,,,0.00022,0.00001,3.7,0.00005
3318,1,,,,,0.00022,0.00000,3.2,0.00004,1,,,,,0.00022,0.00001,3.7,0.00004
3319,1,,,,,0.00022,0.00000,3.2,0.00004,1,,,,,0.00022,0.00000,3.6,0.00004
3320,1,,,,,0.00022,0.00000,3.2,0.00004,1,,,,,0.00022,0.00000,3.5,0.00004
3321,1,,,,,0.00022,0.00000,3.2,0.00003,1,,,,,0.00022,0.00000,3.6,0.00004
3322,1,,,,,0.00022,0.00000,3.2,0.00004,1,,,,,0.00022,0.00001,3.6,0.00004
3323,1,,,,,0.00022,0.00000,3.2,0.00004,1,,,,,0.00022,0.00000,3.6,0.00004
3324,1,,,,,0.00022,0.00000,3.2,0.00004,1,,,,,0.00022,0.00000,3.6,0.00004
3325,1,,,,,0.00022,0.00000,3.2,0.00003,1,,,,,0.00022,0.00000,3.7,0.00004
3326,1,,,,,0.00022,0.00000,3.2,0.00003,1,,,,,0.00022,0.00000,3.7,0.00004
3327,1,,,,,0.00022,0.00001,3.1,0.00004,1,,,,,0.00022,0.00000,3.6,0.00004
3328,1,,,,,0.00022,0.00000,3.2,0.00004,1,,,,,0.00022,0.00000,3.6,0.00004
3329,1,,,,,0.00022,0.00000,3.1,0.00004,1,,,,,0.00022,0.00000,3.6,0.00004
3330,1,,,,,0.00022,0.00000,3.1,0.00004,1,,,,,0.00022,0.00000,3.7,0.00004
3331,1,,,,,0.00022,0.00000,3.1,0.00004,1,,,,,0.00022,0.00000,3.7,0.00004
3332,1,,,,,0.00022,0.00000,3.1,0.00004,1,,,,,0.00022,0.00000,3.6,0.00004
3333,1,,,,,0.00022,0.00000,3.2,0.00004,1,,,,,0.00022,0.00000,3.6,0.00004
3334,1,,,,,0.00022,0.00000,3.1,0.00004,1,,,,,0.00022,0.00000,3.6,0.00004
3335,1,,,,,0.00022,0.00000,3.1,0.00004,1,,,,,0.00022,0.00001,3.7,0.00004
3336,1,,,,,0.00022,0.00000,3.2,0.00004,1,,,,,0.00022,0.00000,3.6,0.00004
3337,1,,,,,0.00022,0.00000,3.2,0.00004,1,,,,,0.00022,0.00000,3.7,0.00004
3338,1,,,,,0.00022,0.00000,3.2,0.00004,1,,,,,0.00022,0.00000,3.7,0.00004
3339,1,,,,,0.00022,0.00000,3.2,0.00004,1,,,,,0.00022,0.00001,3.7,0.00004
3340,1,,,,,0.00022,0.00000,3.2,0.00004,1,,,,,0.00022,0.00000,3.8,0.00004
3341,1,,,,,0.00022,0.00001,3.2,0.00004,1,,,,,0.00022,0.00000,3.8,0.00004
3342,1,,,,,0.00022,0.00000,3.2,0.00004,1,,,,,0.00022,0.00000,3.7,0.00004
3343,1,,,,,0.00022,0.00000,3.2,0.00004,1,,,,,0.00022,0.00001,3.7,0.00004
3344,1,,,,,0.00022,0.00000,3.2,0.00004,1,,,,,0.00022,0.00000,3.8,0.00004
3345,1,,,,,0.00022,0.00000,3.2,0.00004,1,,,,,0.00022,0.00000,3.8,0.00004
3346,1,,,,,0.00022,0.00000,3.2,0.00004,1,,,,,0.00022,0.00000,3.8,0.00004
3347,1,,,,,0.00022,0.00000,3.2,0.00004,1,,,,,0.00022,0.00000,3.8,0.00004
3348,1,,,,,0.00022,0.00000,3.2,0.00004,1,,,,,0.00022,0.00000,3.7,0.00004
3349,1,,,,,0.00022,0.00000,3.2,0.00004,1,,,,,0.00022,0.00000,3.7,0.00004
3350,1,,,,,0.00022,0.00000,3.2,0.00004,1,,,,,0.00022,0.00000,3.7,0.00004
3351,1,,,,,0.00022,0.00000,3.2,0.00004,1,,,,,0.00022,0.00000,3.6,0.00004
3352,1,,,,,0.00022,0.00001,3.2,0.00004,1,,,,,0.00022,0.00000,3.7,0.00004
3353,1,,,,,0.00022,0.00000,3.2,0.00004,1,,,,,0.00022,0.00000,3.7,0.00004
3354,1,,,,,0.00022,0.00000,3.2,0.00004,1,,,,,0.00022,0.00001,3.7,0.00004
3355,1,,,,,0.00022,0.00000,3.1,0.00004,1,,,,,0.00022,0.00000,3.7,0.00004
3356,1,,,,,0.00022,0.00000,3.1,0.00004,1,,,,,0.00022,0.00000,3.7,0.00004
3357,1,,,,,0.00022,0.00000,3.1,0.00004,1,,,,,0.00022,0.00001,3.7,0.00004
3358,1,,,,,0.00022,0.00000,3.1,0.00004,1,,,,,0.00022,0.00000,3.7,0.00004
3359,1,,,,,0.00022,0.00000,3.1,0.00004,1,,,,,0.00022,0.00000,3.6,0.00004
3360,1,,,,,0.00022,0.00000,3.1,0.00004,1,,,,,0.00022,0.00000,3.6,0.00004
3361,1,,,,,0.00022,0.00000,3.1,0.00004,1,,,,,0.00022,0.00000,3.7,0.00004
3362,1,,,,,0.00022,0.00000,3.1,0.00004,1,,,,,0.00022,0.00000,3.6,0.00004
3363,1,,,,,0.00022,0.00000,3.2,0.00004,1,,,,,0.00022,0.00000,3.6,0.00004
3364,1,,,,,0.00022,0.00000,3.1,0.00004,1,,,,,0.00022,0.00000,3.7,0.00004
3365,1,,,,,0.00022,0.00000,3.2,0.00003,1,,,,,0.00022,0.00000,3.6,0.00004
3366,1,,,,,0.00022,0.00000,3.1,0.00003,1,,,,,0.00022,0.00000,3.6,0.00004
3367,1,,,,,0.00022,0.00000,3.1,0.00003,1,,,,,0.00022,0.00001,3.6,0.00004
3368,1,,,,,0.00022,0.00000,3.2,0.00004,1,,,,,0.00022,0.00000,3.6,0.00004
3369,1,,,,,0.00022,0.00000,3.2,0.00004,1,,,,,0.00022,0.00000,3.7,0.00004
3370,1,,,,,0.00022,0.00000,3.2,0.00004,1,,,,,0.00022,0.00000,3.6,0.00004
3371,1,,,,,0.00022,0.00000,3.2,0.00004,1,,,,,0.00022,0.00000,3.7,0.00004
3372,1,,,,,0.00022,0.00000,3.2,0.00004,1,,,,,0.00022,0.00000,3.8,0.00004
3373,1,,,,,0.00022,0.00000,3.2,0.00004,1,,,,,0.00022,0.00000,3.7,0.00004
3374,1,,,,,0.00022,0.00000,3.1,0.00003,1,,,,,0.00022,0.00000,3.7,0.00004
3375,1,,,,,0.00022,0.00000,3.1,0.00004,1,,,,,0.00022,0.00000,3.4,0.00004
3376,1,,,,,0.00022,0.00000,3.2,0.00004,1,,,,,0.00022,0.00001,3.7,0.00004
3377,1,,,,,0.00022,0.00000,3.2,0.00004,1,,,,,0.00022,0.00000,3.7,0.00004
3378,1,,,,,0.00022,0.00000,3.1,0.00003,1,,,,,0.00022,0.00000,3.6,0.00004
3379,1,,,,,0.00022,0.00000,3.2,0.00004,1,,,,,0.00022,0.00000,3.8,0.00004
3380,1,,,,,0.00022,0.00000,3.1,0.00004,1,,,,,0.00022,0.00000,3.8,0.00005
3381,1,,,,,0.00022,0.00000,3.1,0.00003,1,,,,,0.00022,0.00000,3.8,0.00004
3382,1,,,,,0.00022,0.00000,3.1,0.00003,1,,,,,0.00022,0.00000,3.8,0.00005
3383,1,,,,,0.00022,0.00000,3.1,0.00003,1,,,,,0.00022,0.00001,3.8,0.00004
3384,1,,,,,0.00022,0.00000,3.1,0.00004,1,,,,,0.00022,0.00000,3.8,0.00004
3385,1,,,,,0.00022,0.00000,3.2,0.00004,1,,,,,0.00022,0.00000,3.7,0.00004
3386,1,,,,,0.00022,0.00000,3.2,0.00004,1,,,,,0.00022,0.00000,3.8,0.00004
3387,1,,,,,0.00022,0.00000,3.2,0.00004,1,,,,,0.00022,0.00001,3.7,0.00004
3388,1,,,,,0.00022,0.00000,3.2,0.00004,1,,,,,0.00022,0.00000,3.7,0.00004
3389,1,,,,,0.00022,0.00000,3.2,0.00004,1,,,,,0.00022,0.00000,3.7,0.00004
3390,1,,,,,0.00022,0.00000,3.1,0.00004,1,,,,,0.00022,0.00000,3.7,0.00005
3391,1,,,,,0.00022,0.00000,3.2,0.00004,1,,,,,0.00022,0.00000,3.8,0.00005
3392,1,,,,,0.00022,0.00000,3.1,0.00004,1,,,,,0.00022,0.00000,3.7,0.00004
3393,1,,,,,0.00022,0.00000,3.2,0.00003,1,,,,,0.00022,0.00000,3.8,0.00004
3394,1,,,,,0.00022,0.00000,3.2,0.00004,1,,,,,0.00022,0.00000,3.8,0.00004
3395,1,,,,,0.00022,0.00000,3.2,0.00004,1,,,,,0.00022,0.00000,3.6,0.00004
3396,1,,,,,0.00022,0.00000,3.2,0.00004,1,,,,,0.00022,0.00000,3.6,0.00004
3397,1,,,,,0.00022,0.00000,3.2,0.00004,1,,,,,0.00022,0.00000,3.4,0.00004
3398,1,,,,,0.00022,0.00000,3.2,0.00004,1,,,,,0.00022,0.00001,3.4,0.00004
3399,1,,,,,0.00022,0.00001,3.3,0.00004,1,,,,,0.00022,0.00000,3.5,0.00004
3400,1,,,,,0.00022,0.00000,3.2,0.00004,1,,,,,0.00022,0.00000,3.5,0.00004
3401,1,,,,,0.00022,0.00000,3.2,0.00004,1,,,,,0.00022,0.00000,3.4,0.00004
3402,1,,,,,0.00022,0.00000,3.2,0.00004,1,,,,,0.00022,0.00000,3.4,0.00004
3403,1,,,,,0.00022,0.00000,3.2,0.00004,1,,,,,0.00022,0.00000,3.4,0.00004
3404,1,,,,,0.00022,0.00000,3.2,0.00004,1,,,,,0.00022,0.00000,3.5,0.00004
3405,1,,,,,0.00022,0.00000,3.2,0.00004,1,,,,,0.00022,0.00000,3.4,0.00004
3406,1,,,,,0.00022,0.00000,3.1,0.00004,1,,,,,0.00022,0.00000,3.4,0.00004
3407,1,,,,,0.00022,0.00000,3.2,0.00004,1,,,,,0.00022,0.00000,3.5,0.00004
3408,1,,,,,0.00022,0.00000,3.1,0.00004,1,,,,,0.00022,0.00000,3.4,0.00004
3409,1,,,,,0.00022,0.00000,3.3,0.00004,1,,,,,0.00022,0.00000,3.4,0.00004
3410,1,,,,,0.00022,0.00001,3.2,0.00004,1,,,,,0.00022,0.00001,3.5,0.00004
3411,1,,,,,0.00022,0.00000,3.2,0.00004,1,,,,,0.00022,0.00000,3.5,0.00004
3412,1,,,,,0.00022,0.00000,3.2,0.00004,1,,,,,0.00022,0.00000,3.4,0.00004
3413,1,,,,,0.00022,0.00000,3.2,0.00004,1,,,,,0.00022,0.00000,3.5,0.00004
3414,1,,,,,0.00022,0.00000,3.2,0.00003,1,,,,,0.00022,0.00000,3.4,0.00004
3415,1,,,,,0.00022,0.00001,3.1,0.00004,1,,,,,0.00022,0.00000,3.5,0.00004
3416,1,,,,,0.00022,0.00000,3.2,0.00004,1,,,,,0.00022,0.00001,3.4,0.00004
3417,1,,,,,0.00022,0.00001,3.2,0.00004,1,,,,,0.00022,0.00000,3.6,0.00004
3418,1,,,,,0.00022,0.00000,3.2,0.00004,1,,,,,0.00022,0.00000,3.5,0.00004
3419,1,,,,,0.00022,0.00000,3.2,0.00004,1,,,,,0.00022,0.00000,3.4,0.00004
3420,1,,,,,0.00022,0.00000,3.3,0.00004,1,,,,,0.00022,0.00000,3.4,0.00004
3421,1,,,,,0.00022,0.00000,3.2,0.00004,1,,,,,0.00022,0.00001,3.4,0.00004
3422,1,,,,,0.00022,0.00000,3.2,0.00004,1,,,,,0.00022,0.00000,3.4,0.00004
3423,1,,,,,0.00022,0.00000,3.2,0.00004,1,,,,,0.00022,0.00000,3.4,0.00004
3424,1,,,,,0.00022,0.00001,3.2,0.00004,1,,,,,0.00022,0.00000,3.6,0.00004
3425,1,,,,,0.00022,0.00000,3.2,0.00004,1,,,,,0.00022,0.00000,3.7,0.00004
3426,1,,,,,0.00022,0.00000,3.2,0.00003,1,,,,,0.00022,0.00000,3.6,0.00004
3427,1,,,,,0.00022,0.00000,3.1,0.00004,1,,,,,0.00022,0.00001,3.7,0.00004
3428,1,,,,,0.00022,0.00000,3.3,0.00003,1,,,,,0.00022,0.00000,3.7,0.00004
3429,1,,,,,0.00022,0.00000,3.3,0.00004,1,,,,,0.00022,0.00000,3.6,0.00004
3430,1,,,,,0.00022,0.00000,3.4,0.00004,1,,,,,0.00022,0.00000,3.5,0.00005
3431,1,,,,,0.00022,0.00000,3.2,0.00004,1,,,,,0.00022,0.00000,3.4,0.00004
3432,1,,,,,0.00022,0.00000,3.3,0.00004,1,,,,,0.00022,0.00000,3.4,0.00004
3433,1,,,,,0.00022,0.00001,3.4,0.00004,1,,,,,0.00022,0.00000,3.4,0.00004
3434,1,,,,,0.00022,0.00000,3.4,0.00004,1,,,,,0.00022,0.00000,3.4,0.00004
3435,1,,,,,0.00022,0.00000,3.5,0.00004,1,,,,,0.00022,0.00000,3.4,0.00004
3436,1,,,,,0.00022,0.00000,3.5,0.00004,1,,,,,0.00022,0.00000,3.4,0.00004
3437,1,,,,,0.00022,0.00000,3.4,0.00004,1,,,,,0.00022,0.00000,3.3,0.00004
3438,1,,,,,0.00022,0.00000,3.5,0.00004,1,,,,,0.00022,0.00000,3.4,0.00004
3439,1,,,,,0.00022,0.00000,3.5,0.00004,1,,,,,0.00022,0.00001,3.4,0.00004
3440,1,,,,,0.00022,0.00000,3.5,0.00004,1,,,,,0.00022,0.00001,3.4,0.00004
3441,1,,,,,0.00022,0.00000,3.5,0.00004,1,,,,,0.00022,0.00000,3.5,0.00004
3442,1,,,,,0.00022,0.00001,3.5,0.00004,1,,,,,0.00022,0.00000,3.5,0.00004
3443,1,,,,,0.00022,0.00001,3.5,0.00004,1,,,,,0.00022,0.00000,3.4,0.00004
3444,1,,,,,0.00022,0.00000,3.5,0.00004,1,,,,,0.00022,0.00000,3.4,0.00004
3445,1,,,,,0.00022,0.00000,3.5,0.00005,1,,,,,0.00022,0.00000,3.4,0.00004
3446,1,,,,,0.00022,0.00000,3.5,0.00004,1,,,,,0.00022,0.00000,3.5,0.00004
3447,1,,,,,0.00022,0.00000,3.5,0.00004,1,,,,,0.00022,0.00000,3.4,0.00004
3448,1,,,,,0.00022,0.00000,3.5,0.00004,1,,,,,0.00022,0.00000,3.4,0.00004
3449,1,,,,,0.00022,0.00000,3.6,0.00004,1,,,,,0.00022,0.00000,3.4,0.00004
3450,1,,,,,0.00022,0.00000,3.5,0.00005,1,,,,,0.00022,0.00000,3.5,0.00004
3451,1,,,,,0.00022,0.00001,3.6,0.00004,1,,,,,0.00022,0.00001,3.4,0.00004
3452,1,,,,,0.00022,0.00000,3.7,0.00004,1,,,,,0.00022,0.00000,3.6,0.00004
3453,1,,,,,0.00022,0.00000,3.7,0.00004,1,,,,,0.00022,0.00000,3.7,0.00005
3454,1,,,,,0.00022,0.00000,3.6,0.00004,1,,,,,0.00022,0.00001,3.6,0.00004
3455,1,,,,,0.00022,0.00000,3.7,0.00004,1,,,,,0.00022,0.00000,3.6,0.00004
3456,1,,,,,0.00022,0.00000,3.7,0.00004,1,,,,,0.00022,0.00000,3.6,0.00004
3457,1,,,,,0.00022,0.00000,3.6,0.00004,1,,,,,0.00022,0.00001,3.7,0.00004
3458,1,,,,,0.00022,0.00000,3.6,0.00004,1,,,,,0.00022,0.00000,3.7,0.00005
3459,1,,,,,0.00022,0.00000,3.7,0.00004,1,,,,,0.00022,0.00000,3.7,0.00004
3460,1,,,,,0.00022,0.00001,3.6,0.00004,1,,,,,0.00022,0.00000,3.6,0.00004
3461,1,,,,,0.00022,0.00000,3.7,0.00004,1,,,,,0.00022,0.00000,3.7,0.00004
3462,1,,,,,0.00022,0.00000,3.7,0.00004,1,,,,,0.00022,0.00000,3.7,0.00004
3463,1,,,,,0.00022,0.00000,3.7,0.00004,1,,,,,0.00022,0.00001,3.7,0.00005
3464,1,,,,,0.00022,0.00000,3.6,0.00004,1,,,,,0.00022,0.00000,3.6,0.00004
3465,1,,,,,0.00022,0.00000,3.6,0.00004,1,,,,,0.00022,0.00000,3.7,0.00004
3466,1,,,,,0.00022,0.00000,3.5,0.00004,1,,,,,0.00022,0.00000,3.6,0.00004
3467,1,,,,,0.00022,0.00001,3.5,0.00004,1,,,,,0.00022,0.00001,3.7,0.00005
3468,1,,,,,0.00022,0.00000,3.5,0.00004,1,,,,,0.00022,0.00000,3.5,0.00004
3469,1,,,,,0.00022,0.00001,3.6,0.00004,1,,,,,0.00022,0.00000,3.4,0.00004
3470,1,,,,,0.00022,0.00001,3.5,0.00004,1,,,,,0.00022,0.00000,3.4,0.00004
3471,1,,,,,0.00022,0.00000,3.5,0.00004,1,,,,,0.00022,0.00000,3.5,0.00004
3472,1,,,,,0.00022,0.00000,3.5,0.00004,1,,,,,0.00022,0.00000,3.4,0.00004
3473,1,,,,,0.00022,0.00000,3.6,0.00004,1,,,,,0.00022,0.00000,3.4,0.00004
3474,1,,,,,0.00022,0.00000,3.6,0.00004,1,,,,,0.00022,0.00000,3.5,0.00004
3475,1,,,,,0.00022,0.00000,3.6,0.00004,1,,,,,0.00022,0.00000,3.5,0.00004
3476,1,,,,,0.00022,0.00000,3.6,0.00004,1,,,,,0.00022,0.00000,3.5,0.00004
3477,1,,,,,0.00022,0.00000,3.5,0.00004,1,,,,,0.00022,0.00001,3.5,0.00004
3478,1,,,,,0.00022,0.00000,3.6,0.00004,1,,,,,0.00022,0.00000,3.5,0.00004
3479,1,,,,,0.00022,0.00000,3.6,0.00004,1,,,,,0.00022,0.00000,3.4,0.00004
3480,1,,,,,0.00022,0.00000,3.6,0.00004,1,,,,,0.00022,0.00000,3.5,0.00004
3481,1,,,,,0.00022,0.00000,3.5,0.00004,1,,,,,0.00022,0.00000,3.5,0.00004
3482,1,,,,,0.00022,0.00000,3.6,0.00004,1,,,,,0.00022,0.00000,3.4,0.00004
3483,1,,,,,0.00022,0.00000,3.6,0.00004,1,,,,,0.00022,0.00000,3.4,0.00004
3484,1,,,,,0.00022,0.00000,3.6,0.00004,1,,,,,0.00022,0.00000,3.4,0.00004
3485,1,,,,,0.00022,0.00000,3.6,0.00004,1,,,,,0.00022,0.00000,3.4,0.00004
3486,1,,,,,0.00022,0.00000,3.6,0.00004,1,,,,,0.00022,0.00000,3.5,0.00004
3487,1,,,,,0.00022,0.00000,3.6,0.00004,1,,,,,0.00022,0.00000,3.5,0.00004
3488,1,,,,,0.00022,0.00000,3.6,0.00004,1,,,,,0.00022,0.00000,3.5,0.00004
3489,1,,,,,0.00022,0.00000,3.6,0.00004,1,,,,,0.00022,0.00000,3.5,0.00004
3490,1,,,,,0.00022,0.00000,3.6,0.00004,1,,,,,0.00022,0.00001,3.5,0.00004
3491,1,,,,,0.00022,0.00000,3.7,0.00004,1,,,,,0.00022,0.00000,3.7,0.00004
3492,1,,,,,0.00022,0.00000,3.6,0.00004,1,,,,,0.00022,0.00001,3.7,0.00004
3493,1,,,,,0.00022,0.00000,3.7,0.00004,1,,,,,0.00022,0.00001,3.5,0.00004
3494,1,,,,,0.00022,0.00000,3.7,0.00004,1,,,,,0.00022,0.00000,3.7,0.00004
3495,1,,,,,0.00022,0.00000,3.7,0.00004,1,,,,,0.00022,0.00000,3.8,0.00004
3496,1,,,,,0.00022,0.00000,3.6,0.00004,1,,,,,0.00022,0.00000,3.7,0.00004
3497,1,,,,,0.00022,0.00000,3.6,0.00004,1,,,,,0.00022,0.00000,3.7,0.00004
3498,1,,,,,0.00022,0.00000,3.6,0.00004,1,,,,,0.00022,0.00000,3.7,0.00004
3499,1,,,,,0.00022,0.00000,3.6,0.00004,1,,,,,0.00022,0.00000,3.7,0.00004
3500,1,,,,,0.00022,0.00000,3.6,0.00004,1,,,,,0.00022,0.00000,3.7,0.00004
3501,1,,,,,0.00022,0.00000,3.6,0.00004,1,,,,,0.00022,0.00000,3.7,0.00004
3502,1,,,,,0.00023,0.00000,3.6,0.00004,1,,,,,0.00022,0.00000,3.7,0.00004
3503,1,,,,,0.00022,0.00000,3.6,0.00004,1,,,,,0.00022,0.00000,3.5,0.00004
3504,1,,,,,0.00022,0.00000,3.5,0.00004,1,,,,,0.00022,0.00000,3.5,0.00004
3505,1,,,,,0.00022,0.00000,3.6,0.00004,1,,,,,0.00022,0.00000,3.5,0.00004
3506,1,,,,,0.00022,0.00001,3.6,0.00004,1,,,,,0.00022,0.00000,3.5,0.00004
3507,1,,,,,0.00022,0.00001,3.6,0.00004,1,,,,,0.00022,0.00000,3.4,0.00004
3508,1,,,,,0.00022,0.00000,3.6,0.00004,1,,,,,0.00022,0.00000,3.4,0.00004
3509,1,,,,,0.00022,0.00000,3.6,0.00004,1,,,,,0.00022,0.00000,3.5,0.00004
3510,1,,,,,0.00022,0.00001,3.6,0.00004,1,,,,,0.00022,0.00001,3.6,0.00004
3511,1,,,,,0.00022,0.00000,3.6,0.00004,1,,,,,0.00022,0.00000,3.5,0.00004
3512,1,,,,,0.00022,0.00000,3.6,0.00004,1,,,,,0.00022,0.00000,3.5,0.00004
3513,1,,,,,0.00022,0.00000,3.6,0.00004,1,,,,,0.00022,0.00000,3.5,0.00004
3514,1,,,,,0.00022,0.00000,3.6,0.00004,1,,,,,0.00022,0.00000,3.5,0.00004
3515,1,,,,,0.00022,0.00000,3.6,0.00004,1,,,,,0.00022,0.00000,3.5,0.00004
3516,1,,,,,0.00022,0.00000,3.6,0.00004,1,,,,,0.00022,0.00001,3.5,0.00004
3517,1,,,,,0.00022,0.00000,3.6,0.00004,1,,,,,0.00022,0.00000,3.5,0.00004
3518,1,,,,,0.00022,0.00000,3.6,0.00004,1,,,,,0.00022,0.00000,3.5,0.00004
3519,1,,,,,0.00022,0.00000,3.6,0.00004,1,,,,,0.00022,0.00000,3.6,0.00004
3520,1,,,,,0.00022,0.00000,3.6,0.00005,1,,,,,0.00022,0.00000,3.5,0.00004
3521,1,,,,,0.00022,0.00000,3.6,0.00004,1,,,,,0.00022,0.00000,3.5,0.00004
3522,1,,,,,0.00022,0.00001,3.6,0.00004,1,,,,,0.00022,0.00001,3.6,0.00004
3523,1,,,,,0.00022,0.00000,3.6,0.00004,1,,,,,0.00022,0.00000,3.5,0.00004
3524,1,,,,,0.00022,0.00001,3.6,0.00004,1,,,,,0.00022,0.00000,3.6,0.00004
3525,1,,,,,0.00022,0.00000,3.6,0.00004,1,,,,,0.00022,0.00000,3.5,0.00004
3526,1,,,,,0.00022,0.00000,3.7,0.00004,1,,,,,0.00022,0.00000,3.5,0.00004
3527,1,,,,,0.00022,0.00000,3.6,0.00004,1,,,,,0.00022,0.00000,3.7,0.00004
3528,1,,,,,0.00022,0.00000,3.6,0.00004,1,,,,,0.00022,0.00001,3.8,0.00004
3529,1,,,,,0.00022,0.00000,3.6,0.00004,1,,,,,0.00022,0.00001,3.8,0.00004
3530,1,,,,,0.00022,0.00000,3.6,0.00004,1,,,,,0.00022,0.00000,3.8,0.00004
3531,1,,,,,0.00022,0.00000,3.7,0.00004,1,,,,,0.00022,0.00001,3.7,0.00004
3532,1,,,,,0.00022,0.00001,3.6,0.00004,1,,,,,0.00022,0.00001,3.8,0.00004
3533,1,,,,,0.00022,0.00001,3.6,0.00004,1,,,,,0.00022,0.00000,3.8,0.00004
3534,1,,,,,0.00022,0.00000,3.7,0.00004,1,,,,,0.00022,0.00000,3.8,0.00004
3535,1,,,,,0.00022,0.00000,3.7,0.00005,1,,,,,0.00022,0.00000,3.8,0.00005
3536,1,,,,,0.00022,0.00000,3.6,0.00004,1,,,,,0.00022,0.00000,3.8,0.00004
3537,1,,,,,0.00022,0.00000,3.7,0.00004,1,,,,,0.00022,0.00000,3.8,0.00004
3538,1,,,,,0.00022,0.00000,3.7,0.00004,1,,,,,0.00022,0.00000,3.7,0.00004
3539,1,,,,,0.00022,0.00000,3.7,0.00004,1,,,,,0.00022,0.00000,3.5,0.00004
3540,1,,,,,0.00022,0.00000,3.7,0.00004,1,,,,,0.00022,0.00000,3.5,0.00004
3541,1,,,,,0.00022,0.00001,3.7,0.00004,1,,,,,0.00022,0.00000,3.5,0.00004
3542,1,,,,,0.00022,0.00000,3.6,0.00004,1,,,,,0.00022,0.00000,3.4,0.00004
3543,1,,,,,0.00022,0.00000,3.6,0.00004,1,,,,,0.00022,0.00000,3.5,0.00004
3544,1,,,,,0.00022,0.00000,3.6,0.00004,1,,,,,0.00022,0.00000,3.5,0.00004
3545,1,,,,,0.00022,0.00000,3.6,0.00004,1,,,,,0.00022,0.00001,3.5,0.00004
3546,1,,,,,0.00022,0.00000,3.6,0.00004,1,,,,,0.00022,0.00001,3.5,0.00004
3547,1,,,,,0.00022,0.00001,3.7,0.00004,1,,,,,0.00022,0.00000,3.5,0.00004
3548,1,,,,,0.00022,0.00000,3.6,0.00004,1,,,,,0.00022,0.00000,3.5,0.00004
3549,1,,,,,0.00022,0.00001,3.7,0.00004,1,,,,,0.00022,0.00000,3.5,0.00004
3550,1,,,,,0.00022,0.00001,3.7,0.00004,1,,,,,0.00022,0.00000,3.5,0.00004
3551,1,,,,,0.00022,0.00000,3.7,0.00004,1,,,,,0.00022,0.00000,3.5,0.00004
3552,1,,,,,0.00022,0.00000,3.6,0.00004,1,,,,,0.00022,0.00000,3.5,0.00004
3553,1,,,,,0.00022,0.00000,3.7,0.00004,1,,,,,0.00022,0.00000,3.5,0.00004
3554,1,,,,,0.00022,0.00000,3.7,0.00004,1,,,,,0.00022,0.00000,3.5,0.00004
3555,1,,,,,0.00022,0.00000,3.7,0.00005,1,,,,,0.00022,0.00000,3.5,0.00004
3556,1,,,,,0.00022,0.00000,3.6,0.00004,1,,,,,0.00022,0.00000,3.5,0.00004
3557,1,,,,,0.00022,0.00000,3.7,0.00004,1,,,,,0.00022,0.00000,3.5,0.00004
3558,1,,,,,0.00022,0.00000,3.7,0.00004,1,,,,,0.00022,0.00000,3.5,0.00004
3559,1,,,,,0.00022,0.00000,3.6,0.00004,1,,,,,0.00022,0.00000,3.5,0.00004
3560,1,,,,,0.00022,0.00000,3.6,0.00004,1,,,,,0.00022,0.00000,3.5,0.00004
3561,1,,,,,0.00022,0.00000,3.6,0.00004,1,,,,,0.00022,0.00000,3.5,0.00004
3562,1,,,,,0.00022,0.00000,3.8,0.00004,1,,,,,0.00022,0.00000,3.5,0.00004
3563,1,,,,,0.00022,0.00000,3.9,0.00004,1,,,,,0.00022,0.00000,3.6,0.00004
3564,1,,,,,0.00022,0.00000,3.8,0.00004,1,,,,,0.00022,0.00000,3.5,0.00004
3565,1,,,,,0.00022,0.00000,3.9,0.00004,1,,,,,0.00022,0.00000,3.5,0.00004
3566,1,,,,,0.00022,0.00000,3.8,0.00004,1,,,,,0.00022,0.00000,3.5,0.00004
3567,1,,,,,0.00022,0.00001,3.8,0.00004,1,,,,,0.00022,0.00000,3.5,0.00004
3568,1,,,,,0.00022,0.00000,3.8,0.00004,1,,,,,0.00022,0.00000,3.5,0.00004
3569,1,,,,,0.00022,0.00001,3.9,0.00004,1,,,,,0.00022,0.00000,3.5,0.00004
3570,1,,,,,0.00022,0.00001,3.8,0.00004,1,,,,,0.00022,0.00000,3.4,0.00004
3571,1,,,,,0.00022,0.00000,3.9,0.00004,1,,,,,0.00022,0.00000,3.5,0.00004
3572,1,,,,,0.00022,0.00000,3.8,0.00004,1,,,,,0.00022,0.00000,3.7,0.00004
3573,1,,,,,0.00022,0.00000,3.8,0.00004,1,,,,,0.00022,0.00000,3.7,0.00004
3574,1,,,,,0.00022,0.00000,3.9,0.00004,1,,,,,0.00022,0.00000,3.7,0.00004
3575,1,,,,,0.00022,0.00000,3.9,0.00005,1,,,,,0.00022,0.00000,3.6,0.00004
3576,1,,,,,0.00022,0.00001,3.9,0.00004,1,,,,,0.00022,0.00000,3.7,0.00005
3577,1,,,,,0.00022,0.00001,3.8,0.00004,1,,,,,0.00022,0.00000,3.7,0.00004
3578,1,,,,,0.00022,0.00001,3.9,0.00004,1,,,,,0.00022,0.00000,3.7,0.00004
3579,1,,,,,0.00022,0.00000,3.9,0.00004,1,,,,,0.00022,0.00001,3.7,0.00004
3580,1,,,,,0.00022,0.00000,3.9,0.00004,1,,,,,0.00022,0.00000,3.5,0.00004
3581,1,,,,,0.00022,0.00001,3.9,0.00004,1,,,,,0.00022,0.00000,3.4,0.00004
3582,1,,,,,0.00022,0.00000,3.9,0.00004,1,,,,,0.00022,0.00000,3.4,0.00004
3583,1,,,,,0.00022,0.00000,3.8,0.00004,1,,,,,0.00022,0.00001,3.7,0.00004
3584,1,,,,,0.00022,0.00000,3.7,0.00004,1,,,,,0.00022,0.00000,3.8,0.00004
3585,1,,,,,0.00022,0.00000,3.7,0.00004,1,,,,,0.00022,0.00000,3.5,0.00004
3586,1,,,,,0.00022,0.00000,3.7,0.00004,1,,,,,0.00022,0.00000,3.5,0.00004
3587,1,,,,,0.00022,0.00001,3.8,0.00004,1,,,,,0.00022,0.00000,3.5,0.00004
3588,1,,,,,0.00022,0.00000,3.8,0.00004,1,,,,,0.00022,0.00000,3.5,0.00004
3589,1,,,,,0.00022,0.00000,3.7,0.00004,1,,,,,0.00022,0.00000,3.5,0.00004
3590,1,,,,,0.00022,0.00000,3.7,0.00004,1,,,,,0.00022,0.00000,3.5,0.00004
3591,1,,,,,0.00022,0.00000,3.7,0.00004,1,,,,,0.00022,0.00000,3.5,0.00004
3592,1,,,,,0.00022,0.00000,3.7,0.00004,1,,,,,0.00022,0.00000,3.5,0.00004
3593,1,,,,,0.00022,0.00000,3.7,0.00004,1,,,,,0.00022,0.00000,3.5,0.00004
3594,1,,,,,0.00022,0.00000,3.7,0.00004,1,,,,,0.00022,0.00000,3.5,0.00004
3595,1,,,,,0.00022,0.00000,3.7,0.00004,1,,,,,0.00022,0.00000,3.5,0.00004
3596,1,,,,,0.00022,0.00000,3.7,0.00004,1,,,,,0.00022,0.00000,3.5,0.00004
3597,1,,,,,0.00022,0.00000,3.9,0.00004,1,,,,,0.00022,0.00000,3.5,0.00004
3598,1,,,,,0.00022,0.00001,3.9,0.00004,1,,,,,0.00022,0.00000,3.5,0.00004
3599,1,,,,,0.00022,0.00001,3.9,0.00004,1,,,,,0.00022,0.00000,3.5,0.00004
3600,1,,,,,0.00022,0.00000,3.9,0.00004,1,,,,,0.00022,0.00000,3.5,0.00004
3601,1,,,,,0.00022,0.00001,3.8,0.00004,1,,,,,0.00022,0.00000,3.5,0.00004
3602,1,,,,,0.00022,0.00000,3.7,0.00004,1,,,,,0.00022,0.00000,3.7,0.00004
3603,1,,,,,0.00022,0.00001,3.7,0.00004,1,,,,,0.00022,0.00000,3.7,0.00004
3604,1,,,,,0.00022,0.00000,3.8,0.00004,1,,,,,0.00022,0.00001,3.8,0.00004
3605,1,,,,,0.00022,0.00000,3.9,0.00004,1,,,,,0.00022,0.00000,3.7,0.00004
3606,1,,,,,0.00022,0.00000,3.8,0.00004,1,,,,,0.00022,0.00000,3.7,0.00004
3607,1,,,,,0.00022,0.00000,3.9,0.00004,1,,,,,0.00022,0.00000,3.7,0.00004
3608,1,,,,,0.00022,0.00000,3.9,0.00004,1,,,,,0.00022,0.00000,3.7,0.00004
3609,1,,,,,0.00022,0.00000,3.9,0.00005,1,,,,,0.00022,0.00000,3.7,0.00004
3610,1,,,,,0.00022,0.00000,3.8,0.00004,1,,,,,0.00022,0.00000,3.8,0.00004
3611,1,,,,,0.00022,0.00001,3.8,0.00004,1,,,,,0.00022,0.00001,3.7,0.00004
3612,1,,,,,0.00022,0.00000,3.8,0.00004,1,,,,,0.00022,0.00000,3.7,0.00004
3613,1,,,,,0.00022,0.00000,3.8,0.00004,1,,,,,0.00022,0.00000,3.7,0.00004
3614,1,,,,,0.00022,0.00000,3.8,0.00004,1,,,,,0.00022,0.00000,3.7,0.00004
3615,1,,,,,0.00022,0.00000,3.9,0.00004,1,,,,,0.00022,0.00001,3.7,0.00004
3616,1,,,,,0.00022,0.00001,3.8,0.00004,1,,,,,0.00022,0.00000,3.7,0.00004
3617,1,,,,,0.00022,0.00000,3.8,0.00004,1,,,,,0.00022,0.00000,3.7,0.00004
3618,1,,,,,0.00022,0.00001,3.8,0.00004,1,,,,,0.00022,0.00001,3.6,0.00004
3619,1,,,,,0.00022,0.00000,3.8,0.00004,1,,,,,0.00022,0.00001,3.7,0.00004
3620,1,,,,,0.00022,0.00000,3.8,0.00004,1,,,,,0.00022,0.00000,3.6,0.00004
3621,1,,,,,0.00022,0.00000,3.5,0.00004,1,,,,,0.00022,0.00000,3.5,0.00004
3622,1,,,,,0.00022,0.00000,3.5,0.00004,1,,,,,0.00022,0.00000,3.5,0.00004
3623,1,,,,,0.00022,0.00000,3.5,0.00004,1,,,,,0.00022,0.00000,3.5,0.00004
3624,1,,,,,0.00022,0.00000,3.5,0.00004,1,,,,,0.00022,0.00000,3.5,0.00004
3625,1,,,,,0.00022,0.00001,3.4,0.00004,1,,,,,0.00022,0.00000,3.5,0.00004
3626,1,,,,,0.00022,0.00000,3.4,0.00004,1,,,,,0.00022,0.00000,3.5,0.00004
3627,1,,,,,0.00022,0.00000,3.5,0.00004,1,,,,,0.00022,0.00001,3.5,0.00004
3628,1,,,,,0.00022,0.00000,3.4,0.00004,1,,,,,0.00022,0.00000,3.5,0.00004
3629,1,,,,,0.00022,0.00000,3.4,0.00004,1,,,,,0.00022,0.00000,3.5,0.00004
3630,1,,,,,0.00022,0.00000,3.5,0.00004,1,,,,,0.00022,0.00000,3.5,0.00004
3631,1,,,,,0.00022,0.00000,3.5,0.00004,1,,,,,0.00022,0.00000,3.5,0.00004
3632,1,,,,,0.00022,0.00000,3.5,0.00005,1,,,,,0.00022,0.00000,3.5,0.00004
3633,1,,,,,0.00022,0.00000,3.5,0.00004,1,,,,,0.00022,0.00000,3.5,0.00004
3634,1,,,,,0.00022,0.00000,3.5,0.00004,1,,,,,0.00022,0.00000,3.5,0.00004
3635,1,,,,,0.00022,0.00001,3.5,0.00004,1,,,,,0.00022,0.00000,3.5,0.00004
3636,1,,,,,0.00022,0.00000,3.5,0.00004,1,,,,,0.00022,0.00000,3.5,0.00004
3637,1,,,,,0.00022,0.00000,3.5,0.00004,1,,,,,0.00022,0.00000,3.5,0.00004
3638,1,,,,,0.00022,0.00000,3.5,0.00005,1,,,,,0.00022,0.00000,3.5,0.00004
3639,1,,,,,0.00022,0.00000,3.5,0.00004,1,,,,,0.00022,0.00000,3.5,0.00004
3640,1,,,,,0.00022,0.00000,3.4,0.00004,1,,,,,0.00022,0.00000,3.5,0.00004
3641,1,,,,,0.00022,0.00000,3.4,0.00004,1,,,,,0.00022,0.00000,3.5,0.00004
3642,1,,,,,0.00022,0.00000,3.5,0.00004,1,,,,,0.00022,0.00000,3.5,0.00004
3643,1,,,,,0.00022,0.00000,3.5,0.00004,1,,,,,0.00022,0.00000,3.5,0.00004
3644,1,,,,,0.00022,0.00000,3.5,0.00004,1,,,,,0.00022,0.00000,3.5,0.00004
3645,1,,,,,0.00022,0.00000,3.5,0.00004,1,,,,,0.00022,0.00000,3.4,0.00004
3646,1,,,,,0.00022,0.00000,3.5,0.00004,1,,,,,0.00022,0.00001,3.5,0.00004
3647,1,,,,,0.00022,0.00000,3.5,0.00004,1,,,,,0.00022,0.00000,3.5,0.00004
3648,1,,,,,0.00022,0.00000,3.4,0.00004,1,,,,,0.00022,0.00000,3.5,0.00004
3649,1,,,,,0.00022,0.00000,3.4,0.00004,1,,,,,0.00022,0.00001,3.5,0.00004
3650,1,,,,,0.00022,0.00000,3.4,0.00004,1,,,,,0.00022,0.00001,3.5,0.00004
3651,1,,,,,0.00022,0.00001,3.7,0.00004,1,,,,,0.00022,0.00000,3.7,0.00004
3652,1,,,,,0.00022,0.00000,3.5,0.00004,1,,,,,0.00022,0.00001,3.5,0.00004
3653,1,,,,,0.00022,0.00001,3.4,0.00004,1,,,,,0.00022,0.00000,3.4,0.00004
3654,1,,,,,0.00022,0.00000,3.4,0.00004,1,,,,,0.00022,0.00000,3.5,0.00004
3655,1,,,,,0.00022,0.00000,3.4,0.00004,1,,,,,0.00022,0.00000,3.5,0.00004
3656,1,,,,,0.00022,0.00000,3.4,0.00004,1,,,,,0.00022,0.00000,3.5,0.00004
3657,1,,,,,0.00022,0.00000,3.4,0.00004,1,,,,,0.00022,0.00000,3.5,0.00004
3658,1,,,,,0.00022,0.00001,3.4,0.00004,1,,,,,0.00022,0.00000,3.5,0.00004
3659,1,,,,,0.00022,0.00001,3.5,0.00004,1,,,,,0.00022,0.00000,3.5,0.00004
3660,1,,,,,0.00022,0.00000,3.4,0.00004,1,,,,,0.00022,0.00000,3.5,0.00004
3661,1,,,,,0.00022,0.00000,3.4,0.00004,1,,,,,0.00022,0.00000,3.5,0.00004
3662,1,,,,,0.00022,0.00000,3.4,0.00004,1,,,,,0.00022,0.00000,3.5,0.00004
3663,1,,,,,0.00022,0.00000,3.4,0.00004,1,,,,,0.00022,0.00000,3.5,0.00004
3664,1,,,,,0.00022,0.00000,3.4,0.00004,1,,,,,0.00022,0.00000,3.5,0.00004
3665,1,,,,,0.00022,0.00000,3.4,0.00004,1,,,,,0.00022,0.00000,3.5,0.00004
3666,1,,,,,0.00022,0.00000,3.4,0.00004,1,,,,,0.00022,0.00000,3.5,0.00004
3667,1,,,,,0.00022,0.00000,3.4,0.00004,1,,,,,0.00022,0.00001,3.5,0.00004
3668,1,,,,,0.00022,0.00000,3.4,0.00004,1,,,,,0.00022,0.00000,3.5,0.00004
3669,1,,,,,0.00022,0.00000,3.4,0.00004,1,,,,,0.00022,0.00000,3.5,0.00004
3670,1,,,,,0.00022,0.00000,3.4,0.00004,1,,,,,0.00022,0.00000,3.4,0.00004
3671,1,,,,,0.00022,0.00001,3.4,0.00004,1,,,,,0.00022,0.00000,3.5,0.00004
3672,1,,,,,0.00022,0.00000,3.5,0.00004,1,,,,,0.00022,0.00001,3.5,0.00004
3673,1,,,,,0.00022,0.00001,3.4,0.00004,1,,,,,0.00022,0.00000,3.5,0.00004
3674,1,,,,,0.00022,0.00001,3.4,0.00004,1,,,,,0.00022,0.00000,3.5,0.00004
3675,1,,,,,0.00022,0.00001,3.4,0.00004,1,,,,,0.00022,0.00000,3.5,0.00004
3676,1,,,,,0.00022,0.00000,3.4,0.00004,1,,,,,0.00022,0.00000,3.5,0.00004
3677,1,,,,,0.00022,0.00000,3.7,0.00005,1,,,,,0.00022,0.00000,3.7,0.00004
3678,1,,,,,0.00022,0.00000,3.6,0.00004,1,,,,,0.00022,0.00001,3.8,0.00004
3679,1,,,,,0.00022,0.00001,3.6,0.00004,1,,,,,0.00022,0.00000,3.8,0.00004
3680,1,,,,,0.00022,0.00000,3.7,0.00005,1,,,,,0.00022,0.00000,3.8,0.00005
3681,1,,,,,0.00022,0.00001,3.7,0.00005,1,,,,,0.00022,0.00000,3.8,0.00005
3682,1,,,,,0.00022,0.00000,3.7,0.00004,1,,,,,0.00022,0.00000,3.7,0.00004
3683,1,,,,,0.00022,0.00000,3.6,0.00004,1,,,,,0.00022,0.00000,3.6,0.00004
3684,1,,,,,0.00022,0.00000,3.6,0.00004,1,,,,,0.00022,0.00000,3.7,0.00005
3685,1,,,,,0.00022,0.00000,3.6,0.00004,1,,,,,0.00022,0.00000,3.7,0.00004
3686,1,,,,,0.00022,0.00000,3.6,0.00004,1,,,,,0.00022,0.00000,3.7,0.00004
3687,1,,,,,0.00022,0.00000,3.7,0.00004,1,,,,,0.00022,0.00000,3.7,0.00004
3688,1,,,,,0.00022,0.00001,3.6,0.00004,1,,,,,0.00022,0.00000,3.6,0.00004
3689,1,,,,,0.00022,0.00001,3.6,0.00004,1,,,,,0.00022,0.00000,3.7,0.00004
3690,1,,,,,0.00022,0.00000,3.7,0.00005,1,,,,,0.00022,0.00000,3.7,0.00004
3691,1,,,,,0.00022,0.00000,3.6,0.00004,1,,,,,0.00022,0.00000,3.5,0.00005
3692,1,,,,,0.00022,0.00000,3.7,0.00004,1,,,,,0.00022,0.00000,3.5,0.00004
3693,1,,,,,0.00022,0.00001,3.7,0.00004,1,,,,,0.00022,0.00001,3.5,0.00004
3694,1,,,,,0.00022,0.00000,3.6,0.00004,1,,,,,0.00022,0.00000,3.4,0.00004
3695,1,,,,,0.00022,0.00000,3.5,0.00004,1,,,,,0.00022,0.00000,3.5,0.00004
3696,1,,,,,0.00022,0.00000,3.4,0.00004,1,,,,,0.00022,0.00000,3.5,0.00004
3697,1,,,,,0.00022,0.00001,3.4,0.00004,1,,,,,0.00022,0.00000,3.5,0.00004
3698,1,,,,,0.00022,0.00000,3.4,0.00004,1,,,,,0.00022,0.00000,3.5,0.00004
3699,1,,,,,0.00022,0.00001,3.5,0.00004,1,,,,,0.00022,0.00000,3.4,0.00004
3700,1,,,,,0.00022,0.00000,3.5,0.00004,1,,,,,0.00022,0.00000,3.5,0.00004
3701,1,,,,,0.00022,0.00001,3.5,0.00005,1,,,,,0.00022,0.00000,3.5,0.00004
3702,1,,,,,0.00022,0.00000,3.4,0.00004,1,,,,,0.00022,0.00000,3.5,0.00004
3703,1,,,,,0.00022,0.00001,3.5,0.00004,1,,,,,0.00022,0.00000,3.5,0.00004
3704,1,,,,,0.00022,0.00001,3.4,0.00004,1,,,,,0.00022,0.00000,3.5,0.00004
3705,1,,,,,0.00022,0.00001,3.4,0.00004,1,,,,,0.00022,0.00000,3.5,0.00004
3706,1,,,,,0.00022,0.00001,3.4,0.00004,1,,,,,0.00022,0.00000,3.5,0.00004
3707,1,,,,,0.00022,0.00000,3.5,0.00004,1,,,,,0.00022,0.00000,3.5,0.00004
3708,1,,,,,0.00022,0.00000,3.5,0.00004,1,,,,,0.00022,0.00000,3.4,0.00004
3709,1,,,,,0.00022,0.00000,3.5,0.00004,1,,,,,0.00022,0.00000,3.5,0.00004
3710,1,,,,,0.00022,0.00000,3.5,0.00004,1,,,,,0.00022,0.00000,3.5,0.00004
3711,1,,,,,0.00022,0.00000,3.4,0.00004,1,,,,,0.00022,0.00000,3.5,0.00004
3712,1,,,,,0.00022,0.00000,3.4,0.00004,1,,,,,0.00022,0.00000,3.5,0.00004
3713,1,,,,,0.00022,0.00000,3.5,0.00004,1,,,,,0.00022,0.00000,3.5,0.00004
3714,1,,,,,0.00022,0.00000,3.5,0.00004,1,,,,,0.00022,0.00000,3.5,0.00004
3715,1,,,,,0.00022,0.00000,3.5,0.00004,1,,,,,0.00022,0.00000,3.5,0.00004
3716,1,,,,,0.00022,0.00000,3.5,0.00004,1,,,,,0.00022,0.00001,3.5,0.00004
3717,1,,,,,0.00022,0.00000,3.5,0.00004,1,,,,,0.00022,0.00000,3.5,0.00004
3718,1,,,,,0.00022,0.00000,3.5,0.00004,1,,,,,0.00022,0.00000,3.5,0.00004
3719,1,,,,,0.00022,0.00000,3.5,0.00004,1,,,,,0.00022,0.00000,3.5,0.00004
3720,1,,,,,0.00022,0.00001,3.5,0.00004,1,,,,,0.00022,0.00000,3.4,0.00004
3721,1,,,,,0.00022,0.00000,3.5,0.00004,1,,,,,0.00022,0.00000,3.5,0.00004
3722,1,,,,,0.00022,0.00000,3.5,0.00004,1,,,,,0.00022,0.00000,3.7,0.00004
3723,1,,,,,0.00022,0.00000,3.5,0.00004,1,,,,,0.00022,0.00001,3.7,0.00004
3724,1,,,,,0.00022,0.00000,3.5,0.00004,1,,,,,0.00022,0.00000,3.7,0.00004
3725,1,,,,,0.00022,0.00000,3.5,0.00004,1,,,,,0.00022,0.00000,3.7,0.00005
3726,1,,,,,0.00022,0.00000,3.5,0.00004,1,,,,,0.00022,0.00000,3.7,0.00004
3727,1,,,,,0.00022,0.00000,3.5,0.00004,1,,,,,0.00022,0.00000,3.6,0.00005
3728,1,,,,,0.00022,0.00000,3.5,0.00004,1,,,,,0.00022,0.00000,3.4,0.00004
3729,1,,,,,0.00022,0.00000,3.5,0.00004,1,,,,,0.00022,0.00000,3.6,0.00004
3730,1,,,,,0.00022,0.00000,3.5,0.00004,1,,,,,0.00022,0.00001,3.7,0.00004
3731,1,,,,,0.00022,0.00000,3.5,0.00004,1,,,,,0.00022,0.00000,3.5,0.00004
3732,1,,,,,0.00022,0.00000,3.5,0.00004,1,,,,,0.00022,0.00000,3.4,0.00004
3733,1,,,,,0.00022,0.00001,3.5,0.00004,1,,,,,0.00022,0.00000,3.4,0.00004
3734,1,,,,,0.00022,0.00000,3.5,0.00004,1,,,,,0.00022,0.00000,3.5,0.00004
3735,1,,,,,0.00022,0.00000,3.5,0.00004,1,,,,,0.00022,0.00000,3.4,0.00004
3736,1,,,,,0.00022,0.00000,3.5,0.00004,1,,,,,0.00022,0.00000,3.5,0.00004
3737,1,,,,,0.00022,0.00000,3.5,0.00004,1,,,,,0.00022,0.00001,3.5,0.00004
3738,1,,,,,0.00022,0.00000,3.4,0.00003,1,,,,,0.00022,0.00000,3.5,0.00004
3739,1,,,,,0.00022,0.00000,3.5,0.00004,1,,,,,0.00022,0.00000,3.5,0.00004
3740,1,,,,,0.00022,0.00000,3.5,0.00004,1,,,,,0.00022,0.00000,3.5,0.00004
3741,1,,,,,0.00022,0.00000,3.5,0.00004,1,,,,,0.00022,0.00000,3.5,0.00004
3742,1,,,,,0.00022,0.00000,3.5,0.00004,1,,,,,0.00022,0.00001,3.5,0.00004
3743,1,,,,,0.00022,0.00000,3.5,0.00004,1,,,,,0.00022,0.00001,3.6,0.00004
3744,1,,,,,0.00022,0.00000,3.5,0.00004,1,,,,,0.00022,0.00000,3.5,0.00004
3745,1,,,,,0.00022,0.00000,3.5,0.00004,1,,,,,0.00022,0.00000,3.5,0.00004
3746,1,,,,,0.00022,0.00000,3.6,0.00004,1,,,,,0.00022,0.00000,3.5,0.00004
3747,1,,,,,0.00022,0.00000,3.6,0.00004,1,,,,,0.00022,0.00000,3.5,0.00004
3748,1,,,,,0.00022,0.00000,3.5,0.00004,1,,,,,0.00022,0.00000,3.5,0.00004
3749,1,,,,,0.00022,0.00000,3.6,0.00004,1,,,,,0.00022,0.00001,3.5,0.00004
3750,1,,,,,0.00022,0.00001,3.5,0.00004,1,,,,,0.00022,0.00000,3.5,0.00005
3751,1,,,,,0.00022,0.00000,3.5,0.00004,1,,,,,0.00022,0.00000,3.6,0.00004
3752,1,,,,,0.00022,0.00000,3.8,0.00005,1,,,,,0.00022,0.00000,3.8,0.00004
3753,1,,,,,0.00022,0.00000,3.8,0.00005,1,,,,,0.00022,0.00000,3.8,0.00004
3754,1,,,,,0.00022,0.00000,3.8,0.00004,1,,,,,0.00022,0.00001,3.8,0.00004
3755,1,,,,,0.00022,0.00000,3.8,0.00004,1,,,,,0.00022,0.00000,3.8,0.00004
3756,1,,,,,0.00022,0.00001,3.8,0.00004,1,,,,,0.00022,0.00000,3.8,0.00004
3757,1,,,,,0.00022,0.00000,3.8,0.00004,1,,,,,0.00022,0.00000,3.8,0.00004
3758,1,,,,,0.00022,0.00000,3.8,0.00004,1,,,,,0.00022,0.00000,3.8,0.00004
3759,1,,,,,0.00022,0.00000,3.7,0.00004,1,,,,,0.00022,0.00000,3.8,0.00004
3760,1,,,,,0.00022,0.00000,3.7,0.00004,1,,,,,0.00022,0.00000,3.8,0.00004
3761,1,,,,,0.00022,0.00001,3.8,0.00004,1,,,,,0.00022,0.00000,3.8,0.00004
3762,1,,,,,0.00022,0.00000,3.7,0.00003,1,,,,,0.00022,0.00001,3.8,0.00004
3763,1,,,,,0.00022,0.00000,3.7,0.00004,1,,,,,0.00022,0.00000,3.8,0.00005
3764,1,,,,,0.00022,0.00000,3.8,0.00004,1,,,,,0.00022,0.00001,3.7,0.00004
3765,1,,,,,0.00022,0.00000,3.8,0.00004,1,,,,,0.00022,0.00000,3.7,0.00004
3766,1,,,,,0.00022,0.00000,3.7,0.00004,1,,,,,0.00022,0.00001,3.8,0.00004
3767,1,,,,,0.00022,0.00000,3.5,0.00004,1,,,,,0.00022,0.00000,3.5,0.00004
3768,1,,,,,0.00022,0.00000,3.5,0.00004,1,,,,,0.00022,0.00000,3.5,0.00004
3769,1,,,,,0.00022,0.00000,3.5,0.00004,1,,,,,0.00022,0.00000,3.5,0.00004
3770,1,,,,,0.00022,0.00000,3.5,0.00004,1,,,,,0.00022,0.00000,3.5,0.00004
3771,1,,,,,0.00022,0.00000,3.5,0.00004,1,,,,,0.00022,0.00000,3.5,0.00004
3772,1,,,,,0.00022,0.00000,3.5,0.00004,1,,,,,0.00022,0.00000,3.5,0.00004
3773,1,,,,,0.00022,0.00000,3.5,0.00004,1,,,,,0.00022,0.00000,3.5,0.00004
3774,1,,,,,0.00022,0.00000,3.5,0.00004,1,,,,,0.00022,0.00000,3.5,0.00004
3775,1,,,,,0.00022,0.00000,3.5,0.00004,1,,,,,0.00022,0.00000,3.5,0.00004
3776,1,,,,,0.00022,0.00000,3.5,0.00004,1,,,,,0.00022,0.00000,3.5,0.00004
3777,1,,,,,0.00022,0.00000,3.5,0.00004,1,,,,,0.00022,0.00000,3.5,0.00004
3778,1,,,,,0.00022,0.00000,3.5,0.00004,1,,,,,0.00022,0.00000,3.5,0.00004
3779,1,,,,,0.00022,0.00000,3.6,0.00004,1,,,,,0.00022,0.00000,3.5,0.00004
3780,1,,,,,0.00022,0.00001,3.5,0.00004,1,,,,,0.00022,0.00001,3.5,0.00004
3781,1,,,,,0.00022,0.00000,3.5,0.00004,1,,,,,0.00022,0.00000,3.5,0.00004
3782,1,,,,,0.00022,0.00000,3.5,0.00004,1,,,,,0.00022,0.00000,3.5,0.00004
3783,1,,,,,0.00022,0.00000,3.5,0.00004,1,,,,,0.00022,0.00000,3.6,0.00004
3784,1,,,,,0.00022,0.00000,3.5,0.00004,1,,,,,0.00022,0.00000,3.5,0.00004
3785,1,,,,,0.00022,0.00000,3.5,0.00004,1,,,,,0.00022,0.00000,3.5,0.00004
3786,1,,,,,0.00022,0.00000,3.5,0.00004,1,,,,,0.00022,0.00000,3.5,0.00004
3787,1,,,,,0.00022,0.00000,3.5,0.00004,1,,,,,0.00022,0.00000,3.5,0.00004
3788,1,,,,,0.00022,0.00000,3.5,0.00004,1,,,,,0.00022,0.00000,3.6,0.00004
3789,1,,,,,0.00022,0.00000,3.5,0.00004,1,,,,,0.00022,0.00000,3.5,0.00004
3790,1,,,,,0.00022,0.00000,3.5,0.00004,1,,,,,0.00022,0.00000,3.5,0.00004
3791,1,,,,,0.00022,0.00000,3.5,0.00004,1,,,,,0.00022,0.00000,3.5,0.00004
3792,1,,,,,0.00022,0.00000,3.7,0.00004,1,,,,,0.00022,0.00000,3.6,0.00004
3793,1,,,,,0.00022,0.00001,3.8,0.00004,1,,,,,0.00022,0.00000,3.7,0.00004
3794,1,,,,,0.00022,0.00000,3.7,0.00004,1,,,,,0.00022,0.00000,3.7,0.00004
3795,1,,,,,0.00022,0.00001,3.7,0.00004,1,,,,,0.00022,0.00000,3.7,0.00004
3796,1,,,,,0.00022,0.00001,3.8,0.00004,1,,,,,0.00022,0.00000,3.7,0.00004
3797,1,,,,,0.00022,0.00001,3.7,0.00004,1,,,,,0.00022,0.00000,3.7,0.00004
3798,1,,,,,0.00022,0.00000,3.7,0.00004,1,,,,,0.00022,0.00000,3.6,0.00004
3799,1,,,,,0.00022,0.00000,3.7,0.00004,1,,,,,0.00022,0.00000,3.7,0.00004
3800,1,,,,,0.00022,0.00001,3.6,0.00004,1,,,,,0.00022,0.00001,3.7,0.00004
3801,1,,,,,0.00022,0.00000,3.6,0.00004,1,,,,,0.00022,0.00001,3.7,0.00004
3802,1,,,,,0.00022,0.00000,3.7,0.00004,1,,,,,0.00022,0.00001,3.7,0.00004
3803,1,,,,,0.00022,0.00000,3.7,0.00004,1,,,,,0.00022,0.00000,3.6,0.00004
3804,1,,,,,0.00022,0.00000,3.7,0.00004,1,,,,,0.00022,0.00000,3.7,0.00004
3805,1,,,,,0.00022,0.00001,3.7,0.00004,1,,,,,0.00022,0.00001,3.7,0.00004
3806,1,,,,,0.00022,0.00001,3.7,0.00004,1,,,,,0.00022,0.00001,3.5,0.00004
3807,1,,,,,0.00022,0.00001,3.5,0.00005,1,,,,,0.00022,0.00000,3.6,0.00004
3808,1,,,,,0.00022,0.00000,3.7,0.00004,1,,,,,0.00022,0.00000,3.7,0.00004
3809,1,,,,,0.00022,0.00000,3.7,0.00004,1,,,,,0.00022,0.00000,3.5,0.00004
3810,1,,,,,0.00022,0.00000,3.6,0.00004,1,,,,,0.00022,0.00001,3.7,0.00004
3811,1,,,,,0.00022,0.00000,3.7,0.00004,1,,,,,0.00022,0.00000,3.6,0.00005
3812,1,,,,,0.00022,0.00000,3.6,0.00004,1,,,,,0.00022,0.00000,3.4,0.00004
3813,1,,,,,0.00022,0.00000,3.5,0.00004,1,,,,,0.00022,0.00000,3.7,0.00004
3814,1,,,,,0.00022,0.00000,3.5,0.00004,1,,,,,0.00022,0.00000,3.8,0.00004
3815,1,,,,,0.00022,0.00000,3.6,0.00004,1,,,,,0.00022,0.00000,3.7,0.00004
3816,1,,,,,0.00022,0.00000,3.5,0.00004,1,,,,,0.00022,0.00000,3.6,0.00004
3817,1,,,,,0.00022,0.00000,3.6,0.00004,1,,,,,0.00022,0.00000,3.6,0.00004
3818,1,,,,,0.00022,0.00000,3.5,0.00004,1,,,,,0.00022,0.00000,3.6,0.00004
3819,1,,,,,0.00022,0.00000,3.6,0.00004,1,,,,,0.00022,0.00000,3.6,0.00004
3820,1,,,,,0.00022,0.00000,3.5,0.00004,1,,,,,0.00022,0.00000,3.5,0.00004
3821,1,,,,,0.00022,0.00000,3.5,0.00004,1,,,,,0.00022,0.00000,3.7,0.00004
3822,1,,,,,0.00022,0.00000,3.6,0.00004,1,,,,,0.00022,0.00001,3.8,0.00004
3823,1,,,,,0.00022,0.00000,3.4,0.00004,1,,,,,0.00022,0.00001,3.8,0.00004
3824,1,,,,,0.00022,0.00000,3.5,0.00004,1,,,,,0.00022,0.00000,3.8,0.00004
3825,1,,,,,0.00022,0.00000,3.5,0.00004,1,,,,,0.00022,0.00000,3.7,0.00004
3826,1,,,,,0.00022,0.00000,3.8,0.00004,1,,,,,0.00022,0.00000,3.7,0.00004
3827,1,,,,,0.00022,0.00000,3.8,0.00004,1,,,,,0.00022,0.00001,3.7,0.00004
3828,1,,,,,0.00022,0.00000,3.7,0.00004,1,,,,,0.00022,0.00000,3.8,0.00005
3829,1,,,,,0.00022,0.00000,3.7,0.00004,1,,,,,0.00022,0.00000,3.8,0.00005
3830,1,,,,,0.00022,0.00001,3.8,0.00004,1,,,,,0.00022,0.00001,3.7,0.00004
3831,1,,,,,0.00022,0.00000,3.8,0.00004,1,,,,,0.00022,0.00000,3.7,0.00004
3832,1,,,,,0.00022,0.00000,3.8,0.00004,1,,,,,0.00022,0.00001,3.7,0.00004
3833,1,,,,,0.00022,0.00000,3.8,0.00004,1,,,,,0.00022,0.00000,3.7,0.00004
3834,1,,,,,0.00022,0.00000,3.7,0.00004,1,,,,,0.00022,0.00000,3.7,0.00004
3835,1,,,,,0.00022,0.00000,3.7,0.00004,1,,,,,0.00022,0.00000,3.7,0.00004
3836,1,,,,,0.00022,0.00000,3.7,0.00004,1,,,,,0.00022,0.00000,3.8,0.00005
3837,1,,,,,0.00022,0.00000,3.8,0.00004,1,,,,,0.00022,0.00001,3.7,0.00004
3838,1,,,,,0.00022,0.00001,3.8,0.00004,1,,,,,0.00022,0.00001,3.7,0.00004
3839,1,,,,,0.00022,0.00001,3.8,0.00004,1,,,,,0.00022,0.00001,3.7,0.00004
3840,1,,,,,0.00022,0.00000,3.8,0.00004,1,,,,,0.00022,0.00001,3.7,0.00004
3841,1,,,,,0.00022,0.00001,3.8,0.00004,1,,,,,0.00022,0.00000,3.7,0.00004
3842,1,,,,,0.00022,0.00000,3.8,0.00004,1,,,,,0.00022,0.00000,3.7,0.00004
3843,1,,,,,0.00022,0.00000,3.6,0.00004,1,,,,,0.00022,0.00000,3.7,0.00004
3844,1,,,,,0.00022,0.00000,3.6,0.00004,1,,,,,0.00022,0.00000,3.5,0.00004
3845,1,,,,,0.00022,0.00000,3.6,0.00004,1,,,,,0.00022,0.00000,3.5,0.00004
3846,1,,,,,0.00022,0.00000,3.6,0.00004,1,,,,,0.00022,0.00000,3.6,0.00004
3847,1,,,,,0.00022,0.00000,3.7,0.00004,1,,,,,0.00022,0.00000,3.4,0.00004
3848,1,,,,,0.00022,0.00000,3.6,0.00004,1,,,,,0.00022,0.00000,3.4,0.00004
3849,1,,,,,0.00022,0.00000,3.6,0.00004,1,,,,,0.00022,0.00000,3.4,0.00004
3850,1,,,,,0.00022,0.00000,3.6,0.00004,1,,,,,0.00022,0.00000,3.5,0.00004
3851,1,,,,,0.00022,0.00001,3.6,0.00004,1,,,,,0.00022,0.00001,3.5,0.00004
3852,1,,,,,0.00022,0.00001,3.6,0.00004,1,,,,,0.00022,0.00000,3.5,0.00004
3853,1,,,,,0.00022,0.00001,3.6,0.00004,1,,,,,0.00022,0.00000,3.4,0.00004
3854,1,,,,,0.00022,0.00000,3.6,0.00004,1,,,,,0.00022,0.00001,3.5,0.00004
3855,1,,,,,0.00022,0.00000,3.6,0.00004,1,,,,,0.00022,0.00000,3.4,0.00004
3856,1,,,,,0.00022,0.00001,3.7,0.00004,1,,,,,0.00022,0.00000,3.5,0.00004
3857,1,,,,,0.00022,0.00000,3.7,0.00004,1,,,,,0.00022,0.00000,3.5,0.00004
3858,1,,,,,0.00022,0.00000,3.6,0.00004,1,,,,,0.00022,0.00000,3.5,0.00004
3859,1,,,,,0.00022,0.00000,3.6,0.00004,1,,,,,0.00022,0.00000,3.5,0.00004
3860,1,,,,,0.00022,0.00000,3.6,0.00004,1,,,,,0.00022,0.00000,3.4,0.00003
3861,1,,,,,0.00022,0.00000,3.6,0.00004,1,,,,,0.00022,0.00000,3.5,0.00004
3862,1,,,,,0.00022,0.00000,3.6,0.00004,1,,,,,0.00022,0.00000,3.5,0.00004
3863,1,,,,,0.00022,0.00000,3.6,0.00004,1,,,,,0.00022,0.00000,3.5,0.00004
3864,1,,,,,0.00022,0.00000,3.7,0.00004,1,,,,,0.00022,0.00000,3.5,0.00004
3865,1,,,,,0.00022,0.00000,3.7,0.00004,1,,,,,0.00022,0.00000,3.5,0.00004
3866,1,,,,,0.00022,0.00000,3.7,0.00004,1,,,,,0.00022,0.00000,3.5,0.00004
3867,1,,,,,0.00022,0.00000,3.6,0.00004,1,,,,,0.00022,0.00000,3.5,0.00004
3868,1,,,,,0.00022,0.00000,3.7,0.00004,1,,,,,0.00022,0.00000,3.6,0.00004
3869,1,,,,,0.00022,0.00000,3.7,0.00004,1,,,,,0.00022,0.00001,3.7,0.00004
3870,1,,,,,0.00022,0.00001,3.6,0.00004,1,,,,,0.00022,0.00000,3.7,0.00004
3871,1,,,,,0.00022,0.00001,3.6,0.00004,1,,,,,0.00022,0.00000,3.7,0.00004
3872,1,,,,,0.00022,0.00001,3.6,0.00004,1,,,,,0.00022,0.00000,3.6,0.00004
3873,1,,,,,0.00022,0.00000,3.6,0.00005,1,,,,,0.00022,0.00000,3.7,0.00004
3874,1,,,,,0.00022,0.00000,3.7,0.00004,1,,,,,0.00022,0.00000,3.7,0.00005
3875,1,,,,,0.00022,0.00000,3.6,0.00004,1,,,,,0.00022,0.00000,3.7,0.00005
3876,1,,,,,0.00022,0.00001,3.7,0.00004,1,,,,,0.00022,0.00000,3.7,0.00004
3877,1,,,,,0.00022,0.00000,3.7,0.00004,1,,,,,0.00022,0.00001,3.7,0.00004
3878,1,,,,,0.00022,0.00000,3.6,0.00004,1,,,,,0.00022,0.00000,3.7,0.00004
3879,1,,,,,0.00022,0.00000,3.7,0.00004,1,,,,,0.00022,0.00000,3.6,0.00004
3880,1,,,,,0.00022,0.00000,3.5,0.00004,1,,,,,0.00022,0.00000,3.4,0.00004
3881,1,,,,,0.00022,0.00000,3.4,0.00004,1,,,,,0.00022,0.00000,3.4,0.00004
3882,1,,,,,0.00022,0.00000,3.4,0.00004,1,,,,,0.00022,0.00000,3.4,0.00004
3883,1,,,,,0.00022,0.00001,3.5,0.00004,1,,,,,0.00022,0.00000,3.4,0.00004
3884,1,,,,,0.00022,0.00000,3.4,0.00004,1,,,,,0.00022,0.00000,3.4,0.00004
3885,1,,,,,0.00022,0.00000,3.4,0.00004,1,,,,,0.00022,0.00001,3.4,0.00004
3886,1,,,,,0.00022,0.00000,3.6,0.00004,1,,,,,0.00022,0.00000,3.6,0.00004
3887,1,,,,,0.00022,0.00000,3.7,0.00004,1,,,,,0.00022,0.00001,3.7,0.00004
3888,1,,,,,0.00022,0.00000,3.5,0.00004,1,,,,,0.00022,0.00000,3.5,0.00004
3889,1,,,,,0.00022,0.00000,3.5,0.00004,1,,,,,0.00022,0.00000,3.4,0.00004
3890,1,,,,,0.00022,0.00000,3.5,0.00004,1,,,,,0.00022,0.00000,3.5,0.00004
3891,1,,,,,0.00022,0.00000,3.5,0.00004,1,,,,,0.00022,0.00000,3.4,0.00004
3892,1,,,,,0.00022,0.00000,3.5,0.00004,1,,,,,0.00022,0.00000,3.5,0.00004
3893,1,,,,,0.00022,0.00000,3.5,0.00004,1,,,,,0.00022,0.00001,3.5,0.00004
3894,1,,,,,0.00022,0.00001,3.4,0.00004,1,,,,,0.00022,0.00001,3.4,0.00004
3895,1,,,,,0.00022,0.00000,3.5,0.00004,1,,,,,0.00022,0.00000,3.5,0.00004
3896,1,,,,,0.00022,0.00000,3.5,0.00004,1,,,,,0.00022,0.00000,3.5,0.00004
3897,1,,,,,0.00022,0.00001,3.4,0.00004,1,,,,,0.00022,0.00000,3.5,0.00004
3898,1,,,,,0.00022,0.00000,3.4,0.00004,1,,,,,0.00022,0.00000,3.4,0.00004
3899,1,,,,,0.00022,0.00001,3.5,0.00004,1,,,,,0.00022,0.00001,3.5,0.00004
3900,1,,,,,0.00022,0.00000,3.5,0.00004,1,,,,,0.00022,0.00000,3.4,0.00004
3901,1,,,,,0.00022,0.00000,3.7,0.00004,1,,,,,0.00022,0.00000,3.6,0.00004
3902,1,,,,,0.00022,0.00000,3.7,0.00004,1,,,,,0.00022,0.00000,3.7,0.00004
3903,1,,,,,0.00022,0.00000,3.7,0.00004,1,,,,,0.00022,0.00000,3.7,0.00004
3904,1,,,,,0.00022,0.00001,3.7,0.00004,1,,,,,0.00022,0.00000,3.7,0.00004
3905,1,,,,,0.00022,0.00000,3.7,0.00004,1,,,,,0.00022,0.00000,3.6,0.00004
3906,1,,,,,0.00022,0.00000,3.7,0.00004,1,,,,,0.00022,0.00000,3.6,0.00004
3907,1,,,,,0.00022,0.00001,3.6,0.00004,1,,,,,0.00022,0.00000,3.7,0.00004
3908,1,,,,,0.00022,0.00000,3.7,0.00005,1,,,,,0.00022,0.00000,3.7,0.00004
3909,1,,,,,0.00022,0.00000,3.6,0.00004,1,,,,,0.00022,0.00000,3.7,0.00004
3910,1,,,,,0.00022,0.00000,3.6,0.00004,1,,,,,0.00022,0.00000,3.6,0.00004
3911,1,,,,,0.00022,0.00000,3.7,0.00004,1,,,,,0.00022,0.00000,3.7,0.00004
3912,1,,,,,0.00022,0.00000,3.6,0.00004,1,,,,,0.00022,0.00000,3.7,0.00004
3913,1,,,,,0.00022,0.00000,3.7,0.00004,1,,,,,0.00022,0.00000,3.7,0.00004
3914,1,,,,,0.00022,0.00000,3.7,0.00004,1,,,,,0.00022,0.00000,3.8,0.00005
3915,1,,,,,0.00022,0.00000,3.6,0.00004,1,,,,,0.00022,0.00000,3.7,0.00004
3916,1,,,,,0.00022,0.00000,3.6,0.00004,1,,,,,0.00022,0.00000,3.6,0.00004
3917,1,,,,,0.00022,0.00000,3.6,0.00004,1,,,,,0.00022,0.00000,3.7,0.00004
3918,1,,,,,0.00022,0.00000,3.4,0.00005,1,,,,,0.00022,0.00000,3.4,0.00004
3919,1,,,,,0.00022,0.00001,3.6,0.00004,1,,,,,0.00022,0.00000,3.6,0.00004
3920,1,,,,,0.00022,0.00001,3.5,0.00004,1,,,,,0.00022,0.00000,3.6,0.00004
3921,1,,,,,0.00022,0.00000,3.6,0.00004,1,,,,,0.00022,0.00000,3.5,0.00004
3922,1,,,,,0.00022,0.00000,3.5,0.00004,1,,,,,0.00022,0.00001,3.5,0.00004
3923,1,,,,,0.00022,0.00000,3.4,0.00004,1,,,,,0.00022,0.00000,3.6,0.00004
3924,1,,,,,0.00022,0.00001,3.7,0.00004,1,,,,,0.00022,0.00000,3.5,0.00004
3925,1,,,,,0.00022,0.00001,3.7,0.00004,1,,,,,0.00022,0.00000,3.6,0.00004
3926,1,,,,,0.00022,0.00000,3.5,0.00004,1,,,,,0.00022,0.00001,3.5,0.00004
3927,1,,,,,0.00022,0.00001,3.6,0.00004,1,,,,,0.00022,0.00000,3.6,0.00004
3928,1,,,,,0.00022,0.00000,3.5,0.00004,1,,,,,0.00022,0.00000,3.6,0.00004
3929,1,,,,,0.00022,0.00000,3.6,0.00004,1,,,,,0.00022,0.00000,3.6,0.00004
3930,1,,,,,0.00022,0.00001,3.6,0.00004,1,,,,,0.00022,0.00000,3.6,0.00004
3931,1,,,,,0.00022,0.00000,3.6,0.00004,1,,,,,0.00022,0.00000,3.6,0.00004
3932,1,,,,,0.00022,0.00000,3.5,0.00004,1,,,,,0.00022,0.00000,3.5,0.00004
3933,1,,,,,0.00022,0.00000,3.7,0.00005,1,,,,,0.00022,0.00000,3.7,0.00004
3934,1,,,,,0.00022,0.00001,3.7,0.00004,1,,,,,0.00022,0.00001,3.7,0.00004
3935,1,,,,,0.00022,0.00000,3.7,0.00004,1,,,,,0.00022,0.00000,3.7,0.00004
3936,1,,,,,0.00022,0.00001,3.7,0.00004,1,,,,,0.00022,0.00000,3.7,0.00004
3937,1,,,,,0.00022,0.00000,3.7,0.00004,1,,,,,0.00022,0.00000,3.7,0.00004
3938,1,,,,,0.00022,0.00000,3.7,0.00004,1,,,,,0.00022,0.00000,3.7,0.00004
3939,1,,,,,0.00022,0.00000,3.7,0.00004,1,,,,,0.00022,0.00000,3.7,0.00004
3940,1,,,,,0.00022,0.00000,3.7,0.00004,1,,,,,0.00022,0.00000,3.7,0.00004
3941,1,,,,,0.00022,0.00001,3.7,0.00004,1,,,,,0.00022,0.00001,3.6,0.00004
3942,1,,,,,0.00022,0.00001,3.7,0.00004,1,,,,,0.00022,0.00000,3.7,0.00004
3943,1,,,,,0.00022,0.00000,3.7,0.00004,1,,,,,0.00022,0.00001,3.7,0.00004
3944,1,,,,,0.00022,0.00000,3.8,0.00004,1,,,,,0.00022,0.00001,3.7,0.00004
3945,1,,,,,0.00022,0.00001,3.7,0.00004,1,,,,,0.00022,0.00000,3.6,0.00004
3946,1,,,,,0.00022,0.00000,3.7,0.00004,1,,,,,0.00022,0.00001,3.7,0.00004
3947,1,,,,,0.00022,0.00000,3.7,0.00004,1,,,,,0.00022,0.00001,3.6,0.00004
3948,1,,,,,0.00022,0.00001,3.7,0.00004,1,,,,,0.00022,0.00001,3.7,0.00004
3949,1,,,,,0.00022,0.00000,3.7,0.00004,1,,,,,0.00022,0.00001,3.8,0.00004
3950,1,,,,,0.00022,0.00000,3.7,0.00004,1,,,,,0.00022,0.00001,3.7,0.00004
3951,1,,,,,0.00022,0.00001,3.5,0.00004,1,,,,,0.00022,0.00001,3.6,0.00004
3952,1,,,,,0.00022,0.00000,3.6,0.00004,1,,,,,0.00022,0.00000,3.7,0.00004
3953,1,,,,,0.00022,0.00001,3.7,0.00004,1,,,,,0.00022,0.00000,3.8,0.00004
3954,1,,,,,0.00022,0.00001,3.7,0.00004,1,,,,,0.00022,0.00001,3.7,0.00004
3955,1,,,,,0.00022,0.00000,3.7,0.00004,1,,,,,0.00022,0.00000,3.5,0.00004
3956,1,,,,,0.00022,0.00000,3.7,0.00004,1,,,,,0.00022,0.00001,3.4,0.00004
3957,1,,,,,0.00022,0.00001,3.7,0.00005,1,,,,,0.00022,0.00000,3.4,0.00004
3958,1,,,,,0.00022,0.00001,3.6,0.00004,1,,,,,0.00022,0.00000,3.5,0.00004
3959,1,,,,,0.00022,0.00001,3.5,0.00004,1,,,,,0.00022,0.00000,3.5,0.00004
3960,1,,,,,0.00022,0.00000,3.5,0.00004,1,,,,,0.00022,0.00000,3.4,0.00004
3961,1,,,,,0.00022,0.00000,3.5,0.00004,1,,,,,0.00022,0.00000,3.4,0.00004
3962,1,,,,,0.00022,0.00000,3.6,0.00004,1,,,,,0.00022,0.00000,3.4,0.00004
3963,1,,,,,0.00022,0.00000,3.6,0.00004,1,,,,,0.00022,0.00000,3.5,0.00004
3964,1,,,,,0.00022,0.00000,3.5,0.00004,1,,,,,0.00022,0.00000,3.4,0.00004
3965,1,,,,,0.00022,0.00000,3.5,0.00004,1,,,,,0.00022,0.00000,3.5,0.00004
3966,1,,,,,0.00022,0.00000,3.6,0.00004,1,,,,,0.00022,0.00000,3.5,0.00004
3967,1,,,,,0.00022,0.00000,3.6,0.00004,1,,,,,0.00022,0.00000,3.5,0.00004
3968,1,,,,,0.00022,0.00000,3.6,0.00004,1,,,,,0.00022,0.00000,3.5,0.00004
3969,1,,,,,0.00022,0.00000,3.5,0.00004,1,,,,,0.00022,0.00001,3.5,0.00004
3970,1,,,,,0.00022,0.00000,3.5,0.00004,1,,,,,0.00022,0.00000,3.7,0.00004
3971,1,,,,,0.00022,0.00000,3.7,0.00004,1,,,,,0.00022,0.00000,3.7,0.00004
3972,1,,,,,0.00022,0.00000,3.7,0.00004,1,,,,,0.00022,0.00000,3.7,0.00004
3973,1,,,,,0.00022,0.00000,3.6,0.00004,1,,,,,0.00022,0.00001,3.8,0.00004
3974,1,,,,,0.00022,0.00000,3.7,0.00004,1,,,,,0.00022,0.00001,3.8,0.00004
3975,1,,,,,0.00022,0.00001,3.6,0.00004,1,,,,,0.00022,0.00001,3.8,0.00005
3976,1,,,,,0.00022,0.00000,3.7,0.00004,1,,,,,0.00022,0.00001,3.8,0.00004
3977,1,,,,,0.00022,0.00000,3.7,0.00004,1,,,,,0.00022,0.00000,3.7,0.00004
3978,1,,,,,0.00022,0.00001,3.7,0.00004,1,,,,,0.00022,0.00001,3.7,0.00004
3979,1,,,,,0.00022,0.00000,3.7,0.00004,1,,,,,0.00022,0.00001,3.7,0.00004
3980,1,,,,,0.00022,0.00000,3.7,0.00004,1,,,,,0.00022,0.00001,3.7,0.00004
3981,1,,,,,0.00022,0.00000,3.7,0.00004,1,,,,,0.00022,0.00000,3.7,0.00005
3982,1,,,,,0.00022,0.00000,3.7,0.00004,1,,,,,0.00022,0.00000,3.7,0.00004
3983,1,,,,,0.00022,0.00000,3.7,0.00005,1,,,,,0.00022,0.00000,3.7,0.00005
3984,1,,,,,0.00022,0.00000,3.7,0.00004,1,,,,,0.00022,0.00000,3.7,0.00004
3985,1,,,,,0.00022,0.00000,3.7,0.00004,1,,,,,0.00022,0.00000,3.7,0.00004
3986,1,,,,,0.00022,0.00001,3.7,0.00004,1,,,,,0.00022,0.00000,3.7,0.00004
3987,1,,,,,0.00022,0.00000,3.7,0.00004,1,,,,,0.00022,0.00001,3.8,0.00004
3988,1,,,,,0.00022,0.00000,3.7,0.00004,1,,,,,0.00022,0.00001,3.8,0.00004
3989,1,,,,,0.00022,0.00000,3.7,0.00004,1,,,,,0.00022,0.00001,3.8,0.00004
3990,1,,,,,0.00022,0.00000,3.7,0.00004,1,,,,,0.00022,0.00000,3.6,0.00004
3991,1,,,,,0.00022,0.00000,3.5,0.00004,1,,,,,0.00022,0.00000,3.4,0.00004
3992,1,,,,,0.00022,0.00000,3.4,0.00004,1,,,,,0.00022,0.00000,3.4,0.00004
3993,1,,,,,0.00022,0.00000,3.4,0.00004,1,,,,,0.00022,0.00000,3.4,0.00004
3994,1,,,,,0.00022,0.00000,3.4,0.00004,1,,,,,0.00022,0.00000,3.5,0.00004
3995,1,,,,,0.00022,0.00000,3.4,0.00004,1,,,,,0.00022,0.00000,3.4,0.00004
3996,1,,,,,0.00022,0.00000,3.4,0.00004,1,,,,,0.00022,0.00000,3.5,0.00004
3997,1,,,,,0.00022,0.00000,3.4,0.00004,1,,,,,0.00022,0.00000,3.4,0.00004
3998,1,,,,,0.00022,0.00000,3.4,0.00004,1,,,,,0.00022,0.00001,3.5,0.00004
3999,1,,,,,0.00022,0.00000,3.5,0.00005,1,,,,,0.00022,0.00000,3.5,0.00004
4000,1,,,,,0.00022,0.00000,3.4,0.00004,1,,,,,0.00022,0.00000,3.5,0.00004
4001,1,,,,,0.00022,0.00000,3.4,0.00004,1,,,,,0.00022,0.00000,3.4,0.00004
4002,1,,,,,0.00022,0.00000,3.4,0.00004,1,,,,,0.00022,0.00000,3.5,0.00004
4003,1,,,,,0.00022,0.00000,3.4,0.00004,1,,,,,0.00022,0.00000,3.5,0.00004
4004,1,,,,,0.00022,0.00000,3.4,0.00004,1,,,,,0.00022,0.00000,3.5,0.00004
4005,1,,,,,0.00022,0.00000,3.4,0.00004,1,,,,,0.00022,0.00000,3.4,0.00004
4006,1,,,,,0.00022,0.00000,3.5,0.00004,1,,,,,0.00022,0.00000,3.4,0.00004
4007,1,,,,,0.00022,0.00000,3.4,0.00004,1,,,,,0.00022,0.00000,3.5,0.00004
4008,1,,,,,0.00022,0.00000,3.4,0.00004,1,,,,,0.00022,0.00000,3.4,0.00004
4009,1,,,,,0.00022,0.00000,3.4,0.00004,1,,,,,0.00022,0.00000,3.4,0.00004
4010,1,,,,,0.00022,0.00000,3.4,0.00004,1,,,,,0.00022,0.00000,3.5,0.00004
4011,1,,,,,0.00022,0.00000,3.5,0.00004,1,,,,,0.00022,0.00000,3.5,0.00004
4012,1,,,,,0.00022,0.00000,3.4,0.00004,1,,,,,0.00022,0.00000,3.5,0.00004
4013,1,,,,,0.00022,0.00000,3.5,0.00004,1,,,,,0.00022,0.00000,3.5,0.00004
4014,1,,,,,0.00022,0.00000,3.5,0.00004,1,,,,,0.00022,0.00000,3.5,0.00004
4015,1,,,,,0.00022,0.00000,3.4,0.00004,1,,,,,0.00022,0.00000,3.5,0.00004
4016,1,,,,,0.00022,0.00000,3.4,0.00004,1,,,,,0.00022,0.00000,3.4,0.00004
4017,1,,,,,0.00022,0.00000,3.4,0.00004,1,,,,,0.00022,0.00000,3.5,0.00004
4018,1,,,,,0.00022,0.00000,3.4,0.00004,1,,,,,0.00022,0.00000,3.5,0.00004
4019,1,,,,,0.00022,0.00000,3.4,0.00004,1,,,,,0.00022,0.00000,3.4,0.00004
4020,1,,,,,0.00022,0.00000,3.5,0.00004,1,,,,,0.00022,0.00000,3.4,0.00004
4021,1,,,,,0.00022,0.00000,3.5,0.00004,1,,,,,0.00022,0.00001,3.4,0.00004
4022,1,,,,,0.00022,0.00001,3.4,0.00004,1,,,,,0.00022,0.00000,3.4,0.00004
4023,1,,,,,0.00022,0.00000,3.5,0.00004,1,,,,,0.00022,0.00000,3.4,0.00004
4024,1,,,,,0.00022,0.00000,3.4,0.00004,1,,,,,0.00022,0.00000,3.4,0.00004
4025,1,,,,,0.00022,0.00001,3.4,0.00004,1,,,,,0.00022,0.00000,3.4,0.00005
4026,1,,,,,0.00022,0.00000,3.4,0.00004,1,,,,,0.00022,0.00000,3.4,0.00004
4027,1,,,,,0.00022,0.00000,3.4,0.00004,1,,,,,0.00022,0.00000,3.4,0.00004
4028,1,,,,,0.00022,0.00000,3.4,0.00004,1,,,,,0.00022,0.00001,3.4,0.00004
4029,1,,,,,0.00022,0.00000,3.5,0.00004,1,,,,,0.00022,0.00000,3.4,0.00004
4030,1,,,,,0.00022,0.00000,3.4,0.00004,1,,,,,0.00022,0.00000,3.4,0.00004
4031,1,,,,,0.00022,0.00000,3.4,0.00004,1,,,,,0.00022,0.00000,3.4,0.00004
4032,1,,,,,0.00022,0.00000,3.4,0.00004,1,,,,,0.00022,0.00000,3.4,0.00004
4033,1,,,,,0.00022,0.00000,3.5,0.00004,1,,,,,0.00022,0.00000,3.4,0.00004
4034,1,,,,,0.00022,0.00000,3.4,0.00004,1,,,,,0.00022,0.00000,3.4,0.00004
4035,1,,,,,0.00022,0.00000,3.4,0.00004,1,,,,,0.00022,0.00000,3.4,0.00004
4036,1,,,,,0.00022,0.00000,3.4,0.00004,1,,,,,0.00022,0.00000,3.5,0.00004
4037,1,,,,,0.00022,0.00000,3.5,0.00004,1,,,,,0.00022,0.00000,3.4,0.00004
4038,1,,,,,0.00022,0.00000,3.5,0.00004,1,,,,,0.00022,0.00000,3.5,0.00004
4039,1,,,,,0.00022,0.00001,3.5,0.00004,1,,,,,0.00022,0.00000,3.4,0.00004
4040,1,,,,,0.00022,0.00001,3.4,0.00004,1,,,,,0.00022,0.00001,3.5,0.00004
4041,1,,,,,0.00022,0.00000,3.4,0.00004,1,,,,,0.00022,0.00000,3.4,0.00004
4042,1,,,,,0.00022,0.00001,3.4,0.00004,1,,,,,0.00022,0.00000,3.4,0.00004
4043,1,,,,,0.00022,0.00000,3.5,0.00004,1,,,,,0.00022,0.00000,3.5,0.00004
4044,1,,,,,0.00022,0.00000,3.5,0.00004,1,,,,,0.00022,0.00000,3.4,0.00004
4045,1,,,,,0.00022,0.00000,3.4,0.00004,1,,,,,0.00022,0.00000,3.4,0.00004
4046,1,,,,,0.00022,0.00000,3.4,0.00004,1,,,,,0.00022,0.00000,3.4,0.00004
4047,1,,,,,0.00022,0.00000,3.4,0.00004,1,,,,,0.00022,0.00000,3.5,0.00004
4048,1,,,,,0.00022,0.00000,3.4,0.00004,1,,,,,0.00022,0.00000,3.5,0.00004
4049,1,,,,,0.00022,0.00000,3.4,0.00004,1,,,,,0.00022,0.00000,3.5,0.00004
4050,1,,,,,0.00022,0.00000,3.4,0.00004,1,,,,,0.00022,0.00000,3.5,0.00004
4051,1,,,,,0.00022,0.00000,3.4,0.00004,1,,,,,0.00022,0.00000,3.5,0.00004
4052,1,,,,,0.00022,0.00001,3.7,0.00004,1,,,,,0.00022,0.00001,3.7,0.00004
4053,1,,,,,0.00022,0.00000,3.7,0.00004,1,,,,,0.00022,0.00000,3.7,0.00004
4054,1,,,,,0.00022,0.00000,3.7,0.00004,1,,,,,0.00022,0.00000,3.7,0.00004
4055,1,,,,,0.00022,0.00001,3.6,0.00004,1,,,,,0.00022,0.00000,3.7,0.00004
4056,1,,,,,0.00022,0.00000,3.7,0.00004,1,,,,,0.00022,0.00000,3.7,0.00004
4057,1,,,,,0.00022,0.00000,3.7,0.00005,1,,,,,0.00022,0.00000,3.6,0.00004
4058,1,,,,,0.00022,0.00000,3.6,0.00004,1,,,,,0.00022,0.00000,3.7,0.00004
4059,1,,,,,0.00022,0.00000,3.7,0.00004,1,,,,,0.00022,0.00000,3.6,0.00004
4060,1,,,,,0.00022,0.00000,3.7,0.00004,1,,,,,0.00022,0.00000,3.7,0.00004
4061,1,,,,,0.00022,0.00000,3.7,0.00004,1,,,,,0.00022,0.00000,3.7,0.00004
4062,1,,,,,0.00022,0.00000,3.7,0.00004,1,,,,,0.00022,0.00000,3.7,0.00004
4063,1,,,,,0.00022,0.00000,3.6,0.00004,1,,,,,0.00022,0.00001,3.8,0.00004
4064,1,,,,,0.00022,0.00000,3.7,0.00004,1,,,,,0.00022,0.00001,3.7,0.00004
4065,1,,,,,0.00022,0.00000,3.7,0.00004,1,,,,,0.00022,0.00000,3.7,0.00004
4066,1,,,,,0.00022,0.00000,3.7,0.00004,1,,,,,0.00022,0.00000,3.5,0.00004
4067,1,,,,,0.00022,0.00000,3.5,0.00004,1,,,,,0.00022,0.00001,3.7,0.00004
4068,1,,,,,0.00022,0.00000,3.6,0.00004,1,,,,,0.00022,0.00001,3.7,0.00004
4069,1,,,,,0.00022,0.00000,3.5,0.00004,1,,,,,0.00022,0.00001,3.5,0.00004
4070,1,,,,,0.00022,0.00000,3.5,0.00004,1,,,,,0.00022,0.00001,3.4,0.00004
4071,1,,,,,0.00022,0.00000,3.5,0.00004,1,,,,,0.00022,0.00000,3.5,0.00004
4072,1,,,,,0.00022,0.00000,3.5,0.00004,1,,,,,0.00022,0.00000,3.4,0.00004
4073,1,,,,,0.00022,0.00000,3.4,0.00004,1,,,,,0.00022,0.00000,3.5,0.00004
4074,1,,,,,0.00022,0.00000,3.5,0.00004,1,,,,,0.00022,0.00000,3.5,0.00004
4075,1,,,,,0.00022,0.00000,3.7,0.00004,1,,,,,0.00022,0.00000,3.7,0.00004
4076,1,,,,,0.00022,0.00001,3.6,0.00005,1,,,,,0.00022,0.00000,3.6,0.00004
4077,1,,,,,0.00022,0.00000,3.5,0.00004,1,,,,,0.00022,0.00000,3.4,0.00004
4078,1,,,,,0.00022,0.00001,3.5,0.00004,1,,,,,0.00022,0.00000,3.5,0.00004
4079,1,,,,,0.00022,0.00000,3.5,0.00003,1,,,,,0.00022,0.00000,3.5,0.00004
4080,1,,,,,0.00022,0.00000,3.5,0.00004,1,,,,,0.00022,0.00000,3.5,0.00004
4081,1,,,,,0.00022,0.00000,3.6,0.00004,1,,,,,0.00022,0.00000,3.8,0.00004
4082,1,,,,,0.00022,0.00001,3.8,0.00004,1,,,,,0.00022,0.00000,3.7,0.00004
4083,1,,,,,0.00022,0.00000,3.7,0.00005,1,,,,,0.00022,0.00000,3.8,0.00004
4084,1,,,,,0.00022,0.00000,3.8,0.00004,1,,,,,0.00022,0.00000,3.8,0.00004
4085,1,,,,,0.00022,0.00000,3.8,0.00004,1,,,,,0.00022,0.00000,3.8,0.00004
4086,1,,,,,0.00022,0.00000,3.8,0.00004,1,,,,,0.00022,0.00000,3.7,0.00004
4087,1,,,,,0.00022,0.00000,3.7,0.00004,1,,,,,0.00022,0.00000,3.8,0.00004
4088,1,,,,,0.00022,0.00000,3.7,0.00004,1,,,,,0.00022,0.00000,3.8,0.00004
4089,1,,,,,0.00022,0.00000,3.7,0.00004,1,,,,,0.00022,0.00000,3.8,0.00004
4090,1,,,,,0.00022,0.00000,3.8,0.00004,1,,,,,0.00022,0.00000,3.8,0.00004
4091,1,,,,,0.00022,0.00001,3.8,0.00004,1,,,,,0.00022,0.00000,3.6,0.00004
4092,1,,,,,0.00022,0.00001,3.7,0.00004,1,,,,,0.00022,0.00001,3.7,0.00004
4093,1,,,,,0.00022,0.00001,3.7,0.00004,1,,,,,0.00022,0.00000,3.6,0.00004
4094,1,,,,,0.00022,0.00001,3.7,0.00004,1,,,,,0.00022,0.00000,3.7,0.00004
4095,1,,,,,0.00022,0.00000,3.8,0.00004,1,,,,,0.00022,0.00000,3.7,0.00004
4096,1,,,,,0.00022,0.00000,3.7,0.00004,1,,,,,0.00022,0.00000,3.7,0.00004
4097,1,,,,,0.00022,0.00000,3.8,0.00004,1,,,,,0.00022,0.00000,3.7,0.00004
4098,1,,,,,0.00022,0.00001,3.7,0.00004,1,,,,,0.00022,0.00000,3.7,0.00004
4099,1,,,,,0.00022,0.00000,3.8,0.00004,1,,,,,0.00022,0.00000,3.8,0.00004
4100,1,,,,,0.00022,0.00001,3.7,0.00004,1,,,,,0.00022,0.00000,3.7,0.00004
4101,1,,,,,0.00022,0.00001,3.8,0.00004,1,,,,,0.00022,0.00001,3.8,0.00004
4102,1,,,,,0.00022,0.00001,3.8,0.00004,1,,,,,0.00022,0.00001,3.8,0.00005
4103,1,,,,,0.00022,0.00000,3.5,0.00004,1,,,,,0.00022,0.00001,3.5,0.00004
4104,1,,,,,0.00022,0.00000,3.7,0.00004,1,,,,,0.00022,0.00000,3.7,0.00004
4105,1,,,,,0.00022,0.00000,3.4,0.00004,1,,,,,0.00022,0.00000,3.6,0.00004
4106,1,,,,,0.00022,0.00000,3.5,0.00004,1,,,,,0.00022,0.00000,3.5,0.00004
4107,1,,,,,0.00022,0.00000,3.5,0.00004,1,,,,,0.00022,0.00000,3.5,0.00004
4108,1,,,,,0.00022,0.00000,3.7,0.00004,1,,,,,0.00022,0.00000,3.6,0.00004
4109,1,,,,,0.00022,0.00000,3.8,0.00004,1,,,,,0.00022,0.00000,3.5,0.00004
4110,1,,,,,0.00022,0.00000,3.5,0.00004,1,,,,,0.00022,0.00000,3.5,0.00004
4111,1,,,,,0.00022,0.00000,3.5,0.00004,1,,,,,0.00022,0.00000,3.5,0.00004
4112,1,,,,,0.00022,0.00000,3.5,0.00004,1,,,,,0.00022,0.00000,3.5,0.00004
4113,1,,,,,0.00022,0.00000,3.5,0.00004,1,,,,,0.00022,0.00000,3.5,0.00004
4114,1,,,,,0.00022,0.00000,3.5,0.00004,1,,,,,0.00022,0.00000,3.5,0.00004
4115,1,,,,,0.00022,0.00000,3.5,0.00004,1,,,,,0.00022,0.00000,3.5,0.00004
4116,1,,,,,0.00022,0.00000,3.5,0.00004,1,,,,,0.00022,0.00000,3.5,0.00004
4117,1,,,,,0.00022,0.00000,3.6,0.00004,1,,,,,0.00022,0.00000,3.6,0.00004
4118,1,,,,,0.00022,0.00000,3.6,0.00004,1,,,,,0.00022,0.00000,3.6,0.00004
4119,1,,,,,0.00022,0.00000,3.5,0.00004,1,,,,,0.00022,0.00000,3.6,0.00004
4120,1,,,,,0.00022,0.00000,3.5,0.00004,1,,,,,0.00022,0.00000,3.5,0.00004
4121,1,,,,,0.00022,0.00000,3.6,0.00004,1,,,,,0.00022,0.00000,3.6,0.00004
4122,1,,,,,0.00022,0.00000,3.6,0.00004,1,,,,,0.00022,0.00000,3.6,0.00004
4123,1,,,,,0.00022,0.00000,3.5,0.00004,1,,,,,0.00022,0.00000,3.5,0.00004
4124,1,,,,,0.00022,0.00000,3.5,0.00004,1,,,,,0.00022,0.00000,3.5,0.00004
4125,1,,,,,0.00022,0.00000,3.5,0.00004,1,,,,,0.00022,0.00000,3.5,0.00004
4126,1,,,,,0.00022,0.00000,3.5,0.00004,1,,,,,0.00022,0.00000,3.6,0.00004
4127,1,,,,,0.00022,0.00000,3.7,0.00004,1,,,,,0.00022,0.00000,3.8,0.00004
4128,1,,,,,0.00022,0.00001,3.8,0.00004,1,,,,,0.00022,0.00001,3.5,0.00004
4129,1,,,,,0.00022,0.00000,3.8,0.00004,1,,,,,0.00022,0.00000,3.5,0.00004
4130,1,,,,,0.00022,0.00001,3.7,0.00004,1,,,,,0.00022,0.00000,3.5,0.00004
4131,1,,,,,0.00022,0.00000,3.8,0.00004,1,,,,,0.00022,0.00001,3.7,0.00004
4132,1,,,,,0.00022,0.00001,3.8,0.00004,1,,,,,0.00022,0.00000,3.8,0.00004
4133,1,,,,,0.00022,0.00000,3.8,0.00004,1,,,,,0.00022,0.00000,3.7,0.00004
4134,1,,,,,0.00022,0.00000,3.7,0.00004,1,,,,,0.00022,0.00000,3.8,0.00004
4135,1,,,,,0.00022,0.00000,3.8,0.00004,1,,,,,0.00022,0.00000,3.8,0.00004
4136,1,,,,,0.00022,0.00000,3.8,0.00004,1,,,,,0.00022,0.00000,3.7,0.00004
4137,1,,,,,0.00022,0.00000,3.8,0.00004,1,,,,,0.00022,0.00000,3.8,0.00004
4138,1,,,,,0.00022,0.00000,3.7,0.00004,1,,,,,0.00022,0.00000,3.7,0.00004
4139,1,,,,,0.00022,0.00000,3.7,0.00004,1,,,,,0.00022,0.00000,3.8,0.00004
4140,1,,,,,0.00022,0.00000,3.8,0.00004,1,,,,,0.00022,0.00000,3.7,0.00004
4141,1,,,,,0.00022,0.00000,3.7,0.00004,1,,,,,0.00022,0.00000,3.5,0.00004
4142,1,,,,,0.00022,0.00001,3.8,0.00004,1,,,,,0.00022,0.00000,3.5,0.00004
4143,1,,,,,0.00022,0.00000,3.7,0.00004,1,,,,,0.00022,0.00000,3.4,0.00004
4144,1,,,,,0.00022,0.00000,3.7,0.00004,1,,,,,0.00022,0.00000,3.5,0.00004
4145,1,,,,,0.00022,0.00000,3.6,0.00004,1,,,,,0.00022,0.00000,3.5,0.00004
4146,1,,,,,0.00022,0.00000,3.6,0.00004,1,,,,,0.00022,0.00000,3.5,0.00004
4147,1,,,,,0.00022,0.00000,3.7,0.00004,1,,,,,0.00022,0.00000,3.5,0.00005
4148,1,,,,,0.00022,0.00000,3.7,0.00004,1,,,,,0.00022,0.00000,3.5,0.00004
4149,1,,,,,0.00022,0.00000,3.6,0.00004,1,,,,,0.00022,0.00000,3.5,0.00004
4150,1,,,,,0.00022,0.00001,3.6,0.00004,1,,,,,0.00022,0.00000,3.4,0.00004
4151,1,,,,,0.00022,0.00000,3.6,0.00004,1,,,,,0.00022,0.00000,3.5,0.00004
4152,1,,,,,0.00022,0.00000,3.6,0.00004,1,,,,,0.00022,0.00000,3.5,0.00004
4153,1,,,,,0.00022,0.00000,3.6,0.00004,1,,,,,0.00022,0.00000,3.5,0.00004
4154,1,,,,,0.00022,0.00000,3.6,0.00004,1,,,,,0.00022,0.00000,3.5,0.00004
4155,1,,,,,0.00022,0.00000,3.6,0.00004,1,,,,,0.00022,0.00000,3.4,0.00004
4156,1,,,,,0.00022,0.00000,3.5,0.00004,1,,,,,0.00022,0.00000,3.4,0.00004
4157,1,,,,,0.00022,0.00000,3.6,0.00004,1,,,,,0.00022,0.00000,3.5,0.00004
4158,1,,,,,0.00022,0.00000,3.6,0.00004,1,,,,,0.00022,0.00000,3.5,0.00004
4159,1,,,,,0.00022,0.00000,3.6,0.00004,1,,,,,0.00022,0.00000,3.5,0.00004
4160,1,,,,,0.00022,0.00000,3.6,0.00004,1,,,,,0.00022,0.00000,3.5,0.00004
4161,1,,,,,0.00022,0.00001,3.6,0.00004,1,,,,,0.00022,0.00000,3.5,0.00004
4162,1,,,,,0.00022,0.00000,3.7,0.00004,1,,,,,0.00022,0.00000,3.5,0.00004
4163,1,,,,,0.00022,0.00000,3.7,0.00004,1,,,,,0.00022,0.00000,3.5,0.00004
4164,1,,,,,0.00022,0.00000,3.7,0.00004,1,,,,,0.00022,0.00000,3.7,0.00004
4165,1,,,,,0.00022,0.00000,3.6,0.00004,1,,,,,0.00022,0.00000,3.7,0.00004
4166,1,,,,,0.00022,0.00001,3.7,0.00004,1,,,,,0.00022,0.00000,3.7,0.00004
4167,1,,,,,0.00022,0.00000,3.7,0.00004,1,,,,,0.00022,0.00000,3.7,0.00004
4168,1,,,,,0.00022,0.00000,3.7,0.00004,1,,,,,0.00022,0.00000,3.7,0.00004
4169,1,,,,,0.00022,0.00000,3.7,0.00005,1,,,,,0.00022,0.00001,3.7,0.00004
4170,1,,,,,0.00022,0.00001,3.7,0.00004,1,,,,,0.00022,0.00000,3.7,0.00004
4171,1,,,,,0.00022,0.00000,3.7,0.00004,1,,,,,0.00022,0.00000,3.7,0.00005
4172,1,,,,,0.00022,0.00000,3.7,0.00004,1,,,,,0.00022,0.00000,3.7,0.00004
4173,1,,,,,0.00022,0.00001,3.6,0.00004,1,,,,,0.00022,0.00000,3.6,0.00004
4174,1,,,,,0.00022,0.00000,3.6,0.00005,1,,,,,0.00022,0.00000,3.7,0.00004
4175,1,,,,,0.00022,0.00000,3.7,0.00004,1,,,,,0.00022,0.00000,3.6,0.00004
4176,1,,,,,0.00022,0.00000,3.7,0.00004,1,,,,,0.00022,0.00000,3.7,0.00004
4177,1,,,,,0.00022,0.00000,3.7,0.00004,1,,,,,0.00022,0.00000,3.7,0.00005
4178,1,,,,,0.00022,0.00000,3.4,0.00004,1,,,,,0.00022,0.00000,3.4,0.00004
4179,1,,,,,0.00022,0.00000,3.4,0.00004,1,,,,,0.00022,0.00000,3.4,0.00004
4180,1,,,,,0.00022,0.00000,3.4,0.00004,1,,,,,0.00022,0.00001,3.5,0.00004
4181,1,,,,,0.00022,0.00000,3.4,0.00004,1,,,,,0.00022,0.00001,3.4,0.00004
4182,1,,,,,0.00022,0.00000,3.5,0.00004,1,,,,,0.00022,0.00000,3.4,0.00004
4183,1,,,,,0.00022,0.00000,3.4,0.00004,1,,,,,0.00022,0.00000,3.5,0.00004
4184,1,,,,,0.00022,0.00000,3.4,0.00004,1,,,,,0.00022,0.00000,3.4,0.00004
4185,1,,,,,0.00022,0.00000,3.4,0.00004,1,,,,,0.00022,0.00000,3.4,0.00004
4186,1,,,,,0.00022,0.00000,3.4,0.00004,1,,,,,0.00022,0.00000,3.4,0.00004
4187,1,,,,,0.00022,0.00000,3.5,0.00004,1,,,,,0.00022,0.00000,3.4,0.00004
4188,1,,,,,0.00022,0.00000,3.5,0.00004,1,,,,,0.00022,0.00000,3.5,0.00004
4189,1,,,,,0.00022,0.00000,3.4,0.00004,1,,,,,0.00022,0.00000,3.5,0.00004
4190,1,,,,,0.00022,0.00000,3.5,0.00004,1,,,,,0.00022,0.00000,3.4,0.00004
4191,1,,,,,0.00022,0.00001,3.5,0.00004,1,,,,,0.00022,0.00000,3.5,0.00004
4192,1,,,,,0.00022,0.00000,3.4,0.00004,1,,,,,0.00022,0.00000,3.5,0.00004
4193,1,,,,,0.00022,0.00000,3.4,0.00004,1,,,,,0.00022,0.00000,3.5,0.00004
4194,1,,,,,0.00022,0.00001,3.4,0.00004,1,,,,,0.00022,0.00000,3.4,0.00004
4195,1,,,,,0.00022,0.00000,3.4,0.00004,1,,,,,0.00022,0.00000,3.5,0.00004
4196,1,,,,,0.00022,0.00000,3.4,0.00004,1,,,,,0.00022,0.00000,3.5,0.00004
4197,1,,,,,0.00022,0.00000,3.4,0.00004,1,,,,,0.00022,0.00000,3.5,0.00004
4198,1,,,,,0.00022,0.00000,3.4,0.00004,1,,,,,0.00022,0.00000,3.5,0.00004
4199,1,,,,,0.00022,0.00001,3.4,0.00004,1,,,,,0.00022,0.00000,3.5,0.00004
4200,1,,,,,0.00022,0.00001,3.4,0.00004,1,,,,,0.00022,0.00000,3.5,0.00004
4201,1,,,,,0.00022,0.00000,3.4,0.00004,1,,,,,0.00022,0.00000,3.4,0.00004
4202,1,,,,,0.00022,0.00000,3.6,0.00004,1,,,,,0.00022,0.00000,3.6,0.00004
4203,1,,,,,0.00022,0.00000,3.6,0.00004,1,,,,,0.00022,0.00001,3.7,0.00004
4204,1,,,,,0.00022,0.00000,3.6,0.00004,1,,,,,0.00022,0.00000,3.7,0.00004
4205,1,,,,,0.00022,0.00000,3.6,0.00004,1,,,,,0.00022,0.00000,3.6,0.00004
4206,1,,,,,0.00022,0.00000,3.6,0.00004,1,,,,,0.00022,0.00001,3.6,0.00004
4207,1,,,,,0.00022,0.00000,3.6,0.00004,1,,,,,0.00022,0.00000,3.7,0.00004
4208,1,,,,,0.00022,0.00001,3.7,0.00004,1,,,,,0.00022,0.00001,3.6,0.00004
4209,1,,,,,0.00022,0.00000,3.6,0.00004,1,,,,,0.00022,0.00000,3.6,0.00004
4210,1,,,,,0.00022,0.00001,3.6,0.00004,1,,,,,0.00022,0.00001,3.7,0.00005
4211,1,,,,,0.00022,0.00000,3.7,0.00004,1,,,,,0.00022,0.00000,3.7,0.00004
4212,1,,,,,0.00022,0.00001,3.7,0.00004,1,,,,,0.00022,0.00000,3.7,0.00004
4213,1,,,,,0.00022,0.00001,3.6,0.00004,1,,,,,0.00022,0.00001,3.7,0.00004
4214,1,,,,,0.00022,0.00001,3.7,0.00004,1,,,,,0.00022,0.00001,3.7,0.00005
4215,1,,,,,0.00022,0.00000,3.6,0.00004,1,,,,,0.00022,0.00000,3.7,0.00004
4216,1,,,,,0.00022,0.00000,3.6,0.00004,1,,,,,0.00022,0.00000,3.6,0.00004
4217,1,,,,,0.00022,0.00000,3.5,0.00004,1,,,,,0.00022,0.00000,3.4,0.00004
4218,1,,,,,0.00022,0.00000,3.4,0.00004,1,,,,,0.00022,0.00000,3.5,0.00004
4219,1,,,,,0.00022,0.00000,3.4,0.00004,1,,,,,0.00022,0.00001,3.5,0.00004
4220,1,,,,,0.00022,0.00000,3.4,0.00005,1,,,,,0.00022,0.00000,3.4,0.00004
4221,1,,,,,0.00022,0.00001,3.5,0.00004,1,,,,,0.00022,0.00000,3.4,0.00004
4222,1,,,,,0.00022,0.00000,3.4,0.00004,1,,,,,0.00022,0.00000,3.4,0.00004
4223,1,,,,,0.00022,0.00000,3.5,0.00004,1,,,,,0.00022,0.00001,3.5,0.00004
4224,1,,,,,0.00022,0.00000,3.5,0.00004,1,,,,,0.00022,0.00000,3.5,0.00004
4225,1,,,,,0.00022,0.00001,3.4,0.00004,1,,,,,0.00022,0.00000,3.5,0.00004
4226,1,,,,,0.00022,0.00000,3.5,0.00004,1,,,,,0.00022,0.00000,3.5,0.00004
4227,1,,,,,0.00022,0.00000,3.5,0.00004,1,,,,,0.00022,0.00000,3.5,0.00003
4228,1,,,,,0.00022,0.00001,3.4,0.00004,1,,,,,0.00022,0.00000,3.5,0.00004
4229,1,,,,,0.00022,0.00000,3.4,0.00004,1,,,,,0.00022,0.00001,3.5,0.00004
4230,1,,,,,0.00022,0.00000,3.5,0.00004,1,,,,,0.00022,0.00000,3.5,0.00004
4231,1,,,,,0.00022,0.00001,3.5,0.00004,1,,,,,0.00022,0.00000,3.5,0.00004
4232,1,,,,,0.00022,0.00000,3.4,0.00004,1,,,,,0.00022,0.00000,3.6,0.00004
4233,1,,,,,0.00022,0.00000,3.5,0.00004,1,,,,,0.00022,0.00000,3.5,0.00004
4234,1,,,,,0.00022,0.00000,3.5,0.00004,1,,,,,0.00022,0.00000,3.5,0.00004
4235,1,,,,,0.00022,0.00000,3.4,0.00004,1,,,,,0.00022,0.00000,3.5,0.00004
4236,1,,,,,0.00022,0.00000,3.5,0.00004,1,,,,,0.00022,0.00000,3.5,0.00004
4237,1,,,,,0.00022,0.00000,3.4,0.00004,1,,,,,0.00022,0.00000,3.5,0.00004
4238,1,,,,,0.00022,0.00000,3.5,0.00004,1,,,,,0.00022,0.00000,3.5,0.00004
4239,1,,,,,0.00022,0.00000,3.5,0.00004,1,,,,,0.00022,0.00001,3.5,0.00004
4240,1,,,,,0.00022,0.00000,3.4,0.00004,1,,,,,0.00022,0.00000,3.5,0.00004
4241,1,,,,,0.00022,0.00000,3.4,0.00004,1,,,,,0.00022,0.00000,3.5,0.00004
4242,1,,,,,0.00022,0.00000,3.6,0.00004,1,,,,,0.00022,0.00000,3.7,0.00004
4243,1,,,,,0.00022,0.00000,3.7,0.00004,1,,,,,0.00022,0.00000,3.7,0.00004
4244,1,,,,,0.00022,0.00001,3.7,0.00004,1,,,,,0.00022,0.00000,3.7,0.00004
4245,1,,,,,0.00022,0.00000,3.7,0.00005,1,,,,,0.00022,0.00000,3.7,0.00004
4246,1,,,,,0.00022,0.00000,3.7,0.00004,1,,,,,0.00022,0.00000,3.8,0.00004
4247,1,,,,,0.00022,0.00000,3.7,0.00004,1,,,,,0.00022,0.00000,3.8,0.00004
4248,1,,,,,0.00022,0.00001,3.6,0.00004,1,,,,,0.00022,0.00000,3.7,0.00004
4249,1,,,,,0.00022,0.00000,3.7,0.00004,1,,,,,0.00022,0.00001,3.7,0.00004
4250,1,,,,,0.00022,0.00001,3.7,0.00004,1,,,,,0.00022,0.00001,3.6,0.00004
4251,1,,,,,0.00022,0.00001,3.6,0.00004,1,,,,,0.00022,0.00000,3.7,0.00004
4252,1,,,,,0.00022,0.00001,3.6,0.00005,1,,,,,0.00022,0.00001,3.7,0.00004
4253,1,,,,,0.00022,0.00000,3.6,0.00004,1,,,,,0.00022,0.00001,3.7,0.00004
4254,1,,,,,0.00022,0.00000,3.7,0.00004,1,,,,,0.00022,0.00000,3.6,0.00004
4255,1,,,,,0.00022,0.00000,3.7,0.00004,1,,,,,0.00022,0.00000,3.5,0.00004
4256,1,,,,,0.00022,0.00000,3.7,0.00004,1,,,,,0.00022,0.00000,3.5,0.00004
4257,1,,,,,0.00022,0.00000,3.7,0.00004,1,,,,,0.00022,0.00001,3.5,0.00004
4258,1,,,,,0.00022,0.00000,3.7,0.00005,1,,,,,0.00022,0.00000,3.5,0.00004
4259,1,,,,,0.00022,0.00001,3.7,0.00005,1,,,,,0.00022,0.00000,3.4,0.00004
4260,1,,,,,0.00022,0.00000,3.4,0.00004,1,,,,,0.00022,0.00000,3.5,0.00004
4261,1,,,,,0.00022,0.00000,3.6,0.00004,1,,,,,0.00022,0.00000,3.5,0.00004
4262,1,,,,,0.00022,0.00000,3.5,0.00004,1,,,,,0.00022,0.00000,3.5,0.00004
4263,1,,,,,0.00022,0.00000,3.4,0.00004,1,,,,,0.00022,0.00000,3.4,0.00004
4264,1,,,,,0.00022,0.00001,3.5,0.00004,1,,,,,0.00022,0.00000,3.5,0.00004
4265,1,,,,,0.00022,0.00000,3.5,0.00004,1,,,,,0.00022,0.00000,3.5,0.00004
4266,1,,,,,0.00022,0.00000,3.4,0.00004,1,,,,,0.00022,0.00000,3.5,0.00004
4267,1,,,,,0.00022,0.00000,3.5,0.00004,1,,,,,0.00022,0.00000,3.5,0.00004
4268,1,,,,,0.00022,0.00000,3.4,0.00004,1,,,,,0.00022,0.00000,3.5,0.00004
4269,1,,,,,0.00022,0.00000,3.5,0.00004,1,,,,,0.00022,0.00000,3.5,0.00004
4270,1,,,,,0.00022,0.00000,3.5,0.00004,1,,,,,0.00022,0.00000,3.5,0.00004
4271,1,,,,,0.00022,0.00000,3.4,0.00004,1,,,,,0.00022,0.00000,3.5,0.00004
4272,1,,,,,0.00022,0.00000,3.5,0.00004,1,,,,,0.00022,0.00000,3.5,0.00004
4273,1,,,,,0.00022,0.00000,3.8,0.00004,1,,,,,0.00022,0.00000,3.7,0.00004
4274,1,,,,,0.00022,0.00001,3.7,0.00004,1,,,,,0.00022,0.00000,3.7,0.00004
4275,1,,,,,0.00022,0.00000,3.7,0.00004,1,,,,,0.00022,0.00000,3.7,0.00004
4276,1,,,,,0.00022,0.00000,3.7,0.00004,1,,,,,0.00022,0.00001,3.7,0.00004
4277,1,,,,,0.00022,0.00001,3.7,0.00004,1,,,,,0.00022,0.00001,3.7,0.00004
4278,1,,,,,0.00022,0.00001,3.7,0.00004,1,,,,,0.00022,0.00000,3.7,0.00004
4279,1,,,,,0.00022,0.00000,3.7,0.00004,1,,,,,0.00022,0.00000,3.7,0.00004
4280,1,,,,,0.00022,0.00000,3.7,0.00004,1,,,,,0.00022,0.00000,3.7,0.00004
4281,1,,,,,0.00022,0.00000,3.7,0.00005,1,,,,,0.00022,0.00000,3.7,0.00004
4282,1,,,,,0.00022,0.00000,3.7,0.00004,1,,,,,0.00022,0.00000,3.7,0.00004
4283,1,,,,,0.00022,0.00000,3.8,0.00005,1,,,,,0.00022,0.00001,3.7,0.00004
4284,1,,,,,0.00022,0.00000,3.7,0.00004,1,,,,,0.00022,0.00000,3.7,0.00004
4285,1,,,,,0.00022,0.00000,3.7,0.00004,1,,,,,0.00022,0.00000,3.7,0.00004
4286,1,,,,,0.00022,0.00000,3.7,0.00004,1,,,,,0.00022,0.00000,3.8,0.00005
4287,1,,,,,0.00022,0.00000,3.7,0.00004,1,,,,,0.00022,0.00000,3.7,0.00004
4288,1,,,,,0.00022,0.00000,3.7,0.00004,1,,,,,0.00022,0.00000,3.6,0.00004
4289,1,,,,,0.00022,0.00000,3.7,0.00004,1,,,,,0.00022,0.00000,3.7,0.00004
4290,1,,,,,0.00022,0.00000,3.8,0.00004,1,,,,,0.00022,0.00000,3.7,0.00004
4291,1,,,,,0.00022,0.00000,3.8,0.00004,1,,,,,0.00022,0.00000,3.5,0.00004
4292,1,,,,,0.00022,0.00000,3.8,0.00004,1,,,,,0.00022,0.00000,3.5,0.00004
4293,1,,,,,0.00022,0.00000,3.7,0.00004,1,,,,,0.00022,0.00000,3.4,0.00004
4294,1,,,,,0.00022,0.00000,3.7,0.00004,1,,,,,0.00022,0.00000,3.5,0.00004
4295,1,,,,,0.00022,0.00000,3.8,0.00004,1,,,,,0.00022,0.00000,3.5,0.00004
4296,1,,,,,0.00022,0.00000,3.5,0.00004,1,,,,,0.00022,0.00001,3.4,0.00004
4297,1,,,,,0.00022,0.00000,3.7,0.00004,1,,,,,0.00022,0.00000,3.4,0.00004
4298,1,,,,,0.00022,0.00000,3.5,0.00004,1,,,,,0.00022,0.00000,3.5,0.00004
4299,1,,,,,0.00022,0.00001,3.7,0.00004,1,,,,,0.00022,0.00000,3.5,0.00004
4300,1,,,,,0.00022,0.00000,3.7,0.00004,1,,,,,0.00022,0.00000,3.5,0.00004
4301,1,,,,,0.00022,0.00000,3.6,0.00004,1,,,,,0.00022,0.00000,3.5,0.00004
4302,1,,,,,0.00022,0.00000,3.6,0.00004,1,,,,,0.00022,0.00000,3.5,0.00004
4303,1,,,,,0.00022,0.00001,3.6,0.00004,1,,,,,0.00022,0.00000,3.5,0.00004
4304,1,,,,,0.00022,0.00000,3.7,0.00004,1,,,,,0.00022,0.00000,3.5,0.00004
4305,1,,,,,0.00022,0.00001,3.7,0.00004,1,,,,,0.00022,0.00000,3.5,0.00004
4306,1,,,,,0.00022,0.00000,3.6,0.00004,1,,,,,0.00022,0.00000,3.5,0.00004
4307,1,,,,,0.00022,0.00001,3.7,0.00004,1,,,,,0.00022,0.00000,3.5,0.00004
4308,1,,,,,0.00022,0.00000,3.6,0.00004,1,,,,,0.00022,0.00000,3.4,0.00004
4309,1,,,,,0.00022,0.00000,3.6,0.00004,1,,,,,0.00022,0.00000,3.5,0.00004
4310,1,,,,,0.00022,0.00000,3.6,0.00004,1,,,,,0.00022,0.00000,3.5,0.00004
4311,1,,,,,0.00022,0.00000,3.6,0.00004,1,,,,,0.00022,0.00000,3.5,0.00004
4312,1,,,,,0.00022,0.00000,3.6,0.00004,1,,,,,0.00022,0.00000,3.5,0.00004
4313,1,,,,,0.00022,0.00000,3.6,0.00004,1,,,,,0.00022,0.00000,3.4,0.00004
4314,1,,,,,0.00022,0.00000,3.6,0.00004,1,,,,,0.00022,0.00000,3.5,0.00004
4315,1,,,,,0.00022,0.00000,3.6,0.00004,1,,,,,0.00022,0.00000,3.4,0.00004
4316,1,,,,,0.00022,0.00000,3.7,0.00004,1,,,,,0.00022,0.00000,3.5,0.00004
4317,1,,,,,0.00022,0.00000,3.6,0.00004,1,,,,,0.00022,0.00000,3.4,0.00004
4318,1,,,,,0.00022,0.00000,3.6,0.00004,1,,,,,0.00022,0.00001,3.5,0.00004
4319,1,,,,,0.00022,0.00000,3.6,0.00004,1,,,,,0.00022,0.00001,3.5,0.00004
4320,1,,,,,0.00022,0.00000,3.6,0.00004,1,,,,,0.00022,0.00001,3.5,0.00004
4321,1,,,,,0.00022,0.00000,3.6,0.00004,1,,,,,0.00022,0.00000,3.6,0.00004
4322,1,,,,,0.00022,0.00001,3.6,0.00004,1,,,,,0.00022,0.00001,3.7,0.00004
4323,1,,,,,0.00022,0.00000,3.6,0.00004,1,,,,,0.00022,0.00000,3.5,0.00004
4324,1,,,,,0.00022,0.00000,3.6,0.00004,1,,,,,0.00022,0.00000,3.4,0.00004
4325,1,,,,,0.00022,0.00000,3.7,0.00004,1,,,,,0.00022,0.00000,3.4,0.00004
4326,1,,,,,0.00022,0.00000,3.6,0.00004,1,,,,,0.00022,0.00000,3.4,0.00004
4327,1,,,,,0.00022,0.00000,3.7,0.00004,1,,,,,0.00022,0.00000,3.4,0.00004
4328,1,,,,,0.00022,0.00001,3.7,0.00004,1,,,,,0.00022,0.00000,3.4,0.00004
4329,1,,,,,0.00022,0.00000,3.7,0.00004,1,,,,,0.00022,0.00000,3.5,0.00004
4330,1,,,,,0.00022,0.00000,3.7,0.00004,1,,,,,0.00022,0.00000,3.5,0.00004
4331,1,,,,,0.00022,0.00000,3.7,0.00004,1,,,,,0.00022,0.00000,3.4,0.00004
4332,1,,,,,0.00022,0.00000,3.7,0.00004,1,,,,,0.00022,0.00000,3.4,0.00004
4333,1,,,,,0.00022,0.00000,3.7,0.00004,1,,,,,0.00022,0.00000,3.4,0.00004
4334,1,,,,,0.00022,0.00000,3.7,0.00004,1,,,,,0.00022,0.00001,3.4,0.00004
4335,1,,,,,0.00022,0.00000,3.5,0.00004,1,,,,,0.00022,0.00000,3.7,0.00004
4336,1,,,,,0.00022,0.00000,3.7,0.00004,1,,,,,0.00022,0.00001,3.5,0.00004
4337,1,,,,,0.00022,0.00000,3.5,0.00004,1,,,,,0.00022,0.00000,3.5,0.00004
4338,1,,,,,0.00022,0.00000,3.4,0.00004,1,,,,,0.00022,0.00000,3.5,0.00004
4339,1,,,,,0.00022,0.00000,3.5,0.00004,1,,,,,0.00022,0.00000,3.5,0.00004
4340,1,,,,,0.00022,0.00000,3.5,0.00004,1,,,,,0.00022,0.00000,3.5,0.00004
4341,1,,,,,0.00022,0.00000,3.5,0.00004,1,,,,,0.00022,0.00000,3.5,0.00004
4342,1,,,,,0.00022,0.00000,3.5,0.00004,1,,,,,0.00022,0.00000,3.5,0.00004
4343,1,,,,,0.00022,0.00000,3.5,0.00004,1,,,,,0.00022,0.00000,3.5,0.00004
4344,1,,,,,0.00022,0.00000,3.5,0.00004,1,,,,,0.00022,0.00000,3.4,0.00004
4345,1,,,,,0.00022,0.00000,3.4,0.00004,1,,,,,0.00022,0.00000,3.5,0.00004
4346,1,,,,,0.00022,0.00000,3.4,0.00004,1,,,,,0.00022,0.00000,3.4,0.00004
4347,1,,,,,0.00022,0.00000,3.5,0.00004,1,,,,,0.00022,0.00000,3.5,0.00004
4348,1,,,,,0.00022,0.00000,3.5,0.00004,1,,,,,0.00022,0.00001,3.4,0.00004
4349,1,,,,,0.00022,0.00000,3.5,0.00004,1,,,,,0.00022,0.00000,3.5,0.00004
4350,1,,,,,0.00022,0.00000,3.5,0.00004,1,,,,,0.00022,0.00000,3.5,0.00004
4351,1,,,,,0.00022,0.00000,3.5,0.00004,1,,,,,0.00022,0.00001,3.5,0.00005
4352,1,,,,,0.00022,0.00000,3.6,0.00004,1,,,,,0.00022,0.00000,3.7,0.00004
4353,1,,,,,0.00022,0.00000,3.7,0.00004,1,,,,,0.00022,0.00000,3.5,0.00004
4354,1,,,,,0.00022,0.00000,3.7,0.00004,1,,,,,0.00022,0.00000,3.4,0.00004
4355,1,,,,,0.00022,0.00000,3.7,0.00004,1,,,,,0.00022,0.00001,3.5,0.00004
4356,1,,,,,0.00022,0.00000,3.7,0.00005,1,,,,,0.00022,0.00000,3.5,0.00004
4357,1,,,,,0.00022,0.00001,3.7,0.00004,1,,,,,0.00022,0.00000,3.5,0.00004
4358,1,,,,,0.00022,0.00000,3.7,0.00004,1,,,,,0.00022,0.00000,3.5,0.00004
4359,1,,,,,0.00022,0.00001,3.7,0.00004,1,,,,,0.00022,0.00000,3.5,0.00004
4360,1,,,,,0.00022,0.00001,3.7,0.00004,1,,,,,0.00022,0.00000,3.4,0.00004
4361,1,,,,,0.00022,0.00000,3.6,0.00004,1,,,,,0.00022,0.00000,3.4,0.00004
4362,1,,,,,0.00022,0.00000,3.7,0.00004,1,,,,,0.00022,0.00000,3.5,0.00004
4363,1,,,,,0.00022,0.00000,3.7,0.00004,1,,,,,0.00022,0.00000,3.4,0.00004
4364,1,,,,,0.00022,0.00000,3.7,0.00004,1,,,,,0.00022,0.00000,3.5,0.00004
4365,1,,,,,0.00022,0.00001,3.7,0.00004,1,,,,,0.00022,0.00000,3.5,0.00004
4366,1,,,,,0.00022,0.00000,3.7,0.00004,1,,,,,0.00022,0.00000,3.5,0.00004
4367,1,,,,,0.00022,0.00000,3.7,0.00004,1,,,,,0.00022,0.00000,3.5,0.00004
4368,1,,,,,0.00022,0.00001,3.4,0.00004,1,,,,,0.00022,0.00000,3.5,0.00004
4369,1,,,,,0.00022,0.00001,3.7,0.00004,1,,,,,0.00022,0.00001,3.4,0.00004
4370,1,,,,,0.00022,0.00000,3.5,0.00004,1,,,,,0.00022,0.00000,3.4,0.00004
4371,1,,,,,0.00022,0.00000,3.4,0.00004,1,,,,,0.00022,0.00000,3.4,0.00004
4372,1,,,,,0.00022,0.00000,3.4,0.00004,1,,,,,0.00022,0.00000,3.5,0.00005
4373,1,,,,,0.00022,0.00000,3.4,0.00004,1,,,,,0.00022,0.00000,3.5,0.00004
4374,1,,,,,0.00022,0.00000,3.6,0.00004,1,,,,,0.00022,0.00000,3.7,0.00004
4375,1,,,,,0.00022,0.00000,3.6,0.00004,1,,,,,0.00022,0.00000,3.6,0.00004
4376,1,,,,,0.00022,0.00001,3.5,0.00004,1,,,,,0.00022,0.00000,3.4,0.00004
4377,1,,,,,0.00022,0.00001,3.6,0.00004,1,,,,,0.00022,0.00000,3.5,0.00004
4378,1,,,,,0.00022,0.00000,3.6,0.00004,1,,,,,0.00022,0.00001,3.5,0.00004
4379,1,,,,,0.00022,0.00000,3.6,0.00004,1,,,,,0.00022,0.00001,3.5,0.00004
4380,1,,,,,0.00022,0.00000,3.5,0.00004,1,,,,,0.00022,0.00001,3.6,0.00004
4381,1,,,,,0.00022,0.00000,3.5,0.00004,1,,,,,0.00022,0.00000,3.6,0.00004
4382,1,,,,,0.00022,0.00000,3.6,0.00004,1,,,,,0.00022,0.00000,3.5,0.00004
4383,1,,,,,0.00022,0.00000,3.6,0.00004,1,,,,,0.00022,0.00000,3.5,0.00004
4384,1,,,,,0.00022,0.00000,3.6,0.00004,1,,,,,0.00022,0.00000,3.5,0.00004
4385,1,,,,,0.00022,0.00000,3.6,0.00004,1,,,,,0.00022,0.00000,3.5,0.00004
4386,1,,,,,0.00022,0.00000,3.5,0.00004,1,,,,,0.00022,0.00000,3.7,0.00004
4387,1,,,,,0.00022,0.00000,3.7,0.00004,1,,,,,0.00022,0.00000,3.7,0.00004
4388,1,,,,,0.00022,0.00000,3.8,0.00004,1,,,,,0.00022,0.00000,3.7,0.00004
4389,1,,,,,0.00022,0.00000,3.7,0.00004,1,,,,,0.00022,0.00000,3.8,0.00004
4390,1,,,,,0.00022,0.00001,3.7,0.00005,1,,,,,0.00022,0.00000,3.7,0.00005
4391,1,,,,,0.00022,0.00000,3.7,0.00005,1,,,,,0.00022,0.00000,3.7,0.00005
4392,1,,,,,0.00022,0.00000,3.7,0.00004,1,,,,,0.00022,0.00000,3.8,0.00004
4393,1,,,,,0.00022,0.00001,3.7,0.00004,1,,,,,0.00022,0.00000,3.7,0.00004
4394,1,,,,,0.00022,0.00001,3.7,0.00004,1,,,,,0.00022,0.00000,3.7,0.00004
4395,1,,,,,0.00022,0.00000,3.8,0.00004,1,,,,,0.00022,0.00001,3.7,0.00004
4396,1,,,,,0.00022,0.00000,3.7,0.00005,1,,,,,0.00022,0.00000,3.7,0.00004
4397,1,,,,,0.00022,0.00000,3.7,0.00004,1,,,,,0.00022,0.00000,3.7,0.00004
4398,1,,,,,0.00022,0.00000,3.7,0.00005,1,,,,,0.00022,0.00000,3.7,0.00004
4399,1,,,,,0.00022,0.00001,3.7,0.00005,1,,,,,0.00022,0.00000,3.8,0.00004
4400,1,,,,,0.00022,0.00000,3.7,0.00005,1,,,,,0.00022,0.00000,3.7,0.00004
4401,1,,,,,0.00022,0.00001,3.7,0.00004,1,,,,,0.00022,0.00001,3.7,0.00004
4402,1,,,,,0.00022,0.00000,3.7,0.00004,1,,,,,0.00022,0.00001,3.7,0.00004
4403,1,,,,,0.00022,0.00000,3.7,0.00004,1,,,,,0.00022,0.00000,3.7,0.00004
4404,1,,,,,0.00022,0.00000,3.7,0.00004,1,,,,,0.00022,0.00000,3.7,0.00004
4405,1,,,,,0.00022,0.00000,3.7,0.00004,1,,,,,0.00022,0.00001,3.7,0.00005
4406,1,,,,,0.00022,0.00001,3.7,0.00004,1,,,,,0.00022,0.00000,3.8,0.00005
4407,1,,,,,0.00022,0.00000,3.7,0.00004,1,,,,,0.00022,0.00000,3.8,0.00004
4408,1,,,,,0.00022,0.00001,3.7,0.00004,1,,,,,0.00022,0.00000,3.8,0.00004
4409,1,,,,,0.00022,0.00000,3.8,0.00004,1,,,,,0.00022,0.00000,3.7,0.00004
4410,1,,,,,0.00022,0.00000,3.5,0.00004,1,,,,,0.00022,0.00001,3.5,0.00004
4411,1,,,,,0.00022,0.00000,3.4,0.00004,1,,,,,0.00022,0.00000,3.5,0.00004
4412,1,,,,,0.00022,0.00000,3.5,0.00004,1,,,,,0.00022,0.00000,3.5,0.00004
4413,1,,,,,0.00022,0.00000,3.4,0.00004,1,,,,,0.00022,0.00000,3.5,0.00004
4414,1,,,,,0.00022,0.00000,3.5,0.00004,1,,,,,0.00022,0.00000,3.5,0.00004
4415,1,,,,,0.00022,0.00000,3.5,0.00004,1,,,,,0.00022,0.00000,3.5,0.00004
4416,1,,,,,0.00022,0.00001,3.5,0.00004,1,,,,,0.00022,0.00000,3.5,0.00004
4417,1,,,,,0.00022,0.00001,3.5,0.00004,1,,,,,0.00022,0.00000,3.5,0.00004
4418,1,,,,,0.00022,0.00000,3.5,0.00004,1,,,,,0.00022,0.00000,3.5,0.00004
4419,1,,,,,0.00022,0.00000,3.5,0.00004,1,,,,,0.00022,0.00000,3.5,0.00004
4420,1,,,,,0.00022,0.00001,3.4,0.00004,1,,,,,0.00022,0.00000,3.5,0.00004
4421,1,,,,,0.00022,0.00000,3.5,0.00004,1,,,,,0.00022,0.00000,3.5,0.00004
4422,1,,,,,0.00022,0.00001,3.5,0.00004,1,,,,,0.00022,0.00000,3.5,0.00004
4423,1,,,,,0.00022,0.00000,3.5,0.00005,1,,,,,0.00022,0.00000,3.5,0.00004
4424,1,,,,,0.00022,0.00000,3.5,0.00004,1,,,,,0.00022,0.00000,3.5,0.00004
4425,1,,,,,0.00022,0.00000,3.4,0.00004,1,,,,,0.00022,0.00000,3.5,0.00004
4426,1,,,,,0.00022,0.00000,3.5,0.00004,1,,,,,0.00022,0.00000,3.6,0.00004
4427,1,,,,,0.00022,0.00000,3.7,0.00004,1,,,,,0.00022,0.00000,3.8,0.00004
4428,1,,,,,0.00022,0.00000,3.8,0.00004,1,,,,,0.00022,0.00000,3.9,0.00004
4429,1,,,,,0.00022,0.00001,3.7,0.00004,1,,,,,0.00022,0.00001,3.8,0.00004
4430,1,,,,,0.00022,0.00000,3.8,0.00004,1,,,,,0.00022,0.00000,3.8,0.00004
4431,1,,,,,0.00022,0.00000,3.8,0.00004,1,,,,,0.00022,0.00000,3.8,0.00004
4432,1,,,,,0.00022,0.00000,3.7,0.00004,1,,,,,0.00022,0.00000,3.7,0.00004
4433,1,,,,,0.00022,0.00000,3.7,0.00004,1,,,,,0.00022,0.00000,3.8,0.00004
4434,1,,,,,0.00022,0.00000,3.7,0.00004,1,,,,,0.00022,0.00001,3.9,0.00004
4435,1,,,,,0.00022,0.00001,3.8,0.00004,1,,,,,0.00022,0.00000,3.8,0.00004
4436,1,,,,,0.00022,0.00000,3.8,0.00004,1,,,,,0.00022,0.00000,3.8,0.00004
4437,1,,,,,0.00022,0.00000,3.8,0.00004,1,,,,,0.00022,0.00001,3.8,0.00004
4438,1,,,,,0.00022,0.00000,3.8,0.00004,1,,,,,0.00022,0.00000,3.8,0.00004
4439,1,,,,,0.00022,0.00000,3.7,0.00004,1,,,,,0.00022,0.00000,3.8,0.00004
4440,1,,,,,0.00022,0.00001,3.7,0.00004,1,,,,,0.00022,0.00000,3.8,0.00004
4441,1,,,,,0.00022,0.00000,3.8,0.00004,1,,,,,0.00022,0.00000,3.5,0.00004
4442,1,,,,,0.00022,0.00000,3.8,0.00005,1,,,,,0.00022,0.00000,3.5,0.00004
4443,1,,,,,0.00022,0.00000,3.7,0.00004,1,,,,,0.00022,0.00000,3.5,0.00004
4444,1,,,,,0.00022,0.00000,3.7,0.00005,1,,,,,0.00022,0.00000,3.5,0.00004
4445,1,,,,,0.00022,0.00000,3.6,0.00004,1,,,,,0.00022,0.00000,3.5,0.00004
4446,1,,,,,0.00022,0.00001,3.6,0.00004,1,,,,,0.00022,0.00000,3.5,0.00004
4447,1,,,,,0.00022,0.00000,3.5,0.00004,1,,,,,0.00022,0.00000,3.5,0.00004
4448,1,,,,,0.00022,0.00000,3.4,0.00004,1,,,,,0.00022,0.00000,3.6,0.00004
4449,1,,,,,0.00022,0.00001,3.7,0.00005,1,,,,,0.00022,0.00000,3.7,0.00004
4450,1,,,,,0.00022,0.00000,3.6,0.00004,1,,,,,0.00022,0.00001,3.7,0.00004
4451,1,,,,,0.00022,0.00000,3.5,0.00004,1,,,,,0.00022,0.00000,3.6,0.00004
4452,1,,,,,0.00022,0.00001,3.4,0.00004,1,,,,,0.00022,0.00000,3.6,0.00004
4453,1,,,,,0.00022,0.00000,3.5,0.00004,1,,,,,0.00022,0.00000,3.6,0.00004
4454,1,,,,,0.00022,0.00001,3.4,0.00004,1,,,,,0.00022,0.00000,3.6,0.00004
4455,1,,,,,0.00022,0.00000,3.5,0.00004,1,,,,,0.00022,0.00000,3.6,0.00004
4456,1,,,,,0.00022,0.00000,3.4,0.00004,1,,,,,0.00022,0.00000,3.6,0.00004
4457,1,,,,,0.00022,0.00000,3.4,0.00004,1,,,,,0.00022,0.00001,3.6,0.00004
4458,1,,,,,0.00022,0.00000,3.5,0.00004,1,,,,,0.00022,0.00000,3.6,0.00004
4459,1,,,,,0.00022,0.00000,3.4,0.00004,1,,,,,0.00022,0.00000,3.6,0.00004
4460,1,,,,,0.00022,0.00000,3.4,0.00004,1,,,,,0.00022,0.00000,3.6,0.00004
4461,1,,,,,0.00022,0.00000,3.5,0.00004,1,,,,,0.00022,0.00001,3.5,0.00004
4462,1,,,,,0.00022,0.00000,3.5,0.00004,1,,,,,0.00022,0.00001,3.6,0.00004
4463,1,,,,,0.00022,0.00000,3.4,0.00004,1,,,,,0.00022,0.00001,3.7,0.00004
4464,1,,,,,0.00022,0.00001,3.5,0.00004,1,,,,,0.00022,0.00000,3.7,0.00004
4465,1,,,,,0.00022,0.00001,3.5,0.00004,1,,,,,0.00022,0.00000,3.7,0.00005
4466,1,,,,,0.00022,0.00000,3.4,0.00004,1,,,,,0.00022,0.00001,3.7,0.00004
4467,1,,,,,0.00022,0.00000,3.4,0.00004,1,,,,,0.00022,0.00000,3.7,0.00004
4468,1,,,,,0.00022,0.00000,3.5,0.00004,1,,,,,0.00022,0.00000,3.8,0.00004
4469,1,,,,,0.00022,0.00000,3.4,0.00004,1,,,,,0.00022,0.00000,3.7,0.00004
4470,1,,,,,0.00022,0.00000,3.5,0.00004,1,,,,,0.00022,0.00000,3.8,0.00004
4471,1,,,,,0.00022,0.00000,3.4,0.00004,1,,,,,0.00022,0.00000,3.7,0.00004
4472,1,,,,,0.00022,0.00001,3.4,0.00004,1,,,,,0.00022,0.00000,3.7,0.00004
4473,1,,,,,0.00022,0.00000,3.4,0.00004,1,,,,,0.00022,0.00000,3.7,0.00004
4474,1,,,,,0.00022,0.00000,3.4,0.00004,1,,,,,0.00022,0.00000,3.7,0.00004
4475,1,,,,,0.00022,0.00000,3.4,0.00004,1,,,,,0.00022,0.00000,3.7,0.00004
4476,1,,,,,0.00022,0.00000,3.4,0.00004,1,,,,,0.00022,0.00000,3.6,0.00004
4477,1,,,,,0.00022,0.00001,3.6,0.00004,1,,,,,0.00022,0.00000,3.5,0.00004
4478,1,,,,,0.00022,0.00001,3.7,0.00004,1,,,,,0.00022,0.00000,3.5,0.00004
4479,1,,,,,0.00022,0.00000,3.4,0.00004,1,,,,,0.00022,0.00000,3.7,0.00004
4480,1,,,,,0.00022,0.00000,3.5,0.00004,1,,,,,0.00022,0.00000,3.5,0.00004
4481,1,,,,,0.00022,0.00000,3.4,0.00004,1,,,,,0.00022,0.00000,3.4,0.00004
4482,1,,,,,0.00022,0.00000,3.4,0.00004,1,,,,,0.00022,0.00000,3.4,0.00004
4483,1,,,,,0.00022,0.00000,3.4,0.00004,1,,,,,0.00022,0.00001,3.5,0.00004
4484,1,,,,,0.00022,0.00000,3.4,0.00004,1,,,,,0.00022,0.00001,3.5,0.00004
4485,1,,,,,0.00022,0.00000,3.4,0.00004,1,,,,,0.00022,0.00000,3.4,0.00004
4486,1,,,,,0.00022,0.00000,3.4,0.00004,1,,,,,0.00022,0.00001,3.4,0.00004
4487,1,,,,,0.00022,0.00000,3.4,0.00004,1,,,,,0.00022,0.00000,3.4,0.00004
4488,1,,,,,0.00022,0.00000,3.4,0.00004,1,,,,,0.00022,0.00000,3.5,0.00004
4489,1,,,,,0.00022,0.00000,3.4,0.00004,1,,,,,0.00022,0.00000,3.5,0.00004
4490,1,,,,,0.00022,0.00001,3.5,0.00004,1,,,,,0.00022,0.00001,3.5,0.00004
4491,1,,,,,0.00022,0.00000,3.5,0.00004,1,,,,,0.00022,0.00000,3.5,0.00004
4492,1,,,,,0.00022,0.00000,3.5,0.00004,1,,,,,0.00022,0.00000,3.4,0.00004
4493,1,,,,,0.00022,0.00000,3.5,0.00004,1,,,,,0.00022,0.00000,3.4,0.00004
4494,1,,,,,0.00022,0.00000,3.4,0.00004,1,,,,,0.00022,0.00000,3.5,0.00004
4495,1,,,,,0.00022,0.00000,3.5,0.00004,1,,,,,0.00022,0.00000,3.4,0.00004
4496,1,,,,,0.00022,0.00000,3.5,0.00004,1,,,,,0.00022,0.00000,3.5,0.00004
4497,1,,,,,0.00022,0.00000,3.7,0.00004,1,,,,,0.00022,0.00000,3.4,0.00004
4498,1,,,,,0.00022,0.00001,3.7,0.00004,1,,,,,0.00022,0.00000,3.4,0.00004
4499,1,,,,,0.00022,0.00000,3.7,0.00004,1,,,,,0.00022,0.00000,3.4,0.00004
4500,1,,,,,0.00022,0.00000,3.7,0.00004,1,,,,,0.00022,0.00000,3.4,0.00004
4501,1,,,,,0.00022,0.00000,3.7,0.00004,1,,,,,0.00022,0.00000,3.5,0.00004
4502,1,,,,,0.00022,0.00000,3.7,0.00005,1,,,,,0.00022,0.00000,3.6,0.00004
4503,1,,,,,0.00022,0.00000,3.8,0.00005,1,,,,,0.00022,0.00000,3.6,0.00004
4504,1,,,,,0.00022,0.00001,3.7,0.00004,1,,,,,0.00022,0.00001,3.6,0.00004
4505,1,,,,,0.00022,0.00000,3.8,0.00004,1,,,,,0.00022,0.00000,3.7,0.00004
4506,1,,,,,0.00022,0.00001,3.7,0.00004,1,,,,,0.00022,0.00000,3.6,0.00004
4507,1,,,,,0.00022,0.00000,3.7,0.00004,1,,,,,0.00022,0.00001,3.6,0.00004
4508,1,,,,,0.00022,0.00000,3.6,0.00004,1,,,,,0.00022,0.00000,3.6,0.00004
4509,1,,,,,0.00022,0.00000,3.6,0.00004,1,,,,,0.00022,0.00000,3.6,0.00004
4510,1,,,,,0.00022,0.00000,3.5,0.00004,1,,,,,0.00022,0.00000,3.6,0.00004
4511,1,,,,,0.00022,0.00000,3.6,0.00004,1,,,,,0.00022,0.00001,3.7,0.00004
4512,1,,,,,0.00022,0.00000,3.8,0.00004,1,,,,,0.00022,0.00000,3.7,0.00005
4513,1,,,,,0.00022,0.00000,3.7,0.00004,1,,,,,0.00022,0.00001,3.7,0.00004
4514,1,,,,,0.00022,0.00000,3.6,0.00004,1,,,,,0.00022,0.00000,3.6,0.00004
4515,1,,,,,0.00022,0.00000,3.8,0.00004,1,,,,,0.00022,0.00000,3.4,0.00004
4516,1,,,,,0.00022,0.00001,3.7,0.00004,1,,,,,0.00022,0.00000,3.4,0.00004
4517,1,,,,,0.00022,0.00000,3.7,0.00004,1,,,,,0.00022,0.00000,3.4,0.00004
4518,1,,,,,0.00022,0.00000,3.7,0.00004,1,,,,,0.00022,0.00000,3.4,0.00004
4519,1,,,,,0.00022,0.00000,3.7,0.00004,1,,,,,0.00022,0.00000,3.4,0.00004
4520,1,,,,,0.00022,0.00000,3.6,0.00004,1,,,,,0.00022,0.00000,3.4,0.00004
4521,1,,,,,0.00022,0.00000,3.7,0.00004,1,,,,,0.00022,0.00001,3.4,0.00004
4522,1,,,,,0.00022,0.00000,3.6,0.00004,1,,,,,0.00022,0.00000,3.4,0.00004
4523,1,,,,,0.00022,0.00000,3.6,0.00004,1,,,,,0.00022,0.00000,3.4,0.00004
4524,1,,,,,0.00022,0.00000,3.6,0.00004,1,,,,,0.00022,0.00000,3.5,0.00004
4525,1,,,,,0.00022,0.00000,3.6,0.00004,1,,,,,0.00022,0.00000,3.4,0.00004
4526,1,,,,,0.00022,0.00000,3.6,0.00004,1,,,,,0.00022,0.00001,3.5,0.00004
4527,1,,,,,0.00022,0.00000,3.8,0.00004,1,,,,,0.00022,0.00000,3.5,0.00004
4528,1,,,,,0.00022,0.00001,3.6,0.00005,1,,,,,0.00022,0.00000,3.4,0.00004
4529,1,,,,,0.00022,0.00000,3.6,0.00004,1,,,,,0.00022,0.00000,3.5,0.00004
4530,1,,,,,0.00022,0.00001,3.6,0.00004,1,,,,,0.00022,0.00000,3.5,0.00004
4531,1,,,,,0.00022,0.00000,3.6,0.00004,1,,,,,0.00022,0.00000,3.4,0.00004
4532,1,,,,,0.00022,0.00000,3.7,0.00004,1,,,,,0.00022,0.00000,3.5,0.00004
4533,1,,,,,0.00022,0.00000,3.8,0.00004,1,,,,,0.00022,0.00001,3.5,0.00004
4534,1,,,,,0.00022,0.00000,3.7,0.00004,1,,,,,0.00022,0.00000,3.5,0.00004
4535,1,,,,,0.00022,0.00000,3.8,0.00004,1,,,,,0.00022,0.00000,3.5,0.00004
4536,1,,,,,0.00022,0.00000,3.8,0.00004,1,,,,,0.00022,0.00000,3.5,0.00004
4537,1,,,,,0.00022,0.00000,3.8,0.00004,1,,,,,0.00022,0.00000,3.5,0.00004
4538,1,,,,,0.00022,0.00000,3.7,0.00004,1,,,,,0.00022,0.00001,3.5,0.00004
4539,1,,,,,0.00022,0.00001,3.7,0.00004,1,,,,,0.00022,0.00000,3.5,0.00004
4540,1,,,,,0.00022,0.00000,3.7,0.00004,1,,,,,0.00022,0.00000,3.5,0.00004
4541,1,,,,,0.00022,0.00001,3.7,0.00004,1,,,,,0.00022,0.00001,3.5,0.00004
4542,1,,,,,0.00022,0.00000,3.7,0.00004,1,,,,,0.00022,0.00000,3.4,0.00004
4543,1,,,,,0.00022,0.00000,3.8,0.00004,1,,,,,0.00022,0.00000,3.4,0.00004
4544,1,,,,,0.00022,0.00000,3.7,0.00004,1,,,,,0.00022,0.00000,3.4,0.00004
4545,1,,,,,0.00022,0.00000,3.7,0.00004,1,,,,,0.00022,0.00000,3.4,0.00004
4546,1,,,,,0.00022,0.00000,3.8,0.00004,1,,,,,0.00022,0.00000,3.4,0.00004
4547,1,,,,,0.00022,0.00000,3.7,0.00004,1,,,,,0.00022,0.00000,3.5,0.00004
4548,1,,,,,0.00022,0.00000,3.7,0.00005,1,,,,,0.00022,0.00001,3.4,0.00004
4549,1,,,,,0.00022,0.00000,3.8,0.00005,1,,,,,0.00022,0.00001,3.4,0.00004
4550,1,,,,,0.00022,0.00000,3.7,0.00005,1,,,,,0.00022,0.00001,3.5,0.00004
4551,1,,,,,0.00022,0.00001,3.7,0.00004,1,,,,,0.00022,0.00000,3.5,0.00004
4552,1,,,,,0.00022,0.00001,3.7,0.00004,1,,,,,0.00022,0.00000,3.5,0.00004
4553,1,,,,,0.00022,0.00000,3.7,0.00004,1,,,,,0.00022,0.00000,3.4,0.00004
4554,1,,,,,0.00022,0.00000,3.8,0.00005,1,,,,,0.00022,0.00001,3.5,0.00004
4555,1,,,,,0.00022,0.00000,3.7,0.00004,1,,,,,0.00022,0.00001,3.5,0.00004
4556,1,,,,,0.00022,0.00000,3.6,0.00004,1,,,,,0.00022,0.00000,3.4,0.00004
4557,1,,,,,0.00022,0.00001,3.6,0.00004,1,,,,,0.00022,0.00000,3.5,0.00004
4558,1,,,,,0.00022,0.00000,3.6,0.00004,1,,,,,0.00022,0.00001,3.4,0.00004
4559,1,,,,,0.00022,0.00000,3.6,0.00004,1,,,,,0.00022,0.00000,3.5,0.00004
4560,1,,,,,0.00022,0.00000,3.6,0.00004,1,,,,,0.00022,0.00000,3.4,0.00004
4561,1,,,,,0.00022,0.00000,3.6,0.00004,1,,,,,0.00022,0.00000,3.4,0.00004
4562,1,,,,,0.00022,0.00001,3.5,0.00004,1,,,,,0.00022,0.00000,3.4,0.00004
4563,1,,,,,0.00022,0.00000,3.6,0.00004,1,,,,,0.00022,0.00000,3.6,0.00004
4564,1,,,,,0.00022,0.00000,3.6,0.00004,1,,,,,0.00022,0.00000,3.7,0.00004
4565,1,,,,,0.00022,0.00000,3.6,0.00004,1,,,,,0.00022,0.00000,3.6,0.00004
4566,1,,,,,0.00022,0.00000,3.6,0.00004,1,,,,,0.00022,0.00000,3.6,0.00004
4567,1,,,,,0.00022,0.00000,3.6,0.00004,1,,,,,0.00022,0.00000,3.5,0.00004
4568,1,,,,,0.00022,0.00000,3.8,0.00004,1,,,,,0.00022,0.00001,3.6,0.00004
4569,1,,,,,0.00022,0.00000,3.8,0.00004,1,,,,,0.00022,0.00000,3.7,0.00004
4570,1,,,,,0.00022,0.00000,3.8,0.00004,1,,,,,0.00022,0.00000,3.7,0.00004
4571,1,,,,,0.00022,0.00000,3.8,0.00004,1,,,,,0.00022,0.00000,3.7,0.00005
4572,1,,,,,0.00022,0.00001,3.8,0.00004,1,,,,,0.00022,0.00000,3.7,0.00004
4573,1,,,,,0.00022,0.00001,3.8,0.00004,1,,,,,0.00022,0.00001,3.6,0.00004
4574,1,,,,,0.00022,0.00000,3.7,0.00004,1,,,,,0.00022,0.00000,3.6,0.00004
4575,1,,,,,0.00022,0.00000,3.8,0.00004,1,,,,,0.00022,0.00000,3.7,0.00004
4576,1,,,,,0.00022,0.00001,3.7,0.00004,1,,,,,0.00022,0.00000,3.7,0.00004
4577,1,,,,,0.00022,0.00000,3.8,0.00004,1,,,,,0.00022,0.00000,3.7,0.00004
4578,1,,,,,0.00022,0.00001,3.8,0.00004,1,,,,,0.00022,0.00000,3.7,0.00004
4579,1,,,,,0.00022,0.00001,3.8,0.00004,1,,,,,0.00022,0.00000,3.7,0.00004
4580,1,,,,,0.00022,0.00001,3.8,0.00004,1,,,,,0.00022,0.00001,3.7,0.00005
4581,1,,,,,0.00022,0.00000,3.8,0.00004,1,,,,,0.00022,0.00001,3.7,0.00004
4582,1,,,,,0.00022,0.00000,3.8,0.00004,1,,,,,0.00022,0.00000,3.7,0.00004
4583,1,,,,,0.00022,0.00000,3.8,0.00004,1,,,,,0.00022,0.00001,3.7,0.00004
4584,1,,,,,0.00022,0.00000,3.8,0.00004,1,,,,,0.00022,0.00000,3.6,0.00004
4585,1,,,,,0.00022,0.00000,3.8,0.00004,1,,,,,0.00022,0.00000,3.7,0.00004
4586,1,,,,,0.00022,0.00000,3.8,0.00004,1,,,,,0.00022,0.00000,3.7,0.00004
4587,1,,,,,0.00022,0.00000,3.8,0.00004,1,,,,,0.00022,0.00000,3.7,0.00004
4588,1,,,,,0.00022,0.00000,3.8,0.00004,1,,,,,0.00022,0.00001,3.6,0.00004
4589,1,,,,,0.00022,0.00000,3.7,0.00004,1,,,,,0.00022,0.00000,3.7,0.00004
4590,1,,,,,0.00022,0.00000,3.8,0.00004,1,,,,,0.00022,0.00001,3.7,0.00004
4591,1,,,,,0.00022,0.00001,3.6,0.00004,1,,,,,0.00022,0.00001,3.7,0.00004
4592,1,,,,,0.00022,0.00000,3.6,0.00004,1,,,,,0.00022,0.00000,3.7,0.00004
4593,1,,,,,0.00022,0.00001,3.6,0.00004,1,,,,,0.00022,0.00000,3.7,0.00005
4594,1,,,,,0.00022,0.00000,3.6,0.00004,1,,,,,0.00022,0.00001,3.8,0.00004
4595,1,,,,,0.00022,0.00000,3.6,0.00004,1,,,,,0.00022,0.00000,3.8,0.00004
4596,1,,,,,0.00022,0.00001,3.5,0.00004,1,,,,,0.00022,0.00000,3.7,0.00004
4597,1,,,,,0.00022,0.00001,3.6,0.00004,1,,,,,0.00022,0.00000,3.5,0.00005
4598,1,,,,,0.00022,0.00001,3.5,0.00004,1,,,,,0.00022,0.00000,3.5,0.00004
4599,1,,,,,0.00022,0.00001,3.6,0.00004,1,,,,,0.00022,0.00000,3.5,0.00004
4600,1,,,,,0.00022,0.00001,3.6,0.00004,1,,,,,0.00022,0.00000,3.4,0.00004
4601,1,,,,,0.00022,0.00000,3.6,0.00004,1,,,,,0.00022,0.00000,3.5,0.00004
4602,1,,,,,0.00022,0.00000,3.6,0.00004,1,,,,,0.00022,0.00000,3.5,0.00004
4603,1,,,,,0.00022,0.00001,3.6,0.00004,1,,,,,0.00022,0.00000,3.5,0.00004
4604,1,,,,,0.00022,0.00001,3.6,0.00004,1,,,,,0.00022,0.00000,3.5,0.00004
4605,1,,,,,0.00022,0.00000,3.6,0.00004,1,,,,,0.00022,0.00000,3.5,0.00004
4606,1,,,,,0.00022,0.00001,3.6,0.00004,1,,,,,0.00022,0.00000,3.5,0.00004
4607,1,,,,,0.00022,0.00000,3.6,0.00005,1,,,,,0.00022,0.00001,3.5,0.00004
4608,1,,,,,0.00022,0.00000,3.5,0.00004,1,,,,,0.00022,0.00000,3.4,0.00004
4609,1,,,,,0.00022,0.00000,3.6,0.00005,1,,,,,0.00022,0.00000,3.5,0.00004
4610,1,,,,,0.00022,0.00000,3.5,0.00004,1,,,,,0.00022,0.00000,3.5,0.00004
4611,1,,,,,0.00022,0.00000,3.6,0.00004,1,,,,,0.00022,0.00000,3.5,0.00004
4612,1,,,,,0.00022,0.00000,3.6,0.00004,1,,,,,0.00022,0.00000,3.6,0.00004
4613,1,,,,,0.00022,0.00000,3.6,0.00004,1,,,,,0.00022,0.00000,3.5,0.00004
4614,1,,,,,0.00022,0.00000,3.5,0.00004,1,,,,,0.00022,0.00000,3.5,0.00004
4615,1,,,,,0.00022,0.00000,3.5,0.00004,1,,,,,0.00022,0.00000,3.5,0.00004
4616,1,,,,,0.00022,0.00000,3.6,0.00004,1,,,,,0.00022,0.00000,3.5,0.00004
4617,1,,,,,0.00022,0.00001,3.6,0.00004,1,,,,,0.00022,0.00001,3.5,0.00004
4618,1,,,,,0.00022,0.00001,3.6,0.00004,1,,,,,0.00022,0.00000,3.5,0.00004
4619,1,,,,,0.00022,0.00001,3.5,0.00004,1,,,,,0.00022,0.00000,3.7,0.00004
4620,1,,,,,0.00022,0.00000,3.6,0.00004,1,,,,,0.00022,0.00000,3.8,0.00005
4621,1,,,,,0.00022,0.00001,3.5,0.00004,1,,,,,0.00022,0.00000,3.7,0.00004
4622,1,,,,,0.00022,0.00000,3.5,0.00004,1,,,,,0.00022,0.00000,3.8,0.00004
4623,1,,,,,0.00022,0.00000,3.5,0.00004,1,,,,,0.00022,0.00000,3.7,0.00004
4624,1,,,,,0.00022,0.00000,3.5,0.00004,1,,,,,0.00022,0.00000,3.7,0.00004
4625,1,,,,,0.00022,0.00000,3.5,0.00004,1,,,,,0.00022,0.00001,3.7,0.00005
4626,1,,,,,0.00022,0.00000,3.5,0.00004,1,,,,,0.00022,0.00001,3.7,0.00004
4627,1,,,,,0.00022,0.00001,3.7,0.00004,1,,,,,0.00022,0.00000,3.7,0.00004
4628,1,,,,,0.00022,0.00000,3.7,0.00004,1,,,,,0.00022,0.00000,3.8,0.00004
4629,1,,,,,0.00022,0.00000,3.6,0.00005,1,,,,,0.00022,0.00000,3.7,0.00004
4630,1,,,,,0.00022,0.00000,3.5,0.00004,1,,,,,0.00022,0.00001,3.4,0.00004
4631,1,,,,,0.00022,0.00000,3.6,0.00004,1,,,,,0.00022,0.00000,3.5,0.00004
4632,1,,,,,0.00022,0.00000,3.5,0.00004,1,,,,,0.00022,0.00000,3.5,0.00004
4633,1,,,,,0.00022,0.00000,3.6,0.00004,1,,,,,0.00022,0.00000,3.5,0.00004
4634,1,,,,,0.00022,0.00000,3.5,0.00004,1,,,,,0.00022,0.00000,3.5,0.00004
4635,1,,,,,0.00022,0.00000,3.5,0.00004,1,,,,,0.00022,0.00000,3.5,0.00004
4636,1,,,,,0.00022,0.00000,3.6,0.00004,1,,,,,0.00022,0.00000,3.5,0.00004
4637,1,,,,,0.00022,0.00001,3.5,0.00004,1,,,,,0.00022,0.00000,3.4,0.00004
4638,1,,,,,0.00022,0.00001,3.5,0.00004,1,,,,,0.00022,0.00000,3.5,0.00004
4639,1,,,,,0.00022,0.00001,3.5,0.00004,1,,,,,0.00022,0.00000,3.4,0.00004
4640,1,,,,,0.00022,0.00000,3.6,0.00004,1,,,,,0.00022,0.00000,3.5,0.00004
4641,1,,,,,0.00022,0.00000,3.5,0.00004,1,,,,,0.00022,0.00000,3.5,0.00004
4642,1,,,,,0.00022,0.00000,3.6,0.00004,1,,,,,0.00022,0.00000,3.5,0.00004
4643,1,,,,,0.00022,0.00000,3.6,0.00004,1,,,,,0.00022,0.00000,3.5,0.00004
4644,1,,,,,0.00022,0.00000,3.7,0.00004,1,,,,,0.00022,0.00000,3.5,0.00004
4645,1,,,,,0.00022,0.00000,3.7,0.00004,1,,,,,0.00022,0.00000,3.5,0.00004
4646,1,,,,,0.00022,0.00000,3.7,0.00004,1,,,,,0.00022,0.00000,3.5,0.00004
4647,1,,,,,0.00022,0.00001,3.7,0.00004,1,,,,,0.00022,0.00001,3.5,0.00004
4648,1,,,,,0.00022,0.00000,3.6,0.00004,1,,,,,0.00022,0.00000,3.5,0.00004
4649,1,,,,,0.00022,0.00000,3.7,0.00004,1,,,,,0.00022,0.00000,3.5,0.00004
4650,1,,,,,0.00022,0.00000,3.7,0.00004,1,,,,,0.00022,0.00000,3.5,0.00004
4651,1,,,,,0.00022,0.00001,3.7,0.00004,1,,,,,0.00022,0.00000,3.5,0.00004
4652,1,,,,,0.00022,0.00000,3.6,0.00005,1,,,,,0.00022,0.00000,3.7,0.00004
4653,1,,,,,0.00022,0.00000,3.6,0.00004,1,,,,,0.00022,0.00000,3.7,0.00004
4654,1,,,,,0.00022,0.00000,3.7,0.00004,1,,,,,0.00022,0.00000,3.7,0.00004
4655,1,,,,,0.00022,0.00000,3.7,0.00004,1,,,,,0.00022,0.00000,3.7,0.00004
4656,1,,,,,0.00022,0.00000,3.7,0.00005,1,,,,,0.00022,0.00001,3.8,0.00004
4657,1,,,,,0.00022,0.00001,3.7,0.00005,1,,,,,0.00022,0.00000,3.8,0.00004
4658,1,,,,,0.00022,0.00001,3.7,0.00005,1,,,,,0.00022,0.00000,3.7,0.00004
4659,1,,,,,0.00022,0.00001,3.6,0.00004,1,,,,,0.00022,0.00000,3.7,0.00004
4660,1,,,,,0.00022,0.00000,3.7,0.00005,1,,,,,0.00022,0.00000,3.7,0.00004
4661,1,,,,,0.00022,0.00000,3.7,0.00004,1,,,,,0.00022,0.00000,3.7,0.00004
4662,1,,,,,0.00022,0.00000,3.7,0.00004,1,,,,,0.00022,0.00000,3.6,0.00004
4663,1,,,,,0.00022,0.00000,3.7,0.00004,1,,,,,0.00022,0.00000,3.7,0.00004
4664,1,,,,,0.00022,0.00000,3.6,0.00004,1,,,,,0.00022,0.00000,3.7,0.00004
4665,1,,,,,0.00022,0.00001,3.7,0.00004,1,,,,,0.00022,0.00001,3.7,0.00004
4666,1,,,,,0.00022,0.00001,3.7,0.00005,1,,,,,0.00022,0.00001,3.7,0.00004
4667,1,,,,,0.00022,0.00001,3.7,0.00004,1,,,,,0.00022,0.00000,3.8,0.00005
4668,1,,,,,0.00022,0.00000,3.7,0.00004,1,,,,,0.00022,0.00000,3.7,0.00005
4669,1,,,,,0.00022,0.00000,3.7,0.00004,1,,,,,0.00022,0.00000,3.7,0.00004
4670,1,,,,,0.00022,0.00000,3.7,0.00005,1,,,,,0.00022,0.00001,3.6,0.00004
4671,1,,,,,0.00022,0.00001,3.7,0.00004,1,,,,,0.00022,0.00000,3.5,0.00004
4672,1,,,,,0.00022,0.00000,3.7,0.00004,1,,,,,0.00022,0.00000,3.5,0.00004
4673,1,,,,,0.00022,0.00001,3.7,0.00004,1,,,,,0.00022,0.00000,3.5,0.00004
4674,1,,,,,0.00022,0.00000,3.7,0.00004,1,,,,,0.00022,0.00000,3.6,0.00004
4675,1,,,,,0.00022,0.00000,3.6,0.00004,1,,,,,0.00022,0.00000,3.6,0.00004
4676,1,,,,,0.00022,0.00000,3.6,0.00004,1,,,,,0.00022,0.00000,3.6,0.00004
4677,1,,,,,0.00022,0.00000,3.6,0.00004,1,,,,,0.00022,0.00000,3.5,0.00003
4678,1,,,,,0.00022,0.00000,3.6,0.00004,1,,,,,0.00022,0.00001,3.5,0.00004
4679,1,,,,,0.00022,0.00000,3.6,0.00004,1,,,,,0.00022,0.00000,3.5,0.00004
4680,1,,,,,0.00022,0.00000,3.6,0.00004,1,,,,,0.00022,0.00001,3.6,0.00004
4681,1,,,,,0.00022,0.00000,3.6,0.00004,1,,,,,0.00022,0.00000,3.6,0.00004
4682,1,,,,,0.00022,0.00000,3.7,0.00004,1,,,,,0.00022,0.00000,3.7,0.00004
4683,1,,,,,0.00022,0.00000,3.7,0.00004,1,,,,,0.00022,0.00000,3.7,0.00004
4684,1,,,,,0.00022,0.00000,3.7,0.00004,1,,,,,0.00022,0.00000,3.6,0.00004
4685,1,,,,,0.00022,0.00000,3.7,0.00004,1,,,,,0.00022,0.00000,3.7,0.00004
4686,1,,,,,0.00022,0.00000,3.7,0.00004,1,,,,,0.00022,0.00000,3.6,0.00004
4687,1,,,,,0.00022,0.00001,3.8,0.00005,1,,,,,0.00022,0.00000,3.7,0.00004
4688,1,,,,,0.00022,0.00001,3.7,0.00005,1,,,,,0.00022,0.00001,3.6,0.00004
4689,1,,,,,0.00022,0.00001,3.7,0.00004,1,,,,,0.00022,0.00000,3.6,0.00004
4690,1,,,,,0.00022,0.00000,3.7,0.00004,1,,,,,0.00022,0.00001,3.6,0.00004
4691,1,,,,,0.00022,0.00000,3.7,0.00005,1,,,,,0.00022,0.00000,3.7,0.00004
4692,1,,,,,0.00022,0.00000,3.7,0.00004,1,,,,,0.00022,0.00000,3.6,0.00004
4693,1,,,,,0.00022,0.00000,3.7,0.00004,1,,,,,0.00022,0.00001,3.6,0.00004
4694,1,,,,,0.00022,0.00001,3.7,0.00004,1,,,,,0.00022,0.00001,3.6,0.00004
4695,1,,,,,0.00022,0.00000,3.7,0.00004,1,,,,,0.00022,0.00001,3.6,0.00005
4696,1,,,,,0.00022,0.00001,3.7,0.00004,1,,,,,0.00022,0.00000,3.7,0.00004
4697,1,,,,,0.00022,0.00000,3.7,0.00004,1,,,,,0.00022,0.00001,3.6,0.00004
4698,1,,,,,0.00022,0.00000,3.7,0.00004,1,,,,,0.00022,0.00000,3.6,0.00004
4699,1,,,,,0.00022,0.00000,3.8,0.00004,1,,,,,0.00022,0.00000,3.7,0.00004
4700,1,,,,,0.00022,0.00000,3.7,0.00004,1,,,,,0.00022,0.00000,3.7,0.00004
4701,1,,,,,0.00022,0.00000,3.8,0.00004,1,,,,,0.00022,0.00000,3.7,0.00004
4702,1,,,,,0.00022,0.00000,3.7,0.00004,1,,,,,0.00022,0.00000,3.7,0.00004
4703,1,,,,,0.00022,0.00000,3.7,0.00004,1,,,,,0.00022,0.00000,3.7,0.00004
4704,1,,,,,0.00022,0.00000,3.7,0.00004,1,,,,,0.00022,0.00000,3.7,0.00004
4705,1,,,,,0.00022,0.00000,3.8,0.00004,1,,,,,0.00022,0.00000,3.7,0.00004
4706,1,,,,,0.00022,0.00000,3.8,0.00004,1,,,,,0.00022,0.00000,3.7,0.00004
4707,1,,,,,0.00022,0.00000,3.8,0.00004,1,,,,,0.00022,0.00000,3.4,0.00004
4708,1,,,,,0.00022,0.00000,3.8,0.00004,1,,,,,0.00022,0.00000,3.4,0.00004
4709,1,,,,,0.00022,0.00000,3.8,0.00004,1,,,,,0.00022,0.00000,3.5,0.00004
4710,1,,,,,0.00022,0.00001,3.7,0.00004,1,,,,,0.00022,0.00000,3.5,0.00004
4711,1,,,,,0.00022,0.00000,3.8,0.00004,1,,,,,0.00022,0.00000,3.4,0.00004
4712,1,,,,,0.00022,0.00000,3.7,0.00004,1,,,,,0.00022,0.00000,3.4,0.00004
4713,1,,,,,0.00022,0.00000,3.6,0.00004,1,,,,,0.00022,0.00000,3.5,0.00004
4714,1,,,,,0.00022,0.00000,3.7,0.00004,1,,,,,0.00022,0.00000,3.5,0.00004
4715,1,,,,,0.00022,0.00001,3.6,0.00004,1,,,,,0.00022,0.00001,3.5,0.00004
4716,1,,,,,0.00022,0.00000,3.6,0.00004,1,,,,,0.00022,0.00000,3.5,0.00004
4717,1,,,,,0.00022,0.00000,3.7,0.00004,1,,,,,0.00022,0.00000,3.4,0.00004
4718,1,,,,,0.00022,0.00000,3.8,0.00005,1,,,,,0.00022,0.00001,3.4,0.00004
4719,1,,,,,0.00022,0.00000,3.8,0.00004,1,,,,,0.00022,0.00000,3.4,0.00004
4720,1,,,,,0.00022,0.00000,3.7,0.00004,1,,,,,0.00022,0.00000,3.4,0.00004
4721,1,,,,,0.00022,0.00000,3.8,0.00004,1,,,,,0.00022,0.00000,3.5,0.00004
4722,1,,,,,0.00022,0.00000,3.8,0.00004,1,,,,,0.00022,0.00001,3.5,0.00004
4723,1,,,,,0.00022,0.00000,3.8,0.00005,1,,,,,0.00022,0.00001,3.5,0.00004
4724,1,,,,,0.00022,0.00000,3.7,0.00004,1,,,,,0.00022,0.00000,3.5,0.00004
4725,1,,,,,0.00022,0.00000,3.7,0.00004,1,,,,,0.00022,0.00000,3.5,0.00004
4726,1,,,,,0.00022,0.00001,3.7,0.00004,1,,,,,0.00022,0.00000,3.5,0.00004
4727,1,,,,,0.00022,0.00000,3.7,0.00004,1,,,,,0.00022,0.00000,3.7,0.00004
4728,1,,,,,0.00022,0.00001,3.8,0.00004,1,,,,,0.00022,0.00000,3.8,0.00005
4729,1,,,,,0.00022,0.00001,3.8,0.00004,1,,,,,0.00022,0.00000,3.7,0.00004
4730,1,,,,,0.00022,0.00000,3.8,0.00004,1,,,,,0.00022,0.00001,3.8,0.00004
4731,1,,,,,0.00022,0.00001,3.8,0.00004,1,,,,,0.00022,0.00000,3.7,0.00004
4732,1,,,,,0.00022,0.00000,3.9,0.00004,1,,,,,0.00022,0.00000,3.7,0.00004
4733,1,,,,,0.00022,0.00000,3.8,0.00004,1,,,,,0.00022,0.00001,3.7,0.00004
4734,1,,,,,0.00022,0.00000,3.8,0.00005,1,,,,,0.00022,0.00000,3.7,0.00004
4735,1,,,,,0.00022,0.00000,3.7,0.00004,1,,,,,0.00022,0.00001,3.7,0.00004
4736,1,,,,,0.00022,0.00000,3.8,0.00005,1,,,,,0.00022,0.00000,3.7,0.00005
4737,1,,,,,0.00022,0.00000,3.7,0.00004,1,,,,,0.00022,0.00000,3.7,0.00004
4738,1,,,,,0.00022,0.00000,3.8,0.00004,1,,,,,0.00022,0.00000,3.7,0.00005
4739,1,,,,,0.00022,0.00000,3.8,0.00004,1,,,,,0.00022,0.00001,3.7,0.00004
4740,1,,,,,0.00022,0.00001,3.7,0.00004,1,,,,,0.00022,0.00000,3.7,0.00005
4741,1,,,,,0.00022,0.00000,3.7,0.00005,1,,,,,0.00022,0.00000,3.5,0.00004
4742,1,,,,,0.00022,0.00000,3.7,0.00004,1,,,,,0.00022,0.00000,3.4,0.00004
4743,1,,,,,0.00022,0.00000,3.7,0.00004,1,,,,,0.00022,0.00000,3.4,0.00004
4744,1,,,,,0.00022,0.00000,3.6,0.00004,1,,,,,0.00022,0.00000,3.4,0.00004
4745,1,,,,,0.00022,0.00001,3.6,0.00004,1,,,,,0.00022,0.00000,3.4,0.00004
4746,1,,,,,0.00022,0.00000,3.5,0.00004,1,,,,,0.00022,0.00000,3.4,0.00004
4747,1,,,,,0.00022,0.00001,3.5,0.00004,1,,,,,0.00022,0.00000,3.5,0.00004
4748,1,,,,,0.00022,0.00001,3.5,0.00004,1,,,,,0.00022,0.00000,3.4,0.00004
4749,1,,,,,0.00022,0.00000,3.6,0.00004,1,,,,,0.00022,0.00001,3.4,0.00004
4750,1,,,,,0.00022,0.00001,3.5,0.00004,1,,,,,0.00022,0.00000,3.5,0.00005
4751,1,,,,,0.00022,0.00000,3.4,0.00004,1,,,,,0.00022,0.00000,3.4,0.00004
4752,1,,,,,0.00022,0.00001,3.5,0.00004,1,,,,,0.00022,0.00000,3.5,0.00004
4753,1,,,,,0.00022,0.00000,3.5,0.00004,1,,,,,0.00022,0.00000,3.5,0.00004
4754,1,,,,,0.00022,0.00000,3.7,0.00004,1,,,,,0.00022,0.00000,3.5,0.00004
4755,1,,,,,0.00022,0.00000,3.7,0.00004,1,,,,,0.00022,0.00000,3.5,0.00004
4756,1,,,,,0.00022,0.00001,3.7,0.00004,1,,,,,0.00022,0.00001,3.5,0.00004
4757,1,,,,,0.00022,0.00000,3.7,0.00005,1,,,,,0.00022,0.00000,3.5,0.00004
4758,1,,,,,0.00022,0.00001,3.7,0.00005,1,,,,,0.00022,0.00000,3.5,0.00004
4759,1,,,,,0.00022,0.00000,3.6,0.00004,1,,,,,0.00022,0.00000,3.4,0.00004
4760,1,,,,,0.00022,0.00000,3.6,0.00004,1,,,,,0.00022,0.00000,3.5,0.00004
4761,1,,,,,0.00022,0.00000,3.6,0.00005,1,,,,,0.00022,0.00000,3.4,0.00004
4762,1,,,,,0.00022,0.00000,3.6,0.00004,1,,,,,0.00022,0.00000,3.4,0.00004
4763,1,,,,,0.00022,0.00001,3.6,0.00004,1,,,,,0.00022,0.00000,3.5,0.00004
4764,1,,,,,0.00022,0.00001,3.7,0.00004,1,,,,,0.00022,0.00000,3.5,0.00004
4765,1,,,,,0.00022,0.00000,3.7,0.00005,1,,,,,0.00022,0.00000,3.5,0.00004
4766,1,,,,,0.00022,0.00000,3.7,0.00005,1,,,,,0.00022,0.00001,3.5,0.00004
4767,1,,,,,0.00022,0.00000,3.6,0.00005,1,,,,,0.00022,0.00001,3.4,0.00004
4768,1,,,,,0.00022,0.00000,3.7,0.00005,1,,,,,0.00022,0.00000,3.5,0.00004
4769,1,,,,,0.00022,0.00000,3.7,0.00005,1,,,,,0.00022,0.00001,3.4,0.00004
4770,1,,,,,0.00022,0.00000,3.7,0.00005,1,,,,,0.00022,0.00000,3.4,0.00004
4771,1,,,,,0.00022,0.00000,3.7,0.00005,1,,,,,0.00022,0.00000,3.7,0.00004
4772,1,,,,,0.00022,0.00000,3.6,0.00005,1,,,,,0.00022,0.00001,3.7,0.00005
4773,1,,,,,0.00022,0.00000,3.7,0.00005,1,,,,,0.00022,0.00000,3.6,0.00004
4774,1,,,,,0.00022,0.00000,3.8,0.00005,1,,,,,0.00022,0.00000,3.7,0.00004
4775,1,,,,,0.00022,0.00000,3.7,0.00005,1,,,,,0.00022,0.00001,3.6,0.00004
4776,1,,,,,0.00022,0.00000,3.7,0.00005,1,,,,,0.00022,0.00000,3.6,0.00004
4777,1,,,,,0.00022,0.00000,3.7,0.00005,1,,,,,0.00022,0.00000,3.6,0.00004
4778,1,,,,,0.00022,0.00000,3.7,0.00005,1,,,,,0.00022,0.00000,3.7,0.00004
4779,1,,,,,0.00022,0.00000,3.7,0.00005,1,,,,,0.00022,0.00001,3.6,0.00004
4780,1,,,,,0.00022,0.00000,3.7,0.00005,1,,,,,0.00022,0.00001,3.7,0.00004
4781,1,,,,,0.00022,0.00000,3.5,0.00004,1,,,,,0.00022,0.00000,3.6,0.00004
4782,1,,,,,0.00022,0.00000,3.5,0.00004,1,,,,,0.00022,0.00000,3.7,0.00004
4783,1,,,,,0.00022,0.00000,3.5,0.00004,1,,,,,0.00022,0.00000,3.7,0.00004
4784,1,,,,,0.00022,0.00001,3.5,0.00004,1,,,,,0.00022,0.00000,3.7,0.00004
4785,1,,,,,0.00022,0.00000,3.5,0.00004,1,,,,,0.00022,0.00000,3.4,0.00004
4786,1,,,,,0.00022,0.00000,3.6,0.00004,1,,,,,0.00022,0.00000,3.4,0.00004
4787,1,,,,,0.00022,0.00000,3.4,0.00004,1,,,,,0.00022,0.00000,3.4,0.00004
4788,1,,,,,0.00022,0.00000,3.5,0.00004,1,,,,,0.00022,0.00000,3.4,0.00004
4789,1,,,,,0.00022,0.00000,3.5,0.00004,1,,,,,0.00022,0.00000,3.4,0.00004
4790,1,,,,,0.00022,0.00000,3.5,0.00004,1,,,,,0.00022,0.00000,3.4,0.00004
4791,1,,,,,0.00022,0.00000,3.4,0.00004,1,,,,,0.00022,0.00000,3.5,0.00004
4792,1,,,,,0.00022,0.00000,3.5,0.00004,1,,,,,0.00022,0.00001,3.4,0.00004
4793,1,,,,,0.00022,0.00001,3.7,0.00004,1,,,,,0.00022,0.00000,3.5,0.00004
4794,1,,,,,0.00022,0.00000,3.7,0.00004,1,,,,,0.00022,0.00001,3.5,0.00004
4795,1,,,,,0.00022,0.00000,3.6,0.00004,1,,,,,0.00022,0.00000,3.5,0.00004
4796,1,,,,,0.00022,0.00000,3.6,0.00004,1,,,,,0.00022,0.00000,3.5,0.00004
4797,1,,,,,0.00022,0.00000,3.7,0.00005,1,,,,,0.00022,0.00000,3.4,0.00004
4798,1,,,,,0.00022,0.00001,3.6,0.00005,1,,,,,0.00022,0.00000,3.5,0.00004
4799,1,,,,,0.00022,0.00000,3.6,0.00004,1,,,,,0.00022,0.00000,3.4,0.00004
4800,1,,,,,0.00022,0.00000,3.6,0.00004,1,,,,,0.00022,0.00000,3.5,0.00004
4801,1,,,,,0.00022,0.00000,3.7,0.00005,1,,,,,0.00022,0.00000,3.5,0.00004
4802,1,,,,,0.00022,0.00001,3.6,0.00004,1,,,,,0.00022,0.00000,3.6,0.00004
4803,1,,,,,0.00022,0.00000,3.7,0.00004,1,,,,,0.00022,0.00000,3.7,0.00004
4804,1,,,,,0.00022,0.00000,3.7,0.00004,1,,,,,0.00022,0.00000,3.7,0.00004
4805,1,,,,,0.00022,0.00000,3.7,0.00005,1,,,,,0.00022,0.00000,3.7,0.00004
4806,1,,,,,0.00022,0.00000,3.6,0.00004,1,,,,,0.00022,0.00000,3.7,0.00005
4807,1,,,,,0.00022,0.00001,3.7,0.00005,1,,,,,0.00022,0.00001,3.7,0.00004
4808,1,,,,,0.00022,0.00000,3.7,0.00005,1,,,,,0.00022,0.00001,3.7,0.00004
4809,1,,,,,0.00022,0.00000,3.7,0.00004,1,,,,,0.00022,0.00000,3.7,0.00004
4810,1,,,,,0.00022,0.00000,3.7,0.00004,1,,,,,0.00022,0.00000,3.7,0.00004
4811,1,,,,,0.00022,0.00000,3.7,0.00005,1,,,,,0.00022,0.00000,3.7,0.00004
4812,1,,,,,0.00022,0.00000,3.7,0.00004,1,,,,,0.00022,0.00000,3.7,0.00004
4813,1,,,,,0.00022,0.00000,3.7,0.00005,1,,,,,0.00022,0.00000,3.7,0.00004
4814,1,,,,,0.00022,0.00000,3.7,0.00005,1,,,,,0.00022,0.00000,3.7,0.00004
4815,1,,,,,0.00022,0.00000,3.7,0.00005,1,,,,,0.00022,0.00000,3.7,0.00004
4816,1,,,,,0.00022,0.00000,3.7,0.00005,1,,,,,0.00022,0.00000,3.7,0.00004
4817,1,,,,,0.00022,0.00000,3.6,0.00005,1,,,,,0.00022,0.00000,3.5,0.00004
4818,1,,,,,0.00022,0.00001,3.7,0.00005,1,,,,,0.00022,0.00000,3.4,0.00004
4819,1,,,,,0.00022,0.00000,3.5,0.00004,1,,,,,0.00022,0.00000,3.4,0.00004
4820,1,,,,,0.00022,0.00000,3.5,0.00004,1,,,,,0.00022,0.00000,3.5,0.00004
4821,1,,,,,0.00022,0.00001,3.5,0.00004,1,,,,,0.00022,0.00001,3.5,0.00004
4822,1,,,,,0.00022,0.00000,3.5,0.00004,1,,,,,0.00022,0.00000,3.5,0.00004
4823,1,,,,,0.00022,0.00001,3.5,0.00004,1,,,,,0.00022,0.00000,3.5,0.00004
4824,1,,,,,0.00022,0.00001,3.5,0.00004,1,,,,,0.00022,0.00000,3.5,0.00004
4825,1,,,,,0.00022,0.00000,3.5,0.00004,1,,,,,0.00022,0.00001,3.5,0.00004
4826,1,,,,,0.00022,0.00001,3.5,0.00004,1,,,,,0.00022,0.00000,3.4,0.00004
4827,1,,,,,0.00022,0.00000,3.7,0.00005,1,,,,,0.00022,0.00000,3.4,0.00004
4828,1,,,,,0.00022,0.00000,3.6,0.00004,1,,,,,0.00022,0.00000,3.5,0.00004
4829,1,,,,,0.00022,0.00000,3.5,0.00004,1,,,,,0.00022,0.00000,3.4,0.00004
4830,1,,,,,0.00022,0.00000,3.5,0.00004,1,,,,,0.00022,0.00000,3.5,0.00004
4831,1,,,,,0.00022,0.00000,3.5,0.00004,1,,,,,0.00022,0.00001,3.5,0.00004
4832,1,,,,,0.00022,0.00001,3.5,0.00004,1,,,,,0.00022,0.00000,3.5,0.00004
4833,1,,,,,0.00022,0.00000,3.6,0.00004,1,,,,,0.00022,0.00000,3.5,0.00004
4834,1,,,,,0.00022,0.00000,3.5,0.00004,1,,,,,0.00022,0.00000,3.5,0.00004
4835,1,,,,,0.00022,0.00000,3.6,0.00004,1,,,,,0.00022,0.00000,3.5,0.00004
4836,1,,,,,0.00022,0.00000,3.6,0.00004,1,,,,,0.00022,0.00000,3.5,0.00004
4837,1,,,,,0.00022,0.00000,3.5,0.00004,1,,,,,0.00022,0.00000,3.5,0.00004
4838,1,,,,,0.00022,0.00001,3.6,0.00004,1,,,,,0.00022,0.00000,3.5,0.00004
4839,1,,,,,0.00022,0.00000,3.7,0.00004,1,,,,,0.00022,0.00000,3.6,0.00004
4840,1,,,,,0.00022,0.00000,3.6,0.00004,1,,,,,0.00022,0.00000,3.5,0.00004
4841,1,,,,,0.00022,0.00000,3.7,0.00004,1,,,,,0.00022,0.00000,3.5,0.00004
4842,1,,,,,0.00022,0.00001,3.7,0.00004,1,,,,,0.00022,0.00000,3.5,0.00004
4843,1,,,,,0.00022,0.00000,3.7,0.00005,1,,,,,0.00022,0.00000,3.6,0.00004
4844,1,,,,,0.00022,0.00000,3.7,0.00005,1,,,,,0.00022,0.00000,3.5,0.00004
4845,1,,,,,0.00022,0.00000,3.7,0.00005,1,,,,,0.00022,0.00001,3.5,0.00004
4846,1,,,,,0.00022,0.00000,3.7,0.00004,1,,,,,0.00022,0.00000,3.5,0.00004
4847,1,,,,,0.00022,0.00000,3.7,0.00005,1,,,,,0.00022,0.00000,3.5,0.00004
4848,1,,,,,0.00022,0.00000,3.7,0.00004,1,,,,,0.00022,0.00000,3.5,0.00004
4849,1,,,,,0.00022,0.00000,3.7,0.00004,1,,,,,0.00022,0.00000,3.5,0.00004
4850,1,,,,,0.00022,0.00000,3.7,0.00004,1,,,,,0.00022,0.00000,3.5,0.00004
4851,1,,,,,0.00022,0.00000,3.7,0.00004,1,,,,,0.00022,0.00000,3.7,0.00004
4852,1,,,,,0.00022,0.00000,3.7,0.00005,1,,,,,0.00022,0.00000,3.5,0.00004
4853,1,,,,,0.00022,0.00000,3.7,0.00005,1,,,,,0.00022,0.00000,3.4,0.00004
4854,1,,,,,0.00022,0.00000,3.7,0.00004,1,,,,,0.00022,0.00000,3.5,0.00004
4855,1,,,,,0.00022,0.00000,3.8,0.00005,1,,,,,0.00022,0.00000,3.5,0.00004
4856,1,,,,,0.00022,0.00000,3.8,0.00005,1,,,,,0.00022,0.00000,3.5,0.00004
4857,1,,,,,0.00022,0.00000,3.8,0.00005,1,,,,,0.00022,0.00000,3.5,0.00004
4858,1,,,,,0.00022,0.00000,3.7,0.00005,1,,,,,0.00022,0.00000,3.5,0.00004
4859,1,,,,,0.00022,0.00000,3.5,0.00004,1,,,,,0.00022,0.00000,3.5,0.00004
4860,1,,,,,0.00022,0.00000,3.6,0.00004,1,,,,,0.00022,0.00000,3.5,0.00004
4861,1,,,,,0.00022,0.00000,3.6,0.00004,1,,,,,0.00022,0.00000,3.5,0.00004
4862,1,,,,,0.00022,0.00000,3.6,0.00004,1,,,,,0.00022,0.00000,3.5,0.00004
4863,1,,,,,0.00022,0.00000,3.6,0.00004,1,,,,,0.00022,0.00000,3.5,0.00004
4864,1,,,,,0.00022,0.00000,3.5,0.00004,1,,,,,0.00022,0.00000,3.5,0.00004
4865,1,,,,,0.00022,0.00000,3.6,0.00004,1,,,,,0.00022,0.00000,3.5,0.00003
4866,1,,,,,0.00022,0.00000,3.6,0.00004,1,,,,,0.00022,0.00000,3.5,0.00004
4867,1,,,,,0.00022,0.00000,3.6,0.00004,1,,,,,0.00022,0.00000,3.5,0.00004
4868,1,,,,,0.00022,0.00000,3.5,0.00004,1,,,,,0.00022,0.00001,3.5,0.00004
4869,1,,,,,0.00022,0.00000,3.7,0.00004,1,,,,,0.00022,0.00000,3.5,0.00004
4870,1,,,,,0.00022,0.00000,3.7,0.00004,1,,,,,0.00022,0.00001,3.5,0.00004
4871,1,,,,,0.00022,0.00000,3.7,0.00004,1,,,,,0.00022,0.00001,3.5,0.00004
4872,1,,,,,0.00022,0.00000,3.6,0.00004,1,,,,,0.00022,0.00001,3.5,0.00004
4873,1,,,,,0.00022,0.00000,3.6,0.00004,1,,,,,0.00022,0.00000,3.5,0.00004
4874,1,,,,,0.00022,0.00000,3.7,0.00004,1,,,,,0.00022,0.00000,3.5,0.00004
4875,1,,,,,0.00022,0.00000,3.7,0.00004,1,,,,,0.00022,0.00000,3.5,0.00004
4876,1,,,,,0.00022,0.00001,3.6,0.00004,1,,,,,0.00022,0.00000,3.5,0.00004
4877,1,,,,,0.00022,0.00000,3.7,0.00004,1,,,,,0.00022,0.00000,3.7,0.00004
4878,1,,,,,0.00022,0.00000,3.6,0.00004,1,,,,,0.00022,0.00000,3.7,0.00004
4879,1,,,,,0.00022,0.00000,3.5,0.00004,1,,,,,0.00022,0.00000,3.7,0.00004
4880,1,,,,,0.00022,0.00000,3.6,0.00004,1,,,,,0.00022,0.00000,3.7,0.00004
4881,1,,,,,0.00022,0.00000,3.6,0.00004,1,,,,,0.00022,0.00000,3.8,0.00004
4882,1,,,,,0.00022,0.00000,3.6,0.00004,1,,,,,0.00022,0.00001,3.8,0.00004
4883,1,,,,,0.00022,0.00001,3.6,0.00004,1,,,,,0.00022,0.00000,3.8,0.00004
4884,1,,,,,0.00022,0.00000,3.6,0.00004,1,,,,,0.00022,0.00000,3.8,0.00004
4885,1,,,,,0.00022,0.00001,3.6,0.00004,1,,,,,0.00022,0.00000,3.8,0.00004
4886,1,,,,,0.00022,0.00001,3.5,0.00004,1,,,,,0.00022,0.00001,3.8,0.00005
4887,1,,,,,0.00022,0.00000,3.5,0.00004,1,,,,,0.00022,0.00001,3.7,0.00004
4888,1,,,,,0.00022,0.00000,3.6,0.00004,1,,,,,0.00022,0.00000,3.7,0.00004
4889,1,,,,,0.00022,0.00001,3.6,0.00004,1,,,,,0.00022,0.00000,3.7,0.00004
4890,1,,,,,0.00022,0.00000,3.6,0.00004,1,,,,,0.00022,0.00000,3.7,0.00005
4891,1,,,,,0.00022,0.00000,3.7,0.00004,1,,,,,0.00022,0.00000,3.8,0.00004
4892,1,,,,,0.00022,0.00000,3.7,0.00004,1,,,,,0.00022,0.00000,3.7,0.00004
4893,1,,,,,0.00022,0.00001,3.5,0.00004,1,,,,,0.00022,0.00000,3.5,0.00004
4894,1,,,,,0.00022,0.00000,3.5,0.00004,1,,,,,0.00022,0.00001,3.6,0.00004
4895,1,,,,,0.00022,0.00000,3.6,0.00005,1,,,,,0.00022,0.00001,3.6,0.00004
4896,1,,,,,0.00022,0.00000,3.6,0.00004,1,,,,,0.00022,0.00000,3.6,0.00004
4897,1,,,,,0.00022,0.00001,3.6,0.00004,1,,,,,0.00022,0.00000,3.6,0.00004
4898,1,,,,,0.00022,0.00001,3.6,0.00004,1,,,,,0.00022,0.00000,3.5,0.00004
4899,1,,,,,0.00022,0.00000,3.6,0.00004,1,,,,,0.00022,0.00000,3.6,0.00004
4900,1,,,,,0.00022,0.00001,3.6,0.00004,1,,,,,0.00022,0.00000,3.5,0.00004
4901,1,,,,,0.00022,0.00000,3.6,0.00004,1,,,,,0.00022,0.00000,3.6,0.00004
4902,1,,,,,0.00022,0.00000,3.5,0.00004,1,,,,,0.00022,0.00000,3.5,0.00004
4903,1,,,,,0.00022,0.00000,3.6,0.00004,1,,,,,0.00022,0.00000,3.6,0.00004
4904,1,,,,,0.00022,0.00000,3.6,0.00004,1,,,,,0.00022,0.00001,3.6,0.00004
4905,1,,,,,0.00022,0.00000,3.7,0.00004,1,,,,,0.00022,0.00000,3.7,0.00004
4906,1,,,,,0.00022,0.00001,3.8,0.00004,1,,,,,0.00022,0.00000,3.6,0.00004
4907,1,,,,,0.00022,0.00000,3.7,0.00004,1,,,,,0.00022,0.00000,3.6,0.00004
4908,1,,,,,0.00022,0.00001,3.7,0.00004,1,,,,,0.00022,0.00000,3.7,0.00004
4909,1,,,,,0.00022,0.00001,3.8,0.00005,1,,,,,0.00022,0.00000,3.6,0.00004
4910,1,,,,,0.00022,0.00001,3.8,0.00004,1,,,,,0.00022,0.00000,3.6,0.00004
4911,1,,,,,0.00022,0.00000,3.7,0.00004,1,,,,,0.00022,0.00000,3.5,0.00004
4912,1,,,,,0.00022,0.00000,3.7,0.00004,1,,,,,0.00022,0.00000,3.5,0.00004
4913,1,,,,,0.00022,0.00000,3.7,0.00004,1,,,,,0.00022,0.00000,3.6,0.00004
4914,1,,,,,0.00022,0.00000,3.7,0.00004,1,,,,,0.00022,0.00000,3.7,0.00005
4915,1,,,,,0.00022,0.00000,3.6,0.00004,1,,,,,0.00022,0.00001,3.7,0.00004
4916,1,,,,,0.00022,0.00000,3.7,0.00004,1,,,,,0.00022,0.00000,3.7,0.00004
4917,1,,,,,0.00022,0.00000,3.7,0.00004,1,,,,,0.00022,0.00001,3.8,0.00004
4918,1,,,,,0.00022,0.00000,3.7,0.00004,1,,,,,0.00022,0.00001,3.6,0.00004
4919,1,,,,,0.00022,0.00000,3.6,0.00004,1,,,,,0.00022,0.00000,3.6,0.00004
4920,1,,,,,0.00022,0.00000,3.8,0.00005,1,,,,,0.00022,0.00000,3.6,0.00004
4921,1,,,,,0.00022,0.00000,3.7,0.00004,1,,,,,0.00022,0.00000,3.6,0.00004
4922,1,,,,,0.00022,0.00001,3.7,0.00004,1,,,,,0.00022,0.00000,3.6,0.00004
4923,1,,,,,0.00022,0.00001,3.7,0.00004,1,,,,,0.00022,0.00000,3.6,0.00004
4924,1,,,,,0.00022,0.00000,3.8,0.00005,1,,,,,0.00022,0.00001,3.7,0.00004
4925,1,,,,,0.00022,0.00000,3.9,0.00004,1,,,,,0.00022,0.00000,3.6,0.00004
4926,1,,,,,0.00022,0.00000,3.8,0.00004,1,,,,,0.00022,0.00000,3.6,0.00004
4927,1,,,,,0.00022,0.00000,3.8,0.00004,1,,,,,0.00022,0.00001,3.6,0.00004
4928,1,,,,,0.00022,0.00000,3.8,0.00004,1,,,,,0.00022,0.00000,3.6,0.00004
4929,1,,,,,0.00022,0.00000,3.8,0.00004,1,,,,,0.00022,0.00000,3.6,0.00004
4930,1,,,,,0.00022,0.00000,3.8,0.00004,1,,,,,0.00022,0.00000,3.6,0.00004
4931,1,,,,,0.00022,0.00000,3.6,0.00005,1,,,,,0.00022,0.00000,3.6,0.00004
4932,1,,,,,0.00022,0.00000,3.7,0.00004,1,,,,,0.00022,0.00000,3.6,0.00004
4933,1,,,,,0.00022,0.00000,3.7,0.00004,1,,,,,0.00022,0.00000,3.6,0.00004
4934,1,,,,,0.00022,0.00000,3.6,0.00004,1,,,,,0.00022,0.00000,3.6,0.00004
4935,1,,,,,0.00022,0.00000,3.6,0.00004,1,,,,,0.00022,0.00000,3.6,0.00004
4936,1,,,,,0.00022,0.00000,3.6,0.00004,1,,,,,0.00022,0.00001,3.6,0.00004
4937,1,,,,,0.00022,0.00000,3.6,0.00004,1,,,,,0.00022,0.00001,3.6,0.00004
4938,1,,,,,0.00022,0.00000,3.6,0.00004,1,,,,,0.00022,0.00000,3.7,0.00005
4939,1,,,,,0.00022,0.00000,3.6,0.00004,1,,,,,0.00022,0.00000,3.6,0.00004
4940,1,,,,,0.00022,0.00000,3.6,0.00004,1,,,,,0.00022,0.00000,3.7,0.00004
4941,1,,,,,0.00022,0.00000,3.6,0.00004,1,,,,,0.00022,0.00000,3.7,0.00004
4942,1,,,,,0.00022,0.00000,3.8,0.00004,1,,,,,0.00022,0.00000,3.8,0.00004
4943,1,,,,,0.00022,0.00000,3.6,0.00004,1,,,,,0.00022,0.00000,3.7,0.00005
4944,1,,,,,0.00022,0.00001,3.5,0.00004,1,,,,,0.00022,0.00000,3.7,0.00004
4945,1,,,,,0.00022,0.00000,3.7,0.00004,1,,,,,0.00022,0.00000,3.7,0.00004
4946,1,,,,,0.00022,0.00000,3.8,0.00004,1,,,,,0.00022,0.00000,3.7,0.00004
4947,1,,,,,0.00022,0.00000,3.7,0.00004,1,,,,,0.00022,0.00001,3.7,0.00004
4948,1,,,,,0.00022,0.00000,3.7,0.00004,1,,,,,0.00022,0.00000,3.7,0.00004
4949,1,,,,,0.00022,0.00000,3.7,0.00004,1,,,,,0.00022,0.00000,3.6,0.00004
4950,1,,,,,0.00022,0.00000,3.8,0.00005,1,,,,,0.00022,0.00000,3.7,0.00004
4951,1,,,,,0.00022,0.00000,3.7,0.00004,1,,,,,0.00022,0.00000,3.6,0.00004
4952,1,,,,,0.00022,0.00000,3.6,0.00004,1,,,,,0.00022,0.00000,3.9,0.00004
4953,1,,,,,0.00022,0.00000,3.5,0.00004,1,,,,,0.00022,0.00000,3.6,0.00004
4954,1,,,,,0.00022,0.00000,3.4,0.00004,1,,,,,0.00022,0.00000,3.6,0.00004
4955,1,,,,,0.00022,0.00000,3.5,0.00004,1,,,,,0.00022,0.00000,3.6,0.00004
4956,1,,,,,0.00022,0.00000,3.5,0.00004,1,,,,,0.00022,0.00000,3.6,0.00004
4957,1,,,,,0.00022,0.00000,3.7,0.00004,1,,,,,0.00022,0.00000,3.6,0.00004
4958,1,,,,,0.00022,0.00001,3.7,0.00004,1,,,,,0.00022,0.00001,3.6,0.00004
4959,1,,,,,0.00022,0.00000,3.7,0.00004,1,,,,,0.00022,0.00000,3.6,0.00004
4960,1,,,,,0.00022,0.00000,3.7,0.00004,1,,,,,0.00022,0.00000,3.6,0.00004
4961,1,,,,,0.00022,0.00000,3.7,0.00005,1,,,,,0.00022,0.00001,3.6,0.00004
4962,1,,,,,0.00022,0.00000,3.7,0.00004,1,,,,,0.00022,0.00000,3.6,0.00004
4963,1,,,,,0.00022,0.00000,3.7,0.00004,1,,,,,0.00022,0.00000,3.6,0.00004
4964,1,,,,,0.00022,0.00000,3.7,0.00004,1,,,,,0.00022,0.00000,3.6,0.00004
4965,1,,,,,0.00022,0.00001,3.7,0.00004,1,,,,,0.00022,0.00001,3.7,0.00004
4966,1,,,,,0.00022,0.00000,3.8,0.00004,1,,,,,0.00022,0.00000,3.7,0.00004
4967,1,,,,,0.00022,0.00001,3.7,0.00004,1,,,,,0.00022,0.00000,3.6,0.00004
4968,1,,,,,0.00022,0.00000,3.6,0.00004,1,,,,,0.00022,0.00000,3.6,0.00004
4969,1,,,,,0.00022,0.00000,3.7,0.00005,1,,,,,0.00022,0.00000,3.6,0.00004
4970,1,,,,,0.00022,0.00000,3.7,0.00004,1,,,,,0.00022,0.00000,3.6,0.00004
4971,1,,,,,0.00022,0.00000,3.6,0.00004,1,,,,,0.00022,0.00000,3.7,0.00004
4972,1,,,,,0.00022,0.00000,3.6,0.00004,1,,,,,0.00022,0.00000,3.6,0.00005
4973,1,,,,,0.00022,0.00000,3.6,0.00004,1,,,,,0.00022,0.00000,3.6,0.00004
4974,1,,,,,0.00022,0.00000,3.6,0.00004,1,,,,,0.00022,0.00000,3.6,0.00004
4975,1,,,,,0.00022,0.00000,3.6,0.00004,1,,,,,0.00022,0.00000,3.6,0.00004
4976,1,,,,,0.00022,0.00000,3.6,0.00004,1,,,,,0.00022,0.00000,3.6,0.00004
4977,1,,,,,0.00022,0.00000,3.6,0.00004,1,,,,,0.00022,0.00000,3.6,0.00004
4978,1,,,,,0.00022,0.00000,3.6,0.00004,1,,,,,0.00022,0.00000,3.6,0.00004
4979,1,,,,,0.00022,0.00000,3.5,0.00004,1,,,,,0.00022,0.00001,3.6,0.00004
4980,1,,,,,0.00022,0.00000,3.5,0.00004,1,,,,,0.00022,0.00000,3.7,0.00004
4981,1,,,,,0.00022,0.00000,3.6,0.00004,1,,,,,0.00022,0.00001,3.6,0.00004
4982,1,,,,,0.00022,0.00001,3.6,0.00004,1,,,,,0.00022,0.00000,3.7,0.00004
4983,1,,,,,0.00022,0.00000,3.6,0.00004,1,,,,,0.00022,0.00001,3.6,0.00004
4984,1,,,,,0.00022,0.00001,3.7,0.00004,1,,,,,0.00022,0.00000,3.6,0.00004
4985,1,,,,,0.00022,0.00000,3.6,0.00004,1,,,,,0.00022,0.00001,3.6,0.00004
4986,1,,,,,0.00022,0.00000,3.6,0.00004,1,,,,,0.00022,0.00000,3.6,0.00004
4987,1,,,,,0.00022,0.00000,3.6,0.00004,1,,,,,0.00022,0.00000,3.6,0.00004
4988,1,,,,,0.00022,0.00001,3.7,0.00004,1,,,,,0.00022,0.00000,3.6,0.00004
4989,1,,,,,0.00022,0.00000,3.7,0.00004,1,,,,,0.00022,0.00000,3.6,0.00004
4990,1,,,,,0.00022,0.00001,3.8,0.00004,1,,,,,0.00022,0.00000,3.6,0.00004
4991,1,,,,,0.00022,0.00000,3.7,0.00004,1,,,,,0.00022,0.00000,3.7,0.00004
4992,1,,,,,0.00022,0.00001,3.7,0.00004,1,,,,,0.00022,0.00000,3.7,0.00004
4993,1,,,,,0.00022,0.00000,3.7,0.00004,1,,,,,0.00022,0.00000,3.6,0.00004
4994,1,,,,,0.00022,0.00000,3.7,0.00004,1,,,,,0.00022,0.00000,3.6,0.00004
4995,1,,,,,0.00022,0.00001,3.7,0.00004,1,,,,,0.00022,0.00000,3.6,0.00004
4996,1,,,,,0.00022,0.00000,3.7,0.00004,1,,,,,0.00022,0.00001,4.0,0.00005
4997,1,,,,,0.00022,0.00000,3.7,0.00004,1,,,,,0.00022,0.00000,3.8,0.00005
4998,1,,,,,0.00022,0.00000,3.7,0.00004,1,,,,,0.00022,0.00000,3.5,0.00004
4999,1,,,,,0.00022,0.00001,3.7,0.00004,1,,,,,0.00022,0.00000,3.5,0.00004
