frame,fp8_diverged,fp8_text_l2,fp8_text_maxabs,fp8_audio_l2,fp8_audio_maxabs,fp8_rms,fp8_click,fp8_centroid_hz,fp8_flatness,w8a16_diverged,w8a16_text_l2,w8a16_text_maxabs,w8a16_audio_l2,w8a16_audio_maxabs,w8a16_rms,w8a16_click,w8a16_centroid_hz,w8a16_flatness
0,,,,,,,,,,,,,,,,,,
1,,,,,,,,,,,,,,,,,,
2,0,55.5987,1.4531,139.8085,5.7500,0.00072,0.01129,127.1,0.00222,1,73.9631,1.3750,279.7880,14.5859,0.00071,0.01130,79.8,0.00075
3,1,238.4241,3.1250,313.7881,16.0625,0.00022,0.00001,3.6,0.00007,1,,,,,0.00022,0.00000,3.3,0.00005
4,1,,,,,0.00022,0.00000,3.3,0.00006,1,,,,,0.00022,0.00000,17.5,0.00101
5,1,,,,,0.00022,0.00000,3.1,0.00005,1,,,,,0.00022,0.00000,8.5,0.00046
6,1,,,,,0.00022,0.00001,3.0,0.00004,1,,,,,0.00022,0.00000,3.1,0.00005
7,1,,,,,0.00022,0.00000,3.1,0.00004,1,,,,,0.00022,0.00000,3.1,0.00004
8,1,,,,,0.00078,0.00000,290.1,0.00518,1,,,,,0.00292,0.00000,1437.2,0.00038
9,1,,,,,0.05087,0.00001,506.2,0.00042,1,,,,,0.01524,0.00055,1862.6,0.00088
10,1,,,,,0.11448,0.00284,616.1,0.00025,1,,,,,0.07742,0.00688,1014.9,0.00069
11,1,,,,,0.11035,0.00056,711.1,0.00039,1,,,,,0.05033,0.00982,371.8,0.00006
12,1,,,,,0.07990,0.00386,538.1,0.00006,1,,,,,0.01148,0.00093,364.6,0.00041
13,1,,,,,0.04931,0.00605,367.7,0.00000,1,,,,,0.05174,0.00480,511.3,0.00009
14,1,,,,,0.01802,0.00226,272.5,0.00000,1,,,,,0.04700,0.00763,691.1,0.00003
15,1,,,,,0.02911,0.00023,352.3,0.00001,1,,,,,0.03262,0.00451,714.2,0.00001
16,1,,,,,0.08526,0.01136,688.5,0.00002,1,,,,,0.01447,0.00128,487.0,0.00008
17,1,,,,,0.04595,0.00963,731.4,0.00001,1,,,,,0.00289,0.00005,1292.5,0.00016
18,1,,,,,0.02422,0.00002,392.2,0.00003,1,,,,,0.00036,0.00029,265.8,0.00116
19,1,,,,,0.02679,0.00039,309.9,0.00001,1,,,,,0.01315,0.00003,2132.0,0.00077
20,1,,,,,0.00808,0.00023,5866.9,0.12394,1,,,,,0.05724,0.00220,700.0,0.00001
21,1,,,,,0.03096,0.00184,321.1,0.00001,1,,,,,0.00399,0.00098,1952.5,0.00808
22,1,,,,,0.02833,0.00420,660.1,0.00006,1,,,,,0.04195,0.00097,395.1,0.00000
23,1,,,,,0.01449,0.00172,246.9,0.00005,1,,,,,0.04707,0.00323,683.9,0.00002
24,1,,,,,0.01501,0.00188,364.8,0.00329,1,,,,,0.01809,0.00204,609.9,0.00073
25,1,,,,,0.02727,0.00178,361.4,0.00001,1,,,,,0.02599,0.00093,546.6,0.00029
26,1,,,,,0.02362,0.00052,550.7,0.00010,1,,,,,0.04262,0.00626,556.6,0.00001
27,1,,,,,0.02704,0.00221,345.0,0.00002,1,,,,,0.00029,0.00008,29.5,0.00011
28,1,,,,,0.03533,0.00007,347.9,0.00003,1,,,,,0.01268,0.00001,286.3,0.00013
29,1,,,,,0.03495,0.00019,350.9,0.00001,1,,,,,0.01897,0.00039,345.1,0.00001
30,1,,,,,0.02070,0.00207,308.3,0.00019,1,,,,,0.00955,0.00162,316.7,0.00000
31,1,,,,,0.00435,0.00929,7209.6,0.04618,1,,,,,0.00203,0.00019,167.0,0.00003
32,1,,,,,0.00175,0.00412,5863.3,0.04888,1,,,,,0.00021,0.00001,3.1,0.00004
33,1,,,,,0.01865,0.00001,361.1,0.00001,1,,,,,0.00022,0.00000,3.0,0.00004
34,1,,,,,0.01071,0.00130,6775.4,0.05076,1,,,,,0.00022,0.00000,3.1,0.00004
35,1,,,,,0.01941,0.00892,376.0,0.00030,1,,,,,0.00022,0.00000,3.0,0.00004
36,1,,,,,0.03712,0.00905,645.2,0.01100,1,,,,,0.00022,0.00000,3.0,0.00004
37,1,,,,,0.05775,0.01035,935.9,0.00020,1,,,,,0.00022,0.00000,3.1,0.00004
38,1,,,,,0.05643,0.00317,650.5,0.00003,1,,,,,0.00022,0.00000,3.1,0.00004
39,1,,,,,0.03548,0.01191,666.4,0.00044,1,,,,,0.00022,0.00001,3.1,0.00004
40,1,,,,,0.00899,0.00630,693.2,0.00042,1,,,,,0.00022,0.00000,3.1,0.00004
41,1,,,,,0.00309,0.00003,3608.5,0.08140,1,,,,,0.00022,0.00000,3.1,0.00004
42,1,,,,,0.00775,0.01240,7067.6,0.06703,1,,,,,0.00022,0.00000,3.1,0.00004
43,1,,,,,0.00100,0.00667,3494.3,0.05991,1,,,,,0.00022,0.00000,3.1,0.00004
44,1,,,,,0.00021,0.00000,3.1,0.00004,1,,,,,0.00022,0.00000,3.1,0.00004
45,1,,,,,0.00022,0.00000,3.2,0.00004,1,,,,,0.00022,0.00000,3.0,0.00004
46,1,,,,,0.00022,0.00001,3.1,0.00004,1,,,,,0.00022,0.00000,3.1,0.00004
47,1,,,,,0.00022,0.00000,3.1,0.00004,1,,,,,0.00022,0.00001,3.0,0.00004
48,1,,,,,0.00022,0.00000,3.2,0.00004,1,,,,,0.00022,0.00000,3.1,0.00004
49,1,,,,,0.00022,0.00000,3.1,0.00004,1,,,,,0.00022,0.00000,3.0,0.00003
50,1,,,,,0.00022,0.00000,3.1,0.00004,1,,,,,0.00022,0.00000,3.2,0.00004
51,1,,,,,0.00022,0.00000,3.0,0.00004,1,,,,,0.00022,0.00000,3.1,0.00004
52,1,,,,,0.00022,0.00000,3.1,0.00004,1,,,,,0.00022,0.00000,3.1,0.00004
53,1,,,,,0.00022,0.00000,3.1,0.00004,1,,,,,0.00022,0.00001,3.1,0.00004
54,1,,,,,0.00022,0.00000,3.1,0.00004,1,,,,,0.00022,0.00000,3.1,0.00003
55,1,,,,,0.00022,0.00000,3.1,0.00004,1,,,,,0.00022,0.00000,3.0,0.00004
56,1,,,,,0.00022,0.00000,3.1,0.00004,1,,,,,0.00022,0.00000,3.1,0.00004
57,1,,,,,0.00022,0.00000,3.0,0.00004,1,,,,,0.00022,0.00000,3.1,0.00004
58,1,,,,,0.00022,0.00000,3.2,0.00004,1,,,,,0.00022,0.00000,3.1,0.00004
59,1,,,,,0.00022,0.00000,3.1,0.00004,1,,,,,0.00022,0.00000,3.0,0.00004
60,1,,,,,0.00022,0.00000,3.2,0.00004,1,,,,,0.00022,0.00000,3.1,0.00004
61,1,,,,,0.00022,0.00000,3.1,0.00004,1,,,,,0.00022,0.00000,3.1,0.00004
62,1,,,,,0.00022,0.00000,3.1,0.00004,1,,,,,0.00022,0.00001,3.1,0.00004
63,1,,,,,0.00022,0.00000,3.1,0.00004,1,,,,,0.00022,0.00000,3.1,0.00004
64,1,,,,,0.00022,0.00000,3.1,0.00004,1,,,,,0.00022,0.00000,3.1,0.00004
65,1,,,,,0.00022,0.00000,3.1,0.00004,1,,,,,0.00022,0.00000,3.1,0.00004
66,1,,,,,0.00022,0.00000,3.2,0.00004,1,,,,,0.00022,0.00000,3.1,0.00004
67,1,,,,,0.00022,0.00001,3.1,0.00003,1,,,,,0.00022,0.00000,3.1,0.00004
68,1,,,,,0.00022,0.00000,3.2,0.00004,1,,,,,0.00022,0.00000,3.2,0.00004
69,1,,,,,0.00022,0.00000,3.1,0.00004,1,,,,,0.00022,0.00000,3.1,0.00004
70,1,,,,,0.00022,0.00000,3.1,0.00004,1,,,,,0.00022,0.00000,3.1,0.00004
71,1,,,,,0.00022,0.00000,3.1,0.00004,1,,,,,0.00022,0.00000,3.1,0.00004
72,1,,,,,0.00022,0.00000,3.1,0.00004,1,,,,,0.00022,0.00000,3.1,0.00003
73,1,,,,,0.00022,0.00000,3.1,0.00004,1,,,,,0.00022,0.00000,3.1,0.00004
74,1,,,,,0.00022,0.00000,3.2,0.00004,1,,,,,0.00022,0.00000,3.1,0.00004
75,1,,,,,0.00022,0.00000,3.1,0.00004,1,,,,,0.00022,0.00000,3.1,0.00003
76,1,,,,,0.00022,0.00000,3.2,0.00004,1,,,,,0.00022,0.00000,3.1,0.00004
77,1,,,,,0.00022,0.00000,3.1,0.00004,1,,,,,0.00022,0.00000,3.1,0.00004
78,1,,,,,0.00022,0.00000,3.2,0.00004,1,,,,,0.00022,0.00000,3.1,0.00004
79,1,,,,,0.00022,0.00000,3.1,0.00004,1,,,,,0.00022,0.00000,3.1,0.00004
80,1,,,,,0.00022,0.00000,3.2,0.00004,1,,,,,0.00022,0.00000,3.1,0.00004
81,1,,,,,0.00022,0.00000,3.1,0.00004,1,,,,,0.00022,0.00000,3.1,0.00004
82,1,,,,,0.00022,0.00001,3.1,0.00004,1,,,,,0.00022,0.00000,3.1,0.00004
83,1,,,,,0.00022,0.00000,3.1,0.00004,1,,,,,0.00022,0.00000,3.1,0.00004
84,1,,,,,0.00022,0.00000,3.2,0.00004,1,,,,,0.00022,0.00000,3.2,0.00004
85,1,,,,,0.00022,0.00000,3.1,0.00004,1,,,,,0.00022,0.00000,3.1,0.00003
86,1,,,,,0.00022,0.00000,3.2,0.00004,1,,,,,0.00022,0.00000,3.1,0.00004
87,1,,,,,0.00022,0.00000,3.1,0.00004,1,,,,,0.00022,0.00000,3.1,0.00004
88,1,,,,,0.00022,0.00000,3.2,0.00004,1,,,,,0.00022,0.00000,3.1,0.00004
89,1,,,,,0.00022,0.00000,3.2,0.00004,1,,,,,0.00022,0.00000,3.1,0.00004
90,1,,,,,0.00022,0.00000,3.1,0.00004,1,,,,,0.00022,0.00001,3.1,0.00004
91,1,,,,,0.00022,0.00000,3.1,0.00004,1,,,,,0.00022,0.00000,3.1,0.00004
92,1,,,,,0.00022,0.00000,3.1,0.00004,1,,,,,0.00022,0.00000,3.2,0.00004
93,1,,,,,0.00022,0.00001,3.1,0.00004,1,,,,,0.00022,0.00000,3.1,0.00004
94,1,,,,,0.00022,0.00000,3.2,0.00004,1,,,,,0.00022,0.00000,3.2,0.00004
95,1,,,,,0.00022,0.00000,3.1,0.00004,1,,,,,0.00022,0.00000,3.1,0.00004
96,1,,,,,0.00022,0.00001,3.1,0.00004,1,,,,,0.00022,0.00000,3.1,0.00004
97,1,,,,,0.00022,0.00000,3.1,0.00004,1,,,,,0.00022,0.00000,3.1,0.00004
98,1,,,,,0.00022,0.00000,3.2,0.00004,1,,,,,0.00022,0.00000,3.1,0.00004
99,1,,,,,0.00022,0.00000,3.1,0.00004,1,,,,,0.00022,0.00000,3.1,0.00004
100,1,,,,,0.00022,0.00000,3.3,0.00004,1,,,,,0.00022,0.00000,3.2,0.00004
101,1,,,,,0.00022,0.00000,3.1,0.00004,1,,,,,0.00022,0.00000,3.2,0.00004
102,1,,,,,0.00022,0.00001,3.2,0.00003,1,,,,,0.00022,0.00000,3.1,0.00004
103,1,,,,,0.00022,0.00000,3.2,0.00004,1,,,,,0.00022,0.00000,3.1,0.00004
104,1,,,,,0.00022,0.00001,3.2,0.00004,1,,,,,0.00022,0.00000,3.1,0.00004
105,1,,,,,0.00022,0.00000,3.2,0.00004,1,,,,,0.00022,0.00000,3.1,0.00004
106,1,,,,,0.00022,0.00000,3.3,0.00004,1,,,,,0.00022,0.00000,3.2,0.00004
107,1,,,,,0.00022,0.00000,3.2,0.00004,1,,,,,0.00022,0.00000,3.1,0.00004
108,1,,,,,0.00022,0.00000,3.2,0.00004,1,,,,,0.00022,0.00000,3.1,0.00004
109,1,,,,,0.00022,0.00000,3.2,0.00004,1,,,,,0.00022,0.00000,3.1,0.00004
110,1,,,,,0.00022,0.00000,3.2,0.00004,1,,,,,0.00022,0.00000,3.1,0.00004
111,1,,,,,0.00022,0.00000,3.1,0.00003,1,,,,,0.00022,0.00000,3.1,0.00004
112,1,,,,,0.00022,0.00000,3.3,0.00004,1,,,,,0.00022,0.00000,3.2,0.00004
113,1,,,,,0.00022,0.00000,3.2,0.00004,1,,,,,0.00022,0.00000,3.1,0.00004
114,1,,,,,0.00022,0.00001,3.2,0.00004,1,,,,,0.00022,0.00000,3.1,0.00004
115,1,,,,,0.00022,0.00000,3.3,0.00004,1,,,,,0.00022,0.00000,3.2,0.00004
116,1,,,,,0.00022,0.00000,3.2,0.00004,1,,,,,0.00022,0.00000,3.2,0.00004
117,1,,,,,0.00022,0.00001,3.2,0.00004,1,,,,,0.00022,0.00000,3.1,0.00004
118,1,,,,,0.00022,0.00000,3.2,0.00004,1,,,,,0.00022,0.00000,3.2,0.00004
119,1,,,,,0.00022,0.00000,3.2,0.00004,1,,,,,0.00022,0.00000,3.2,0.00004
120,1,,,,,0.00022,0.00001,3.2,0.00004,1,,,,,0.00022,0.00000,3.2,0.00004
121,1,,,,,0.00022,0.00000,3.2,0.00004,1,,,,,0.00022,0.00000,3.1,0.00004
122,1,,,,,0.00022,0.00000,3.3,0.00004,1,,,,,0.00022,0.00000,3.3,0.00004
123,1,,,,,0.00022,0.00000,3.2,0.00004,1,,,,,0.00022,0.00000,3.1,0.00004
124,1,,,,,0.00022,0.00000,3.2,0.00004,1,,,,,0.00022,0.00000,3.2,0.00004
125,1,,,,,0.00022,0.00000,3.1,0.00004,1,,,,,0.00022,0.00000,3.1,0.00004
126,1,,,,,0.00022,0.00000,3.2,0.00004,1,,,,,0.00022,0.00000,3.2,0.00004
127,1,,,,,0.00022,0.00000,3.2,0.00004,1,,,,,0.00022,0.00000,3.1,0.00004
128,1,,,,,0.00022,0.00000,3.2,0.00004,1,,,,,0.00022,0.00000,3.2,0.00004
129,1,,,,,0.00022,0.00000,3.2,0.00004,1,,,,,0.00022,0.00000,3.2,0.00004
130,1,,,,,0.00022,0.00000,3.2,0.00004,1,,,,,0.00022,0.00000,3.3,0.00004
131,1,,,,,0.00022,0.00000,3.2,0.00004,1,,,,,0.00022,0.00000,3.3,0.00004
132,1,,,,,0.00022,0.00000,3.2,0.00004,1,,,,,0.00022,0.00000,3.3,0.00004
133,1,,,,,0.00022,0.00000,3.1,0.00004,1,,,,,0.00022,0.00000,3.3,0.00004
134,1,,,,,0.00022,0.00000,3.3,0.00004,1,,,,,0.00022,0.00000,3.3,0.00004
135,1,,,,,0.00022,0.00000,3.2,0.00004,1,,,,,0.00022,0.00000,3.2,0.00004
136,1,,,,,0.00022,0.00001,3.1,0.00004,1,,,,,0.00022,0.00000,3.2,0.00004
137,1,,,,,0.00022,0.00000,3.2,0.00004,1,,,,,0.00022,0.00000,3.2,0.00004
138,1,,,,,0.00022,0.00000,3.2,0.00004,1,,,,,0.00022,0.00001,3.2,0.00004
139,1,,,,,0.00022,0.00000,3.2,0.00004,1,,,,,0.00022,0.00000,3.1,0.00004
140,1,,,,,0.00022,0.00000,3.1,0.00004,1,,,,,0.00022,0.00001,3.2,0.00004
141,1,,,,,0.00022,0.00000,3.1,0.00004,1,,,,,0.00022,0.00000,3.2,0.00004
142,1,,,,,0.00022,0.00001,3.2,0.00004,1,,,,,0.00022,0.00000,3.2,0.00004
143,1,,,,,0.00022,0.00000,3.2,0.00004,1,,,,,0.00022,0.00000,3.2,0.00004
144,1,,,,,0.00022,0.00000,3.2,0.00004,1,,,,,0.00022,0.00001,3.1,0.00004
145,1,,,,,0.00022,0.00000,3.2,0.00004,1,,,,,0.00022,0.00000,3.2,0.00004
146,1,,,,,0.00022,0.00000,3.2,0.00003,1,,,,,0.00022,0.00000,3.2,0.00004
147,1,,,,,0.00022,0.00000,3.2,0.00004,1,,,,,0.00022,0.00000,3.2,0.00004
148,1,,,,,0.00022,0.00000,3.2,0.00004,1,,,,,0.00022,0.00000,3.1,0.00004
149,1,,,,,0.00022,0.00000,3.2,0.00004,1,,,,,0.00022,0.00000,3.1,0.00004
150,1,,,,,0.00022,0.00000,3.3,0.00004,1,,,,,0.00022,0.00000,3.3,0.00004
151,1,,,,,0.00022,0.00001,3.2,0.00004,1,,,,,0.00022,0.00000,3.3,0.00004
152,1,,,,,0.00022,0.00000,3.3,0.00003,1,,,,,0.00022,0.00000,3.4,0.00004
153,1,,,,,0.00022,0.00001,3.3,0.00004,1,,,,,0.00022,0.00000,3.5,0.00004
154,1,,,,,0.00022,0.00000,3.3,0.00004,1,,,,,0.00022,0.00000,3.5,0.00004
155,1,,,,,0.00022,0.00000,3.2,0.00004,1,,,,,0.00023,0.00000,3.6,0.00004
156,1,,,,,0.00022,0.00001,3.3,0.00004,1,,,,,0.00022,0.00000,3.6,0.00004
157,1,,,,,0.00022,0.00000,3.3,0.00004,1,,,,,0.00022,0.00000,3.5,0.00004
158,1,,,,,0.00022,0.00000,3.3,0.00004,1,,,,,0.00022,0.00001,3.6,0.00004
159,1,,,,,0.00022,0.00000,3.2,0.00004,1,,,,,0.00022,0.00000,3.5,0.00004
160,1,,,,,0.00022,0.00000,3.2,0.00004,1,,,,,0.00022,0.00000,3.6,0.00004
161,1,,,,,0.00022,0.00001,3.2,0.00004,1,,,,,0.00022,0.00000,3.6,0.00004
162,1,,,,,0.00022,0.00000,3.2,0.00004,1,,,,,0.00022,0.00000,3.6,0.00004
163,1,,,,,0.00022,0.00001,3.2,0.00004,1,,,,,0.00022,0.00000,3.5,0.00004
164,1,,,,,0.00022,0.00001,3.4,0.00004,1,,,,,0.00022,0.00000,3.5,0.00004
165,1,,,,,0.00022,0.00001,3.4,0.00004,1,,,,,0.00022,0.00000,3.6,0.00004
166,1,,,,,0.00022,0.00000,3.4,0.00004,1,,,,,0.00022,0.00000,3.6,0.00004
167,1,,,,,0.00022,0.00000,3.5,0.00004,1,,,,,0.00023,0.00001,3.6,0.00004
168,1,,,,,0.00022,0.00000,3.5,0.00004,1,,,,,0.00022,0.00000,3.7,0.00004
169,1,,,,,0.00022,0.00000,3.5,0.00004,1,,,,,0.00022,0.00000,3.5,0.00004
170,1,,,,,0.00022,0.00000,3.5,0.00004,1,,,,,0.00022,0.00000,3.6,0.00004
171,1,,,,,0.00022,0.00000,3.5,0.00004,1,,,,,0.00022,0.00000,3.5,0.00004
172,1,,,,,0.00022,0.00000,3.5,0.00004,1,,,,,0.00022,0.00001,3.5,0.00004
173,1,,,,,0.00022,0.00000,3.4,0.00004,1,,,,,0.00022,0.00000,3.6,0.00004
174,1,,,,,0.00022,0.00000,3.5,0.00004,1,,,,,0.00022,0.00001,3.7,0.00004
175,1,,,,,0.00022,0.00001,3.5,0.00004,1,,,,,0.00022,0.00000,3.6,0.00004
176,1,,,,,0.00022,0.00000,3.5,0.00004,1,,,,,0.00022,0.00000,3.7,0.00004
177,1,,,,,0.00022,0.00000,3.5,0.00004,1,,,,,0.00022,0.00000,3.6,0.00004
178,1,,,,,0.00022,0.00000,3.5,0.00004,1,,,,,0.00022,0.00000,3.6,0.00004
179,1,,,,,0.00022,0.00000,3.5,0.00004,1,,,,,0.00022,0.00000,3.7,0.00004
180,1,,,,,0.00022,0.00000,3.6,0.00004,1,,,,,0.00022,0.00000,3.6,0.00004
181,1,,,,,0.00022,0.00001,3.5,0.00004,1,,,,,0.00022,0.00000,3.6,0.00004
182,1,,,,,0.00022,0.00001,3.5,0.00004,1,,,,,0.00022,0.00000,3.6,0.00004
183,1,,,,,0.00022,0.00000,3.5,0.00004,1,,,,,0.00022,0.00000,3.6,0.00004
184,1,,,,,0.00022,0.00001,3.5,0.00004,1,,,,,0.00022,0.00000,3.7,0.00005
185,1,,,,,0.00022,0.00000,3.5,0.00004,1,,,,,0.00022,0.00001,3.7,0.00004
186,1,,,,,0.00022,0.00000,3.6,0.00004,1,,,,,0.00022,0.00000,3.7,0.00004
187,1,,,,,0.00022,0.00000,3.4,0.00004,1,,,,,0.00022,0.00000,3.8,0.00004
188,1,,,,,0.00022,0.00001,3.5,0.00004,1,,,,,0.00022,0.00000,3.7,0.00004
189,1,,,,,0.00022,0.00000,3.5,0.00004,1,,,,,0.00022,0.00000,3.6,0.00004
190,1,,,,,0.00022,0.00000,3.5,0.00004,1,,,,,0.00022,0.00000,3.8,0.00004
191,1,,,,,0.00022,0.00000,3.5,0.00004,1,,,,,0.00022,0.00000,3.7,0.00004
192,1,,,,,0.00022,0.00000,3.6,0.00004,1,,,,,0.00022,0.00000,3.7,0.00004
193,1,,,,,0.00022,0.00000,3.5,0.00004,1,,,,,0.00022,0.00001,3.7,0.00004
194,1,,,,,0.00022,0.00000,3.6,0.00004,1,,,,,0.00022,0.00000,3.7,0.00004
195,1,,,,,0.00022,0.00000,3.6,0.00004,1,,,,,0.00022,0.00001,3.6,0.00004
196,1,,,,,0.00022,0.00000,3.6,0.00004,1,,,,,0.00022,0.00000,3.7,0.00004
197,1,,,,,0.00022,0.00000,3.6,0.00004,1,,,,,0.00022,0.00000,3.7,0.00004
198,1,,,,,0.00022,0.00000,3.6,0.00004,1,,,,,0.00022,0.00000,3.7,0.00004
199,1,,,,,0.00022,0.00000,3.6,0.00004,1,,,,,0.00022,0.00000,3.6,0.00004
200,1,,,,,0.00022,0.00000,3.5,0.00004,1,,,,,0.00022,0.00000,3.7,0.00004
201,1,,,,,0.00022,0.00000,3.5,0.00004,1,,,,,0.00022,0.00000,3.7,0.00004
202,1,,,,,0.00022,0.00000,3.5,0.00004,1,,,,,0.00022,0.00000,3.8,0.00004
203,1,,,,,0.00022,0.00000,3.6,0.00004,1,,,,,0.00022,0.00001,3.7,0.00004
204,1,,,,,0.00022,0.00001,3.6,0.00004,1,,,,,0.00022,0.00000,3.6,0.00004
205,1,,,,,0.00022,0.00000,3.6,0.00004,1,,,,,0.00022,0.00000,3.6,0.00004
206,1,,,,,0.00022,0.00000,3.5,0.00004,1,,,,,0.00022,0.00000,3.6,0.00004
207,1,,,,,0.00022,0.00000,3.6,0.00004,1,,,,,0.00022,0.00000,3.6,0.00004
208,1,,,,,0.00022,0.00000,3.6,0.00004,1,,,,,0.00022,0.00000,3.6,0.00004
209,1,,,,,0.00022,0.00001,3.6,0.00004,1,,,,,0.00022,0.00000,3.6,0.00004
210,1,,,,,0.00022,0.00000,3.6,0.00004,1,,,,,0.00022,0.00000,3.6,0.00004
211,1,,,,,0.00022,0.00000,3.6,0.00004,1,,,,,0.00022,0.00001,3.6,0.00004
212,1,,,,,0.00022,0.00001,3.6,0.00004,1,,,,,0.00022,0.00000,3.7,0.00004
213,1,,,,,0.00022,0.00000,3.6,0.00004,1,,,,,0.00022,0.00001,3.7,0.00004
214,1,,,,,0.00022,0.00000,3.6,0.00004,1,,,,,0.00022,0.00000,3.7,0.00004
215,1,,,,,0.00022,0.00000,3.6,0.00004,1,,,,,0.00022,0.00000,3.7,0.00004
216,1,,,,,0.00022,0.00000,3.6,0.00004,1,,,,,0.00022,0.00000,3.8,0.00004
217,1,,,,,0.00022,0.00000,3.7,0.00004,1,,,,,0.00022,0.00000,3.7,0.00004
218,1,,,,,0.00022,0.00000,3.6,0.00004,1,,,,,0.00022,0.00000,3.7,0.00004
219,1,,,,,0.00022,0.00000,3.7,0.00004,1,,,,,0.00022,0.00000,3.7,0.00004
220,1,,,,,0.00022,0.00000,3.7,0.00004,1,,,,,0.00022,0.00000,3.6,0.00004
221,1,,,,,0.00022,0.00001,3.7,0.00004,1,,,,,0.00022,0.00000,3.7,0.00004
222,1,,,,,0.00022,0.00000,3.7,0.00004,1,,,,,0.00022,0.00000,3.7,0.00004
223,1,,,,,0.00022,0.00000,3.7,0.00004,1,,,,,0.00022,0.00001,3.7,0.00004
224,1,,,,,0.00022,0.00000,3.6,0.00004,1,,,,,0.00022,0.00000,3.7,0.00004
225,1,,,,,0.00022,0.00000,3.6,0.00004,1,,,,,0.00022,0.00000,3.7,0.00004
226,1,,,,,0.00022,0.00000,3.6,0.00004,1,,,,,0.00022,0.00000,3.7,0.00004
227,1,,,,,0.00022,0.00000,3.6,0.00004,1,,,,,0.00022,0.00001,3.7,0.00004
228,1,,,,,0.00022,0.00000,3.7,0.00004,1,,,,,0.00022,0.00001,3.9,0.00004
229,1,,,,,0.00022,0.00000,3.6,0.00004,1,,,,,0.00022,0.00001,3.9,0.00004
230,1,,,,,0.00022,0.00001,3.8,0.00004,1,,,,,0.00022,0.00000,3.9,0.00004
231,1,,,,,0.00022,0.00001,3.7,0.00004,1,,,,,0.00022,0.00000,3.9,0.00004
232,1,,,,,0.00022,0.00000,3.6,0.00004,1,,,,,0.00022,0.00000,3.9,0.00005
233,1,,,,,0.00022,0.00000,3.7,0.00004,1,,,,,0.00022,0.00000,3.9,0.00004
234,1,,,,,0.00022,0.00000,3.7,0.00004,1,,,,,0.00022,0.00000,3.9,0.00005
235,1,,,,,0.00022,0.00000,3.6,0.00004,1,,,,,0.00022,0.00000,3.9,0.00004
236,1,,,,,0.00022,0.00000,3.6,0.00004,1,,,,,0.00022,0.00001,3.8,0.00004
237,1,,,,,0.00022,0.00000,3.5,0.00004,1,,,,,0.00022,0.00001,3.8,0.00004
238,1,,,,,0.00022,0.00000,3.6,0.00004,1,,,,,0.00022,0.00000,3.9,0.00005
239,1,,,,,0.00022,0.00000,3.5,0.00004,1,,,,,0.00022,0.00001,3.9,0.00004
240,1,,,,,0.00022,0.00000,3.6,0.00004,1,,,,,0.00022,0.00000,3.9,0.00004
241,1,,,,,0.00022,0.00000,3.5,0.00004,1,,,,,0.00022,0.00001,3.8,0.00004
242,1,,,,,0.00022,0.00000,3.5,0.00004,1,,,,,0.00022,0.00000,3.8,0.00004
243,1,,,,,0.00022,0.00000,3.5,0.00004,1,,,,,0.00022,0.00000,3.8,0.00004
244,1,,,,,0.00022,0.00000,3.6,0.00004,1,,,,,0.00022,0.00000,3.8,0.00004
245,1,,,,,0.00022,0.00000,3.5,0.00004,1,,,,,0.00022,0.00000,3.7,0.00004
246,1,,,,,0.00022,0.00000,3.5,0.00004,1,,,,,0.00022,0.00000,3.7,0.00004
247,1,,,,,0.00022,0.00000,3.6,0.00004,1,,,,,0.00022,0.00000,3.7,0.00004
248,1,,,,,0.00022,0.00000,3.5,0.00004,1,,,,,0.00022,0.00000,3.7,0.00004
249,1,,,,,0.00022,0.00000,3.6,0.00004,1,,,,,0.00022,0.00000,3.7,0.00004
250,1,,,,,0.00022,0.00000,3.6,0.00004,1,,,,,0.00022,0.00000,3.7,0.00004
251,1,,,,,0.00022,0.00000,3.7,0.00004,1,,,,,0.00022,0.00000,3.6,0.00004
252,1,,,,,0.00022,0.00000,3.6,0.00004,1,,,,,0.00022,0.00000,3.5,0.00004
253,1,,,,,0.00022,0.00000,3.6,0.00004,1,,,,,0.00022,0.00000,3.5,0.00004
254,1,,,,,0.00022,0.00000,3.6,0.00004,1,,,,,0.00022,0.00000,3.6,0.00004
255,1,,,,,0.00022,0.00000,3.6,0.00004,1,,,,,0.00022,0.00000,3.6,0.00004
256,1,,,,,0.00022,0.00000,3.7,0.00004,1,,,,,0.00022,0.00000,3.5,0.00004
257,1,,,,,0.00022,0.00000,3.6,0.00004,1,,,,,0.00022,0.00000,3.5,0.00004
258,1,,,,,0.00022,0.00000,3.7,0.00004,1,,,,,0.00022,0.00000,3.6,0.00004
259,1,,,,,0.00022,0.00000,3.7,0.00004,1,,,,,0.00022,0.00000,3.6,0.00004
260,1,,,,,0.00022,0.00000,3.7,0.00004,1,,,,,0.00022,0.00000,3.5,0.00004
261,1,,,,,0.00022,0.00000,3.6,0.00004,1,,,,,0.00022,0.00000,3.5,0.00004
262,1,,,,,0.00022,0.00000,3.6,0.00004,1,,,,,0.00022,0.00000,3.4,0.00004
263,1,,,,,0.00022,0.00000,3.6,0.00004,1,,,,,0.00022,0.00000,3.5,0.00005
264,1,,,,,0.00022,0.00000,3.7,0.00004,1,,,,,0.00022,0.00001,3.5,0.00004
265,1,,,,,0.00022,0.00000,3.7,0.00004,1,,,,,0.00022,0.00000,3.5,0.00004
266,1,,,,,0.00022,0.00000,3.7,0.00004,1,,,,,0.00022,0.00000,3.5,0.00004
267,1,,,,,0.00022,0.00001,3.6,0.00004,1,,,,,0.00022,0.00000,3.5,0.00004
268,1,,,,,0.00022,0.00000,3.6,0.00004,1,,,,,0.00022,0.00000,3.5,0.00004
269,1,,,,,0.00022,0.00000,3.6,0.00004,1,,,,,0.00022,0.00000,3.5,0.00004
270,1,,,,,0.00022,0.00000,3.6,0.00004,1,,,,,0.00022,0.00000,3.5,0.00004
271,1,,,,,0.00022,0.00000,3.7,0.00004,1,,,,,0.00022,0.00000,3.4,0.00004
272,1,,,,,0.00022,0.00000,3.7,0.00004,1,,,,,0.00022,0.00000,3.5,0.00004
273,1,,,,,0.00022,0.00000,3.6,0.00004,1,,,,,0.00022,0.00001,3.5,0.00004
274,1,,,,,0.00022,0.00000,3.7,0.00004,1,,,,,0.00022,0.00000,3.5,0.00004
275,1,,,,,0.00022,0.00001,3.7,0.00004,1,,,,,0.00022,0.00000,3.5,0.00004
276,1,,,,,0.00022,0.00000,3.6,0.00004,1,,,,,0.00022,0.00000,3.5,0.00004
277,1,,,,,0.00022,0.00001,3.8,0.00004,1,,,,,0.00022,0.00000,3.5,0.00004
278,1,,,,,0.00022,0.00000,3.9,0.00005,1,,,,,0.00022,0.00000,3.5,0.00004
279,1,,,,,0.00022,0.00000,3.8,0.00004,1,,,,,0.00022,0.00000,3.4,0.00004
280,1,,,,,0.00022,0.00001,3.8,0.00004,1,,,,,0.00022,0.00000,3.4,0.00004
281,1,,,,,0.00022,0.00000,3.8,0.00004,1,,,,,0.00022,0.00000,3.5,0.00004
282,1,,,,,0.00022,0.00001,3.8,0.00004,1,,,,,0.00022,0.00000,3.4,0.00004
283,1,,,,,0.00022,0.00000,3.8,0.00004,1,,,,,0.00022,0.00001,3.5,0.00004
284,1,,,,,0.00022,0.00001,3.8,0.00004,1,,,,,0.00022,0.00000,3.5,0.00004
285,1,,,,,0.00022,0.00000,3.8,0.00004,1,,,,,0.00022,0.00000,3.5,0.00004
286,1,,,,,0.00022,0.00000,3.7,0.00004,1,,,,,0.00022,0.00000,3.5,0.00004
287,1,,,,,0.00022,0.00001,3.8,0.00004,1,,,,,0.00022,0.00000,3.5,0.00004
288,1,,,,,0.00022,0.00000,3.7,0.00004,1,,,,,0.00022,0.00000,3.5,0.00004
289,1,,,,,0.00022,0.00000,3.7,0.00004,1,,,,,0.00022,0.00000,3.5,0.00004
290,1,,,,,0.00022,0.00001,3.9,0.00004,1,,,,,0.00022,0.00000,3.5,0.00004
291,1,,,,,0.00022,0.00000,3.8,0.00005,1,,,,,0.00022,0.00000,3.5,0.00004
292,1,,,,,0.00022,0.00000,3.6,0.00004,1,,,,,0.00022,0.00000,3.5,0.00004
293,1,,,,,0.00022,0.00000,3.6,0.00004,1,,,,,0.00022,0.00000,3.5,0.00004
294,1,,,,,0.00022,0.00000,3.7,0.00004,1,,,,,0.00022,0.00000,3.5,0.00004
295,1,,,,,0.00022,0.00000,3.7,0.00004,1,,,,,0.00022,0.00000,3.5,0.00004
296,1,,,,,0.00022,0.00000,3.8,0.00004,1,,,,,0.00022,0.00000,3.5,0.00004
297,1,,,,,0.00022,0.00001,3.8,0.00004,1,,,,,0.00022,0.00000,3.5,0.00004
298,1,,,,,0.00022,0.00001,3.7,0.00004,1,,,,,0.00022,0.00000,3.5,0.00004
299,1,,,,,0.00022,0.00000,3.8,0.00004,1,,,,,0.00022,0.00000,3.5,0.00004
300,1,,,,,0.00022,0.00000,3.8,0.00004,1,,,,,0.00022,0.00000,3.5,0.00004
301,1,,,,,0.00022,0.00000,3.7,0.00004,1,,,,,0.00022,0.00000,3.7,0.00004
302,1,,,,,0.00022,0.00000,3.8,0.00004,1,,,,,0.00022,0.00000,3.7,0.00004
303,1,,,,,0.00022,0.00001,3.8,0.00004,1,,,,,0.00022,0.00000,3.7,0.00004
304,1,,,,,0.00022,0.00000,3.8,0.00004,1,,,,,0.00022,0.00000,3.5,0.00004
305,1,,,,,0.00022,0.00000,3.8,0.00004,1,,,,,0.00022,0.00001,3.6,0.00004
306,1,,,,,0.00022,0.00001,3.8,0.00004,1,,,,,0.00022,0.00000,3.8,0.00004
307,1,,,,,0.00022,0.00000,3.8,0.00004,1,,,,,0.00022,0.00000,3.7,0.00004
308,1,,,,,0.00022,0.00000,3.8,0.00004,1,,,,,0.00022,0.00000,3.8,0.00004
309,1,,,,,0.00022,0.00000,3.8,0.00004,1,,,,,0.00022,0.00001,3.8,0.00004
310,1,,,,,0.00022,0.00000,3.9,0.00004,1,,,,,0.00022,0.00000,3.7,0.00004
311,1,,,,,0.00022,0.00000,3.8,0.00004,1,,,,,0.00022,0.00000,3.7,0.00004
312,1,,,,,0.00022,0.00000,3.8,0.00004,1,,,,,0.00022,0.00000,3.7,0.00004
313,1,,,,,0.00022,0.00000,3.8,0.00004,1,,,,,0.00022,0.00000,3.7,0.00004
314,1,,,,,0.00022,0.00000,3.8,0.00004,1,,,,,0.00022,0.00001,3.7,0.00004
315,1,,,,,0.00022,0.00000,3.6,0.00005,1,,,,,0.00022,0.00001,3.5,0.00004
316,1,,,,,0.00022,0.00000,3.6,0.00004,1,,,,,0.00022,0.00000,3.5,0.00004
317,1,,,,,0.00022,0.00000,3.5,0.00004,1,,,,,0.00022,0.00000,3.4,0.00004
318,1,,,,,0.00022,0.00001,3.5,0.00004,1,,,,,0.00022,0.00000,3.5,0.00004
319,1,,,,,0.00022,0.00000,3.5,0.00004,1,,,,,0.00022,0.00001,3.5,0.00004
320,1,,,,,0.00022,0.00000,3.5,0.00004,1,,,,,0.00022,0.00000,3.5,0.00004
321,1,,,,,0.00022,0.00000,3.6,0.00004,1,,,,,0.00022,0.00000,3.6,0.00004
322,1,,,,,0.00022,0.00000,3.6,0.00004,1,,,,,0.00022,0.00000,3.5,0.00004
323,1,,,,,0.00022,0.00000,3.5,0.00004,1,,,,,0.00022,0.00000,3.5,0.00004
324,1,,,,,0.00022,0.00000,3.5,0.00004,1,,,,,0.00022,0.00000,3.5,0.00004
325,1,,,,,0.00022,0.00000,3.5,0.00004,1,,,,,0.00022,0.00000,3.5,0.00004
326,1,,,,,0.00022,0.00000,3.8,0.00004,1,,,,,0.00022,0.00001,3.7,0.00004
327,1,,,,,0.00022,0.00000,3.9,0.00004,1,,,,,0.00022,0.00001,3.7,0.00004
328,1,,,,,0.00022,0.00000,3.8,0.00005,1,,,,,0.00022,0.00000,3.7,0.00004
329,1,,,,,0.00022,0.00000,3.8,0.00004,1,,,,,0.00022,0.00000,3.7,0.00004
330,1,,,,,0.00022,0.00000,3.9,0.00004,1,,,,,0.00022,0.00000,3.8,0.00004
331,1,,,,,0.00022,0.00000,3.8,0.00004,1,,,,,0.00022,0.00000,3.7,0.00004
332,1,,,,,0.00022,0.00000,3.9,0.00004,1,,,,,0.00022,0.00000,3.7,0.00004
333,1,,,,,0.00022,0.00000,3.9,0.00005,1,,,,,0.00022,0.00001,3.7,0.00004
334,1,,,,,0.00022,0.00000,3.8,0.00004,1,,,,,0.00022,0.00000,3.7,0.00004
335,1,,,,,0.00022,0.00000,3.8,0.00004,1,,,,,0.00022,0.00000,3.7,0.00004
336,1,,,,,0.00022,0.00001,3.8,0.00004,1,,,,,0.00022,0.00001,3.7,0.00004
337,1,,,,,0.00022,0.00001,3.9,0.00004,1,,,,,0.00022,0.00001,3.7,0.00004
338,1,,,,,0.00022,0.00001,3.7,0.00004,1,,,,,0.00022,0.00001,3.7,0.00004
339,1,,,,,0.00022,0.00001,3.7,0.00004,1,,,,,0.00022,0.00000,3.7,0.00005
340,1,,,,,0.00022,0.00000,3.8,0.00004,1,,,,,0.00022,0.00000,3.8,0.00004
341,1,,,,,0.00022,0.00000,3.8,0.00004,1,,,,,0.00022,0.00001,3.7,0.00004
342,1,,,,,0.00022,0.00000,3.8,0.00004,1,,,,,0.00022,0.00001,3.7,0.00004
343,1,,,,,0.00022,0.00000,3.9,0.00005,1,,,,,0.00022,0.00000,3.7,0.00004
344,1,,,,,0.00022,0.00001,3.9,0.00004,1,,,,,0.00022,0.00000,3.7,0.00004
345,1,,,,,0.00022,0.00000,3.9,0.00004,1,,,,,0.00022,0.00000,3.7,0.00004
346,1,,,,,0.00022,0.00000,3.8,0.00004,1,,,,,0.00022,0.00000,3.7,0.00004
347,1,,,,,0.00022,0.00000,3.9,0.00004,1,,,,,0.00022,0.00000,3.7,0.00004
348,1,,,,,0.00022,0.00000,3.8,0.00004,1,,,,,0.00022,0.00001,3.7,0.00005
349,1,,,,,0.00022,0.00000,3.8,0.00004,1,,,,,0.00022,0.00000,3.7,0.00004
350,1,,,,,0.00022,0.00000,3.8,0.00004,1,,,,,0.00022,0.00001,3.7,0.00004
351,1,,,,,0.00022,0.00000,3.8,0.00004,1,,,,,0.00022,0.00001,3.7,0.00004
352,1,,,,,0.00022,0.00000,3.8,0.00004,1,,,,,0.00022,0.00001,3.7,0.00004
353,1,,,,,0.00022,0.00001,3.8,0.00004,1,,,,,0.00022,0.00001,3.7,0.00004
354,1,,,,,0.00022,0.00000,3.8,0.00004,1,,,,,0.00022,0.00001,3.7,0.00004
355,1,,,,,0.00022,0.00000,3.8,0.00004,1,,,,,0.00022,0.00001,3.6,0.00004
356,1,,,,,0.00022,0.00001,3.8,0.00004,1,,,,,0.00022,0.00000,3.4,0.00004
357,1,,,,,0.00022,0.00000,3.8,0.00005,1,,,,,0.00022,0.00001,3.4,0.00004
358,1,,,,,0.00022,0.00000,3.8,0.00004,1,,,,,0.00022,0.00001,3.5,0.00004
359,1,,,,,0.00022,0.00000,3.8,0.00004,1,,,,,0.00022,0.00000,3.4,0.00004
360,1,,,,,0.00022,0.00001,3.5,0.00004,1,,,,,0.00022,0.00000,3.5,0.00004
361,1,,,,,0.00022,0.00001,3.8,0.00004,1,,,,,0.00022,0.00000,3.5,0.00004
362,1,,,,,0.00022,0.00000,3.7,0.00004,1,,,,,0.00022,0.00000,3.5,0.00004
363,1,,,,,0.00022,0.00000,3.7,0.00004,1,,,,,0.00022,0.00000,3.5,0.00004
364,1,,,,,0.00022,0.00000,3.7,0.00004,1,,,,,0.00022,0.00000,3.5,0.00004
365,1,,,,,0.00022,0.00000,3.8,0.00005,1,,,,,0.00022,0.00000,3.5,0.00003
366,1,,,,,0.00022,0.00000,3.8,0.00004,1,,,,,0.00022,0.00000,3.7,0.00004
367,1,,,,,0.00022,0.00000,3.5,0.00004,1,,,,,0.00022,0.00000,3.5,0.00004
368,1,,,,,0.00022,0.00000,3.6,0.00004,1,,,,,0.00022,0.00000,3.5,0.00004
369,1,,,,,0.00022,0.00001,3.7,0.00004,1,,,,,0.00022,0.00000,3.6,0.00004
370,1,,,,,0.00022,0.00000,3.6,0.00004,1,,,,,0.00022,0.00000,3.5,0.00004
371,1,,,,,0.00022,0.00000,3.8,0.00004,1,,,,,0.00022,0.00000,3.5,0.00004
372,1,,,,,0.00022,0.00001,3.8,0.00004,1,,,,,0.00022,0.00000,3.5,0.00004
373,1,,,,,0.00022,0.00000,3.8,0.00004,1,,,,,0.00022,0.00000,3.5,0.00004
374,1,,,,,0.00022,0.00001,3.7,0.00004,1,,,,,0.00022,0.00000,3.5,0.00004
375,1,,,,,0.00022,0.00000,3.7,0.00004,1,,,,,0.00022,0.00000,3.7,0.00004
376,1,,,,,0.00022,0.00001,3.7,0.00005,1,,,,,0.00022,0.00001,3.8,0.00004
377,1,,,,,0.00022,0.00001,3.7,0.00004,1,,,,,0.00022,0.00000,3.8,0.00004
378,1,,,,,0.00022,0.00000,3.8,0.00005,1,,,,,0.00022,0.00001,3.8,0.00004
379,1,,,,,0.00022,0.00000,3.7,0.00004,1,,,,,0.00022,0.00000,3.7,0.00004
380,1,,,,,0.00022,0.00000,3.7,0.00004,1,,,,,0.00022,0.00000,3.7,0.00004
381,1,,,,,0.00022,0.00000,3.7,0.00004,1,,,,,0.00022,0.00001,3.8,0.00004
382,1,,,,,0.00022,0.00001,3.6,0.00004,1,,,,,0.00022,0.00001,3.8,0.00005
383,1,,,,,0.00022,0.00000,3.7,0.00004,1,,,,,0.00022,0.00000,3.7,0.00004
384,1,,,,,0.00022,0.00000,3.7,0.00004,1,,,,,0.00022,0.00000,3.8,0.00004
385,1,,,,,0.00022,0.00000,3.7,0.00004,1,,,,,0.00022,0.00001,3.8,0.00004
386,1,,,,,0.00022,0.00000,3.6,0.00004,1,,,,,0.00022,0.00000,3.7,0.00004
387,1,,,,,0.00022,0.00001,3.6,0.00004,1,,,,,0.00022,0.00000,3.7,0.00004
388,1,,,,,0.00022,0.00001,3.7,0.00005,1,,,,,0.00022,0.00000,3.7,0.00004
389,1,,,,,0.00022,0.00000,3.8,0.00005,1,,,,,0.00022,0.00000,3.8,0.00004
390,1,,,,,0.00022,0.00000,3.8,0.00005,1,,,,,0.00022,0.00001,3.8,0.00004
391,1,,,,,0.00022,0.00000,3.8,0.00005,1,,,,,0.00022,0.00000,3.8,0.00004
392,1,,,,,0.00022,0.00000,3.7,0.00004,1,,,,,0.00022,0.00000,3.7,0.00004
393,1,,,,,0.00022,0.00001,3.6,0.00005,1,,,,,0.00022,0.00000,3.7,0.00004
394,1,,,,,0.00022,0.00000,3.6,0.00004,1,,,,,0.00022,0.00000,3.7,0.00004
395,1,,,,,0.00022,0.00000,3.6,0.00004,1,,,,,0.00022,0.00001,3.7,0.00005
396,1,,,,,0.00022,0.00000,3.4,0.00004,1,,,,,0.00022,0.00000,3.8,0.00004
397,1,,,,,0.00022,0.00001,3.3,0.00004,1,,,,,0.00022,0.00000,3.5,0.00004
398,1,,,,,0.00022,0.00000,3.6,0.00004,1,,,,,0.00022,0.00000,3.6,0.00004
399,1,,,,,0.00022,0.00000,3.6,0.00005,1,,,,,0.00022,0.00000,3.6,0.00005
400,1,,,,,0.00022,0.00000,3.6,0.00005,1,,,,,0.00022,0.00000,3.6,0.00004
401,1,,,,,0.00022,0.00000,3.6,0.00004,1,,,,,0.00022,0.00001,3.4,0.00004
402,1,,,,,0.00022,0.00000,3.5,0.00004,1,,,,,0.00022,0.00000,3.4,0.00004
403,1,,,,,0.00022,0.00000,3.4,0.00004,1,,,,,0.00022,0.00000,3.4,0.00004
404,1,,,,,0.00022,0.00000,3.4,0.00004,1,,,,,0.00022,0.00000,3.5,0.00004
405,1,,,,,0.00022,0.00000,3.4,0.00004,1,,,,,0.00022,0.00000,3.4,0.00004
406,1,,,,,0.00022,0.00000,3.4,0.00004,1,,,,,0.00022,0.00000,3.5,0.00004
407,1,,,,,0.00022,0.00000,3.4,0.00004,1,,,,,0.00022,0.00001,3.5,0.00004
408,1,,,,,0.00022,0.00000,3.4,0.00004,1,,,,,0.00022,0.00000,3.5,0.00004
409,1,,,,,0.00022,0.00001,3.4,0.00004,1,,,,,0.00022,0.00000,3.4,0.00004
410,1,,,,,0.00022,0.00000,3.4,0.00004,1,,,,,0.00022,0.00000,3.4,0.00004
411,1,,,,,0.00022,0.00000,3.4,0.00004,1,,,,,0.00022,0.00000,3.4,0.00004
412,1,,,,,0.00022,0.00000,3.4,0.00004,1,,,,,0.00022,0.00000,3.5,0.00004
413,1,,,,,0.00022,0.00000,3.6,0.00004,1,,,,,0.00022,0.00000,3.6,0.00004
414,1,,,,,0.00022,0.00000,3.7,0.00004,1,,,,,0.00022,0.00000,3.8,0.00004
415,1,,,,,0.00022,0.00000,3.7,0.00004,1,,,,,0.00022,0.00000,3.7,0.00004
416,1,,,,,0.00022,0.00000,3.6,0.00004,1,,,,,0.00022,0.00000,3.7,0.00005
417,1,,,,,0.00022,0.00001,3.6,0.00004,1,,,,,0.00022,0.00000,3.7,0.00004
418,1,,,,,0.00022,0.00000,3.6,0.00005,1,,,,,0.00022,0.00000,3.7,0.00004
419,1,,,,,0.00022,0.00000,3.6,0.00004,1,,,,,0.00022,0.00000,3.7,0.00004
420,1,,,,,0.00022,0.00001,3.7,0.00004,1,,,,,0.00022,0.00001,3.6,0.00004
421,1,,,,,0.00022,0.00000,3.6,0.00004,1,,,,,0.00022,0.00001,3.7,0.00004
422,1,,,,,0.00022,0.00000,3.6,0.00004,1,,,,,0.00022,0.00000,3.6,0.00004
423,1,,,,,0.00022,0.00000,3.6,0.00005,1,,,,,0.00022,0.00000,3.7,0.00005
424,1,,,,,0.00022,0.00000,3.7,0.00005,1,,,,,0.00022,0.00001,3.7,0.00004
425,1,,,,,0.00022,0.00000,3.7,0.00005,1,,,,,0.00022,0.00000,3.6,0.00005
426,1,,,,,0.00022,0.00000,3.7,0.00005,1,,,,,0.00022,0.00000,3.6,0.00004
427,1,,,,,0.00022,0.00000,3.7,0.00005,1,,,,,0.00022,0.00000,3.6,0.00004
428,1,,,,,0.00022,0.00000,3.6,0.00004,1,,,,,0.00022,0.00001,3.7,0.00004
429,1,,,,,0.00022,0.00000,3.7,0.00005,1,,,,,0.00022,0.00000,3.6,0.00004
430,1,,,,,0.00022,0.00000,3.7,0.00004,1,,,,,0.00022,0.00000,3.4,0.00004
431,1,,,,,0.00022,0.00000,3.7,0.00004,1,,,,,0.00022,0.00000,3.4,0.00004
432,1,,,,,0.00022,0.00001,3.4,0.00004,1,,,,,0.00022,0.00000,3.4,0.00004
433,1,,,,,0.00022,0.00001,3.4,0.00004,1,,,,,0.00022,0.00000,3.4,0.00004
434,1,,,,,0.00022,0.00000,3.4,0.00004,1,,,,,0.00022,0.00001,3.5,0.00004
435,1,,,,,0.00022,0.00001,3.4,0.00004,1,,,,,0.00022,0.00000,3.4,0.00004
436,1,,,,,0.00022,0.00000,3.6,0.00004,1,,,,,0.00022,0.00000,3.4,0.00004
437,1,,,,,0.00022,0.00000,3.7,0.00004,1,,,,,0.00022,0.00000,3.4,0.00004
438,1,,,,,0.00022,0.00000,3.7,0.00004,1,,,,,0.00022,0.00001,3.4,0.00004
439,1,,,,,0.00022,0.00000,3.7,0.00005,1,,,,,0.00022,0.00000,3.4,0.00004
440,1,,,,,0.00022,0.00001,3.6,0.00004,1,,,,,0.00022,0.00000,3.4,0.00004
441,1,,,,,0.00022,0.00000,3.7,0.00004,1,,,,,0.00022,0.00000,3.5,0.00004
442,1,,,,,0.00022,0.00001,3.7,0.00005,1,,,,,0.00022,0.00000,3.4,0.00004
443,1,,,,,0.00022,0.00001,3.7,0.00005,1,,,,,0.00022,0.00000,3.5,0.00004
444,1,,,,,0.00022,0.00000,3.7,0.00005,1,,,,,0.00022,0.00000,3.4,0.00004
445,1,,,,,0.00022,0.00000,3.7,0.00004,1,,,,,0.00022,0.00000,3.4,0.00004
446,1,,,,,0.00022,0.00000,3.7,0.00005,1,,,,,0.00022,0.00001,3.4,0.00004
447,1,,,,,0.00022,0.00000,3.7,0.00005,1,,,,,0.00022,0.00000,3.4,0.00004
448,1,,,,,0.00022,0.00000,3.6,0.00005,1,,,,,0.00022,0.00000,3.4,0.00004
449,1,,,,,0.00022,0.00001,3.7,0.00005,1,,,,,0.00022,0.00000,3.4,0.00004
450,1,,,,,0.00022,0.00000,3.7,0.00005,1,,,,,0.00022,0.00000,3.4,0.00004
451,1,,,,,0.00022,0.00000,3.8,0.00005,1,,,,,0.00022,0.00000,3.5,0.00004
452,1,,,,,0.00022,0.00000,3.7,0.00005,1,,,,,0.00022,0.00000,3.6,0.00004
453,1,,,,,0.00022,0.00000,3.8,0.00005,1,,,,,0.00022,0.00000,3.6,0.00004
454,1,,,,,0.00022,0.00000,3.7,0.00005,1,,,,,0.00022,0.00000,3.7,0.00004
455,1,,,,,0.00022,0.00000,3.7,0.00005,1,,,,,0.00022,0.00000,3.7,0.00004
456,1,,,,,0.00022,0.00000,3.7,0.00005,1,,,,,0.00022,0.00000,3.7,0.00004
457,1,,,,,0.00022,0.00000,3.7,0.00004,1,,,,,0.00022,0.00000,3.6,0.00004
458,1,,,,,0.00022,0.00001,3.7,0.00004,1,,,,,0.00022,0.00000,3.6,0.00004
459,1,,,,,0.00022,0.00001,3.8,0.00004,1,,,,,0.00022,0.00000,3.7,0.00004
460,1,,,,,0.00022,0.00001,3.7,0.00005,1,,,,,0.00022,0.00000,3.6,0.00004
461,1,,,,,0.00022,0.00000,3.7,0.00005,1,,,,,0.00022,0.00000,3.7,0.00004
462,1,,,,,0.00022,0.00001,3.7,0.00005,1,,,,,0.00022,0.00000,3.6,0.00004
463,1,,,,,0.00022,0.00000,3.7,0.00005,1,,,,,0.00022,0.00000,3.6,0.00004
464,1,,,,,0.00022,0.00000,3.7,0.00005,1,,,,,0.00022,0.00000,3.7,0.00004
465,1,,,,,0.00022,0.00000,3.7,0.00004,1,,,,,0.00022,0.00000,3.7,0.00004
466,1,,,,,0.00022,0.00000,3.7,0.00004,1,,,,,0.00022,0.00001,3.7,0.00004
467,1,,,,,0.00022,0.00001,3.7,0.00005,1,,,,,0.00022,0.00000,3.6,0.00004
468,1,,,,,0.00022,0.00000,3.7,0.00005,1,,,,,0.00022,0.00000,3.7,0.00004
469,1,,,,,0.00022,0.00000,3.7,0.00005,1,,,,,0.00022,0.00000,3.7,0.00005
470,1,,,,,0.00022,0.00001,3.6,0.00004,1,,,,,0.00022,0.00001,3.6,0.00004
471,1,,,,,0.00022,0.00000,3.5,0.00004,1,,,,,0.00022,0.00000,3.4,0.00004
472,1,,,,,0.00022,0.00000,3.5,0.00004,1,,,,,0.00022,0.00000,3.4,0.00004
473,1,,,,,0.00022,0.00001,3.6,0.00004,1,,,,,0.00022,0.00000,3.5,0.00004
474,1,,,,,0.00022,0.00000,3.6,0.00004,1,,,,,0.00022,0.00001,3.4,0.00004
475,1,,,,,0.00022,0.00000,3.5,0.00004,1,,,,,0.00022,0.00000,3.6,0.00004
476,1,,,,,0.00022,0.00000,3.6,0.00004,1,,,,,0.00022,0.00000,3.4,0.00004
477,1,,,,,0.00022,0.00000,3.5,0.00004,1,,,,,0.00022,0.00000,3.5,0.00004
478,1,,,,,0.00022,0.00000,3.6,0.00004,1,,,,,0.00022,0.00000,3.5,0.00004
479,1,,,,,0.00022,0.00000,3.5,0.00004,1,,,,,0.00022,0.00000,3.5,0.00004
480,1,,,,,0.00022,0.00000,3.6,0.00004,1,,,,,0.00022,0.00001,3.5,0.00004
481,1,,,,,0.00022,0.00000,3.5,0.00004,1,,,,,0.00022,0.00000,3.5,0.00004
482,1,,,,,0.00022,0.00000,3.5,0.00004,1,,,,,0.00022,0.00001,3.5,0.00004
483,1,,,,,0.00022,0.00000,3.5,0.00004,1,,,,,0.00022,0.00000,3.4,0.00004
484,1,,,,,0.00022,0.00000,3.5,0.00004,1,,,,,0.00022,0.00000,3.5,0.00004
485,1,,,,,0.00022,0.00000,3.6,0.00004,1,,,,,0.00022,0.00000,3.5,0.00004
486,1,,,,,0.00022,0.00001,3.7,0.00004,1,,,,,0.00022,0.00000,3.5,0.00004
487,1,,,,,0.00022,0.00000,3.6,0.00004,1,,,,,0.00022,0.00000,3.5,0.00004
488,1,,,,,0.00022,0.00001,3.7,0.00005,1,,,,,0.00022,0.00000,3.6,0.00004
489,1,,,,,0.00022,0.00000,3.7,0.00005,1,,,,,0.00022,0.00001,3.7,0.00004
490,1,,,,,0.00022,0.00001,3.8,0.00005,1,,,,,0.00022,0.00001,3.6,0.00004
491,1,,,,,0.00022,0.00001,3.7,0.00004,1,,,,,0.00022,0.00001,3.7,0.00004
492,1,,,,,0.00022,0.00000,3.8,0.00005,1,,,,,0.00022,0.00000,3.7,0.00004
493,1,,,,,0.00022,0.00000,3.7,0.00005,1,,,,,0.00022,0.00000,3.6,0.00004
494,1,,,,,0.00022,0.00000,3.7,0.00005,1,,,,,0.00022,0.00001,3.7,0.00004
495,1,,,,,0.00022,0.00001,3.7,0.00004,1,,,,,0.00022,0.00001,3.6,0.00004
496,1,,,,,0.00022,0.00001,3.7,0.00004,1,,,,,0.00022,0.00000,3.6,0.00004
497,1,,,,,0.00022,0.00000,3.7,0.00005,1,,,,,0.00022,0.00000,3.6,0.00004
498,1,,,,,0.00022,0.00001,3.7,0.00004,1,,,,,0.00022,0.00000,3.6,0.00004
499,1,,,,,0.00022,0.00000,3.6,0.00004,1,,,,,0.00022,0.00000,3.6,0.00004
500,1,,,,,0.00022,0.00000,3.6,0.00004,1,,,,,0.00022,0.00000,3.6,0.00004
501,1,,,,,0.00022,0.00001,3.6,0.00004,1,,,,,0.00022,0.00000,3.7,0.00005
502,1,,,,,0.00022,0.00000,3.7,0.00004,1,,,,,0.00022,0.00000,3.5,0.00004
503,1,,,,,0.00022,0.00001,3.5,0.00004,1,,,,,0.00022,0.00000,3.4,0.00004
504,1,,,,,0.00022,0.00000,3.7,0.00004,1,,,,,0.00022,0.00000,3.4,0.00004
505,1,,,,,0.00022,0.00000,3.5,0.00004,1,,,,,0.00022,0.00000,3.4,0.00004
506,1,,,,,0.00022,0.00000,3.4,0.00004,1,,,,,0.00022,0.00000,3.4,0.00004
507,1,,,,,0.00022,0.00000,3.4,0.00004,1,,,,,0.00022,0.00000,3.4,0.00004
508,1,,,,,0.00022,0.00000,3.4,0.00004,1,,,,,0.00022,0.00000,3.4,0.00004
509,1,,,,,0.00022,0.00000,3.4,0.00004,1,,,,,0.00022,0.00000,3.5,0.00004
510,1,,,,,0.00022,0.00000,3.4,0.00004,1,,,,,0.00022,0.00000,3.5,0.00004
511,1,,,,,0.00022,0.00000,3.4,0.00004,1,,,,,0.00022,0.00000,3.5,0.00005
512,1,,,,,0.00022,0.00001,3.4,0.00004,1,,,,,0.00022,0.00000,3.4,0.00004
513,1,,,,,0.00022,0.00000,3.4,0.00004,1,,,,,0.00022,0.00000,3.4,0.00004
514,1,,,,,0.00022,0.00001,3.5,0.00004,1,,,,,0.00022,0.00000,3.5,0.00004
515,1,,,,,0.00022,0.00000,3.4,0.00004,1,,,,,0.00022,0.00000,3.5,0.00004
516,1,,,,,0.00022,0.00000,3.4,0.00004,1,,,,,0.00022,0.00000,3.5,0.00004
517,1,,,,,0.00022,0.00000,3.4,0.00004,1,,,,,0.00022,0.00000,3.5,0.00004
518,1,,,,,0.00022,0.00001,3.4,0.00004,1,,,,,0.00022,0.00001,3.4,0.00004
519,1,,,,,0.00022,0.00000,3.5,0.00004,1,,,,,0.00022,0.00000,3.5,0.00004
520,1,,,,,0.00022,0.00000,3.5,0.00004,1,,,,,0.00022,0.00000,3.5,0.00004
521,1,,,,,0.00022,0.00000,3.5,0.00004,1,,,,,0.00022,0.00001,3.5,0.00004
522,1,,,,,0.00022,0.00000,3.5,0.00004,1,,,,,0.00022,0.00001,3.4,0.00004
523,1,,,,,0.00022,0.00000,3.5,0.00004,1,,,,,0.00022,0.00000,3.5,0.00004
524,1,,,,,0.00022,0.00000,3.4,0.00004,1,,,,,0.00022,0.00000,3.5,0.00004
525,1,,,,,0.00022,0.00000,3.4,0.00004,1,,,,,0.00022,0.00000,3.5,0.00004
526,1,,,,,0.00022,0.00001,3.5,0.00004,1,,,,,0.00022,0.00000,3.5,0.00004
527,1,,,,,0.00022,0.00000,3.6,0.00004,1,,,,,0.00022,0.00001,3.7,0.00004
528,1,,,,,0.00022,0.00000,3.7,0.00004,1,,,,,0.00022,0.00000,3.7,0.00004
529,1,,,,,0.00022,0.00001,3.7,0.00004,1,,,,,0.00022,0.00000,3.7,0.00004
530,1,,,,,0.00022,0.00000,3.7,0.00004,1,,,,,0.00022,0.00000,3.7,0.00004
531,1,,,,,0.00022,0.00001,3.7,0.00004,1,,,,,0.00022,0.00000,3.8,0.00004
532,1,,,,,0.00022,0.00001,3.7,0.00005,1,,,,,0.00022,0.00000,3.7,0.00004
533,1,,,,,0.00022,0.00001,3.7,0.00004,1,,,,,0.00022,0.00000,3.6,0.00004
534,1,,,,,0.00022,0.00000,3.7,0.00004,1,,,,,0.00022,0.00001,3.6,0.00004
535,1,,,,,0.00022,0.00000,3.7,0.00004,1,,,,,0.00022,0.00000,3.6,0.00004
536,1,,,,,0.00022,0.00000,3.7,0.00004,1,,,,,0.00022,0.00000,3.7,0.00004
537,1,,,,,0.00022,0.00000,3.7,0.00004,1,,,,,0.00022,0.00001,3.6,0.00004
538,1,,,,,0.00022,0.00000,3.7,0.00004,1,,,,,0.00022,0.00000,3.7,0.00004
539,1,,,,,0.00022,0.00000,3.6,0.00004,1,,,,,0.00022,0.00000,3.6,0.00004
540,1,,,,,0.00022,0.00000,3.7,0.00005,1,,,,,0.00022,0.00001,3.7,0.00004
541,1,,,,,0.00022,0.00000,3.7,0.00005,1,,,,,0.00022,0.00001,3.6,0.00004
542,1,,,,,0.00022,0.00001,3.6,0.00004,1,,,,,0.00022,0.00000,3.5,0.00004
543,1,,,,,0.00022,0.00000,3.7,0.00005,1,,,,,0.00022,0.00000,3.5,0.00004
544,1,,,,,0.00022,0.00000,3.6,0.00004,1,,,,,0.00022,0.00001,3.5,0.00004
545,1,,,,,0.00022,0.00000,3.6,0.00004,1,,,,,0.00022,0.00001,3.5,0.00004
546,1,,,,,0.00022,0.00000,3.6,0.00004,1,,,,,0.00022,0.00000,3.5,0.00004
547,1,,,,,0.00022,0.00001,3.7,0.00004,1,,,,,0.00022,0.00001,3.5,0.00004
548,1,,,,,0.00022,0.00000,3.4,0.00004,1,,,,,0.00022,0.00001,3.7,0.00004
549,1,,,,,0.00022,0.00000,3.4,0.00004,1,,,,,0.00022,0.00000,3.6,0.00004
550,1,,,,,0.00022,0.00001,3.6,0.00005,1,,,,,0.00022,0.00001,3.6,0.00004
551,1,,,,,0.00022,0.00000,3.4,0.00004,1,,,,,0.00022,0.00000,3.7,0.00004
552,1,,,,,0.00022,0.00000,3.4,0.00004,1,,,,,0.00022,0.00000,3.5,0.00004
553,1,,,,,0.00022,0.00000,3.5,0.00004,1,,,,,0.00022,0.00000,3.4,0.00004
554,1,,,,,0.00022,0.00000,3.4,0.00004,1,,,,,0.00022,0.00000,3.5,0.00004
555,1,,,,,0.00022,0.00000,3.4,0.00004,1,,,,,0.00022,0.00000,3.5,0.00004
556,1,,,,,0.00022,0.00000,3.4,0.00004,1,,,,,0.00022,0.00000,3.5,0.00004
557,1,,,,,0.00022,0.00001,3.4,0.00004,1,,,,,0.00022,0.00001,3.5,0.00004
558,1,,,,,0.00022,0.00000,3.5,0.00004,1,,,,,0.00022,0.00000,3.5,0.00004
559,1,,,,,0.00022,0.00000,3.5,0.00004,1,,,,,0.00022,0.00000,3.5,0.00004
560,1,,,,,0.00022,0.00000,3.4,0.00004,1,,,,,0.00022,0.00000,3.5,0.00004
561,1,,,,,0.00022,0.00000,3.5,0.00004,1,,,,,0.00022,0.00000,3.5,0.00004
562,1,,,,,0.00022,0.00000,3.5,0.00004,1,,,,,0.00022,0.00000,3.5,0.00004
563,1,,,,,0.00022,0.00000,3.5,0.00004,1,,,,,0.00022,0.00000,3.5,0.00004
564,1,,,,,0.00022,0.00000,3.4,0.00004,1,,,,,0.00022,0.00000,3.6,0.00004
565,1,,,,,0.00022,0.00000,3.5,0.00004,1,,,,,0.00022,0.00001,3.5,0.00004
566,1,,,,,0.00022,0.00000,3.4,0.00004,1,,,,,0.00022,0.00000,3.5,0.00004
567,1,,,,,0.00022,0.00000,3.4,0.00004,1,,,,,0.00022,0.00000,3.5,0.00004
568,1,,,,,0.00022,0.00000,3.5,0.00004,1,,,,,0.00022,0.00000,3.4,0.00004
569,1,,,,,0.00022,0.00000,3.4,0.00004,1,,,,,0.00022,0.00000,3.5,0.00004
570,1,,,,,0.00022,0.00000,3.4,0.00004,1,,,,,0.00022,0.00000,3.5,0.00004
571,1,,,,,0.00022,0.00000,3.7,0.00004,1,,,,,0.00022,0.00000,3.7,0.00004
572,1,,,,,0.00022,0.00000,3.7,0.00004,1,,,,,0.00022,0.00000,3.7,0.00004
573,1,,,,,0.00022,0.00000,3.7,0.00004,1,,,,,0.00022,0.00000,3.6,0.00004
574,1,,,,,0.00022,0.00001,3.7,0.00004,1,,,,,0.00022,0.00000,3.7,0.00004
575,1,,,,,0.00022,0.00000,3.7,0.00004,1,,,,,0.00022,0.00000,3.6,0.00004
576,1,,,,,0.00022,0.00001,3.7,0.00004,1,,,,,0.00022,0.00000,3.6,0.00004
577,1,,,,,0.00022,0.00000,3.7,0.00004,1,,,,,0.00022,0.00000,3.7,0.00004
578,1,,,,,0.00022,0.00000,3.7,0.00004,1,,,,,0.00022,0.00000,3.7,0.00004
579,1,,,,,0.00022,0.00000,3.7,0.00004,1,,,,,0.00022,0.00000,3.7,0.00004
580,1,,,,,0.00022,0.00000,3.5,0.00004,1,,,,,0.00022,0.00000,3.5,0.00004
581,1,,,,,0.00022,0.00000,3.5,0.00004,1,,,,,0.00022,0.00000,3.5,0.00004
582,1,,,,,0.00022,0.00000,3.5,0.00004,1,,,,,0.00022,0.00000,3.5,0.00004
583,1,,,,,0.00022,0.00000,3.4,0.00004,1,,,,,0.00022,0.00000,3.5,0.00004
584,1,,,,,0.00022,0.00001,3.4,0.00004,1,,,,,0.00022,0.00001,3.5,0.00004
585,1,,,,,0.00022,0.00000,3.4,0.00004,1,,,,,0.00022,0.00000,3.5,0.00004
586,1,,,,,0.00022,0.00000,3.4,0.00004,1,,,,,0.00022,0.00000,3.5,0.00004
587,1,,,,,0.00022,0.00000,3.5,0.00004,1,,,,,0.00022,0.00000,3.5,0.00004
588,1,,,,,0.00022,0.00000,3.5,0.00004,1,,,,,0.00022,0.00000,3.5,0.00004
589,1,,,,,0.00022,0.00001,3.5,0.00004,1,,,,,0.00022,0.00000,3.5,0.00004
590,1,,,,,0.00022,0.00000,3.5,0.00004,1,,,,,0.00022,0.00000,3.4,0.00004
591,1,,,,,0.00022,0.00000,3.5,0.00004,1,,,,,0.00022,0.00000,3.5,0.00004
592,1,,,,,0.00022,0.00000,3.5,0.00004,1,,,,,0.00022,0.00000,3.6,0.00004
593,1,,,,,0.00022,0.00000,3.5,0.00004,1,,,,,0.00022,0.00000,3.5,0.00004
594,1,,,,,0.00022,0.00001,3.5,0.00004,1,,,,,0.00022,0.00000,3.5,0.00004
595,1,,,,,0.00022,0.00000,3.5,0.00004,1,,,,,0.00022,0.00000,3.5,0.00004
596,1,,,,,0.00022,0.00000,3.5,0.00004,1,,,,,0.00022,0.00000,3.5,0.00004
597,1,,,,,0.00022,0.00000,3.5,0.00004,1,,,,,0.00022,0.00000,3.5,0.00004
598,1,,,,,0.00022,0.00001,3.5,0.00004,1,,,,,0.00022,0.00000,3.5,0.00004
599,1,,,,,0.00022,0.00000,3.5,0.00004,1,,,,,0.00022,0.00000,3.5,0.00004
600,1,,,,,0.00022,0.00000,3.5,0.00004,1,,,,,0.00022,0.00001,3.5,0.00004
601,1,,,,,0.00022,0.00000,3.7,0.00004,1,,,,,0.00022,0.00000,3.6,0.00004
602,1,,,,,0.00022,0.00001,3.7,0.00004,1,,,,,0.00022,0.00001,3.7,0.00004
603,1,,,,,0.00022,0.00000,3.7,0.00004,1,,,,,0.00022,0.00000,3.8,0.00004
604,1,,,,,0.00022,0.00001,3.7,0.00004,1,,,,,0.00022,0.00000,3.7,0.00004
605,1,,,,,0.00022,0.00001,3.8,0.00004,1,,,,,0.00022,0.00000,3.8,0.00004
606,1,,,,,0.00022,0.00000,3.7,0.00004,1,,,,,0.00022,0.00000,3.8,0.00004
607,1,,,,,0.00022,0.00001,3.8,0.00004,1,,,,,0.00022,0.00000,3.7,0.00004
608,1,,,,,0.00022,0.00000,3.7,0.00004,1,,,,,0.00022,0.00000,3.8,0.00004
609,1,,,,,0.00022,0.00001,3.8,0.00004,1,,,,,0.00022,0.00001,3.8,0.00004
610,1,,,,,0.00022,0.00000,3.7,0.00004,1,,,,,0.00022,0.00001,3.7,0.00004
611,1,,,,,0.00022,0.00000,3.8,0.00004,1,,,,,0.00022,0.00000,3.7,0.00004
612,1,,,,,0.00022,0.00000,3.7,0.00004,1,,,,,0.00022,0.00000,3.7,0.00004
613,1,,,,,0.00022,0.00001,3.7,0.00004,1,,,,,0.00022,0.00000,3.7,0.00004
614,1,,,,,0.00022,0.00000,3.8,0.00004,1,,,,,0.00022,0.00001,3.7,0.00004
615,1,,,,,0.00022,0.00000,3.7,0.00004,1,,,,,0.00022,0.00000,3.7,0.00004
616,1,,,,,0.00022,0.00000,3.7,0.00004,1,,,,,0.00022,0.00001,3.7,0.00004
617,1,,,,,0.00022,0.00001,3.5,0.00004,1,,,,,0.00022,0.00000,3.5,0.00004
618,1,,,,,0.00022,0.00000,3.5,0.00004,1,,,,,0.00022,0.00000,3.5,0.00004
619,1,,,,,0.00022,0.00000,3.8,0.00004,1,,,,,0.00022,0.00000,3.7,0.00004
620,1,,,,,0.00022,0.00000,3.7,0.00004,1,,,,,0.00022,0.00000,3.5,0.00004
621,1,,,,,0.00022,0.00001,3.5,0.00004,1,,,,,0.00022,0.00000,3.5,0.00004
622,1,,,,,0.00022,0.00000,3.6,0.00004,1,,,,,0.00022,0.00000,3.5,0.00004
623,1,,,,,0.00022,0.00000,3.5,0.00004,1,,,,,0.00022,0.00000,3.5,0.00004
624,1,,,,,0.00022,0.00000,3.5,0.00004,1,,,,,0.00022,0.00000,3.5,0.00004
625,1,,,,,0.00022,0.00000,3.6,0.00004,1,,,,,0.00022,0.00000,3.5,0.00004
626,1,,,,,0.00022,0.00000,3.6,0.00004,1,,,,,0.00022,0.00000,3.5,0.00004
627,1,,,,,0.00022,0.00000,3.5,0.00004,1,,,,,0.00022,0.00000,3.5,0.00004
628,1,,,,,0.00022,0.00000,3.5,0.00004,1,,,,,0.00022,0.00000,3.5,0.00004
629,1,,,,,0.00022,0.00000,3.5,0.00004,1,,,,,0.00022,0.00000,3.5,0.00004
630,1,,,,,0.00022,0.00000,3.5,0.00004,1,,,,,0.00022,0.00000,3.5,0.00004
631,1,,,,,0.00022,0.00000,3.5,0.00004,1,,,,,0.00022,0.00000,3.6,0.00004
632,1,,,,,0.00022,0.00000,3.8,0.00004,1,,,,,0.00022,0.00000,3.8,0.00004
633,1,,,,,0.00022,0.00000,3.5,0.00004,1,,,,,0.00022,0.00000,3.5,0.00004
634,1,,,,,0.00022,0.00000,3.5,0.00004,1,,,,,0.00022,0.00000,3.5,0.00004
635,1,,,,,0.00022,0.00000,3.5,0.00004,1,,,,,0.00022,0.00001,3.4,0.00004
636,1,,,,,0.00022,0.00000,3.5,0.00004,1,,,,,0.00022,0.00000,3.5,0.00004
637,1,,,,,0.00022,0.00000,3.5,0.00004,1,,,,,0.00022,0.00000,3.5,0.00004
638,1,,,,,0.00022,0.00000,3.5,0.00004,1,,,,,0.00022,0.00000,3.4,0.00004
639,1,,,,,0.00022,0.00000,3.7,0.00004,1,,,,,0.00022,0.00000,3.5,0.00004
640,1,,,,,0.00022,0.00001,3.5,0.00004,1,,,,,0.00022,0.00000,3.7,0.00004
641,1,,,,,0.00022,0.00001,3.4,0.00004,1,,,,,0.00022,0.00001,3.8,0.00004
642,1,,,,,0.00022,0.00000,3.5,0.00004,1,,,,,0.00022,0.00000,3.7,0.00004
643,1,,,,,0.00022,0.00000,3.4,0.00004,1,,,,,0.00022,0.00000,3.7,0.00004
644,1,,,,,0.00022,0.00001,3.5,0.00004,1,,,,,0.00022,0.00001,3.7,0.00004
645,1,,,,,0.00022,0.00000,3.5,0.00003,1,,,,,0.00022,0.00000,3.7,0.00004
646,1,,,,,0.00022,0.00001,3.5,0.00004,1,,,,,0.00022,0.00001,3.8,0.00005
647,1,,,,,0.00022,0.00000,3.5,0.00004,1,,,,,0.00022,0.00000,3.6,0.00004
648,1,,,,,0.00022,0.00000,3.5,0.00004,1,,,,,0.00022,0.00000,3.7,0.00004
649,1,,,,,0.00022,0.00000,3.5,0.00004,1,,,,,0.00022,0.00000,3.7,0.00004
650,1,,,,,0.00022,0.00000,3.4,0.00004,1,,,,,0.00022,0.00001,3.7,0.00004
651,1,,,,,0.00022,0.00001,3.4,0.00004,1,,,,,0.00022,0.00000,3.7,0.00004
652,1,,,,,0.00022,0.00001,3.7,0.00004,1,,,,,0.00022,0.00000,3.5,0.00004
653,1,,,,,0.00022,0.00000,3.5,0.00004,1,,,,,0.00022,0.00000,3.5,0.00004
654,1,,,,,0.00022,0.00000,3.7,0.00004,1,,,,,0.00022,0.00000,3.5,0.00004
655,1,,,,,0.00022,0.00000,3.5,0.00005,1,,,,,0.00022,0.00000,3.4,0.00004
656,1,,,,,0.00022,0.00001,3.5,0.00004,1,,,,,0.00022,0.00001,3.5,0.00004
657,1,,,,,0.00022,0.00000,3.5,0.00004,1,,,,,0.00022,0.00000,3.4,0.00004
658,1,,,,,0.00022,0.00000,3.5,0.00004,1,,,,,0.00022,0.00000,3.4,0.00004
659,1,,,,,0.00022,0.00000,3.5,0.00004,1,,,,,0.00022,0.00001,3.5,0.00004
660,1,,,,,0.00022,0.00000,3.5,0.00004,1,,,,,0.00022,0.00001,3.4,0.00004
661,1,,,,,0.00022,0.00000,3.5,0.00004,1,,,,,0.00022,0.00000,3.5,0.00004
662,1,,,,,0.00022,0.00000,3.5,0.00004,1,,,,,0.00022,0.00000,3.5,0.00004
663,1,,,,,0.00022,0.00001,3.4,0.00004,1,,,,,0.00022,0.00000,3.4,0.00004
664,1,,,,,0.00022,0.00001,3.5,0.00004,1,,,,,0.00022,0.00000,3.5,0.00004
665,1,,,,,0.00022,0.00000,3.5,0.00004,1,,,,,0.00022,0.00000,3.5,0.00004
666,1,,,,,0.00022,0.00000,3.5,0.00004,1,,,,,0.00022,0.00000,3.5,0.00004
667,1,,,,,0.00022,0.00000,3.5,0.00004,1,,,,,0.00022,0.00000,3.5,0.00004
668,1,,,,,0.00022,0.00000,3.5,0.00004,1,,,,,0.00022,0.00000,3.5,0.00004
669,1,,,,,0.00022,0.00000,3.5,0.00004,1,,,,,0.00022,0.00000,3.5,0.00004
670,1,,,,,0.00022,0.00000,3.5,0.00004,1,,,,,0.00022,0.00000,3.5,0.00004
671,1,,,,,0.00022,0.00000,3.5,0.00004,1,,,,,0.00022,0.00000,3.5,0.00004
672,1,,,,,0.00022,0.00000,3.5,0.00004,1,,,,,0.00022,0.00000,3.5,0.00004
673,1,,,,,0.00022,0.00000,3.5,0.00004,1,,,,,0.00022,0.00000,3.5,0.00004
674,1,,,,,0.00022,0.00001,3.5,0.00004,1,,,,,0.00022,0.00000,3.5,0.00004
675,1,,,,,0.00022,0.00000,3.5,0.00004,1,,,,,0.00022,0.00000,3.5,0.00004
676,1,,,,,0.00022,0.00000,3.7,0.00005,1,,,,,0.00022,0.00000,3.7,0.00004
677,1,,,,,0.00022,0.00000,3.7,0.00004,1,,,,,0.00022,0.00000,3.7,0.00004
678,1,,,,,0.00022,0.00000,3.8,0.00004,1,,,,,0.00022,0.00000,3.7,0.00004
679,1,,,,,0.00022,0.00001,3.8,0.00004,1,,,,,0.00022,0.00001,3.7,0.00004
680,1,,,,,0.00022,0.00000,3.7,0.00004,1,,,,,0.00022,0.00000,3.7,0.00004
681,1,,,,,0.00022,0.00000,3.8,0.00005,1,,,,,0.00022,0.00000,3.7,0.00004
682,1,,,,,0.00022,0.00000,3.8,0.00004,1,,,,,0.00022,0.00000,3.8,0.00004
683,1,,,,,0.00022,0.00000,3.7,0.00004,1,,,,,0.00022,0.00000,3.7,0.00004
684,1,,,,,0.00022,0.00000,3.7,0.00004,1,,,,,0.00022,0.00000,3.7,0.00004
685,1,,,,,0.00022,0.00000,3.7,0.00004,1,,,,,0.00022,0.00000,3.7,0.00004
686,1,,,,,0.00022,0.00000,3.8,0.00004,1,,,,,0.00022,0.00001,3.7,0.00004
687,1,,,,,0.00022,0.00001,3.7,0.00004,1,,,,,0.00022,0.00001,3.7,0.00005
688,1,,,,,0.00022,0.00001,3.7,0.00005,1,,,,,0.00022,0.00000,3.7,0.00004
689,1,,,,,0.00022,0.00000,3.7,0.00004,1,,,,,0.00022,0.00000,3.8,0.00004
690,1,,,,,0.00022,0.00000,3.7,0.00005,1,,,,,0.00022,0.00001,3.7,0.00004
691,1,,,,,0.00022,0.00000,3.7,0.00004,1,,,,,0.00022,0.00000,3.5,0.00004
692,1,,,,,0.00022,0.00000,3.5,0.00004,1,,,,,0.00022,0.00000,3.4,0.00004
693,1,,,,,0.00022,0.00000,3.5,0.00004,1,,,,,0.00022,0.00000,3.4,0.00004
694,1,,,,,0.00022,0.00000,3.5,0.00005,1,,,,,0.00022,0.00000,3.4,0.00004
695,1,,,,,0.00022,0.00001,3.5,0.00004,1,,,,,0.00022,0.00001,3.4,0.00004
696,1,,,,,0.00022,0.00000,3.4,0.00004,1,,,,,0.00022,0.00001,3.5,0.00004
697,1,,,,,0.00022,0.00000,3.5,0.00004,1,,,,,0.00022,0.00000,3.5,0.00004
698,1,,,,,0.00022,0.00000,3.6,0.00004,1,,,,,0.00022,0.00000,3.5,0.00004
699,1,,,,,0.00022,0.00000,3.5,0.00004,1,,,,,0.00022,0.00000,3.4,0.00004
700,1,,,,,0.00022,0.00000,3.5,0.00004,1,,,,,0.00022,0.00000,3.5,0.00004
701,1,,,,,0.00022,0.00000,3.6,0.00004,1,,,,,0.00022,0.00000,3.5,0.00004
702,1,,,,,0.00022,0.00000,3.6,0.00004,1,,,,,0.00022,0.00000,3.5,0.00004
703,1,,,,,0.00022,0.00000,3.6,0.00004,1,,,,,0.00022,0.00000,3.5,0.00004
704,1,,,,,0.00022,0.00000,3.6,0.00004,1,,,,,0.00022,0.00001,3.5,0.00004
705,1,,,,,0.00022,0.00001,3.6,0.00004,1,,,,,0.00022,0.00000,3.5,0.00004
706,1,,,,,0.00022,0.00000,3.6,0.00004,1,,,,,0.00022,0.00000,3.5,0.00004
707,1,,,,,0.00022,0.00001,3.5,0.00004,1,,,,,0.00022,0.00000,3.7,0.00004
708,1,,,,,0.00022,0.00000,3.6,0.00004,1,,,,,0.00022,0.00001,3.7,0.00004
709,1,,,,,0.00022,0.00000,3.6,0.00004,1,,,,,0.00022,0.00001,3.7,0.00004
710,1,,,,,0.00022,0.00000,3.7,0.00004,1,,,,,0.00022,0.00000,3.8,0.00004
711,1,,,,,0.00022,0.00001,3.6,0.00004,1,,,,,0.00022,0.00000,3.7,0.00004
712,1,,,,,0.00022,0.00000,3.6,0.00004,1,,,,,0.00022,0.00000,3.7,0.00004
713,1,,,,,0.00022,0.00000,3.6,0.00004,1,,,,,0.00022,0.00000,3.6,0.00004
714,1,,,,,0.00022,0.00000,3.8,0.00004,1,,,,,0.00022,0.00000,3.8,0.00004
715,1,,,,,0.00022,0.00000,3.8,0.00004,1,,,,,0.00022,0.00000,3.7,0.00004
716,1,,,,,0.00022,0.00000,3.7,0.00004,1,,,,,0.00022,0.00001,3.7,0.00004
717,1,,,,,0.00022,0.00000,3.7,0.00004,1,,,,,0.00022,0.00000,3.7,0.00004
718,1,,,,,0.00022,0.00000,3.7,0.00004,1,,,,,0.00022,0.00001,3.7,0.00004
719,1,,,,,0.00022,0.00000,3.7,0.00004,1,,,,,0.00022,0.00000,3.7,0.00004
720,1,,,,,0.00022,0.00001,3.7,0.00004,1,,,,,0.00022,0.00000,3.7,0.00004
721,1,,,,,0.00022,0.00000,3.6,0.00004,1,,,,,0.00022,0.00001,3.6,0.00004
722,1,,,,,0.00022,0.00000,3.6,0.00004,1,,,,,0.00022,0.00000,3.7,0.00004
723,1,,,,,0.00022,0.00000,3.7,0.00004,1,,,,,0.00022,0.00001,3.7,0.00004
724,1,,,,,0.00022,0.00000,3.7,0.00004,1,,,,,0.00022,0.00001,3.7,0.00004
725,1,,,,,0.00022,0.00000,3.7,0.00004,1,,,,,0.00022,0.00000,3.7,0.00004
726,1,,,,,0.00022,0.00001,3.7,0.00004,1,,,,,0.00022,0.00000,3.7,0.00004
727,1,,,,,0.00022,0.00000,3.7,0.00004,1,,,,,0.00022,0.00000,3.6,0.00004
728,1,,,,,0.00022,0.00000,3.7,0.00004,1,,,,,0.00022,0.00000,3.7,0.00004
729,1,,,,,0.00022,0.00000,3.7,0.00004,1,,,,,0.00022,0.00000,3.7,0.00004
730,1,,,,,0.00022,0.00000,3.7,0.00004,1,,,,,0.00022,0.00000,3.5,0.00004
731,1,,,,,0.00022,0.00000,3.7,0.00004,1,,,,,0.00022,0.00000,3.4,0.00004
732,1,,,,,0.00022,0.00000,3.6,0.00004,1,,,,,0.00022,0.00001,3.4,0.00004
733,1,,,,,0.00022,0.00001,3.7,0.00004,1,,,,,0.00022,0.00000,3.4,0.00004
734,1,,,,,0.00022,0.00000,3.6,0.00004,1,,,,,0.00022,0.00000,3.5,0.00004
735,1,,,,,0.00022,0.00000,3.6,0.00004,1,,,,,0.00022,0.00000,3.5,0.00004
736,1,,,,,0.00022,0.00001,3.6,0.00004,1,,,,,0.00022,0.00000,3.5,0.00004
737,1,,,,,0.00022,0.00000,3.8,0.00004,1,,,,,0.00022,0.00000,3.5,0.00004
738,1,,,,,0.00022,0.00000,3.7,0.00004,1,,,,,0.00022,0.00000,3.4,0.00004
739,1,,,,,0.00022,0.00001,3.8,0.00005,1,,,,,0.00022,0.00000,3.5,0.00004
740,1,,,,,0.00022,0.00000,3.8,0.00004,1,,,,,0.00022,0.00000,3.4,0.00004
741,1,,,,,0.00022,0.00000,3.8,0.00004,1,,,,,0.00022,0.00000,3.4,0.00004
742,1,,,,,0.00022,0.00000,3.6,0.00004,1,,,,,0.00022,0.00000,3.5,0.00004
743,1,,,,,0.00022,0.00000,3.6,0.00004,1,,,,,0.00022,0.00000,3.5,0.00004
744,1,,,,,0.00022,0.00001,3.6,0.00004,1,,,,,0.00022,0.00000,3.5,0.00004
745,1,,,,,0.00022,0.00000,3.6,0.00004,1,,,,,0.00022,0.00000,3.5,0.00004
746,1,,,,,0.00022,0.00000,3.7,0.00004,1,,,,,0.00022,0.00000,3.5,0.00004
747,1,,,,,0.00022,0.00000,3.8,0.00004,1,,,,,0.00022,0.00001,3.5,0.00004
748,1,,,,,0.00022,0.00000,3.8,0.00004,1,,,,,0.00022,0.00000,3.4,0.00004
749,1,,,,,0.00022,0.00000,3.8,0.00004,1,,,,,0.00022,0.00000,3.5,0.00004
750,1,,,,,0.00022,0.00000,3.8,0.00004,1,,,,,0.00022,0.00000,3.5,0.00004
751,1,,,,,0.00022,0.00001,3.8,0.00004,1,,,,,0.00022,0.00000,3.7,0.00004
752,1,,,,,0.00022,0.00000,3.8,0.00004,1,,,,,0.00022,0.00000,3.7,0.00004
753,1,,,,,0.00022,0.00000,3.8,0.00004,1,,,,,0.00022,0.00000,3.7,0.00004
754,1,,,,,0.00022,0.00000,3.8,0.00004,1,,,,,0.00022,0.00000,3.7,0.00004
755,1,,,,,0.00022,0.00000,3.8,0.00004,1,,,,,0.00022,0.00000,3.7,0.00004
756,1,,,,,0.00022,0.00000,3.7,0.00004,1,,,,,0.00022,0.00001,3.7,0.00004
757,1,,,,,0.00022,0.00001,3.8,0.00004,1,,,,,0.00022,0.00001,3.7,0.00004
758,1,,,,,0.00022,0.00000,3.7,0.00004,1,,,,,0.00022,0.00000,3.6,0.00004
759,1,,,,,0.00022,0.00000,3.7,0.00004,1,,,,,0.00022,0.00000,3.7,0.00004
760,1,,,,,0.00022,0.00001,3.8,0.00004,1,,,,,0.00022,0.00000,3.7,0.00004
761,1,,,,,0.00022,0.00001,3.7,0.00004,1,,,,,0.00022,0.00000,3.7,0.00004
762,1,,,,,0.00022,0.00000,3.7,0.00004,1,,,,,0.00022,0.00000,3.7,0.00004
763,1,,,,,0.00022,0.00001,3.7,0.00004,1,,,,,0.00022,0.00000,3.7,0.00004
764,1,,,,,0.00022,0.00001,3.8,0.00004,1,,,,,0.00022,0.00000,3.7,0.00004
765,1,,,,,0.00022,0.00001,3.7,0.00004,1,,,,,0.00022,0.00000,3.7,0.00004
766,1,,,,,0.00022,0.00000,3.8,0.00005,1,,,,,0.00022,0.00000,3.7,0.00004
767,1,,,,,0.00022,0.00000,3.8,0.00004,1,,,,,0.00022,0.00000,3.5,0.00004
768,1,,,,,0.00022,0.00000,3.7,0.00005,1,,,,,0.00022,0.00000,3.4,0.00004
769,1,,,,,0.00022,0.00001,3.5,0.00004,1,,,,,0.00022,0.00001,3.5,0.00004
770,1,,,,,0.00022,0.00000,3.6,0.00004,1,,,,,0.00022,0.00000,3.5,0.00004
771,1,,,,,0.00022,0.00001,3.5,0.00004,1,,,,,0.00022,0.00001,3.7,0.00004
772,1,,,,,0.00022,0.00000,3.5,0.00004,1,,,,,0.00022,0.00000,3.5,0.00004
773,1,,,,,0.00022,0.00000,3.6,0.00004,1,,,,,0.00022,0.00000,3.4,0.00004
774,1,,,,,0.00022,0.00000,3.6,0.00004,1,,,,,0.00022,0.00000,3.5,0.00004
775,1,,,,,0.00022,0.00000,3.5,0.00004,1,,,,,0.00022,0.00000,3.5,0.00004
776,1,,,,,0.00022,0.00001,3.6,0.00004,1,,,,,0.00022,0.00000,3.5,0.00004
777,1,,,,,0.00022,0.00000,3.6,0.00004,1,,,,,0.00022,0.00000,3.5,0.00004
778,1,,,,,0.00022,0.00000,3.7,0.00004,1,,,,,0.00022,0.00000,3.5,0.00004
779,1,,,,,0.00022,0.00000,3.7,0.00004,1,,,,,0.00022,0.00001,3.5,0.00004
780,1,,,,,0.00022,0.00000,3.6,0.00004,1,,,,,0.00022,0.00000,3.5,0.00004
781,1,,,,,0.00022,0.00000,3.5,0.00004,1,,,,,0.00022,0.00000,3.5,0.00004
782,1,,,,,0.00022,0.00000,3.5,0.00004,1,,,,,0.00022,0.00000,3.5,0.00004
783,1,,,,,0.00022,0.00000,3.6,0.00004,1,,,,,0.00022,0.00000,3.5,0.00004
784,1,,,,,0.00022,0.00000,3.6,0.00004,1,,,,,0.00022,0.00000,3.5,0.00004
785,1,,,,,0.00022,0.00000,3.6,0.00004,1,,,,,0.00022,0.00000,3.5,0.00004
786,1,,,,,0.00022,0.00000,3.7,0.00004,1,,,,,0.00022,0.00000,3.5,0.00004
787,1,,,,,0.00022,0.00000,3.7,0.00004,1,,,,,0.00022,0.00001,3.5,0.00004
788,1,,,,,0.00022,0.00000,3.7,0.00004,1,,,,,0.00022,0.00000,3.5,0.00004
789,1,,,,,0.00022,0.00000,3.7,0.00004,1,,,,,0.00022,0.00000,3.4,0.00004
790,1,,,,,0.00022,0.00000,3.7,0.00004,1,,,,,0.00022,0.00000,3.4,0.00004
791,1,,,,,0.00022,0.00000,3.7,0.00004,1,,,,,0.00022,0.00000,3.4,0.00004
792,1,,,,,0.00022,0.00000,3.7,0.00004,1,,,,,0.00022,0.00000,3.5,0.00004
793,1,,,,,0.00022,0.00000,3.7,0.00004,1,,,,,0.00022,0.00000,3.5,0.00004
794,1,,,,,0.00022,0.00000,3.7,0.00004,1,,,,,0.00022,0.00001,3.4,0.00004
795,1,,,,,0.00022,0.00000,3.7,0.00005,1,,,,,0.00022,0.00000,3.4,0.00004
796,1,,,,,0.00022,0.00000,3.6,0.00004,1,,,,,0.00022,0.00000,3.5,0.00004
797,1,,,,,0.00022,0.00001,3.7,0.00004,1,,,,,0.00022,0.00000,3.4,0.00004
798,1,,,,,0.00022,0.00001,3.7,0.00004,1,,,,,0.00022,0.00000,3.4,0.00004
799,1,,,,,0.00022,0.00000,3.7,0.00004,1,,,,,0.00022,0.00000,3.4,0.00004
800,1,,,,,0.00022,0.00001,3.6,0.00004,1,,,,,0.00022,0.00000,3.4,0.00004
801,1,,,,,0.00022,0.00001,3.6,0.00004,1,,,,,0.00022,0.00000,3.4,0.00004
802,1,,,,,0.00022,0.00000,3.7,0.00005,1,,,,,0.00022,0.00000,3.4,0.00004
803,1,,,,,0.00022,0.00000,3.7,0.00004,1,,,,,0.00022,0.00000,3.4,0.00004
804,1,,,,,0.00022,0.00000,3.7,0.00004,1,,,,,0.00022,0.00000,3.5,0.00004
805,1,,,,,0.00022,0.00000,3.7,0.00004,1,,,,,0.00022,0.00000,3.4,0.00004
806,1,,,,,0.00022,0.00000,3.7,0.00005,1,,,,,0.00022,0.00001,3.4,0.00004
807,1,,,,,0.00022,0.00000,3.6,0.00004,1,,,,,0.00022,0.00000,3.4,0.00004
808,1,,,,,0.00022,0.00000,3.6,0.00004,1,,,,,0.00022,0.00000,3.4,0.00004
809,1,,,,,0.00022,0.00000,3.6,0.00004,1,,,,,0.00022,0.00000,3.5,0.00004
810,1,,,,,0.00022,0.00001,3.6,0.00004,1,,,,,0.00022,0.00000,3.5,0.00004
811,1,,,,,0.00022,0.00000,3.5,0.00004,1,,,,,0.00022,0.00000,3.5,0.00004
812,1,,,,,0.00022,0.00000,3.5,0.00004,1,,,,,0.00022,0.00000,3.5,0.00004
813,1,,,,,0.00022,0.00001,3.6,0.00004,1,,,,,0.00022,0.00000,3.5,0.00004
814,1,,,,,0.00022,0.00000,3.7,0.00004,1,,,,,0.00022,0.00000,3.4,0.00004
815,1,,,,,0.00022,0.00000,3.7,0.00004,1,,,,,0.00022,0.00000,3.4,0.00004
816,1,,,,,0.00022,0.00000,3.6,0.00004,1,,,,,0.00022,0.00001,3.4,0.00004
817,1,,,,,0.00022,0.00000,3.5,0.00004,1,,,,,0.00022,0.00000,3.5,0.00004
818,1,,,,,0.00022,0.00000,3.5,0.00004,1,,,,,0.00022,0.00000,3.4,0.00004
819,1,,,,,0.00022,0.00000,3.6,0.00004,1,,,,,0.00022,0.00000,3.4,0.00004
820,1,,,,,0.00022,0.00000,3.5,0.00004,1,,,,,0.00022,0.00000,3.4,0.00004
821,1,,,,,0.00022,0.00000,3.5,0.00004,1,,,,,0.00022,0.00000,3.4,0.00004
822,1,,,,,0.00022,0.00000,3.6,0.00004,1,,,,,0.00022,0.00000,3.4,0.00004
823,1,,,,,0.00022,0.00000,3.6,0.00004,1,,,,,0.00022,0.00000,3.5,0.00004
824,1,,,,,0.00022,0.00001,3.6,0.00004,1,,,,,0.00022,0.00000,3.4,0.00004
825,1,,,,,0.00022,0.00000,3.6,0.00004,1,,,,,0.00022,0.00001,3.4,0.00004
826,1,,,,,0.00022,0.00000,3.7,0.00005,1,,,,,0.00022,0.00000,3.6,0.00004
827,1,,,,,0.00022,0.00000,3.6,0.00004,1,,,,,0.00022,0.00001,3.6,0.00004
828,1,,,,,0.00022,0.00001,3.7,0.00005,1,,,,,0.00022,0.00000,3.6,0.00004
829,1,,,,,0.00022,0.00000,3.7,0.00005,1,,,,,0.00022,0.00001,3.6,0.00004
830,1,,,,,0.00022,0.00000,3.6,0.00004,1,,,,,0.00022,0.00000,3.7,0.00004
831,1,,,,,0.00022,0.00001,3.6,0.00004,1,,,,,0.00022,0.00000,3.7,0.00004
832,1,,,,,0.00022,0.00001,3.6,0.00005,1,,,,,0.00022,0.00000,3.7,0.00004
833,1,,,,,0.00022,0.00000,3.7,0.00004,1,,,,,0.00022,0.00000,3.7,0.00004
834,1,,,,,0.00022,0.00000,3.7,0.00005,1,,,,,0.00022,0.00000,3.7,0.00004
835,1,,,,,0.00022,0.00000,3.7,0.00005,1,,,,,0.00022,0.00000,3.7,0.00004
836,1,,,,,0.00022,0.00001,3.6,0.00005,1,,,,,0.00022,0.00001,3.7,0.00004
837,1,,,,,0.00022,0.00001,3.6,0.00005,1,,,,,0.00022,0.00000,3.7,0.00004
838,1,,,,,0.00022,0.00001,3.7,0.00005,1,,,,,0.00022,0.00001,3.7,0.00004
839,1,,,,,0.00022,0.00001,3.7,0.00005,1,,,,,0.00022,0.00000,3.7,0.00004
840,1,,,,,0.00022,0.00000,3.6,0.00005,1,,,,,0.00022,0.00000,3.7,0.00004
841,1,,,,,0.00022,0.00000,3.7,0.00004,1,,,,,0.00022,0.00000,3.7,0.00004
842,1,,,,,0.00022,0.00000,3.7,0.00004,1,,,,,0.00022,0.00000,3.6,0.00004
843,1,,,,,0.00022,0.00000,3.4,0.00004,1,,,,,0.00022,0.00000,3.5,0.00004
844,1,,,,,0.00022,0.00000,3.4,0.00004,1,,,,,0.00022,0.00000,3.4,0.00004
845,1,,,,,0.00022,0.00001,3.6,0.00004,1,,,,,0.00022,0.00000,3.5,0.00003
846,1,,,,,0.00022,0.00000,3.4,0.00004,1,,,,,0.00022,0.00001,3.5,0.00004
847,1,,,,,0.00022,0.00000,3.4,0.00004,1,,,,,0.00022,0.00001,3.4,0.00004
848,1,,,,,0.00022,0.00001,3.4,0.00004,1,,,,,0.00022,0.00000,3.5,0.00004
849,1,,,,,0.00022,0.00000,3.4,0.00004,1,,,,,0.00022,0.00000,3.5,0.00004
850,1,,,,,0.00022,0.00000,3.5,0.00004,1,,,,,0.00022,0.00000,3.5,0.00004
851,1,,,,,0.00022,0.00001,3.4,0.00004,1,,,,,0.00022,0.00001,3.6,0.00004
852,1,,,,,0.00022,0.00000,3.4,0.00004,1,,,,,0.00022,0.00000,3.5,0.00004
853,1,,,,,0.00022,0.00001,3.4,0.00004,1,,,,,0.00022,0.00001,3.5,0.00004
854,1,,,,,0.00022,0.00000,3.4,0.00004,1,,,,,0.00022,0.00000,3.5,0.00004
855,1,,,,,0.00022,0.00000,3.4,0.00004,1,,,,,0.00022,0.00000,3.5,0.00004
856,1,,,,,0.00022,0.00000,3.4,0.00004,1,,,,,0.00022,0.00000,3.6,0.00004
857,1,,,,,0.00022,0.00000,3.4,0.00004,1,,,,,0.00022,0.00000,3.5,0.00004
858,1,,,,,0.00022,0.00000,3.4,0.00004,1,,,,,0.00022,0.00000,3.5,0.00004
859,1,,,,,0.00022,0.00000,3.4,0.00004,1,,,,,0.00022,0.00000,3.5,0.00004
860,1,,,,,0.00022,0.00000,3.4,0.00004,1,,,,,0.00022,0.00000,3.5,0.00004
861,1,,,,,0.00022,0.00000,3.4,0.00004,1,,,,,0.00022,0.00000,3.5,0.00004
862,1,,,,,0.00022,0.00000,3.4,0.00004,1,,,,,0.00022,0.00001,3.6,0.00004
863,1,,,,,0.00022,0.00000,3.6,0.00004,1,,,,,0.00022,0.00000,3.7,0.00004
864,1,,,,,0.00022,0.00001,3.7,0.00004,1,,,,,0.00022,0.00000,3.7,0.00004
865,1,,,,,0.00022,0.00000,3.6,0.00004,1,,,,,0.00022,0.00000,3.7,0.00004
866,1,,,,,0.00022,0.00000,3.7,0.00005,1,,,,,0.00022,0.00000,3.7,0.00004
867,1,,,,,0.00022,0.00000,3.6,0.00005,1,,,,,0.00022,0.00000,3.7,0.00004
868,1,,,,,0.00022,0.00001,3.7,0.00004,1,,,,,0.00022,0.00000,3.8,0.00004
869,1,,,,,0.00022,0.00000,3.6,0.00005,1,,,,,0.00022,0.00000,3.7,0.00004
870,1,,,,,0.00022,0.00000,3.7,0.00005,1,,,,,0.00022,0.00000,3.8,0.00004
871,1,,,,,0.00022,0.00000,3.6,0.00004,1,,,,,0.00022,0.00001,3.8,0.00004
872,1,,,,,0.00022,0.00000,3.7,0.00004,1,,,,,0.00022,0.00001,3.7,0.00004
873,1,,,,,0.00022,0.00000,3.7,0.00005,1,,,,,0.00022,0.00000,3.7,0.00005
874,1,,,,,0.00022,0.00001,3.7,0.00005,1,,,,,0.00022,0.00001,3.7,0.00004
875,1,,,,,0.00022,0.00001,3.7,0.00004,1,,,,,0.00022,0.00001,3.7,0.00004
876,1,,,,,0.00022,0.00001,3.7,0.00005,1,,,,,0.00022,0.00000,3.7,0.00004
877,1,,,,,0.00022,0.00000,3.7,0.00004,1,,,,,0.00022,0.00000,3.7,0.00004
878,1,,,,,0.00022,0.00000,3.6,0.00004,1,,,,,0.00022,0.00000,3.5,0.00004
879,1,,,,,0.00022,0.00000,3.7,0.00004,1,,,,,0.00022,0.00000,3.5,0.00004
880,1,,,,,0.00022,0.00000,3.4,0.00005,1,,,,,0.00022,0.00000,3.4,0.00004
881,1,,,,,0.00022,0.00000,3.6,0.00004,1,,,,,0.00022,0.00000,3.5,0.00004
882,1,,,,,0.00022,0.00000,3.8,0.00004,1,,,,,0.00022,0.00000,3.7,0.00004
883,1,,,,,0.00022,0.00000,3.7,0.00004,1,,,,,0.00022,0.00000,3.8,0.00004
884,1,,,,,0.00022,0.00000,3.6,0.00004,1,,,,,0.00022,0.00000,3.6,0.00004
885,1,,,,,0.00022,0.00001,3.7,0.00004,1,,,,,0.00022,0.00001,3.7,0.00004
886,1,,,,,0.00022,0.00000,3.7,0.00004,1,,,,,0.00022,0.00000,3.7,0.00004
887,1,,,,,0.00022,0.00000,3.7,0.00004,1,,,,,0.00022,0.00001,3.6,0.00004
888,1,,,,,0.00022,0.00001,3.7,0.00005,1,,,,,0.00022,0.00001,3.7,0.00004
889,1,,,,,0.00022,0.00000,3.7,0.00005,1,,,,,0.00022,0.00000,3.8,0.00004
890,1,,,,,0.00022,0.00000,3.7,0.00004,1,,,,,0.00022,0.00001,3.8,0.00004
891,1,,,,,0.00022,0.00001,3.7,0.00005,1,,,,,0.00022,0.00000,3.7,0.00004
892,1,,,,,0.00022,0.00000,3.6,0.00004,1,,,,,0.00022,0.00000,3.7,0.00004
893,1,,,,,0.00022,0.00000,3.6,0.00004,1,,,,,0.00022,0.00001,3.6,0.00004
894,1,,,,,0.00022,0.00000,3.6,0.00004,1,,,,,0.00022,0.00000,3.6,0.00004
895,1,,,,,0.00022,0.00000,3.6,0.00004,1,,,,,0.00022,0.00000,3.6,0.00004
896,1,,,,,0.00022,0.00001,3.7,0.00004,1,,,,,0.00022,0.00000,3.8,0.00004
897,1,,,,,0.00022,0.00000,3.6,0.00004,1,,,,,0.00022,0.00000,3.8,0.00004
898,1,,,,,0.00022,0.00000,3.7,0.00004,1,,,,,0.00022,0.00001,3.8,0.00004
899,1,,,,,0.00022,0.00000,3.7,0.00004,1,,,,,0.00022,0.00000,3.8,0.00004
900,1,,,,,0.00022,0.00001,3.7,0.00004,1,,,,,0.00022,0.00000,3.8,0.00004
901,1,,,,,0.00022,0.00000,3.6,0.00004,1,,,,,0.00022,0.00000,3.7,0.00004
902,1,,,,,0.00022,0.00000,3.6,0.00004,1,,,,,0.00022,0.00000,3.7,0.00004
903,1,,,,,0.00022,0.00000,3.7,0.00005,1,,,,,0.00022,0.00000,3.8,0.00004
904,1,,,,,0.00022,0.00000,3.7,0.00005,1,,,,,0.00022,0.00000,3.7,0.00004
905,1,,,,,0.00022,0.00001,3.7,0.00004,1,,,,,0.00022,0.00000,3.8,0.00004
906,1,,,,,0.00022,0.00000,3.7,0.00005,1,,,,,0.00022,0.00000,3.8,0.00004
907,1,,,,,0.00022,0.00000,3.7,0.00004,1,,,,,0.00022,0.00000,3.8,0.00004
908,1,,,,,0.00022,0.00000,3.7,0.00004,1,,,,,0.00022,0.00000,3.8,0.00004
909,1,,,,,0.00022,0.00000,3.7,0.00005,1,,,,,0.00022,0.00000,3.8,0.00004
910,1,,,,,0.00022,0.00000,3.7,0.00004,1,,,,,0.00022,0.00000,3.8,0.00004
911,1,,,,,0.00022,0.00000,3.7,0.00004,1,,,,,0.00022,0.00000,3.8,0.00004
912,1,,,,,0.00022,0.00001,3.7,0.00004,1,,,,,0.00022,0.00000,3.8,0.00004
913,1,,,,,0.00022,0.00001,3.7,0.00005,1,,,,,0.00022,0.00001,3.8,0.00004
914,1,,,,,0.00022,0.00000,3.7,0.00005,1,,,,,0.00022,0.00000,3.8,0.00004
915,1,,,,,0.00022,0.00000,3.8,0.00004,1,,,,,0.00022,0.00000,3.7,0.00004
916,1,,,,,0.00022,0.00000,3.7,0.00005,1,,,,,0.00022,0.00000,3.7,0.00004
917,1,,,,,0.00022,0.00000,3.4,0.00004,1,,,,,0.00022,0.00000,3.5,0.00004
918,1,,,,,0.00022,0.00000,3.4,0.00004,1,,,,,0.00022,0.00000,3.4,0.00004
919,1,,,,,0.00022,0.00000,3.7,0.00004,1,,,,,0.00022,0.00001,3.7,0.00004
920,1,,,,,0.00022,0.00000,3.7,0.00005,1,,,,,0.00022,0.00000,3.8,0.00004
921,1,,,,,0.00022,0.00001,3.4,0.00005,1,,,,,0.00022,0.00000,3.5,0.00004
922,1,,,,,0.00022,0.00000,3.7,0.00004,1,,,,,0.00022,0.00001,3.6,0.00004
923,1,,,,,0.00022,0.00000,3.5,0.00003,1,,,,,0.00022,0.00000,3.5,0.00004
924,1,,,,,0.00022,0.00001,3.7,0.00004,1,,,,,0.00022,0.00000,3.4,0.00004
925,1,,,,,0.00022,0.00000,3.6,0.00004,1,,,,,0.00022,0.00000,3.6,0.00004
926,1,,,,,0.00022,0.00000,3.6,0.00004,1,,,,,0.00022,0.00001,3.7,0.00004
927,1,,,,,0.00022,0.00000,3.7,0.00004,1,,,,,0.00022,0.00001,3.7,0.00004
928,1,,,,,0.00022,0.00000,3.6,0.00004,1,,,,,0.00022,0.00000,3.7,0.00005
929,1,,,,,0.00022,0.00001,3.6,0.00004,1,,,,,0.00022,0.00000,3.6,0.00004
930,1,,,,,0.00022,0.00000,3.5,0.00004,1,,,,,0.00022,0.00000,3.7,0.00004
931,1,,,,,0.00022,0.00000,3.5,0.00004,1,,,,,0.00022,0.00000,3.6,0.00004
932,1,,,,,0.00022,0.00000,3.7,0.00004,1,,,,,0.00022,0.00000,3.7,0.00004
933,1,,,,,0.00022,0.00000,3.7,0.00004,1,,,,,0.00022,0.00000,3.7,0.00004
934,1,,,,,0.00022,0.00000,3.7,0.00004,1,,,,,0.00022,0.00000,3.7,0.00004
935,1,,,,,0.00022,0.00001,3.7,0.00004,1,,,,,0.00022,0.00000,3.7,0.00004
936,1,,,,,0.00022,0.00000,3.7,0.00004,1,,,,,0.00022,0.00001,3.5,0.00004
937,1,,,,,0.00022,0.00000,3.7,0.00004,1,,,,,0.00022,0.00000,3.4,0.00004
938,1,,,,,0.00022,0.00000,3.6,0.00004,1,,,,,0.00022,0.00000,3.7,0.00004
939,1,,,,,0.00022,0.00000,3.7,0.00004,1,,,,,0.00022,0.00000,3.7,0.00004
940,1,,,,,0.00022,0.00000,3.8,0.00004,1,,,,,0.00022,0.00000,3.7,0.00004
941,1,,,,,0.00022,0.00000,3.7,0.00004,1,,,,,0.00022,0.00000,3.7,0.00005
942,1,,,,,0.00022,0.00000,3.7,0.00005,1,,,,,0.00022,0.00000,3.8,0.00004
943,1,,,,,0.00022,0.00001,3.7,0.00005,1,,,,,0.00022,0.00000,3.7,0.00005
944,1,,,,,0.00022,0.00001,3.8,0.00005,1,,,,,0.00022,0.00000,3.6,0.00004
945,1,,,,,0.00022,0.00000,3.7,0.00004,1,,,,,0.00022,0.00001,3.6,0.00004
946,1,,,,,0.00022,0.00000,3.7,0.00004,1,,,,,0.00022,0.00000,3.7,0.00004
947,1,,,,,0.00022,0.00000,3.7,0.00004,1,,,,,0.00022,0.00000,3.6,0.00004
948,1,,,,,0.00022,0.00000,3.8,0.00004,1,,,,,0.00022,0.00000,3.7,0.00005
949,1,,,,,0.00022,0.00000,3.7,0.00004,1,,,,,0.00022,0.00001,3.7,0.00004
950,1,,,,,0.00022,0.00001,3.8,0.00004,1,,,,,0.00022,0.00001,3.7,0.00004
951,1,,,,,0.00022,0.00000,3.7,0.00004,1,,,,,0.00022,0.00000,3.6,0.00004
952,1,,,,,0.00022,0.00000,3.7,0.00004,1,,,,,0.00022,0.00000,3.7,0.00004
953,1,,,,,0.00022,0.00000,3.7,0.00004,1,,,,,0.00022,0.00000,3.4,0.00004
954,1,,,,,0.00022,0.00001,3.7,0.00004,1,,,,,0.00022,0.00000,3.4,0.00004
955,1,,,,,0.00022,0.00001,3.6,0.00004,1,,,,,0.00022,0.00000,3.4,0.00004
956,1,,,,,0.00022,0.00000,3.5,0.00004,1,,,,,0.00022,0.00000,3.4,0.00004
957,1,,,,,0.00022,0.00000,3.6,0.00004,1,,,,,0.00022,0.00000,3.4,0.00004
958,1,,,,,0.00022,0.00001,3.6,0.00004,1,,,,,0.00022,0.00000,3.4,0.00004
959,1,,,,,0.00022,0.00000,3.6,0.00004,1,,,,,0.00022,0.00000,3.4,0.00004
960,1,,,,,0.00022,0.00001,3.6,0.00004,1,,,,,0.00022,0.00000,3.5,0.00004
961,1,,,,,0.00022,0.00000,3.6,0.00004,1,,,,,0.00022,0.00000,3.4,0.00004
962,1,,,,,0.00022,0.00000,3.5,0.00004,1,,,,,0.00022,0.00000,3.5,0.00004
963,1,,,,,0.00022,0.00001,3.7,0.00005,1,,,,,0.00022,0.00000,3.4,0.00004
964,1,,,,,0.00022,0.00000,3.8,0.00005,1,,,,,0.00022,0.00000,3.4,0.00004
965,1,,,,,0.00022,0.00001,3.7,0.00004,1,,,,,0.00022,0.00000,3.4,0.00004
966,1,,,,,0.00022,0.00000,3.8,0.00004,1,,,,,0.00022,0.00000,3.4,0.00004
967,1,,,,,0.00022,0.00001,3.6,0.00004,1,,,,,0.00022,0.00000,3.4,0.00004
968,1,,,,,0.00022,0.00000,3.5,0.00004,1,,,,,0.00022,0.00000,3.5,0.00004
969,1,,,,,0.00022,0.00000,3.6,0.00005,1,,,,,0.00022,0.00000,3.5,0.00004
970,1,,,,,0.00022,0.00000,3.6,0.00004,1,,,,,0.00022,0.00000,3.5,0.00004
971,1,,,,,0.00022,0.00000,3.6,0.00004,1,,,,,0.00022,0.00000,3.4,0.00004
972,1,,,,,0.00022,0.00000,3.6,0.00004,1,,,,,0.00022,0.00000,3.4,0.00004
973,1,,,,,0.00022,0.00000,3.7,0.00004,1,,,,,0.00022,0.00000,3.4,0.00004
974,1,,,,,0.00022,0.00000,3.7,0.00004,1,,,,,0.00022,0.00000,3.5,0.00004
975,1,,,,,0.00022,0.00001,3.7,0.00004,1,,,,,0.00022,0.00000,3.4,0.00004
976,1,,,,,0.00022,0.00001,3.7,0.00004,1,,,,,0.00022,0.00000,3.4,0.00004
977,1,,,,,0.00022,0.00000,3.7,0.00004,1,,,,,0.00022,0.00000,3.6,0.00004
978,1,,,,,0.00022,0.00000,3.7,0.00004,1,,,,,0.00022,0.00000,3.7,0.00004
979,1,,,,,0.00022,0.00001,3.7,0.00005,1,,,,,0.00022,0.00000,3.6,0.00004
980,1,,,,,0.00022,0.00001,3.7,0.00005,1,,,,,0.00022,0.00000,3.7,0.00004
981,1,,,,,0.00022,0.00001,3.7,0.00004,1,,,,,0.00022,0.00000,3.7,0.00005
982,1,,,,,0.00022,0.00000,3.7,0.00004,1,,,,,0.00022,0.00000,3.6,0.00004
983,1,,,,,0.00022,0.00000,3.6,0.00004,1,,,,,0.00022,0.00000,3.6,0.00004
984,1,,,,,0.00022,0.00000,3.7,0.00005,1,,,,,0.00022,0.00001,3.6,0.00005
985,1,,,,,0.00022,0.00000,3.7,0.00004,1,,,,,0.00022,0.00000,3.7,0.00005
986,1,,,,,0.00022,0.00000,3.7,0.00005,1,,,,,0.00022,0.00001,3.6,0.00004
987,1,,,,,0.00022,0.00001,3.7,0.00005,1,,,,,0.00022,0.00000,3.6,0.00004
988,1,,,,,0.00022,0.00000,3.7,0.00005,1,,,,,0.00022,0.00000,3.6,0.00004
989,1,,,,,0.00022,0.00000,3.7,0.00005,1,,,,,0.00022,0.00001,3.7,0.00004
990,1,,,,,0.00022,0.00000,3.7,0.00004,1,,,,,0.00022,0.00001,3.6,0.00004
991,1,,,,,0.00022,0.00000,3.4,0.00004,1,,,,,0.00022,0.00000,3.4,0.00004
992,1,,,,,0.00022,0.00000,3.6,0.00004,1,,,,,0.00022,0.00000,3.6,0.00004
993,1,,,,,0.00022,0.00001,3.5,0.00004,1,,,,,0.00022,0.00000,3.5,0.00004
994,1,,,,,0.00022,0.00000,3.4,0.00004,1,,,,,0.00022,0.00000,3.4,0.00004
995,1,,,,,0.00022,0.00001,3.4,0.00004,1,,,,,0.00022,0.00000,3.4,0.00004
996,1,,,,,0.00022,0.00000,3.4,0.00004,1,,,,,0.00022,0.00000,3.5,0.00004
997,1,,,,,0.00022,0.00000,3.4,0.00004,1,,,,,0.00022,0.00000,3.4,0.00004
998,1,,,,,0.00022,0.00001,3.5,0.00004,1,,,,,0.00022,0.00000,3.4,0.00004
999,1,,,,,0.00022,0.00000,3.4,0.00004,1,,,,,0.00022,0.00000,3.4,0.00004
1000,1,,,,,0.00022,0.00001,3.4,0.00004,1,,,,,0.00022,0.00000,3.4,0.00004
1001,1,,,,,0.00022,0.00001,3.4,0.00004,1,,,,,0.00022,0.00001,3.4,0.00004
1002,1,,,,,0.00022,0.00000,3.4,0.00004,1,,,,,0.00022,0.00000,3.5,0.00005
1003,1,,,,,0.00022,0.00000,3.3,0.00004,1,,,,,0.00022,0.00000,3.4,0.00004
1004,1,,,,,0.00022,0.00000,3.4,0.00004,1,,,,,0.00022,0.00000,3.4,0.00004
1005,1,,,,,0.00022,0.00000,3.4,0.00004,1,,,,,0.00022,0.00000,3.5,0.00004
1006,1,,,,,0.00022,0.00000,3.4,0.00004,1,,,,,0.00022,0.00000,3.4,0.00004
1007,1,,,,,0.00022,0.00000,3.4,0.00004,1,,,,,0.00022,0.00000,3.5,0.00004
1008,1,,,,,0.00022,0.00000,3.4,0.00004,1,,,,,0.00022,0.00000,3.4,0.00004
1009,1,,,,,0.00022,0.00000,3.4,0.00004,1,,,,,0.00022,0.00001,3.4,0.00004
1010,1,,,,,0.00022,0.00000,3.4,0.00004,1,,,,,0.00022,0.00000,3.4,0.00004
1011,1,,,,,0.00022,0.00000,3.4,0.00004,1,,,,,0.00022,0.00000,3.4,0.00004
1012,1,,,,,0.00022,0.00000,3.4,0.00004,1,,,,,0.00022,0.00000,3.4,0.00004
1013,1,,,,,0.00022,0.00000,3.6,0.00004,1,,,,,0.00022,0.00000,3.6,0.00004
1014,1,,,,,0.00022,0.00000,3.6,0.00005,1,,,,,0.00022,0.00000,3.6,0.00004
1015,1,,,,,0.00022,0.00000,3.6,0.00004,1,,,,,0.00022,0.00000,3.6,0.00004
1016,1,,,,,0.00022,0.00000,3.6,0.00004,1,,,,,0.00022,0.00000,3.7,0.00004
1017,1,,,,,0.00022,0.00001,3.7,0.00004,1,,,,,0.00022,0.00001,3.6,0.00004
1018,1,,,,,0.00022,0.00000,3.7,0.00004,1,,,,,0.00022,0.00000,3.7,0.00004
1019,1,,,,,0.00022,0.00000,3.7,0.00004,1,,,,,0.00022,0.00000,3.6,0.00005
1020,1,,,,,0.00022,0.00000,3.7,0.00005,1,,,,,0.00022,0.00001,3.6,0.00004
1021,1,,,,,0.00022,0.00001,3.7,0.00004,1,,,,,0.00022,0.00000,3.7,0.00004
1022,1,,,,,0.00022,0.00000,3.7,0.00005,1,,,,,0.00022,0.00000,3.7,0.00004
1023,1,,,,,0.00022,0.00000,3.6,0.00004,1,,,,,0.00022,0.00000,3.6,0.00004
1024,1,,,,,0.00022,0.00001,3.7,0.00004,1,,,,,0.00022,0.00001,3.7,0.00004
1025,1,,,,,0.00022,0.00000,3.7,0.00005,1,,,,,0.00022,0.00000,3.7,0.00004
1026,1,,,,,0.00022,0.00000,3.7,0.00004,1,,,,,0.00022,0.00001,3.6,0.00004
1027,1,,,,,0.00022,0.00000,3.7,0.00004,1,,,,,0.00022,0.00000,3.6,0.00004
1028,1,,,,,0.00022,0.00000,3.4,0.00004,1,,,,,0.00022,0.00000,3.5,0.00004
1029,1,,,,,0.00022,0.00001,3.4,0.00004,1,,,,,0.00022,0.00000,3.4,0.00004
1030,1,,,,,0.00022,0.00000,3.6,0.00004,1,,,,,0.00022,0.00000,3.7,0.00004
1031,1,,,,,0.00022,0.00000,3.5,0.00004,1,,,,,0.00022,0.00000,3.4,0.00004
1032,1,,,,,0.00022,0.00000,3.4,0.00004,1,,,,,0.00022,0.00000,3.4,0.00004
1033,1,,,,,0.00022,0.00000,3.4,0.00004,1,,,,,0.00022,0.00000,3.5,0.00004
1034,1,,,,,0.00022,0.00000,3.4,0.00004,1,,,,,0.00022,0.00000,3.5,0.00004
1035,1,,,,,0.00022,0.00000,3.4,0.00004,1,,,,,0.00022,0.00000,3.5,0.00004
1036,1,,,,,0.00022,0.00000,3.4,0.00004,1,,,,,0.00022,0.00000,3.4,0.00004
1037,1,,,,,0.00022,0.00000,3.4,0.00004,1,,,,,0.00022,0.00000,3.4,0.00004
1038,1,,,,,0.00022,0.00000,3.5,0.00004,1,,,,,0.00022,0.00001,3.4,0.00004
1039,1,,,,,0.00022,0.00000,3.4,0.00004,1,,,,,0.00022,0.00000,3.5,0.00004
1040,1,,,,,0.00022,0.00000,3.4,0.00004,1,,,,,0.00022,0.00000,3.5,0.00004
1041,1,,,,,0.00022,0.00000,3.4,0.00004,1,,,,,0.00022,0.00000,3.5,0.00004
1042,1,,,,,0.00022,0.00000,3.5,0.00004,1,,,,,0.00022,0.00000,3.5,0.00004
1043,1,,,,,0.00022,0.00000,3.5,0.00004,1,,,,,0.00022,0.00000,3.5,0.00004
1044,1,,,,,0.00022,0.00000,3.5,0.00004,1,,,,,0.00022,0.00000,3.5,0.00004
1045,1,,,,,0.00022,0.00000,3.4,0.00004,1,,,,,0.00022,0.00000,3.5,0.00004
1046,1,,,,,0.00022,0.00000,3.5,0.00004,1,,,,,0.00022,0.00001,3.4,0.00004
1047,1,,,,,0.00022,0.00000,3.5,0.00004,1,,,,,0.00022,0.00000,3.4,0.00004
1048,1,,,,,0.00022,0.00000,3.4,0.00004,1,,,,,0.00022,0.00000,3.5,0.00004
1049,1,,,,,0.00022,0.00000,3.5,0.00004,1,,,,,0.00022,0.00001,3.5,0.00004
1050,1,,,,,0.00022,0.00001,3.5,0.00004,1,,,,,0.00022,0.00001,3.5,0.00004
1051,1,,,,,0.00022,0.00000,3.6,0.00004,1,,,,,0.00022,0.00000,3.7,0.00004
1052,1,,,,,0.00022,0.00000,3.7,0.00004,1,,,,,0.00022,0.00000,3.7,0.00005
1053,1,,,,,0.00022,0.00000,3.7,0.00004,1,,,,,0.00022,0.00001,3.7,0.00004
1054,1,,,,,0.00022,0.00000,3.8,0.00004,1,,,,,0.00022,0.00000,3.7,0.00004
1055,1,,,,,0.00022,0.00000,3.7,0.00004,1,,,,,0.00022,0.00000,3.8,0.00005
1056,1,,,,,0.00022,0.00000,3.7,0.00004,1,,,,,0.00022,0.00001,3.8,0.00004
1057,1,,,,,0.00022,0.00000,3.7,0.00004,1,,,,,0.00022,0.00000,3.7,0.00004
1058,1,,,,,0.00022,0.00000,3.7,0.00004,1,,,,,0.00022,0.00000,3.7,0.00004
1059,1,,,,,0.00022,0.00000,3.7,0.00004,1,,,,,0.00022,0.00000,3.8,0.00004
1060,1,,,,,0.00022,0.00000,3.7,0.00004,1,,,,,0.00022,0.00000,3.8,0.00004
1061,1,,,,,0.00022,0.00000,3.7,0.00004,1,,,,,0.00022,0.00001,3.7,0.00004
1062,1,,,,,0.00022,0.00000,3.7,0.00004,1,,,,,0.00022,0.00000,3.7,0.00004
1063,1,,,,,0.00022,0.00000,3.6,0.00004,1,,,,,0.00022,0.00000,3.7,0.00004
1064,1,,,,,0.00022,0.00000,3.6,0.00004,1,,,,,0.00022,0.00001,3.8,0.00004
1065,1,,,,,0.00022,0.00000,3.7,0.00004,1,,,,,0.00022,0.00000,3.7,0.00004
1066,1,,,,,0.00022,0.00000,3.7,0.00004,1,,,,,0.00022,0.00000,3.5,0.00004
1067,1,,,,,0.00022,0.00000,3.5,0.00004,1,,,,,0.00022,0.00000,3.8,0.00005
1068,1,,,,,0.00022,0.00001,3.4,0.00004,1,,,,,0.00022,0.00000,3.5,0.00004
1069,1,,,,,0.00022,0.00000,3.5,0.00004,1,,,,,0.00022,0.00000,3.4,0.00004
1070,1,,,,,0.00022,0.00000,3.4,0.00004,1,,,,,0.00022,0.00000,3.5,0.00004
1071,1,,,,,0.00022,0.00000,3.4,0.00004,1,,,,,0.00022,0.00000,3.5,0.00004
1072,1,,,,,0.00022,0.00000,3.4,0.00004,1,,,,,0.00022,0.00001,3.5,0.00004
1073,1,,,,,0.00022,0.00000,3.4,0.00004,1,,,,,0.00022,0.00000,3.5,0.00004
1074,1,,,,,0.00022,0.00001,3.5,0.00004,1,,,,,0.00022,0.00000,3.4,0.00004
1075,1,,,,,0.00022,0.00000,3.6,0.00004,1,,,,,0.00022,0.00000,3.5,0.00004
1076,1,,,,,0.00022,0.00000,3.4,0.00004,1,,,,,0.00022,0.00000,3.5,0.00004
1077,1,,,,,0.00022,0.00000,3.5,0.00004,1,,,,,0.00022,0.00000,3.5,0.00004
1078,1,,,,,0.00022,0.00000,3.5,0.00004,1,,,,,0.00022,0.00000,3.6,0.00004
1079,1,,,,,0.00022,0.00000,3.5,0.00004,1,,,,,0.00022,0.00000,3.5,0.00004
1080,1,,,,,0.00022,0.00001,3.5,0.00004,1,,,,,0.00022,0.00000,3.6,0.00004
1081,1,,,,,0.00022,0.00000,3.5,0.00004,1,,,,,0.00022,0.00000,3.5,0.00004
1082,1,,,,,0.00022,0.00000,3.4,0.00004,1,,,,,0.00022,0.00000,3.5,0.00004
1083,1,,,,,0.00022,0.00000,3.5,0.00004,1,,,,,0.00022,0.00000,3.5,0.00004
1084,1,,,,,0.00022,0.00000,3.5,0.00004,1,,,,,0.00022,0.00000,3.5,0.00004
1085,1,,,,,0.00022,0.00000,3.5,0.00004,1,,,,,0.00022,0.00000,3.4,0.00004
1086,1,,,,,0.00022,0.00000,3.5,0.00004,1,,,,,0.00022,0.00000,3.5,0.00004
1087,1,,,,,0.00022,0.00000,3.5,0.00004,1,,,,,0.00022,0.00000,3.5,0.00004
1088,1,,,,,0.00022,0.00001,3.5,0.00004,1,,,,,0.00022,0.00000,3.5,0.00004
1089,1,,,,,0.00022,0.00000,3.7,0.00004,1,,,,,0.00022,0.00000,3.5,0.00004
1090,1,,,,,0.00022,0.00000,3.6,0.00004,1,,,,,0.00022,0.00000,3.7,0.00004
1091,1,,,,,0.00022,0.00000,3.5,0.00004,1,,,,,0.00022,0.00000,3.7,0.00004
1092,1,,,,,0.00022,0.00001,3.7,0.00004,1,,,,,0.00022,0.00000,3.5,0.00004
1093,1,,,,,0.00022,0.00000,3.5,0.00004,1,,,,,0.00022,0.00000,3.7,0.00004
1094,1,,,,,0.00022,0.00000,3.7,0.00004,1,,,,,0.00022,0.00000,3.5,0.00004
1095,1,,,,,0.00022,0.00000,3.7,0.00004,1,,,,,0.00022,0.00000,3.4,0.00004
1096,1,,,,,0.00022,0.00000,3.6,0.00004,1,,,,,0.00022,0.00000,3.5,0.00004
1097,1,,,,,0.00022,0.00001,3.7,0.00004,1,,,,,0.00022,0.00000,3.5,0.00004
1098,1,,,,,0.00022,0.00000,3.8,0.00005,1,,,,,0.00022,0.00000,3.5,0.00004
1099,1,,,,,0.00022,0.00000,3.7,0.00004,1,,,,,0.00022,0.00001,3.5,0.00004
1100,1,,,,,0.00022,0.00000,3.7,0.00004,1,,,,,0.00022,0.00000,3.5,0.00004
1101,1,,,,,0.00022,0.00001,3.7,0.00004,1,,,,,0.00022,0.00000,3.5,0.00004
1102,1,,,,,0.00022,0.00000,3.7,0.00004,1,,,,,0.00022,0.00000,3.5,0.00004
1103,1,,,,,0.00022,0.00000,3.7,0.00004,1,,,,,0.00022,0.00000,3.4,0.00004
1104,1,,,,,0.00022,0.00000,3.7,0.00004,1,,,,,0.00022,0.00000,3.5,0.00004
1105,1,,,,,0.00022,0.00000,3.7,0.00004,1,,,,,0.00022,0.00001,3.4,0.00004
1106,1,,,,,0.00022,0.00000,3.8,0.00004,1,,,,,0.00022,0.00000,3.5,0.00004
1107,1,,,,,0.00022,0.00000,3.7,0.00004,1,,,,,0.00022,0.00000,3.5,0.00004
1108,1,,,,,0.00022,0.00001,3.8,0.00004,1,,,,,0.00022,0.00000,3.4,0.00004
1109,1,,,,,0.00022,0.00001,3.6,0.00004,1,,,,,0.00022,0.00000,3.4,0.00004
1110,1,,,,,0.00022,0.00000,3.6,0.00004,1,,,,,0.00022,0.00000,3.5,0.00004
1111,1,,,,,0.00022,0.00000,3.5,0.00004,1,,,,,0.00022,0.00000,3.7,0.00004
1112,1,,,,,0.00022,0.00000,3.6,0.00004,1,,,,,0.00022,0.00000,3.5,0.00004
1113,1,,,,,0.00022,0.00001,3.7,0.00004,1,,,,,0.00022,0.00000,3.4,0.00004
1114,1,,,,,0.00022,0.00000,3.8,0.00004,1,,,,,0.00022,0.00001,3.5,0.00004
1115,1,,,,,0.00022,0.00000,3.8,0.00004,1,,,,,0.00022,0.00000,3.5,0.00004
1116,1,,,,,0.00022,0.00000,3.7,0.00004,1,,,,,0.00022,0.00000,3.5,0.00004
1117,1,,,,,0.00022,0.00000,3.7,0.00004,1,,,,,0.00022,0.00000,3.5,0.00004
1118,1,,,,,0.00022,0.00000,3.6,0.00004,1,,,,,0.00022,0.00000,3.5,0.00004
1119,1,,,,,0.00022,0.00000,3.7,0.00004,1,,,,,0.00022,0.00000,3.5,0.00004
1120,1,,,,,0.00022,0.00000,3.6,0.00004,1,,,,,0.00022,0.00000,3.5,0.00004
1121,1,,,,,0.00022,0.00000,3.7,0.00004,1,,,,,0.00022,0.00000,3.5,0.00004
1122,1,,,,,0.00022,0.00000,3.8,0.00004,1,,,,,0.00022,0.00000,3.5,0.00004
1123,1,,,,,0.00022,0.00000,3.7,0.00004,1,,,,,0.00022,0.00000,3.5,0.00004
1124,1,,,,,0.00022,0.00001,3.8,0.00004,1,,,,,0.00022,0.00000,3.5,0.00004
1125,1,,,,,0.00022,0.00000,3.8,0.00004,1,,,,,0.00022,0.00001,3.5,0.00004
1126,1,,,,,0.00022,0.00000,3.7,0.00004,1,,,,,0.00022,0.00000,3.5,0.00004
1127,1,,,,,0.00022,0.00000,3.7,0.00004,1,,,,,0.00022,0.00000,3.7,0.00004
1128,1,,,,,0.00022,0.00000,3.7,0.00004,1,,,,,0.00022,0.00000,3.7,0.00004
1129,1,,,,,0.00022,0.00001,3.7,0.00004,1,,,,,0.00022,0.00001,3.8,0.00004
1130,1,,,,,0.00022,0.00000,3.7,0.00004,1,,,,,0.00022,0.00000,3.8,0.00004
1131,1,,,,,0.00022,0.00000,3.7,0.00004,1,,,,,0.00022,0.00000,3.8,0.00004
1132,1,,,,,0.00022,0.00000,3.8,0.00004,1,,,,,0.00022,0.00001,3.8,0.00004
1133,1,,,,,0.00022,0.00000,3.8,0.00004,1,,,,,0.00022,0.00000,3.7,0.00004
1134,1,,,,,0.00022,0.00001,3.8,0.00004,1,,,,,0.00022,0.00001,3.7,0.00004
1135,1,,,,,0.00022,0.00001,3.7,0.00004,1,,,,,0.00022,0.00000,3.6,0.00004
1136,1,,,,,0.00022,0.00001,3.7,0.00004,1,,,,,0.00022,0.00000,3.7,0.00004
1137,1,,,,,0.00022,0.00000,3.7,0.00004,1,,,,,0.00022,0.00000,3.7,0.00004
1138,1,,,,,0.00022,0.00000,3.7,0.00004,1,,,,,0.00022,0.00001,3.7,0.00004
1139,1,,,,,0.00022,0.00000,3.7,0.00004,1,,,,,0.00022,0.00001,3.8,0.00004
1140,1,,,,,0.00022,0.00001,3.7,0.00004,1,,,,,0.00022,0.00001,3.7,0.00004
1141,1,,,,,0.00022,0.00001,3.8,0.00004,1,,,,,0.00022,0.00000,3.7,0.00004
1142,1,,,,,0.00022,0.00000,3.7,0.00004,1,,,,,0.00022,0.00000,3.7,0.00004
1143,1,,,,,0.00022,0.00000,3.7,0.00004,1,,,,,0.00022,0.00001,3.8,0.00004
1144,1,,,,,0.00022,0.00001,3.6,0.00004,1,,,,,0.00022,0.00000,3.7,0.00004
1145,1,,,,,0.00022,0.00001,3.6,0.00004,1,,,,,0.00022,0.00000,3.7,0.00004
1146,1,,,,,0.00022,0.00000,3.6,0.00004,1,,,,,0.00022,0.00000,3.7,0.00004
1147,1,,,,,0.00022,0.00000,3.6,0.00004,1,,,,,0.00022,0.00000,3.5,0.00004
1148,1,,,,,0.00022,0.00000,3.6,0.00004,1,,,,,0.00022,0.00000,3.5,0.00004
1149,1,,,,,0.00022,0.00000,3.6,0.00004,1,,,,,0.00022,0.00000,3.5,0.00004
1150,1,,,,,0.00022,0.00000,3.6,0.00004,1,,,,,0.00022,0.00000,3.6,0.00004
1151,1,,,,,0.00022,0.00000,3.6,0.00004,1,,,,,0.00022,0.00000,3.6,0.00004
1152,1,,,,,0.00022,0.00000,3.7,0.00004,1,,,,,0.00022,0.00000,3.5,0.00004
1153,1,,,,,0.00022,0.00000,3.6,0.00004,1,,,,,0.00022,0.00000,3.5,0.00004
1154,1,,,,,0.00022,0.00000,3.6,0.00004,1,,,,,0.00022,0.00001,3.5,0.00004
1155,1,,,,,0.00022,0.00000,3.6,0.00004,1,,,,,0.00022,0.00000,3.6,0.00004
1156,1,,,,,0.00022,0.00000,3.6,0.00004,1,,,,,0.00022,0.00001,3.5,0.00004
1157,1,,,,,0.00022,0.00000,3.6,0.00004,1,,,,,0.00022,0.00000,3.5,0.00004
1158,1,,,,,0.00022,0.00000,3.6,0.00004,1,,,,,0.00022,0.00000,3.5,0.00004
1159,1,,,,,0.00022,0.00000,3.6,0.00004,1,,,,,0.00022,0.00000,3.5,0.00004
1160,1,,,,,0.00022,0.00001,3.6,0.00004,1,,,,,0.00022,0.00000,3.5,0.00004
1161,1,,,,,0.00022,0.00000,3.7,0.00004,1,,,,,0.00022,0.00000,3.5,0.00004
1162,1,,,,,0.00022,0.00000,3.8,0.00005,1,,,,,0.00022,0.00000,3.5,0.00004
1163,1,,,,,0.00022,0.00000,3.7,0.00004,1,,,,,0.00022,0.00000,3.5,0.00004
1164,1,,,,,0.00022,0.00000,3.7,0.00004,1,,,,,0.00022,0.00000,3.6,0.00004
1165,1,,,,,0.00022,0.00001,3.7,0.00004,1,,,,,0.00022,0.00000,3.5,0.00004
1166,1,,,,,0.00022,0.00001,3.7,0.00004,1,,,,,0.00022,0.00000,3.5,0.00004
1167,1,,,,,0.00022,0.00000,3.7,0.00004,1,,,,,0.00022,0.00000,3.5,0.00004
1168,1,,,,,0.00022,0.00000,3.7,0.00004,1,,,,,0.00022,0.00000,3.5,0.00004
1169,1,,,,,0.00022,0.00000,3.7,0.00004,1,,,,,0.00022,0.00000,3.5,0.00004
1170,1,,,,,0.00022,0.00000,3.7,0.00004,1,,,,,0.00022,0.00000,3.5,0.00004
1171,1,,,,,0.00022,0.00000,3.7,0.00004,1,,,,,0.00022,0.00000,3.5,0.00004
1172,1,,,,,0.00022,0.00000,3.7,0.00004,1,,,,,0.00022,0.00000,3.4,0.00004
1173,1,,,,,0.00022,0.00000,3.7,0.00004,1,,,,,0.00022,0.00000,3.5,0.00004
1174,1,,,,,0.00022,0.00000,3.8,0.00004,1,,,,,0.00022,0.00000,3.5,0.00004
1175,1,,,,,0.00022,0.00000,3.7,0.00005,1,,,,,0.00022,0.00000,3.4,0.00004
1176,1,,,,,0.00022,0.00001,3.7,0.00004,1,,,,,0.00022,0.00000,3.5,0.00004
1177,1,,,,,0.00022,0.00000,3.7,0.00004,1,,,,,0.00022,0.00000,3.5,0.00004
1178,1,,,,,0.00022,0.00000,3.7,0.00004,1,,,,,0.00022,0.00000,3.5,0.00004
1179,1,,,,,0.00022,0.00000,3.6,0.00004,1,,,,,0.00022,0.00001,3.5,0.00004
1180,1,,,,,0.00022,0.00000,3.7,0.00005,1,,,,,0.00022,0.00000,3.5,0.00004
1181,1,,,,,0.00022,0.00001,3.7,0.00004,1,,,,,0.00022,0.00000,3.5,0.00004
1182,1,,,,,0.00022,0.00000,3.7,0.00004,1,,,,,0.00022,0.00000,3.5,0.00004
1183,1,,,,,0.00022,0.00000,3.5,0.00004,1,,,,,0.00022,0.00000,3.5,0.00004
1184,1,,,,,0.00022,0.00000,3.5,0.00004,1,,,,,0.00022,0.00000,3.5,0.00004
1185,1,,,,,0.00022,0.00000,3.6,0.00004,1,,,,,0.00022,0.00000,3.5,0.00004
1186,1,,,,,0.00022,0.00000,3.6,0.00004,1,,,,,0.00022,0.00000,3.5,0.00004
1187,1,,,,,0.00022,0.00000,3.5,0.00004,1,,,,,0.00022,0.00000,3.7,0.00004
1188,1,,,,,0.00022,0.00000,3.7,0.00004,1,,,,,0.00022,0.00000,3.8,0.00004
1189,1,,,,,0.00022,0.00000,3.7,0.00005,1,,,,,0.00022,0.00001,3.8,0.00004
1190,1,,,,,0.00022,0.00000,3.8,0.00004,1,,,,,0.00022,0.00000,3.7,0.00004
1191,1,,,,,0.00022,0.00000,3.7,0.00004,1,,,,,0.00022,0.00000,3.8,0.00004
1192,1,,,,,0.00022,0.00000,3.6,0.00004,1,,,,,0.00022,0.00000,3.7,0.00005
1193,1,,,,,0.00022,0.00000,3.5,0.00004,1,,,,,0.00022,0.00000,3.6,0.00004
1194,1,,,,,0.00022,0.00000,3.6,0.00004,1,,,,,0.00022,0.00001,3.6,0.00004
1195,1,,,,,0.00022,0.00001,3.6,0.00004,1,,,,,0.00022,0.00000,3.7,0.00005
1196,1,,,,,0.00022,0.00001,3.7,0.00004,1,,,,,0.00022,0.00000,3.8,0.00004
1197,1,,,,,0.00022,0.00000,3.7,0.00004,1,,,,,0.00022,0.00001,3.8,0.00004
1198,1,,,,,0.00022,0.00000,3.7,0.00005,1,,,,,0.00022,0.00000,3.8,0.00004
1199,1,,,,,0.00022,0.00001,3.7,0.00004,1,,,,,0.00022,0.00000,3.8,0.00004
1200,1,,,,,0.00022,0.00000,3.8,0.00004,1,,,,,0.00022,0.00000,3.8,0.00004
1201,1,,,,,0.00022,0.00000,3.6,0.00004,1,,,,,0.00022,0.00000,3.7,0.00004
1202,1,,,,,0.00022,0.00000,3.7,0.00005,1,,,,,0.00022,0.00001,3.7,0.00004
1203,1,,,,,0.00022,0.00001,3.7,0.00004,1,,,,,0.00022,0.00000,3.8,0.00004
1204,1,,,,,0.00022,0.00000,3.7,0.00004,1,,,,,0.00022,0.00000,3.7,0.00004
1205,1,,,,,0.00022,0.00000,3.7,0.00004,1,,,,,0.00022,0.00000,3.7,0.00004
1206,1,,,,,0.00022,0.00001,3.7,0.00004,1,,,,,0.00022,0.00001,3.8,0.00004
1207,1,,,,,0.00022,0.00000,3.7,0.00004,1,,,,,0.00022,0.00000,3.7,0.00004
1208,1,,,,,0.00022,0.00001,3.7,0.00005,1,,,,,0.00022,0.00000,3.7,0.00004
1209,1,,,,,0.00022,0.00000,3.7,0.00005,1,,,,,0.00022,0.00001,3.7,0.00004
1210,1,,,,,0.00022,0.00001,3.7,0.00004,1,,,,,0.00022,0.00000,3.7,0.00004
1211,1,,,,,0.00022,0.00000,3.7,0.00005,1,,,,,0.00022,0.00000,3.7,0.00005
1212,1,,,,,0.00022,0.00000,3.7,0.00004,1,,,,,0.00022,0.00001,3.6,0.00004
1213,1,,,,,0.00022,0.00000,3.6,0.00004,1,,,,,0.00022,0.00000,3.7,0.00004
1214,1,,,,,0.00022,0.00000,3.7,0.00005,1,,,,,0.00022,0.00000,3.7,0.00004
1215,1,,,,,0.00022,0.00000,3.7,0.00005,1,,,,,0.00022,0.00000,3.7,0.00004
1216,1,,,,,0.00022,0.00001,3.7,0.00005,1,,,,,0.00022,0.00000,3.5,0.00004
1217,1,,,,,0.00022,0.00000,3.6,0.00004,1,,,,,0.00022,0.00000,3.5,0.00004
1218,1,,,,,0.00022,0.00000,3.6,0.00005,1,,,,,0.00022,0.00000,3.5,0.00004
1219,1,,,,,0.00022,0.00000,3.6,0.00004,1,,,,,0.00022,0.00000,3.5,0.00005
1220,1,,,,,0.00022,0.00000,3.6,0.00004,1,,,,,0.00022,0.00000,3.5,0.00004
1221,1,,,,,0.00022,0.00000,3.5,0.00004,1,,,,,0.00022,0.00000,3.4,0.00004
1222,1,,,,,0.00022,0.00000,3.7,0.00004,1,,,,,0.00022,0.00000,3.5,0.00004
1223,1,,,,,0.00022,0.00000,3.6,0.00004,1,,,,,0.00022,0.00000,3.5,0.00004
1224,1,,,,,0.00022,0.00000,3.5,0.00004,1,,,,,0.00022,0.00000,3.6,0.00004
1225,1,,,,,0.00022,0.00001,3.5,0.00004,1,,,,,0.00022,0.00000,3.7,0.00004
1226,1,,,,,0.00022,0.00000,3.6,0.00004,1,,,,,0.00022,0.00001,3.6,0.00004
1227,1,,,,,0.00022,0.00000,3.5,0.00004,1,,,,,0.00022,0.00001,3.6,0.00004
1228,1,,,,,0.00022,0.00000,3.5,0.00005,1,,,,,0.00022,0.00001,3.6,0.00004
1229,1,,,,,0.00022,0.00000,3.5,0.00004,1,,,,,0.00022,0.00000,3.6,0.00004
1230,1,,,,,0.00022,0.00001,3.5,0.00004,1,,,,,0.00022,0.00000,3.6,0.00004
1231,1,,,,,0.00022,0.00001,3.6,0.00004,1,,,,,0.00022,0.00000,3.6,0.00004
1232,1,,,,,0.00022,0.00000,3.5,0.00004,1,,,,,0.00022,0.00000,3.6,0.00004
1233,1,,,,,0.00022,0.00001,3.5,0.00004,1,,,,,0.00022,0.00001,3.6,0.00004
1234,1,,,,,0.00022,0.00000,3.5,0.00004,1,,,,,0.00022,0.00000,3.6,0.00004
1235,1,,,,,0.00022,0.00000,3.5,0.00004,1,,,,,0.00022,0.00000,3.6,0.00004
1236,1,,,,,0.00022,0.00000,3.6,0.00004,1,,,,,0.00022,0.00001,3.6,0.00004
1237,1,,,,,0.00022,0.00000,3.6,0.00004,1,,,,,0.00022,0.00001,3.6,0.00004
1238,1,,,,,0.00022,0.00001,3.6,0.00004,1,,,,,0.00022,0.00000,3.6,0.00004
1239,1,,,,,0.00022,0.00000,3.6,0.00004,1,,,,,0.00022,0.00000,3.7,0.00004
1240,1,,,,,0.00022,0.00000,3.7,0.00005,1,,,,,0.00022,0.00000,3.7,0.00004
1241,1,,,,,0.00022,0.00000,3.7,0.00005,1,,,,,0.00022,0.00000,3.8,0.00004
1242,1,,,,,0.00022,0.00000,3.7,0.00004,1,,,,,0.00022,0.00001,3.7,0.00004
1243,1,,,,,0.00022,0.00000,3.7,0.00004,1,,,,,0.00022,0.00000,3.7,0.00004
1244,1,,,,,0.00022,0.00000,3.7,0.00004,1,,,,,0.00022,0.00000,3.7,0.00004
1245,1,,,,,0.00022,0.00000,3.7,0.00005,1,,,,,0.00022,0.00000,3.7,0.00004
1246,1,,,,,0.00022,0.00000,3.6,0.00004,1,,,,,0.00022,0.00000,3.7,0.00004
1247,1,,,,,0.00022,0.00000,3.6,0.00004,1,,,,,0.00022,0.00000,3.6,0.00004
1248,1,,,,,0.00022,0.00000,3.6,0.00004,1,,,,,0.00022,0.00000,3.6,0.00004
1249,1,,,,,0.00022,0.00000,3.7,0.00005,1,,,,,0.00022,0.00000,3.7,0.00005
1250,1,,,,,0.00022,0.00000,3.7,0.00005,1,,,,,0.00022,0.00001,3.7,0.00004
1251,1,,,,,0.00022,0.00000,3.7,0.00004,1,,,,,0.00022,0.00000,3.6,0.00004
1252,1,,,,,0.00022,0.00000,3.6,0.00004,1,,,,,0.00022,0.00000,3.7,0.00004
1253,1,,,,,0.00022,0.00000,3.7,0.00004,1,,,,,0.00022,0.00000,3.7,0.00004
1254,1,,,,,0.00022,0.00000,3.7,0.00005,1,,,,,0.00022,0.00000,3.7,0.00004
1255,1,,,,,0.00022,0.00000,3.7,0.00004,1,,,,,0.00022,0.00000,3.5,0.00004
1256,1,,,,,0.00022,0.00000,3.7,0.00004,1,,,,,0.00022,0.00000,3.4,0.00004
1257,1,,,,,0.00022,0.00000,3.4,0.00004,1,,,,,0.00022,0.00000,3.4,0.00004
1258,1,,,,,0.00022,0.00000,3.6,0.00004,1,,,,,0.00022,0.00000,3.5,0.00004
1259,1,,,,,0.00022,0.00000,3.4,0.00004,1,,,,,0.00022,0.00000,3.5,0.00004
1260,1,,,,,0.00022,0.00000,3.4,0.00004,1,,,,,0.00022,0.00000,3.4,0.00004
1261,1,,,,,0.00022,0.00000,3.7,0.00005,1,,,,,0.00022,0.00000,3.5,0.00004
1262,1,,,,,0.00022,0.00000,3.6,0.00004,1,,,,,0.00022,0.00000,3.4,0.00004
1263,1,,,,,0.00022,0.00000,3.6,0.00004,1,,,,,0.00022,0.00000,3.5,0.00004
1264,1,,,,,0.00022,0.00000,3.7,0.00004,1,,,,,0.00022,0.00000,3.5,0.00004
1265,1,,,,,0.00022,0.00000,3.7,0.00004,1,,,,,0.00022,0.00001,3.7,0.00004
1266,1,,,,,0.00022,0.00000,3.7,0.00005,1,,,,,0.00022,0.00000,3.8,0.00004
1267,1,,,,,0.00022,0.00000,3.6,0.00004,1,,,,,0.00022,0.00001,3.6,0.00004
1268,1,,,,,0.00022,0.00000,3.6,0.00005,1,,,,,0.00022,0.00000,3.6,0.00004
1269,1,,,,,0.00022,0.00000,3.6,0.00004,1,,,,,0.00022,0.00001,3.6,0.00004
1270,1,,,,,0.00022,0.00000,3.6,0.00004,1,,,,,0.00022,0.00000,3.6,0.00004
1271,1,,,,,0.00022,0.00000,3.6,0.00004,1,,,,,0.00022,0.00000,3.8,0.00004
1272,1,,,,,0.00022,0.00000,3.7,0.00004,1,,,,,0.00022,0.00001,3.7,0.00004
1273,1,,,,,0.00022,0.00000,3.7,0.00004,1,,,,,0.00022,0.00000,3.7,0.00004
1274,1,,,,,0.00022,0.00000,3.7,0.00004,1,,,,,0.00022,0.00000,3.8,0.00004
1275,1,,,,,0.00022,0.00000,3.6,0.00004,1,,,,,0.00022,0.00001,3.8,0.00005
1276,1,,,,,0.00022,0.00000,3.8,0.00005,1,,,,,0.00022,0.00000,3.8,0.00004
1277,1,,,,,0.00022,0.00001,3.7,0.00005,1,,,,,0.00022,0.00000,3.6,0.00004
1278,1,,,,,0.00022,0.00001,3.7,0.00004,1,,,,,0.00022,0.00000,3.8,0.00004
1279,1,,,,,0.00022,0.00000,3.8,0.00005,1,,,,,0.00022,0.00000,3.7,0.00004
1280,1,,,,,0.00022,0.00000,3.7,0.00004,1,,,,,0.00022,0.00000,3.8,0.00004
1281,1,,,,,0.00022,0.00000,3.7,0.00005,1,,,,,0.00022,0.00000,3.7,0.00004
1282,1,,,,,0.00022,0.00000,3.7,0.00004,1,,,,,0.00022,0.00001,3.7,0.00004
1283,1,,,,,0.00022,0.00001,3.7,0.00004,1,,,,,0.00022,0.00000,3.8,0.00004
1284,1,,,,,0.00022,0.00000,3.8,0.00005,1,,,,,0.00022,0.00000,3.7,0.00004
1285,1,,,,,0.00022,0.00000,3.7,0.00004,1,,,,,0.00022,0.00000,3.7,0.00004
1286,1,,,,,0.00022,0.00000,3.7,0.00005,1,,,,,0.00022,0.00000,3.7,0.00004
1287,1,,,,,0.00022,0.00000,3.8,0.00004,1,,,,,0.00022,0.00000,3.7,0.00004
1288,1,,,,,0.00022,0.00001,3.7,0.00005,1,,,,,0.00022,0.00000,3.7,0.00004
1289,1,,,,,0.00022,0.00001,3.7,0.00005,1,,,,,0.00022,0.00000,3.7,0.00004
1290,1,,,,,0.00022,0.00000,3.7,0.00005,1,,,,,0.00022,0.00000,3.7,0.00004
1291,1,,,,,0.00022,0.00000,3.8,0.00005,1,,,,,0.00022,0.00001,3.7,0.00004
1292,1,,,,,0.00022,0.00000,3.8,0.00005,1,,,,,0.00022,0.00000,3.7,0.00004
1293,1,,,,,0.00022,0.00000,3.7,0.00004,1,,,,,0.00022,0.00000,3.7,0.00004
1294,1,,,,,0.00022,0.00001,3.8,0.00005,1,,,,,0.00022,0.00000,3.7,0.00004
1295,1,,,,,0.00022,0.00000,3.5,0.00004,1,,,,,0.00022,0.00000,3.6,0.00004
1296,1,,,,,0.00022,0.00001,3.6,0.00004,1,,,,,0.00022,0.00000,3.5,0.00004
1297,1,,,,,0.00022,0.00000,3.6,0.00004,1,,,,,0.00022,0.00001,3.7,0.00004
1298,1,,,,,0.00022,0.00001,3.7,0.00004,1,,,,,0.00022,0.00000,3.7,0.00004
1299,1,,,,,0.00022,0.00000,3.6,0.00004,1,,,,,0.00022,0.00000,3.7,0.00004
1300,1,,,,,0.00022,0.00000,3.5,0.00004,1,,,,,0.00022,0.00000,3.6,0.00004
1301,1,,,,,0.00022,0.00000,3.5,0.00004,1,,,,,0.00022,0.00000,3.6,0.00004
1302,1,,,,,0.00022,0.00000,3.6,0.00004,1,,,,,0.00022,0.00001,3.6,0.00005
1303,1,,,,,0.00022,0.00001,3.5,0.00004,1,,,,,0.00022,0.00000,3.6,0.00003
1304,1,,,,,0.00022,0.00000,3.6,0.00004,1,,,,,0.00022,0.00000,3.5,0.00004
1305,1,,,,,0.00022,0.00000,3.6,0.00004,1,,,,,0.00022,0.00000,3.5,0.00004
1306,1,,,,,0.00022,0.00000,3.6,0.00004,1,,,,,0.00022,0.00000,3.5,0.00004
1307,1,,,,,0.00022,0.00000,3.6,0.00004,1,,,,,0.00022,0.00000,3.5,0.00004
1308,1,,,,,0.00022,0.00001,3.5,0.00004,1,,,,,0.00022,0.00001,3.5,0.00004
1309,1,,,,,0.00022,0.00000,3.6,0.00004,1,,,,,0.00022,0.00001,3.5,0.00004
1310,1,,,,,0.00022,0.00001,3.6,0.00004,1,,,,,0.00022,0.00000,3.7,0.00004
1311,1,,,,,0.00022,0.00001,3.7,0.00004,1,,,,,0.00022,0.00000,3.8,0.00004
1312,1,,,,,0.00022,0.00000,3.7,0.00004,1,,,,,0.00022,0.00000,3.5,0.00004
1313,1,,,,,0.00022,0.00000,3.6,0.00004,1,,,,,0.00022,0.00000,3.6,0.00004
1314,1,,,,,0.00022,0.00001,3.7,0.00004,1,,,,,0.00022,0.00001,3.6,0.00004
1315,1,,,,,0.00022,0.00000,3.7,0.00005,1,,,,,0.00022,0.00001,3.6,0.00004
1316,1,,,,,0.00022,0.00001,3.7,0.00004,1,,,,,0.00022,0.00000,3.6,0.00004
1317,1,,,,,0.00022,0.00001,3.7,0.00005,1,,,,,0.00022,0.00000,3.6,0.00004
1318,1,,,,,0.00022,0.00001,3.6,0.00004,1,,,,,0.00022,0.00000,3.6,0.00004
1319,1,,,,,0.00022,0.00001,3.8,0.00005,1,,,,,0.00022,0.00000,3.5,0.00004
1320,1,,,,,0.00022,0.00000,3.7,0.00005,1,,,,,0.00022,0.00000,3.6,0.00004
1321,1,,,,,0.00022,0.00000,3.7,0.00005,1,,,,,0.00022,0.00000,3.6,0.00005
1322,1,,,,,0.00022,0.00001,3.7,0.00004,1,,,,,0.00022,0.00000,3.6,0.00004
1323,1,,,,,0.00022,0.00001,3.5,0.00004,1,,,,,0.00022,0.00000,3.5,0.00004
1324,1,,,,,0.00022,0.00000,3.5,0.00004,1,,,,,0.00022,0.00000,3.7,0.00005
1325,1,,,,,0.00022,0.00000,3.6,0.00004,1,,,,,0.00022,0.00000,3.6,0.00004
1326,1,,,,,0.00022,0.00000,3.7,0.00004,1,,,,,0.00022,0.00000,3.7,0.00004
1327,1,,,,,0.00022,0.00000,3.7,0.00005,1,,,,,0.00022,0.00001,3.4,0.00004
1328,1,,,,,0.00022,0.00000,3.7,0.00004,1,,,,,0.00022,0.00001,3.4,0.00004
1329,1,,,,,0.00022,0.00000,3.6,0.00004,1,,,,,0.00022,0.00000,3.4,0.00004
1330,1,,,,,0.00022,0.00000,3.4,0.00003,1,,,,,0.00022,0.00000,3.4,0.00004
1331,1,,,,,0.00022,0.00001,3.7,0.00004,1,,,,,0.00022,0.00000,3.4,0.00004
1332,1,,,,,0.00022,0.00000,3.4,0.00004,1,,,,,0.00022,0.00000,3.4,0.00004
1333,1,,,,,0.00022,0.00000,3.4,0.00004,1,,,,,0.00022,0.00000,3.4,0.00004
1334,1,,,,,0.00022,0.00000,3.7,0.00004,1,,,,,0.00022,0.00000,3.6,0.00004
1335,1,,,,,0.00022,0.00000,3.6,0.00004,1,,,,,0.00022,0.00000,3.5,0.00004
1336,1,,,,,0.00022,0.00001,3.6,0.00004,1,,,,,0.00022,0.00000,3.5,0.00004
1337,1,,,,,0.00022,0.00000,3.6,0.00004,1,,,,,0.00022,0.00000,3.4,0.00004
1338,1,,,,,0.00022,0.00000,3.7,0.00004,1,,,,,0.00022,0.00001,3.4,0.00004
1339,1,,,,,0.00022,0.00001,3.7,0.00005,1,,,,,0.00022,0.00000,3.5,0.00004
1340,1,,,,,0.00022,0.00001,3.7,0.00004,1,,,,,0.00022,0.00000,3.5,0.00004
1341,1,,,,,0.00022,0.00000,3.7,0.00004,1,,,,,0.00022,0.00000,3.4,0.00004
1342,1,,,,,0.00022,0.00000,3.6,0.00004,1,,,,,0.00022,0.00000,3.4,0.00004
1343,1,,,,,0.00022,0.00001,3.6,0.00004,1,,,,,0.00022,0.00001,3.4,0.00004
1344,1,,,,,0.00022,0.00001,3.6,0.00004,1,,,,,0.00022,0.00000,3.4,0.00004
1345,1,,,,,0.00022,0.00001,3.6,0.00004,1,,,,,0.00022,0.00000,3.5,0.00004
1346,1,,,,,0.00022,0.00000,3.6,0.00004,1,,,,,0.00022,0.00000,3.5,0.00004
1347,1,,,,,0.00022,0.00000,3.7,0.00004,1,,,,,0.00022,0.00000,3.4,0.00004
1348,1,,,,,0.00022,0.00000,3.7,0.00004,1,,,,,0.00022,0.00000,3.4,0.00004
1349,1,,,,,0.00022,0.00000,3.7,0.00004,1,,,,,0.00022,0.00000,3.4,0.00004
1350,1,,,,,0.00022,0.00000,3.7,0.00004,1,,,,,0.00022,0.00000,3.5,0.00004
1351,1,,,,,0.00022,0.00000,3.7,0.00004,1,,,,,0.00022,0.00000,3.6,0.00004
1352,1,,,,,0.00022,0.00000,3.7,0.00004,1,,,,,0.00022,0.00000,3.7,0.00004
1353,1,,,,,0.00022,0.00000,3.7,0.00005,1,,,,,0.00022,0.00000,3.7,0.00004
1354,1,,,,,0.00022,0.00000,3.7,0.00005,1,,,,,0.00022,0.00000,3.7,0.00004
1355,1,,,,,0.00022,0.00001,3.7,0.00004,1,,,,,0.00022,0.00001,3.7,0.00004
1356,1,,,,,0.00022,0.00000,3.7,0.00004,1,,,,,0.00022,0.00000,3.7,0.00004
1357,1,,,,,0.00022,0.00001,3.7,0.00005,1,,,,,0.00022,0.00000,3.7,0.00004
1358,1,,,,,0.00022,0.00000,3.7,0.00004,1,,,,,0.00022,0.00000,3.7,0.00004
1359,1,,,,,0.00022,0.00000,3.7,0.00005,1,,,,,0.00022,0.00000,3.7,0.00004
1360,1,,,,,0.00022,0.00000,3.7,0.00004,1,,,,,0.00022,0.00000,3.6,0.00004
1361,1,,,,,0.00022,0.00000,3.6,0.00004,1,,,,,0.00022,0.00000,3.7,0.00004
1362,1,,,,,0.00022,0.00000,3.7,0.00004,1,,,,,0.00022,0.00000,3.7,0.00004
1363,1,,,,,0.00022,0.00000,3.7,0.00004,1,,,,,0.00022,0.00000,3.6,0.00004
1364,1,,,,,0.00022,0.00000,3.7,0.00004,1,,,,,0.00022,0.00000,3.6,0.00004
1365,1,,,,,0.00022,0.00000,3.7,0.00004,1,,,,,0.00022,0.00000,3.6,0.00004
1366,1,,,,,0.00022,0.00000,3.7,0.00004,1,,,,,0.00022,0.00001,3.5,0.00004
1367,1,,,,,0.00022,0.00000,3.7,0.00004,1,,,,,0.00022,0.00001,3.4,0.00004
1368,1,,,,,0.00022,0.00000,3.7,0.00004,1,,,,,0.00022,0.00000,3.5,0.00004
1369,1,,,,,0.00022,0.00000,3.6,0.00004,1,,,,,0.00022,0.00000,3.4,0.00004
1370,1,,,,,0.00022,0.00000,3.6,0.00004,1,,,,,0.00022,0.00000,3.6,0.00004
1371,1,,,,,0.00022,0.00001,3.6,0.00004,1,,,,,0.00022,0.00000,3.4,0.00004
1372,1,,,,,0.00022,0.00000,3.6,0.00004,1,,,,,0.00022,0.00001,3.4,0.00004
1373,1,,,,,0.00022,0.00000,3.6,0.00004,1,,,,,0.00022,0.00000,3.4,0.00004
1374,1,,,,,0.00022,0.00000,3.5,0.00004,1,,,,,0.00022,0.00000,3.4,0.00004
1375,1,,,,,0.00022,0.00001,3.5,0.00004,1,,,,,0.00022,0.00000,3.5,0.00004
1376,1,,,,,0.00022,0.00000,3.5,0.00004,1,,,,,0.00022,0.00000,3.5,0.00005
1377,1,,,,,0.00022,0.00000,3.5,0.00004,1,,,,,0.00022,0.00000,3.4,0.00004
1378,1,,,,,0.00022,0.00001,3.6,0.00004,1,,,,,0.00022,0.00000,3.4,0.00004
1379,1,,,,,0.00022,0.00000,3.6,0.00005,1,,,,,0.00022,0.00000,3.5,0.00004
1380,1,,,,,0.00022,0.00000,3.6,0.00004,1,,,,,0.00022,0.00000,3.4,0.00004
1381,1,,,,,0.00022,0.00000,3.6,0.00004,1,,,,,0.00022,0.00000,3.4,0.00004
1382,1,,,,,0.00022,0.00000,3.5,0.00004,1,,,,,0.00022,0.00000,3.4,0.00004
1383,1,,,,,0.00022,0.00001,3.6,0.00004,1,,,,,0.00022,0.00000,3.5,0.00004
1384,1,,,,,0.00022,0.00000,3.5,0.00004,1,,,,,0.00022,0.00000,3.5,0.00004
1385,1,,,,,0.00022,0.00000,3.5,0.00004,1,,,,,0.00022,0.00000,3.4,0.00004
1386,1,,,,,0.00022,0.00000,3.7,0.00004,1,,,,,0.00022,0.00000,3.4,0.00004
1387,1,,,,,0.00022,0.00001,3.6,0.00004,1,,,,,0.00022,0.00000,3.5,0.00004
1388,1,,,,,0.00022,0.00001,3.7,0.00004,1,,,,,0.00022,0.00000,3.4,0.00004
1389,1,,,,,0.00022,0.00000,3.6,0.00004,1,,,,,0.00022,0.00000,3.4,0.00004
1390,1,,,,,0.00022,0.00000,3.6,0.00004,1,,,,,0.00022,0.00000,3.5,0.00004
1391,1,,,,,0.00022,0.00001,3.7,0.00004,1,,,,,0.00022,0.00000,3.5,0.00004
1392,1,,,,,0.00022,0.00000,3.6,0.00004,1,,,,,0.00022,0.00000,3.4,0.00004
1393,1,,,,,0.00022,0.00000,3.6,0.00004,1,,,,,0.00022,0.00000,3.4,0.00004
1394,1,,,,,0.00022,0.00000,3.6,0.00004,1,,,,,0.00022,0.00000,3.4,0.00004
1395,1,,,,,0.00022,0.00000,3.6,0.00004,1,,,,,0.00022,0.00000,3.5,0.00004
1396,1,,,,,0.00022,0.00000,3.7,0.00005,1,,,,,0.00022,0.00000,3.4,0.00004
1397,1,,,,,0.00022,0.00000,3.6,0.00004,1,,,,,0.00022,0.00000,3.5,0.00004
1398,1,,,,,0.00022,0.00000,3.6,0.00005,1,,,,,0.00022,0.00000,3.5,0.00004
1399,1,,,,,0.00022,0.00000,3.6,0.00004,1,,,,,0.00022,0.00000,3.4,0.00004
1400,1,,,,,0.00022,0.00000,3.6,0.00004,1,,,,,0.00022,0.00000,3.4,0.00004
1401,1,,,,,0.00022,0.00000,3.6,0.00004,1,,,,,0.00022,0.00000,3.5,0.00004
1402,1,,,,,0.00022,0.00000,3.4,0.00004,1,,,,,0.00022,0.00000,3.5,0.00004
1403,1,,,,,0.00022,0.00000,3.4,0.00004,1,,,,,0.00022,0.00000,3.5,0.00004
1404,1,,,,,0.00022,0.00000,3.4,0.00004,1,,,,,0.00022,0.00000,3.4,0.00004
1405,1,,,,,0.00022,0.00000,3.4,0.00004,1,,,,,0.00022,0.00000,3.5,0.00004
1406,1,,,,,0.00022,0.00000,3.4,0.00004,1,,,,,0.00022,0.00000,3.4,0.00004
1407,1,,,,,0.00022,0.00000,3.4,0.00004,1,,,,,0.00022,0.00000,3.4,0.00004
1408,1,,,,,0.00022,0.00000,3.5,0.00004,1,,,,,0.00022,0.00000,3.4,0.00004
1409,1,,,,,0.00022,0.00000,3.5,0.00004,1,,,,,0.00022,0.00000,3.4,0.00004
1410,1,,,,,0.00022,0.00000,3.4,0.00004,1,,,,,0.00022,0.00000,3.5,0.00004
1411,1,,,,,0.00022,0.00000,3.4,0.00004,1,,,,,0.00022,0.00000,3.5,0.00004
1412,1,,,,,0.00022,0.00000,3.4,0.00004,1,,,,,0.00022,0.00000,3.5,0.00004
1413,1,,,,,0.00022,0.00000,3.4,0.00004,1,,,,,0.00022,0.00000,3.5,0.00004
1414,1,,,,,0.00022,0.00001,3.4,0.00004,1,,,,,0.00022,0.00000,3.5,0.00004
1415,1,,,,,0.00022,0.00000,3.4,0.00004,1,,,,,0.00022,0.00000,3.5,0.00004
1416,1,,,,,0.00022,0.00000,3.7,0.00004,1,,,,,0.00022,0.00001,3.6,0.00004
1417,1,,,,,0.00022,0.00000,3.6,0.00005,1,,,,,0.00022,0.00000,3.6,0.00004
1418,1,,,,,0.00022,0.00000,3.6,0.00004,1,,,,,0.00022,0.00000,3.5,0.00004
1419,1,,,,,0.00022,0.00000,3.6,0.00004,1,,,,,0.00022,0.00000,3.5,0.00004
1420,1,,,,,0.00022,0.00000,3.6,0.00004,1,,,,,0.00022,0.00000,3.6,0.00004
1421,1,,,,,0.00022,0.00000,3.6,0.00004,1,,,,,0.00022,0.00000,3.6,0.00004
1422,1,,,,,0.00022,0.00001,3.6,0.00003,1,,,,,0.00022,0.00000,3.4,0.00004
1423,1,,,,,0.00022,0.00000,3.6,0.00004,1,,,,,0.00022,0.00000,3.7,0.00004
1424,1,,,,,0.00022,0.00000,3.6,0.00004,1,,,,,0.00022,0.00000,3.8,0.00004
1425,1,,,,,0.00022,0.00000,3.6,0.00004,1,,,,,0.00022,0.00001,3.7,0.00004
1426,1,,,,,0.00022,0.00000,3.6,0.00004,1,,,,,0.00022,0.00001,3.8,0.00004
1427,1,,,,,0.00022,0.00000,3.6,0.00004,1,,,,,0.00022,0.00000,3.8,0.00004
1428,1,,,,,0.00022,0.00000,3.6,0.00004,1,,,,,0.00022,0.00000,3.7,0.00004
1429,1,,,,,0.00022,0.00001,3.6,0.00004,1,,,,,0.00022,0.00000,3.8,0.00004
1430,1,,,,,0.00022,0.00000,3.6,0.00004,1,,,,,0.00022,0.00000,3.7,0.00004
1431,1,,,,,0.00022,0.00000,3.6,0.00004,1,,,,,0.00022,0.00000,3.8,0.00005
1432,1,,,,,0.00022,0.00001,3.6,0.00004,1,,,,,0.00022,0.00001,3.7,0.00004
1433,1,,,,,0.00022,0.00000,3.6,0.00004,1,,,,,0.00022,0.00000,3.7,0.00004
1434,1,,,,,0.00022,0.00001,3.6,0.00004,1,,,,,0.00022,0.00000,3.7,0.00004
1435,1,,,,,0.00022,0.00000,3.6,0.00004,1,,,,,0.00022,0.00000,3.8,0.00004
1436,1,,,,,0.00022,0.00000,3.7,0.00004,1,,,,,0.00022,0.00000,3.8,0.00004
1437,1,,,,,0.00022,0.00000,3.7,0.00004,1,,,,,0.00022,0.00000,3.7,0.00004
1438,1,,,,,0.00022,0.00001,3.6,0.00004,1,,,,,0.00022,0.00001,3.8,0.00004
1439,1,,,,,0.00022,0.00000,3.7,0.00004,1,,,,,0.00022,0.00000,3.8,0.00004
1440,1,,,,,0.00022,0.00000,3.7,0.00004,1,,,,,0.00022,0.00000,3.8,0.00004
1441,1,,,,,0.00022,0.00000,3.7,0.00004,1,,,,,0.00022,0.00000,3.6,0.00004
1442,1,,,,,0.00022,0.00000,3.7,0.00005,1,,,,,0.00022,0.00000,3.5,0.00004
1443,1,,,,,0.00022,0.00000,3.7,0.00005,1,,,,,0.00022,0.00001,3.7,0.00004
1444,1,,,,,0.00022,0.00000,3.7,0.00004,1,,,,,0.00022,0.00000,3.7,0.00004
1445,1,,,,,0.00022,0.00000,3.6,0.00004,1,,,,,0.00022,0.00000,3.8,0.00004
1446,1,,,,,0.00022,0.00001,3.6,0.00004,1,,,,,0.00022,0.00001,3.5,0.00004
1447,1,,,,,0.00022,0.00000,3.6,0.00004,1,,,,,0.00022,0.00000,3.5,0.00004
1448,1,,,,,0.00022,0.00001,3.6,0.00004,1,,,,,0.00022,0.00000,3.5,0.00004
1449,1,,,,,0.00022,0.00000,3.6,0.00004,1,,,,,0.00022,0.00000,3.5,0.00004
1450,1,,,,,0.00022,0.00000,3.6,0.00004,1,,,,,0.00022,0.00000,3.7,0.00004
1451,1,,,,,0.00022,0.00000,3.7,0.00004,1,,,,,0.00022,0.00000,3.5,0.00004
1452,1,,,,,0.00022,0.00000,3.6,0.00004,1,,,,,0.00022,0.00000,3.6,0.00004
1453,1,,,,,0.00022,0.00001,3.6,0.00004,1,,,,,0.00022,0.00000,3.5,0.00004
1454,1,,,,,0.00022,0.00000,3.6,0.00004,1,,,,,0.00022,0.00000,3.5,0.00004
1455,1,,,,,0.00022,0.00000,3.6,0.00004,1,,,,,0.00022,0.00000,3.4,0.00004
1456,1,,,,,0.00022,0.00001,3.7,0.00004,1,,,,,0.00022,0.00000,3.5,0.00004
1457,1,,,,,0.00022,0.00000,3.7,0.00004,1,,,,,0.00022,0.00000,3.5,0.00004
1458,1,,,,,0.00022,0.00000,3.6,0.00004,1,,,,,0.00022,0.00000,3.5,0.00004
1459,1,,,,,0.00022,0.00000,3.6,0.00004,1,,,,,0.00022,0.00000,3.5,0.00004
1460,1,,,,,0.00022,0.00000,3.5,0.00004,1,,,,,0.00022,0.00000,3.5,0.00004
1461,1,,,,,0.00022,0.00000,3.6,0.00004,1,,,,,0.00022,0.00000,3.5,0.00004
1462,1,,,,,0.00022,0.00001,3.6,0.00004,1,,,,,0.00022,0.00000,3.5,0.00004
1463,1,,,,,0.00022,0.00000,3.6,0.00004,1,,,,,0.00022,0.00000,3.7,0.00004
1464,1,,,,,0.00022,0.00000,3.7,0.00004,1,,,,,0.00022,0.00000,3.7,0.00004
1465,1,,,,,0.00022,0.00000,3.7,0.00004,1,,,,,0.00022,0.00000,3.7,0.00004
1466,1,,,,,0.00022,0.00001,3.7,0.00004,1,,,,,0.00022,0.00001,3.8,0.00004
1467,1,,,,,0.00022,0.00001,3.7,0.00004,1,,,,,0.00022,0.00000,3.8,0.00004
1468,1,,,,,0.00022,0.00000,3.8,0.00004,1,,,,,0.00022,0.00000,3.7,0.00004
1469,1,,,,,0.00022,0.00000,3.7,0.00005,1,,,,,0.00022,0.00000,3.8,0.00005
1470,1,,,,,0.00022,0.00000,3.7,0.00004,1,,,,,0.00022,0.00000,3.7,0.00004
1471,1,,,,,0.00022,0.00001,3.7,0.00004,1,,,,,0.00022,0.00000,3.7,0.00004
1472,1,,,,,0.00022,0.00000,3.7,0.00004,1,,,,,0.00022,0.00001,3.7,0.00004
1473,1,,,,,0.00022,0.00000,3.7,0.00004,1,,,,,0.00022,0.00000,3.7,0.00004
1474,1,,,,,0.00022,0.00000,3.7,0.00005,1,,,,,0.00022,0.00000,3.7,0.00004
1475,1,,,,,0.00022,0.00000,3.7,0.00004,1,,,,,0.00022,0.00001,3.6,0.00004
1476,1,,,,,0.00022,0.00000,3.8,0.00004,1,,,,,0.00022,0.00000,3.7,0.00004
1477,1,,,,,0.00022,0.00001,3.5,0.00004,1,,,,,0.00022,0.00000,3.5,0.00004
1478,1,,,,,0.00022,0.00000,3.4,0.00004,1,,,,,0.00022,0.00000,3.5,0.00004
1479,1,,,,,0.00022,0.00001,3.5,0.00004,1,,,,,0.00022,0.00000,3.4,0.00004
1480,1,,,,,0.00022,0.00001,3.5,0.00004,1,,,,,0.00022,0.00000,3.4,0.00004
1481,1,,,,,0.00022,0.00000,3.5,0.00005,1,,,,,0.00022,0.00000,3.5,0.00004
1482,1,,,,,0.00022,0.00000,3.5,0.00004,1,,,,,0.00022,0.00000,3.5,0.00004
1483,1,,,,,0.00022,0.00000,3.7,0.00004,1,,,,,0.00022,0.00000,3.7,0.00004
1484,1,,,,,0.00022,0.00001,3.7,0.00004,1,,,,,0.00022,0.00001,3.8,0.00004
1485,1,,,,,0.00022,0.00000,3.6,0.00004,1,,,,,0.00022,0.00001,3.7,0.00004
1486,1,,,,,0.00022,0.00000,3.6,0.00004,1,,,,,0.00022,0.00000,3.6,0.00004
1487,1,,,,,0.00022,0.00000,3.8,0.00004,1,,,,,0.00022,0.00000,3.7,0.00004
1488,1,,,,,0.00022,0.00000,3.8,0.00004,1,,,,,0.00022,0.00000,3.8,0.00004
1489,1,,,,,0.00022,0.00000,3.8,0.00005,1,,,,,0.00022,0.00000,3.7,0.00004
1490,1,,,,,0.00022,0.00001,3.6,0.00004,1,,,,,0.00022,0.00000,3.5,0.00004
1491,1,,,,,0.00022,0.00000,3.5,0.00004,1,,,,,0.00022,0.00000,3.5,0.00004
1492,1,,,,,0.00022,0.00000,3.5,0.00004,1,,,,,0.00022,0.00000,3.5,0.00004
1493,1,,,,,0.00022,0.00000,3.5,0.00004,1,,,,,0.00022,0.00000,3.5,0.00004
1494,1,,,,,0.00022,0.00000,3.5,0.00004,1,,,,,0.00022,0.00000,3.5,0.00004
1495,1,,,,,0.00022,0.00000,3.5,0.00004,1,,,,,0.00022,0.00000,3.5,0.00004
1496,1,,,,,0.00022,0.00000,3.5,0.00004,1,,,,,0.00022,0.00000,3.5,0.00004
1497,1,,,,,0.00022,0.00000,3.5,0.00004,1,,,,,0.00022,0.00000,3.5,0.00004
1498,1,,,,,0.00022,0.00000,3.8,0.00004,1,,,,,0.00022,0.00000,3.7,0.00004
1499,1,,,,,0.00022,0.00000,3.8,0.00004,1,,,,,0.00022,0.00000,3.8,0.00004
1500,1,,,,,0.00022,0.00000,3.8,0.00004,1,,,,,0.00022,0.00000,3.7,0.00004
1501,1,,,,,0.00022,0.00000,3.8,0.00004,1,,,,,0.00022,0.00000,3.8,0.00004
1502,1,,,,,0.00022,0.00000,3.8,0.00004,1,,,,,0.00022,0.00000,3.8,0.00004
1503,1,,,,,0.00022,0.00000,3.8,0.00004,1,,,,,0.00022,0.00000,3.7,0.00004
1504,1,,,,,0.00022,0.00001,3.8,0.00004,1,,,,,0.00022,0.00000,3.8,0.00004
1505,1,,,,,0.00022,0.00001,3.7,0.00004,1,,,,,0.00022,0.00000,3.8,0.00004
1506,1,,,,,0.00022,0.00001,3.8,0.00004,1,,,,,0.00022,0.00000,3.8,0.00004
1507,1,,,,,0.00022,0.00001,3.7,0.00004,1,,,,,0.00022,0.00000,3.8,0.00004
1508,1,,,,,0.00022,0.00000,3.7,0.00004,1,,,,,0.00022,0.00001,3.7,0.00004
1509,1,,,,,0.00022,0.00000,3.8,0.00005,1,,,,,0.00022,0.00001,3.8,0.00004
1510,1,,,,,0.00022,0.00000,3.8,0.00004,1,,,,,0.00022,0.00000,3.8,0.00004
1511,1,,,,,0.00022,0.00001,3.7,0.00004,1,,,,,0.00022,0.00000,3.8,0.00005
1512,1,,,,,0.00022,0.00001,3.8,0.00005,1,,,,,0.00022,0.00000,3.7,0.00004
1513,1,,,,,0.00022,0.00001,3.7,0.00004,1,,,,,0.00022,0.00000,3.7,0.00004
1514,1,,,,,0.00022,0.00000,3.8,0.00004,1,,,,,0.00022,0.00000,3.7,0.00004
1515,1,,,,,0.00022,0.00000,3.7,0.00004,1,,,,,0.00022,0.00001,3.8,0.00004
1516,1,,,,,0.00022,0.00000,3.7,0.00004,1,,,,,0.00022,0.00000,3.8,0.00004
1517,1,,,,,0.00022,0.00001,3.8,0.00004,1,,,,,0.00022,0.00000,3.7,0.00004
1518,1,,,,,0.00022,0.00000,3.7,0.00004,1,,,,,0.00022,0.00000,3.7,0.00004
1519,1,,,,,0.00022,0.00000,3.7,0.00004,1,,,,,0.00022,0.00000,3.7,0.00004
1520,1,,,,,0.00022,0.00000,3.6,0.00004,1,,,,,0.00022,0.00000,3.7,0.00004
1521,1,,,,,0.00022,0.00001,3.7,0.00004,1,,,,,0.00022,0.00001,3.7,0.00004
1522,1,,,,,0.00022,0.00000,3.8,0.00004,1,,,,,0.00022,0.00000,3.5,0.00004
1523,1,,,,,0.00022,0.00001,3.7,0.00004,1,,,,,0.00022,0.00000,3.5,0.00004
1524,1,,,,,0.00022,0.00000,3.6,0.00004,1,,,,,0.00022,0.00000,3.5,0.00004
1525,1,,,,,0.00022,0.00000,3.6,0.00004,1,,,,,0.00022,0.00000,3.4,0.00004
1526,1,,,,,0.00022,0.00000,3.6,0.00004,1,,,,,0.00022,0.00000,3.4,0.00004
1527,1,,,,,0.00022,0.00000,3.7,0.00004,1,,,,,0.00022,0.00000,3.4,0.00004
1528,1,,,,,0.00022,0.00000,3.7,0.00004,1,,,,,0.00022,0.00000,3.4,0.00004
1529,1,,,,,0.00022,0.00001,3.6,0.00004,1,,,,,0.00022,0.00000,3.5,0.00004
1530,1,,,,,0.00022,0.00000,3.6,0.00004,1,,,,,0.00022,0.00000,3.4,0.00004
1531,1,,,,,0.00022,0.00000,3.7,0.00004,1,,,,,0.00022,0.00000,3.4,0.00004
1532,1,,,,,0.00022,0.00000,3.7,0.00004,1,,,,,0.00022,0.00000,3.4,0.00004
1533,1,,,,,0.00022,0.00000,3.6,0.00004,1,,,,,0.00022,0.00001,3.5,0.00004
1534,1,,,,,0.00022,0.00000,3.6,0.00004,1,,,,,0.00022,0.00000,3.5,0.00004
1535,1,,,,,0.00022,0.00000,3.6,0.00004,1,,,,,0.00022,0.00000,3.4,0.00004
1536,1,,,,,0.00022,0.00000,3.6,0.00004,1,,,,,0.00022,0.00000,3.4,0.00004
1537,1,,,,,0.00022,0.00000,3.6,0.00004,1,,,,,0.00022,0.00000,3.4,0.00004
1538,1,,,,,0.00022,0.00001,3.5,0.00004,1,,,,,0.00022,0.00000,3.6,0.00004
1539,1,,,,,0.00022,0.00000,3.7,0.00004,1,,,,,0.00022,0.00000,3.6,0.00004
1540,1,,,,,0.00022,0.00000,3.8,0.00004,1,,,,,0.00022,0.00000,3.6,0.00004
1541,1,,,,,0.00022,0.00000,3.7,0.00004,1,,,,,0.00022,0.00001,3.7,0.00004
1542,1,,,,,0.00022,0.00000,3.7,0.00004,1,,,,,0.00022,0.00000,3.7,0.00004
1543,1,,,,,0.00022,0.00000,3.8,0.00004,1,,,,,0.00022,0.00001,3.6,0.00004
1544,1,,,,,0.00022,0.00001,3.8,0.00005,1,,,,,0.00022,0.00000,3.6,0.00004
1545,1,,,,,0.00022,0.00001,3.7,0.00004,1,,,,,0.00022,0.00001,3.6,0.00004
1546,1,,,,,0.00022,0.00001,3.7,0.00004,1,,,,,0.00022,0.00000,3.6,0.00004
1547,1,,,,,0.00022,0.00000,3.6,0.00004,1,,,,,0.00022,0.00000,3.6,0.00004
1548,1,,,,,0.00022,0.00000,3.7,0.00004,1,,,,,0.00022,0.00000,3.6,0.00004
1549,1,,,,,0.00022,0.00000,3.7,0.00004,1,,,,,0.00022,0.00000,3.6,0.00005
1550,1,,,,,0.00022,0.00000,3.8,0.00005,1,,,,,0.00022,0.00001,3.7,0.00004
1551,1,,,,,0.00022,0.00000,3.6,0.00004,1,,,,,0.00022,0.00000,3.6,0.00004
1552,1,,,,,0.00022,0.00000,3.7,0.00004,1,,,,,0.00022,0.00000,3.7,0.00004
1553,1,,,,,0.00022,0.00001,3.7,0.00004,1,,,,,0.00022,0.00001,3.6,0.00004
1554,1,,,,,0.00022,0.00001,3.7,0.00005,1,,,,,0.00022,0.00001,3.6,0.00004
1555,1,,,,,0.00022,0.00000,3.7,0.00004,1,,,,,0.00022,0.00000,3.5,0.00004
1556,1,,,,,0.00022,0.00000,3.7,0.00004,1,,,,,0.00022,0.00000,3.6,0.00004
1557,1,,,,,0.00022,0.00001,3.7,0.00004,1,,,,,0.00022,0.00000,3.4,0.00004
1558,1,,,,,0.00022,0.00000,3.7,0.00004,1,,,,,0.00022,0.00000,3.4,0.00004
1559,1,,,,,0.00022,0.00000,3.7,0.00004,1,,,,,0.00022,0.00000,3.4,0.00004
1560,1,,,,,0.00022,0.00000,3.7,0.00004,1,,,,,0.00022,0.00000,3.4,0.00004
1561,1,,,,,0.00022,0.00000,3.7,0.00004,1,,,,,0.00022,0.00001,3.4,0.00004
1562,1,,,,,0.00022,0.00000,3.7,0.00004,1,,,,,0.00022,0.00000,3.4,0.00004
1563,1,,,,,0.00022,0.00000,3.7,0.00004,1,,,,,0.00022,0.00000,3.6,0.00004
1564,1,,,,,0.00022,0.00000,3.8,0.00005,1,,,,,0.00022,0.00000,3.7,0.00005
1565,1,,,,,0.00022,0.00000,3.7,0.00004,1,,,,,0.00022,0.00000,3.7,0.00004
1566,1,,,,,0.00022,0.00000,3.7,0.00005,1,,,,,0.00022,0.00001,3.5,0.00004
1567,1,,,,,0.00022,0.00001,3.6,0.00004,1,,,,,0.00022,0.00000,3.6,0.00004
1568,1,,,,,0.00022,0.00000,3.6,0.00004,1,,,,,0.00022,0.00000,3.6,0.00004
1569,1,,,,,0.00022,0.00000,3.6,0.00004,1,,,,,0.00022,0.00000,3.6,0.00004
1570,1,,,,,0.00022,0.00000,3.5,0.00004,1,,,,,0.00022,0.00000,3.5,0.00004
1571,1,,,,,0.00022,0.00000,3.5,0.00004,1,,,,,0.00022,0.00000,3.6,0.00004
1572,1,,,,,0.00022,0.00000,3.7,0.00004,1,,,,,0.00022,0.00000,3.6,0.00004
1573,1,,,,,0.00022,0.00001,3.8,0.00005,1,,,,,0.00022,0.00001,3.5,0.00004
1574,1,,,,,0.00022,0.00000,3.6,0.00004,1,,,,,0.00022,0.00000,3.6,0.00004
1575,1,,,,,0.00022,0.00000,3.7,0.00004,1,,,,,0.00022,0.00000,3.5,0.00004
1576,1,,,,,0.00022,0.00000,3.7,0.00004,1,,,,,0.00022,0.00000,3.6,0.00004
1577,1,,,,,0.00022,0.00001,3.7,0.00004,1,,,,,0.00022,0.00000,3.6,0.00004
1578,1,,,,,0.00022,0.00000,3.7,0.00004,1,,,,,0.00022,0.00000,3.6,0.00004
1579,1,,,,,0.00022,0.00000,3.7,0.00004,1,,,,,0.00022,0.00000,3.6,0.00004
1580,1,,,,,0.00022,0.00000,3.7,0.00004,1,,,,,0.00022,0.00000,3.5,0.00004
1581,1,,,,,0.00022,0.00000,3.7,0.00004,1,,,,,0.00022,0.00000,3.6,0.00004
1582,1,,,,,0.00022,0.00000,3.7,0.00004,1,,,,,0.00022,0.00000,3.6,0.00004
1583,1,,,,,0.00022,0.00001,3.7,0.00005,1,,,,,0.00022,0.00000,3.7,0.00004
1584,1,,,,,0.00022,0.00000,3.7,0.00005,1,,,,,0.00022,0.00001,3.7,0.00004
1585,1,,,,,0.00022,0.00000,3.7,0.00004,1,,,,,0.00022,0.00001,3.7,0.00004
1586,1,,,,,0.00022,0.00000,3.7,0.00004,1,,,,,0.00022,0.00000,3.6,0.00004
1587,1,,,,,0.00022,0.00000,3.7,0.00004,1,,,,,0.00022,0.00000,3.7,0.00005
1588,1,,,,,0.00022,0.00000,3.7,0.00004,1,,,,,0.00022,0.00000,3.6,0.00004
1589,1,,,,,0.00022,0.00000,3.7,0.00004,1,,,,,0.00022,0.00000,3.6,0.00004
1590,1,,,,,0.00022,0.00000,3.8,0.00004,1,,,,,0.00022,0.00000,3.7,0.00005
1591,1,,,,,0.00022,0.00001,3.7,0.00005,1,,,,,0.00022,0.00000,3.7,0.00004
1592,1,,,,,0.00022,0.00000,3.7,0.00005,1,,,,,0.00022,0.00000,3.7,0.00004
1593,1,,,,,0.00022,0.00001,3.8,0.00005,1,,,,,0.00022,0.00000,3.7,0.00004
1594,1,,,,,0.00022,0.00001,3.5,0.00004,1,,,,,0.00022,0.00000,3.5,0.00004
1595,1,,,,,0.00022,0.00000,3.6,0.00004,1,,,,,0.00022,0.00000,3.6,0.00004
1596,1,,,,,0.00022,0.00000,3.5,0.00004,1,,,,,0.00022,0.00000,3.6,0.00004
1597,1,,,,,0.00022,0.00000,3.4,0.00004,1,,,,,0.00022,0.00000,3.4,0.00004
1598,1,,,,,0.00022,0.00000,3.6,0.00004,1,,,,,0.00022,0.00000,3.5,0.00004
1599,1,,,,,0.00022,0.00000,3.6,0.00004,1,,,,,0.00022,0.00000,3.4,0.00004
1600,1,,,,,0.00022,0.00000,3.5,0.00004,1,,,,,0.00022,0.00000,3.6,0.00004
1601,1,,,,,0.00022,0.00000,3.5,0.00004,1,,,,,0.00022,0.00001,3.5,0.00004
1602,1,,,,,0.00022,0.00000,3.6,0.00004,1,,,,,0.00022,0.00000,3.4,0.00004
1603,1,,,,,0.00022,0.00000,3.5,0.00004,1,,,,,0.00022,0.00001,3.5,0.00004
1604,1,,,,,0.00022,0.00000,3.5,0.00004,1,,,,,0.00022,0.00000,3.4,0.00004
1605,1,,,,,0.00022,0.00000,3.5,0.00004,1,,,,,0.00022,0.00000,3.4,0.00004
1606,1,,,,,0.00022,0.00000,3.5,0.00004,1,,,,,0.00022,0.00000,3.5,0.00004
1607,1,,,,,0.00022,0.00001,3.5,0.00004,1,,,,,0.00022,0.00000,3.7,0.00004
1608,1,,,,,0.00022,0.00000,3.5,0.00004,1,,,,,0.00022,0.00000,3.7,0.00004
1609,1,,,,,0.00022,0.00000,3.6,0.00004,1,,,,,0.00022,0.00001,3.7,0.00004
1610,1,,,,,0.00022,0.00000,3.5,0.00004,1,,,,,0.00022,0.00000,3.7,0.00005
1611,1,,,,,0.00022,0.00000,3.6,0.00004,1,,,,,0.00022,0.00000,3.7,0.00004
1612,1,,,,,0.00022,0.00000,3.5,0.00004,1,,,,,0.00022,0.00001,3.7,0.00004
1613,1,,,,,0.00022,0.00000,3.5,0.00004,1,,,,,0.00022,0.00000,3.7,0.00004
1614,1,,,,,0.00022,0.00000,3.5,0.00004,1,,,,,0.00022,0.00001,3.7,0.00004
1615,1,,,,,0.00022,0.00001,3.6,0.00004,1,,,,,0.00022,0.00000,3.7,0.00004
1616,1,,,,,0.00022,0.00000,3.5,0.00004,1,,,,,0.00022,0.00000,3.7,0.00004
1617,1,,,,,0.00022,0.00000,3.6,0.00004,1,,,,,0.00022,0.00001,3.7,0.00004
1618,1,,,,,0.00022,0.00000,3.5,0.00004,1,,,,,0.00022,0.00000,3.7,0.00004
1619,1,,,,,0.00022,0.00000,3.6,0.00004,1,,,,,0.00022,0.00000,3.7,0.00004
1620,1,,,,,0.00022,0.00000,3.6,0.00004,1,,,,,0.00022,0.00001,3.7,0.00004
1621,1,,,,,0.00022,0.00000,3.5,0.00004,1,,,,,0.00022,0.00000,3.6,0.00004
1622,1,,,,,0.00022,0.00001,3.6,0.00004,1,,,,,0.00022,0.00000,3.6,0.00004
1623,1,,,,,0.00022,0.00000,3.5,0.00004,1,,,,,0.00022,0.00000,3.7,0.00004
1624,1,,,,,0.00022,0.00000,3.5,0.00004,1,,,,,0.00022,0.00000,3.6,0.00004
1625,1,,,,,0.00022,0.00000,3.6,0.00004,1,,,,,0.00022,0.00000,3.6,0.00004
1626,1,,,,,0.00022,0.00000,3.7,0.00004,1,,,,,0.00022,0.00001,3.7,0.00004
1627,1,,,,,0.00022,0.00000,3.7,0.00004,1,,,,,0.00022,0.00001,3.7,0.00004
1628,1,,,,,0.00022,0.00000,3.6,0.00004,1,,,,,0.00022,0.00000,3.7,0.00004
1629,1,,,,,0.00022,0.00000,3.6,0.00004,1,,,,,0.00022,0.00000,3.7,0.00004
1630,1,,,,,0.00022,0.00001,3.7,0.00004,1,,,,,0.00022,0.00000,3.4,0.00004
1631,1,,,,,0.00022,0.00000,3.7,0.00004,1,,,,,0.00022,0.00000,3.4,0.00004
1632,1,,,,,0.00022,0.00000,3.7,0.00004,1,,,,,0.00022,0.00000,3.5,0.00004
1633,1,,,,,0.00022,0.00000,3.7,0.00005,1,,,,,0.00022,0.00000,3.5,0.00004
1634,1,,,,,0.00022,0.00000,3.6,0.00004,1,,,,,0.00022,0.00000,3.5,0.00004
1635,1,,,,,0.00022,0.00000,3.6,0.00004,1,,,,,0.00022,0.00000,3.5,0.00004
1636,1,,,,,0.00022,0.00000,3.6,0.00004,1,,,,,0.00022,0.00000,3.5,0.00004
1637,1,,,,,0.00022,0.00000,3.6,0.00004,1,,,,,0.00022,0.00000,3.5,0.00004
1638,1,,,,,0.00022,0.00000,3.7,0.00004,1,,,,,0.00022,0.00000,3.5,0.00004
1639,1,,,,,0.00022,0.00001,3.7,0.00004,1,,,,,0.00022,0.00000,3.5,0.00004
1640,1,,,,,0.00022,0.00000,3.7,0.00004,1,,,,,0.00022,0.00000,3.4,0.00004
1641,1,,,,,0.00022,0.00000,3.8,0.00004,1,,,,,0.00022,0.00000,3.5,0.00004
1642,1,,,,,0.00022,0.00000,3.6,0.00004,1,,,,,0.00022,0.00000,3.5,0.00004
1643,1,,,,,0.00022,0.00001,3.7,0.00004,1,,,,,0.00022,0.00000,3.5,0.00004
1644,1,,,,,0.00022,0.00000,3.8,0.00004,1,,,,,0.00022,0.00000,3.5,0.00004
1645,1,,,,,0.00022,0.00000,3.8,0.00004,1,,,,,0.00022,0.00000,3.5,0.00004
1646,1,,,,,0.00022,0.00000,3.7,0.00004,1,,,,,0.00022,0.00000,3.5,0.00004
1647,1,,,,,0.00022,0.00000,3.7,0.00004,1,,,,,0.00022,0.00000,3.5,0.00004
1648,1,,,,,0.00022,0.00001,3.7,0.00005,1,,,,,0.00022,0.00000,3.5,0.00005
1649,1,,,,,0.00022,0.00000,3.7,0.00004,1,,,,,0.00022,0.00000,3.4,0.00003
1650,1,,,,,0.00022,0.00000,3.7,0.00004,1,,,,,0.00022,0.00000,3.5,0.00004
1651,1,,,,,0.00022,0.00000,3.7,0.00004,1,,,,,0.00022,0.00001,3.7,0.00004
1652,1,,,,,0.00022,0.00000,3.7,0.00005,1,,,,,0.00022,0.00001,3.8,0.00004
1653,1,,,,,0.00022,0.00000,3.7,0.00005,1,,,,,0.00022,0.00000,3.7,0.00004
1654,1,,,,,0.00022,0.00001,3.7,0.00004,1,,,,,0.00022,0.00000,3.7,0.00004
1655,1,,,,,0.00022,0.00000,3.7,0.00004,1,,,,,0.00022,0.00000,3.8,0.00004
1656,1,,,,,0.00022,0.00000,3.7,0.00004,1,,,,,0.00022,0.00000,3.7,0.00004
1657,1,,,,,0.00022,0.00001,3.7,0.00004,1,,,,,0.00022,0.00000,3.7,0.00004
1658,1,,,,,0.00022,0.00000,3.7,0.00005,1,,,,,0.00022,0.00000,3.7,0.00004
1659,1,,,,,0.00022,0.00001,3.7,0.00005,1,,,,,0.00022,0.00000,3.7,0.00004
1660,1,,,,,0.00022,0.00000,3.7,0.00005,1,,,,,0.00022,0.00000,3.7,0.00004
1661,1,,,,,0.00022,0.00000,3.7,0.00004,1,,,,,0.00022,0.00000,3.7,0.00004
1662,1,,,,,0.00022,0.00000,3.7,0.00005,1,,,,,0.00022,0.00000,3.7,0.00004
1663,1,,,,,0.00022,0.00000,3.7,0.00004,1,,,,,0.00022,0.00000,3.7,0.00004
1664,1,,,,,0.00022,0.00001,3.7,0.00005,1,,,,,0.00022,0.00000,3.7,0.00005
1665,1,,,,,0.00022,0.00000,3.7,0.00004,1,,,,,0.00022,0.00000,3.7,0.00004
1666,1,,,,,0.00022,0.00000,3.7,0.00004,1,,,,,0.00022,0.00000,3.7,0.00004
1667,1,,,,,0.00022,0.00000,3.7,0.00005,1,,,,,0.00022,0.00001,3.7,0.00004
1668,1,,,,,0.00022,0.00000,3.7,0.00004,1,,,,,0.00022,0.00001,3.7,0.00004
1669,1,,,,,0.00022,0.00000,3.7,0.00005,1,,,,,0.00022,0.00000,3.7,0.00004
1670,1,,,,,0.00022,0.00000,3.7,0.00004,1,,,,,0.00022,0.00001,3.7,0.00004
1671,1,,,,,0.00022,0.00000,3.7,0.00005,1,,,,,0.00022,0.00001,3.4,0.00004
1672,1,,,,,0.00022,0.00000,3.7,0.00005,1,,,,,0.00022,0.00000,3.4,0.00004
1673,1,,,,,0.00022,0.00000,3.7,0.00005,1,,,,,0.00022,0.00000,3.5,0.00004
1674,1,,,,,0.00022,0.00000,3.7,0.00005,1,,,,,0.00022,0.00000,3.5,0.00004
1675,1,,,,,0.00022,0.00000,3.7,0.00004,1,,,,,0.00022,0.00000,3.5,0.00004
1676,1,,,,,0.00022,0.00000,3.7,0.00004,1,,,,,0.00022,0.00000,3.5,0.00004
1677,1,,,,,0.00022,0.00000,3.7,0.00004,1,,,,,0.00022,0.00000,3.6,0.00004
1678,1,,,,,0.00022,0.00000,3.7,0.00004,1,,,,,0.00022,0.00001,3.7,0.00004
1679,1,,,,,0.00022,0.00000,3.7,0.00004,1,,,,,0.00022,0.00000,3.6,0.00004
1680,1,,,,,0.00022,0.00000,3.8,0.00004,1,,,,,0.00022,0.00000,3.6,0.00004
1681,1,,,,,0.00022,0.00000,3.7,0.00004,1,,,,,0.00022,0.00000,3.6,0.00004
1682,1,,,,,0.00022,0.00000,3.7,0.00004,1,,,,,0.00022,0.00000,3.6,0.00004
1683,1,,,,,0.00022,0.00000,3.7,0.00004,1,,,,,0.00022,0.00000,3.6,0.00004
1684,1,,,,,0.00022,0.00000,3.8,0.00004,1,,,,,0.00022,0.00000,3.6,0.00004
1685,1,,,,,0.00022,0.00000,3.7,0.00004,1,,,,,0.00022,0.00000,3.6,0.00004
1686,1,,,,,0.00022,0.00000,3.7,0.00004,1,,,,,0.00022,0.00001,3.6,0.00004
1687,1,,,,,0.00022,0.00000,3.8,0.00005,1,,,,,0.00022,0.00000,3.6,0.00004
1688,1,,,,,0.00022,0.00000,3.7,0.00005,1,,,,,0.00022,0.00000,3.6,0.00004
1689,1,,,,,0.00022,0.00000,3.7,0.00005,1,,,,,0.00022,0.00000,3.7,0.00004
1690,1,,,,,0.00022,0.00001,3.7,0.00004,1,,,,,0.00022,0.00000,3.8,0.00004
1691,1,,,,,0.00022,0.00001,3.7,0.00004,1,,,,,0.00022,0.00000,3.6,0.00004
1692,1,,,,,0.00022,0.00000,3.7,0.00004,1,,,,,0.00022,0.00000,3.7,0.00004
1693,1,,,,,0.00022,0.00000,3.7,0.00004,1,,,,,0.00022,0.00000,3.6,0.00004
1694,1,,,,,0.00022,0.00001,3.7,0.00005,1,,,,,0.00022,0.00000,3.7,0.00004
1695,1,,,,,0.00022,0.00000,3.8,0.00005,1,,,,,0.00022,0.00000,3.7,0.00004
1696,1,,,,,0.00022,0.00000,3.7,0.00004,1,,,,,0.00022,0.00000,3.7,0.00004
1697,1,,,,,0.00022,0.00000,3.7,0.00005,1,,,,,0.00022,0.00000,3.7,0.00004
1698,1,,,,,0.00022,0.00000,3.7,0.00005,1,,,,,0.00022,0.00001,3.8,0.00005
1699,1,,,,,0.00022,0.00000,3.7,0.00004,1,,,,,0.00022,0.00000,3.7,0.00004
1700,1,,,,,0.00022,0.00000,3.7,0.00004,1,,,,,0.00022,0.00001,3.7,0.00004
1701,1,,,,,0.00022,0.00001,3.7,0.00005,1,,,,,0.00022,0.00000,3.7,0.00004
1702,1,,,,,0.00022,0.00001,3.4,0.00004,1,,,,,0.00022,0.00000,3.5,0.00004
1703,1,,,,,0.00022,0.00000,3.4,0.00004,1,,,,,0.00022,0.00000,3.4,0.00004
1704,1,,,,,0.00022,0.00000,3.4,0.00004,1,,,,,0.00022,0.00000,3.5,0.00004
1705,1,,,,,0.00022,0.00000,3.4,0.00004,1,,,,,0.00022,0.00000,3.4,0.00004
1706,1,,,,,0.00022,0.00000,3.7,0.00004,1,,,,,0.00022,0.00000,3.5,0.00004
1707,1,,,,,0.00022,0.00001,3.5,0.00004,1,,,,,0.00022,0.00000,3.5,0.00004
1708,1,,,,,0.00022,0.00000,3.5,0.00004,1,,,,,0.00022,0.00000,3.4,0.00004
1709,1,,,,,0.00022,0.00000,3.4,0.00004,1,,,,,0.00022,0.00000,3.5,0.00004
1710,1,,,,,0.00022,0.00000,3.4,0.00004,1,,,,,0.00022,0.00000,3.4,0.00004
1711,1,,,,,0.00022,0.00000,3.5,0.00004,1,,,,,0.00022,0.00000,3.4,0.00004
1712,1,,,,,0.00022,0.00000,3.4,0.00004,1,,,,,0.00022,0.00000,3.5,0.00004
1713,1,,,,,0.00022,0.00000,3.4,0.00004,1,,,,,0.00022,0.00000,3.4,0.00004
1714,1,,,,,0.00022,0.00001,3.5,0.00004,1,,,,,0.00022,0.00000,3.4,0.00004
1715,1,,,,,0.00022,0.00000,3.4,0.00004,1,,,,,0.00022,0.00001,3.5,0.00004
1716,1,,,,,0.00022,0.00000,3.4,0.00004,1,,,,,0.00022,0.00000,3.5,0.00004
1717,1,,,,,0.00022,0.00000,3.4,0.00004,1,,,,,0.00022,0.00000,3.5,0.00004
1718,1,,,,,0.00022,0.00000,3.5,0.00004,1,,,,,0.00022,0.00000,3.5,0.00004
1719,1,,,,,0.00022,0.00000,3.5,0.00004,1,,,,,0.00022,0.00001,3.5,0.00004
1720,1,,,,,0.00022,0.00000,3.5,0.00004,1,,,,,0.00022,0.00000,3.5,0.00004
1721,1,,,,,0.00022,0.00000,3.5,0.00004,1,,,,,0.00022,0.00000,3.4,0.00004
1722,1,,,,,0.00022,0.00000,3.4,0.00004,1,,,,,0.00022,0.00000,3.5,0.00004
1723,1,,,,,0.00022,0.00000,3.4,0.00004,1,,,,,0.00022,0.00000,3.6,0.00004
1724,1,,,,,0.00022,0.00000,3.5,0.00004,1,,,,,0.00022,0.00000,3.5,0.00004
1725,1,,,,,0.00022,0.00000,3.4,0.00004,1,,,,,0.00022,0.00000,3.5,0.00004
1726,1,,,,,0.00022,0.00000,3.6,0.00004,1,,,,,0.00022,0.00000,3.6,0.00004
1727,1,,,,,0.00022,0.00000,3.7,0.00004,1,,,,,0.00022,0.00000,3.8,0.00004
1728,1,,,,,0.00022,0.00001,3.7,0.00004,1,,,,,0.00022,0.00000,3.7,0.00004
1729,1,,,,,0.00022,0.00001,3.7,0.00004,1,,,,,0.00022,0.00000,3.6,0.00004
1730,1,,,,,0.00022,0.00000,3.7,0.00004,1,,,,,0.00022,0.00000,3.7,0.00004
1731,1,,,,,0.00022,0.00000,3.7,0.00004,1,,,,,0.00022,0.00000,3.7,0.00004
1732,1,,,,,0.00022,0.00000,3.8,0.00005,1,,,,,0.00022,0.00000,3.7,0.00004
1733,1,,,,,0.00022,0.00000,3.7,0.00004,1,,,,,0.00022,0.00000,3.7,0.00004
1734,1,,,,,0.00022,0.00000,3.8,0.00005,1,,,,,0.00022,0.00000,3.7,0.00005
1735,1,,,,,0.00022,0.00000,3.7,0.00004,1,,,,,0.00022,0.00000,3.7,0.00004
1736,1,,,,,0.00022,0.00000,3.7,0.00004,1,,,,,0.00022,0.00001,3.7,0.00004
1737,1,,,,,0.00022,0.00000,3.7,0.00004,1,,,,,0.00022,0.00001,3.6,0.00004
1738,1,,,,,0.00022,0.00000,3.7,0.00004,1,,,,,0.00022,0.00000,3.8,0.00005
1739,1,,,,,0.00022,0.00000,3.8,0.00005,1,,,,,0.00022,0.00001,3.7,0.00004
1740,1,,,,,0.00022,0.00000,3.7,0.00004,1,,,,,0.00022,0.00001,3.7,0.00005
1741,1,,,,,0.00022,0.00000,3.8,0.00004,1,,,,,0.00022,0.00000,3.7,0.00004
1742,1,,,,,0.00022,0.00000,3.8,0.00004,1,,,,,0.00022,0.00000,3.7,0.00004
1743,1,,,,,0.00022,0.00000,3.5,0.00004,1,,,,,0.00022,0.00001,3.4,0.00004
1744,1,,,,,0.00022,0.00000,3.6,0.00004,1,,,,,0.00022,0.00000,3.7,0.00004
1745,1,,,,,0.00022,0.00001,3.6,0.00004,1,,,,,0.00022,0.00000,3.6,0.00004
1746,1,,,,,0.00022,0.00000,3.4,0.00004,1,,,,,0.00022,0.00000,3.5,0.00005
1747,1,,,,,0.00022,0.00000,3.4,0.00004,1,,,,,0.00022,0.00000,3.4,0.00004
1748,1,,,,,0.00022,0.00001,3.4,0.00004,1,,,,,0.00022,0.00000,3.5,0.00004
1749,1,,,,,0.00022,0.00000,3.4,0.00004,1,,,,,0.00022,0.00000,3.5,0.00004
1750,1,,,,,0.00022,0.00000,3.4,0.00004,1,,,,,0.00022,0.00000,3.5,0.00004
1751,1,,,,,0.00022,0.00000,3.4,0.00004,1,,,,,0.00022,0.00000,3.5,0.00004
1752,1,,,,,0.00022,0.00000,3.4,0.00004,1,,,,,0.00022,0.00000,3.5,0.00004
1753,1,,,,,0.00022,0.00000,3.4,0.00004,1,,,,,0.00022,0.00000,3.5,0.00004
1754,1,,,,,0.00022,0.00001,3.5,0.00004,1,,,,,0.00022,0.00000,3.5,0.00004
1755,1,,,,,0.00022,0.00000,3.5,0.00004,1,,,,,0.00022,0.00000,3.5,0.00004
1756,1,,,,,0.00022,0.00000,3.5,0.00004,1,,,,,0.00022,0.00000,3.5,0.00004
1757,1,,,,,0.00022,0.00000,3.5,0.00004,1,,,,,0.00022,0.00000,3.7,0.00005
1758,1,,,,,0.00022,0.00000,3.4,0.00004,1,,,,,0.00022,0.00000,3.8,0.00004
1759,1,,,,,0.00022,0.00000,3.4,0.00004,1,,,,,0.00022,0.00000,3.8,0.00004
1760,1,,,,,0.00022,0.00000,3.5,0.00004,1,,,,,0.00022,0.00000,3.7,0.00004
1761,1,,,,,0.00022,0.00000,3.5,0.00004,1,,,,,0.00022,0.00001,3.5,0.00004
1762,1,,,,,0.00022,0.00000,3.4,0.00004,1,,,,,0.00022,0.00000,3.7,0.00004
1763,1,,,,,0.00022,0.00000,3.6,0.00004,1,,,,,0.00022,0.00001,3.7,0.00004
1764,1,,,,,0.00022,0.00000,3.7,0.00004,1,,,,,0.00022,0.00000,3.7,0.00004
1765,1,,,,,0.00022,0.00000,3.6,0.00004,1,,,,,0.00022,0.00000,3.7,0.00004
1766,1,,,,,0.00022,0.00000,3.7,0.00004,1,,,,,0.00022,0.00000,3.7,0.00005
1767,1,,,,,0.00022,0.00000,3.7,0.00004,1,,,,,0.00022,0.00000,3.7,0.00005
1768,1,,,,,0.00022,0.00000,3.6,0.00005,1,,,,,0.00022,0.00000,3.7,0.00005
1769,1,,,,,0.00022,0.00000,3.6,0.00005,1,,,,,0.00022,0.00001,3.7,0.00004
1770,1,,,,,0.00022,0.00001,3.6,0.00005,1,,,,,0.00022,0.00000,3.7,0.00004
1771,1,,,,,0.00022,0.00000,3.6,0.00005,1,,,,,0.00022,0.00000,3.7,0.00004
1772,1,,,,,0.00022,0.00000,3.6,0.00005,1,,,,,0.00022,0.00001,3.7,0.00004
1773,1,,,,,0.00022,0.00000,3.6,0.00004,1,,,,,0.00022,0.00000,3.7,0.00005
1774,1,,,,,0.00022,0.00000,3.7,0.00004,1,,,,,0.00022,0.00000,3.7,0.00004
1775,1,,,,,0.00022,0.00000,3.7,0.00004,1,,,,,0.00022,0.00001,3.7,0.00004
1776,1,,,,,0.00022,0.00000,3.7,0.00004,1,,,,,0.00022,0.00000,3.7,0.00004
1777,1,,,,,0.00022,0.00000,3.6,0.00005,1,,,,,0.00022,0.00001,3.7,0.00004
1778,1,,,,,0.00022,0.00001,3.6,0.00004,1,,,,,0.00022,0.00000,3.6,0.00005
1779,1,,,,,0.00022,0.00000,3.6,0.00004,1,,,,,0.00022,0.00000,3.7,0.00005
1780,1,,,,,0.00022,0.00000,3.6,0.00004,1,,,,,0.00022,0.00000,3.5,0.00004
1781,1,,,,,0.00022,0.00000,3.6,0.00004,1,,,,,0.00022,0.00000,3.4,0.00004
1782,1,,,,,0.00022,0.00000,3.6,0.00005,1,,,,,0.00022,0.00000,3.5,0.00004
1783,1,,,,,0.00022,0.00000,3.5,0.00004,1,,,,,0.00022,0.00000,3.4,0.00004
1784,1,,,,,0.00022,0.00000,3.5,0.00004,1,,,,,0.00022,0.00000,3.4,0.00004
1785,1,,,,,0.00022,0.00000,3.6,0.00004,1,,,,,0.00022,0.00000,3.5,0.00004
1786,1,,,,,0.00022,0.00001,3.5,0.00004,1,,,,,0.00022,0.00000,3.5,0.00004
1787,1,,,,,0.00022,0.00000,3.5,0.00004,1,,,,,0.00022,0.00001,3.5,0.00004
1788,1,,,,,0.00022,0.00000,3.7,0.00004,1,,,,,0.00022,0.00001,3.5,0.00004
1789,1,,,,,0.00022,0.00000,3.7,0.00005,1,,,,,0.00022,0.00000,3.5,0.00004
1790,1,,,,,0.00022,0.00000,3.8,0.00004,1,,,,,0.00022,0.00000,3.5,0.00004
1791,1,,,,,0.00022,0.00000,3.7,0.00004,1,,,,,0.00022,0.00000,3.5,0.00004
1792,1,,,,,0.00022,0.00000,3.6,0.00004,1,,,,,0.00022,0.00000,3.5,0.00004
1793,1,,,,,0.00022,0.00001,3.5,0.00004,1,,,,,0.00022,0.00000,3.5,0.00004
1794,1,,,,,0.00022,0.00000,3.6,0.00004,1,,,,,0.00022,0.00001,3.5,0.00004
1795,1,,,,,0.00022,0.00000,3.6,0.00004,1,,,,,0.00022,0.00000,3.5,0.00004
1796,1,,,,,0.00022,0.00000,3.6,0.00004,1,,,,,0.00022,0.00001,3.5,0.00004
1797,1,,,,,0.00022,0.00000,3.6,0.00004,1,,,,,0.00022,0.00000,3.5,0.00004
1798,1,,,,,0.00022,0.00000,3.5,0.00004,1,,,,,0.00022,0.00000,3.7,0.00004
1799,1,,,,,0.00022,0.00000,3.6,0.00004,1,,,,,0.00022,0.00000,3.8,0.00004
1800,1,,,,,0.00022,0.00000,3.6,0.00004,1,,,,,0.00022,0.00000,3.7,0.00004
1801,1,,,,,0.00022,0.00000,3.6,0.00004,1,,,,,0.00022,0.00001,3.6,0.00004
1802,1,,,,,0.00022,0.00000,3.8,0.00004,1,,,,,0.00022,0.00000,3.7,0.00004
1803,1,,,,,0.00022,0.00000,3.8,0.00004,1,,,,,0.00022,0.00001,3.7,0.00004
1804,1,,,,,0.00022,0.00000,3.8,0.00004,1,,,,,0.00022,0.00001,3.8,0.00004
1805,1,,,,,0.00022,0.00000,3.7,0.00004,1,,,,,0.00022,0.00001,3.8,0.00004
1806,1,,,,,0.00022,0.00001,3.7,0.00004,1,,,,,0.00022,0.00001,3.7,0.00004
1807,1,,,,,0.00022,0.00000,3.7,0.00004,1,,,,,0.00022,0.00000,3.7,0.00004
1808,1,,,,,0.00022,0.00001,3.7,0.00004,1,,,,,0.00022,0.00001,3.7,0.00004
1809,1,,,,,0.00022,0.00000,3.8,0.00004,1,,,,,0.00022,0.00000,3.7,0.00004
1810,1,,,,,0.00022,0.00000,3.7,0.00005,1,,,,,0.00022,0.00000,3.7,0.00005
1811,1,,,,,0.00022,0.00000,3.7,0.00004,1,,,,,0.00022,0.00000,3.7,0.00004
1812,1,,,,,0.00022,0.00000,3.7,0.00004,1,,,,,0.00022,0.00000,3.8,0.00004
1813,1,,,,,0.00022,0.00000,3.8,0.00004,1,,,,,0.00022,0.00000,3.7,0.00004
1814,1,,,,,0.00022,0.00000,3.8,0.00004,1,,,,,0.00022,0.00000,3.7,0.00005
1815,1,,,,,0.00022,0.00000,3.7,0.00004,1,,,,,0.00022,0.00000,3.8,0.00004
1816,1,,,,,0.00022,0.00001,3.7,0.00004,1,,,,,0.00022,0.00001,3.7,0.00004
1817,1,,,,,0.00022,0.00000,3.8,0.00004,1,,,,,0.00022,0.00000,3.8,0.00004
1818,1,,,,,0.00022,0.00001,3.8,0.00004,1,,,,,0.00022,0.00000,3.5,0.00004
1819,1,,,,,0.00022,0.00000,3.8,0.00004,1,,,,,0.00022,0.00001,3.7,0.00004
1820,1,,,,,0.00022,0.00001,3.8,0.00004,1,,,,,0.00022,0.00001,3.5,0.00004
1821,1,,,,,0.00022,0.00001,3.8,0.00004,1,,,,,0.00022,0.00000,3.4,0.00004
1822,1,,,,,0.00022,0.00001,3.5,0.00004,1,,,,,0.00022,0.00000,3.4,0.00004
1823,1,,,,,0.00022,0.00000,3.7,0.00005,1,,,,,0.00022,0.00000,3.5,0.00004
1824,1,,,,,0.00022,0.00000,3.7,0.00004,1,,,,,0.00022,0.00000,3.5,0.00004
1825,1,,,,,0.00022,0.00000,3.7,0.00004,1,,,,,0.00022,0.00000,3.6,0.00004
1826,1,,,,,0.00022,0.00000,3.7,0.00004,1,,,,,0.00022,0.00000,3.7,0.00004
1827,1,,,,,0.00022,0.00000,3.6,0.00004,1,,,,,0.00022,0.00000,3.5,0.00004
1828,1,,,,,0.00022,0.00000,3.6,0.00004,1,,,,,0.00022,0.00000,3.5,0.00004
1829,1,,,,,0.00022,0.00001,3.7,0.00004,1,,,,,0.00022,0.00000,3.5,0.00004
1830,1,,,,,0.00022,0.00001,3.6,0.00004,1,,,,,0.00022,0.00000,3.4,0.00004
1831,1,,,,,0.00022,0.00001,3.6,0.00004,1,,,,,0.00022,0.00000,3.5,0.00004
1832,1,,,,,0.00022,0.00001,3.6,0.00004,1,,,,,0.00022,0.00000,3.7,0.00004
1833,1,,,,,0.00022,0.00000,3.6,0.00004,1,,,,,0.00022,0.00000,3.5,0.00005
1834,1,,,,,0.00022,0.00000,3.6,0.00004,1,,,,,0.00022,0.00000,3.5,0.00004
1835,1,,,,,0.00022,0.00000,3.6,0.00004,1,,,,,0.00022,0.00000,3.4,0.00004
1836,1,,,,,0.00022,0.00000,3.6,0.00004,1,,,,,0.00022,0.00000,3.5,0.00004
1837,1,,,,,0.00022,0.00001,3.6,0.00004,1,,,,,0.00022,0.00000,3.5,0.00004
1838,1,,,,,0.00022,0.00001,3.6,0.00004,1,,,,,0.00022,0.00000,3.7,0.00004
1839,1,,,,,0.00022,0.00001,3.7,0.00004,1,,,,,0.00022,0.00000,3.7,0.00004
1840,1,,,,,0.00022,0.00000,3.6,0.00004,1,,,,,0.00022,0.00000,3.8,0.00005
1841,1,,,,,0.00022,0.00000,3.7,0.00005,1,,,,,0.00022,0.00000,3.7,0.00004
1842,1,,,,,0.00022,0.00000,3.7,0.00004,1,,,,,0.00022,0.00000,3.7,0.00004
1843,1,,,,,0.00022,0.00000,3.7,0.00004,1,,,,,0.00022,0.00001,3.8,0.00005
1844,1,,,,,0.00022,0.00000,3.6,0.00004,1,,,,,0.00022,0.00000,3.7,0.00004
1845,1,,,,,0.00022,0.00000,3.6,0.00004,1,,,,,0.00022,0.00000,3.6,0.00004
1846,1,,,,,0.00022,0.00000,3.6,0.00004,1,,,,,0.00022,0.00000,3.7,0.00004
1847,1,,,,,0.00022,0.00000,3.6,0.00004,1,,,,,0.00022,0.00001,3.7,0.00004
1848,1,,,,,0.00022,0.00000,3.6,0.00004,1,,,,,0.00022,0.00000,3.7,0.00004
1849,1,,,,,0.00022,0.00000,3.7,0.00004,1,,,,,0.00022,0.00001,3.6,0.00004
1850,1,,,,,0.00022,0.00000,3.8,0.00004,1,,,,,0.00022,0.00001,3.6,0.00004
1851,1,,,,,0.00022,0.00000,3.7,0.00004,1,,,,,0.00022,0.00000,3.7,0.00004
1852,1,,,,,0.00022,0.00000,3.7,0.00004,1,,,,,0.00022,0.00001,3.7,0.00005
1853,1,,,,,0.00022,0.00000,3.7,0.00004,1,,,,,0.00022,0.00001,3.7,0.00004
1854,1,,,,,0.00022,0.00000,3.7,0.00004,1,,,,,0.00022,0.00000,3.7,0.00004
1855,1,,,,,0.00022,0.00001,3.7,0.00004,1,,,,,0.00022,0.00001,3.4,0.00004
1856,1,,,,,0.00022,0.00000,3.7,0.00004,1,,,,,0.00022,0.00000,3.4,0.00004
1857,1,,,,,0.00022,0.00000,3.7,0.00004,1,,,,,0.00022,0.00000,3.5,0.00004
1858,1,,,,,0.00022,0.00000,3.7,0.00004,1,,,,,0.00022,0.00000,3.4,0.00004
1859,1,,,,,0.00022,0.00000,3.6,0.00004,1,,,,,0.00022,0.00000,3.5,0.00004
1860,1,,,,,0.00022,0.00000,3.5,0.00004,1,,,,,0.00022,0.00000,3.5,0.00004
1861,1,,,,,0.00022,0.00000,3.6,0.00004,1,,,,,0.00022,0.00000,3.5,0.00004
1862,1,,,,,0.00022,0.00000,3.6,0.00004,1,,,,,0.00022,0.00000,3.5,0.00004
1863,1,,,,,0.00022,0.00000,3.6,0.00004,1,,,,,0.00022,0.00000,3.5,0.00004
1864,1,,,,,0.00022,0.00000,3.7,0.00004,1,,,,,0.00022,0.00000,3.5,0.00004
1865,1,,,,,0.00022,0.00000,3.8,0.00004,1,,,,,0.00022,0.00001,3.4,0.00004
1866,1,,,,,0.00022,0.00000,3.7,0.00004,1,,,,,0.00022,0.00000,3.5,0.00004
1867,1,,,,,0.00022,0.00000,3.6,0.00004,1,,,,,0.00022,0.00000,3.5,0.00004
1868,1,,,,,0.00022,0.00000,3.6,0.00004,1,,,,,0.00022,0.00001,3.5,0.00004
1869,1,,,,,0.00022,0.00000,3.7,0.00004,1,,,,,0.00022,0.00000,3.5,0.00004
1870,1,,,,,0.00022,0.00000,3.8,0.00004,1,,,,,0.00022,0.00000,3.4,0.00004
1871,1,,,,,0.00022,0.00000,3.8,0.00004,1,,,,,0.00022,0.00000,3.5,0.00004
1872,1,,,,,0.00022,0.00000,3.7,0.00004,1,,,,,0.00022,0.00000,3.6,0.00004
1873,1,,,,,0.00022,0.00000,3.7,0.00004,1,,,,,0.00022,0.00000,3.5,0.00004
1874,1,,,,,0.00022,0.00000,3.8,0.00004,1,,,,,0.00022,0.00000,3.5,0.00004
1875,1,,,,,0.00022,0.00000,3.7,0.00004,1,,,,,0.00022,0.00000,3.5,0.00004
1876,1,,,,,0.00022,0.00000,3.7,0.00004,1,,,,,0.00022,0.00000,3.7,0.00004
1877,1,,,,,0.00022,0.00000,3.8,0.00004,1,,,,,0.00022,0.00000,3.7,0.00004
1878,1,,,,,0.00022,0.00000,3.6,0.00004,1,,,,,0.00022,0.00000,3.6,0.00004
1879,1,,,,,0.00022,0.00000,3.7,0.00004,1,,,,,0.00022,0.00000,3.7,0.00004
1880,1,,,,,0.00022,0.00000,3.7,0.00005,1,,,,,0.00022,0.00000,3.7,0.00004
1881,1,,,,,0.00022,0.00000,3.7,0.00004,1,,,,,0.00022,0.00000,3.7,0.00004
1882,1,,,,,0.00022,0.00001,3.7,0.00004,1,,,,,0.00022,0.00000,3.7,0.00004
1883,1,,,,,0.00022,0.00001,3.7,0.00004,1,,,,,0.00022,0.00000,3.7,0.00005
1884,1,,,,,0.00022,0.00000,3.5,0.00004,1,,,,,0.00022,0.00000,3.5,0.00004
1885,1,,,,,0.00022,0.00000,3.5,0.00004,1,,,,,0.00022,0.00000,3.5,0.00004
1886,1,,,,,0.00022,0.00000,3.6,0.00004,1,,,,,0.00022,0.00000,3.6,0.00004
1887,1,,,,,0.00022,0.00001,3.7,0.00004,1,,,,,0.00022,0.00000,3.7,0.00004
1888,1,,,,,0.00022,0.00000,3.6,0.00004,1,,,,,0.00022,0.00000,3.7,0.00005
1889,1,,,,,0.00022,0.00000,3.7,0.00004,1,,,,,0.00022,0.00000,3.7,0.00004
1890,1,,,,,0.00022,0.00000,3.7,0.00005,1,,,,,0.00022,0.00000,3.6,0.00004
1891,1,,,,,0.00022,0.00000,3.7,0.00005,1,,,,,0.00022,0.00000,3.7,0.00004
1892,1,,,,,0.00022,0.00000,3.7,0.00004,1,,,,,0.00022,0.00001,3.8,0.00004
1893,1,,,,,0.00022,0.00000,3.7,0.00004,1,,,,,0.00022,0.00001,3.7,0.00005
1894,1,,,,,0.00022,0.00000,3.7,0.00004,1,,,,,0.00022,0.00000,3.7,0.00004
1895,1,,,,,0.00022,0.00000,3.7,0.00005,1,,,,,0.00022,0.00000,3.7,0.00004
1896,1,,,,,0.00022,0.00000,3.6,0.00004,1,,,,,0.00022,0.00000,3.5,0.00004
1897,1,,,,,0.00022,0.00000,3.7,0.00004,1,,,,,0.00022,0.00000,3.4,0.00004
1898,1,,,,,0.00022,0.00000,3.7,0.00004,1,,,,,0.00022,0.00001,3.4,0.00004
1899,1,,,,,0.00022,0.00000,3.6,0.00004,1,,,,,0.00022,0.00001,3.4,0.00004
1900,1,,,,,0.00022,0.00000,3.5,0.00004,1,,,,,0.00022,0.00000,3.5,0.00004
1901,1,,,,,0.00022,0.00000,3.5,0.00004,1,,,,,0.00022,0.00000,3.4,0.00004
1902,1,,,,,0.00022,0.00000,3.5,0.00004,1,,,,,0.00022,0.00000,3.5,0.00004
1903,1,,,,,0.00022,0.00000,3.5,0.00004,1,,,,,0.00022,0.00000,3.5,0.00004
1904,1,,,,,0.00022,0.00000,3.6,0.00005,1,,,,,0.00022,0.00000,3.5,0.00004
1905,1,,,,,0.00022,0.00000,3.6,0.00004,1,,,,,0.00022,0.00000,3.4,0.00004
1906,1,,,,,0.00022,0.00000,3.6,0.00004,1,,,,,0.00022,0.00000,3.5,0.00004
1907,1,,,,,0.00022,0.00000,3.6,0.00004,1,,,,,0.00022,0.00000,3.5,0.00004
1908,1,,,,,0.00022,0.00000,3.6,0.00004,1,,,,,0.00022,0.00000,3.5,0.00004
1909,1,,,,,0.00022,0.00000,3.6,0.00004,1,,,,,0.00022,0.00000,3.5,0.00004
1910,1,,,,,0.00022,0.00000,3.6,0.00004,1,,,,,0.00022,0.00000,3.4,0.00004
1911,1,,,,,0.00022,0.00000,3.7,0.00004,1,,,,,0.00022,0.00001,3.5,0.00004
1912,1,,,,,0.00022,0.00000,3.8,0.00004,1,,,,,0.00022,0.00000,3.4,0.00004
1913,1,,,,,0.00022,0.00000,3.7,0.00005,1,,,,,0.00022,0.00000,3.6,0.00004
1914,1,,,,,0.00022,0.00000,3.6,0.00004,1,,,,,0.00022,0.00000,3.6,0.00005
1915,1,,,,,0.00022,0.00000,3.7,0.00005,1,,,,,0.00022,0.00000,3.7,0.00004
1916,1,,,,,0.00022,0.00000,3.7,0.00005,1,,,,,0.00022,0.00000,3.6,0.00004
1917,1,,,,,0.00022,0.00000,3.7,0.00004,1,,,,,0.00022,0.00001,3.7,0.00004
1918,1,,,,,0.00022,0.00001,3.8,0.00004,1,,,,,0.00022,0.00000,3.7,0.00005
1919,1,,,,,0.00022,0.00000,3.7,0.00004,1,,,,,0.00022,0.00000,3.7,0.00004
1920,1,,,,,0.00022,0.00000,3.8,0.00005,1,,,,,0.00022,0.00000,3.6,0.00004
1921,1,,,,,0.00022,0.00000,3.7,0.00004,1,,,,,0.00022,0.00001,3.7,0.00004
1922,1,,,,,0.00022,0.00001,3.7,0.00004,1,,,,,0.00022,0.00000,3.7,0.00004
1923,1,,,,,0.00022,0.00001,3.7,0.00004,1,,,,,0.00022,0.00000,3.7,0.00004
1924,1,,,,,0.00022,0.00001,3.7,0.00004,1,,,,,0.00022,0.00000,3.8,0.00005
1925,1,,,,,0.00022,0.00000,3.7,0.00004,1,,,,,0.00022,0.00001,3.7,0.00004
1926,1,,,,,0.00022,0.00000,3.7,0.00005,1,,,,,0.00022,0.00000,3.7,0.00004
1927,1,,,,,0.00022,0.00000,3.7,0.00004,1,,,,,0.00022,0.00000,3.7,0.00004
1928,1,,,,,0.00022,0.00000,3.8,0.00004,1,,,,,0.00022,0.00001,3.7,0.00004
1929,1,,,,,0.00022,0.00001,3.7,0.00005,1,,,,,0.00022,0.00000,3.7,0.00004
1930,1,,,,,0.00022,0.00000,3.7,0.00004,1,,,,,0.00022,0.00000,3.4,0.00004
1931,1,,,,,0.00022,0.00001,3.7,0.00005,1,,,,,0.00022,0.00000,3.7,0.00004
1932,1,,,,,0.00022,0.00001,3.7,0.00005,1,,,,,0.00022,0.00000,3.5,0.00004
1933,1,,,,,0.00022,0.00001,3.7,0.00005,1,,,,,0.00022,0.00000,3.4,0.00004
1934,1,,,,,0.00022,0.00000,3.7,0.00004,1,,,,,0.00022,0.00000,3.4,0.00004
1935,1,,,,,0.00022,0.00000,3.4,0.00004,1,,,,,0.00022,0.00000,3.5,0.00004
1936,1,,,,,0.00022,0.00000,3.6,0.00004,1,,,,,0.00022,0.00000,3.5,0.00004
1937,1,,,,,0.00022,0.00000,3.5,0.00004,1,,,,,0.00022,0.00000,3.5,0.00004
1938,1,,,,,0.00022,0.00001,3.4,0.00004,1,,,,,0.00022,0.00001,3.5,0.00004
1939,1,,,,,0.00022,0.00000,3.5,0.00004,1,,,,,0.00022,0.00000,3.5,0.00004
1940,1,,,,,0.00022,0.00001,3.4,0.00004,1,,,,,0.00022,0.00001,3.5,0.00004
1941,1,,,,,0.00022,0.00000,3.4,0.00004,1,,,,,0.00022,0.00001,3.5,0.00004
1942,1,,,,,0.00022,0.00000,3.4,0.00004,1,,,,,0.00022,0.00000,3.5,0.00004
1943,1,,,,,0.00022,0.00001,3.4,0.00004,1,,,,,0.00022,0.00000,3.5,0.00004
1944,1,,,,,0.00022,0.00001,3.4,0.00004,1,,,,,0.00022,0.00000,3.5,0.00004
1945,1,,,,,0.00022,0.00000,3.7,0.00004,1,,,,,0.00022,0.00000,3.6,0.00004
1946,1,,,,,0.00022,0.00000,3.8,0.00004,1,,,,,0.00022,0.00000,3.8,0.00004
1947,1,,,,,0.00022,0.00001,3.7,0.00004,1,,,,,0.00022,0.00000,3.7,0.00004
1948,1,,,,,0.00022,0.00000,3.7,0.00004,1,,,,,0.00022,0.00000,3.7,0.00004
1949,1,,,,,0.00022,0.00000,3.8,0.00004,1,,,,,0.00022,0.00001,3.7,0.00004
1950,1,,,,,0.00022,0.00000,3.8,0.00004,1,,,,,0.00022,0.00000,3.7,0.00004
1951,1,,,,,0.00022,0.00000,3.7,0.00004,1,,,,,0.00022,0.00001,3.7,0.00004
1952,1,,,,,0.00022,0.00001,3.7,0.00004,1,,,,,0.00022,0.00000,3.7,0.00004
1953,1,,,,,0.00022,0.00000,3.6,0.00004,1,,,,,0.00022,0.00000,3.7,0.00004
1954,1,,,,,0.00022,0.00001,3.7,0.00004,1,,,,,0.00022,0.00000,3.7,0.00004
1955,1,,,,,0.00022,0.00000,3.7,0.00004,1,,,,,0.00022,0.00000,3.7,0.00004
1956,1,,,,,0.00022,0.00000,3.7,0.00004,1,,,,,0.00022,0.00000,3.8,0.00004
1957,1,,,,,0.00022,0.00000,3.7,0.00004,1,,,,,0.00022,0.00001,3.7,0.00004
1958,1,,,,,0.00022,0.00000,3.8,0.00005,1,,,,,0.00022,0.00000,3.7,0.00004
1959,1,,,,,0.00022,0.00001,3.7,0.00004,1,,,,,0.00022,0.00000,3.7,0.00004
1960,1,,,,,0.00022,0.00000,3.8,0.00005,1,,,,,0.00022,0.00000,3.7,0.00004
1961,1,,,,,0.00022,0.00000,3.7,0.00004,1,,,,,0.00022,0.00000,3.7,0.00004
1962,1,,,,,0.00022,0.00000,3.8,0.00004,1,,,,,0.00022,0.00000,3.7,0.00004
1963,1,,,,,0.00022,0.00000,3.7,0.00005,1,,,,,0.00022,0.00000,3.7,0.00004
1964,1,,,,,0.00022,0.00000,3.7,0.00004,1,,,,,0.00022,0.00001,3.7,0.00004
1965,1,,,,,0.00022,0.00000,3.6,0.00005,1,,,,,0.00022,0.00000,3.7,0.00004
1966,1,,,,,0.00022,0.00000,3.7,0.00004,1,,,,,0.00022,0.00000,3.5,0.00004
1967,1,,,,,0.00022,0.00000,3.7,0.00004,1,,,,,0.00022,0.00000,3.5,0.00004
1968,1,,,,,0.00022,0.00000,3.7,0.00004,1,,,,,0.00022,0.00000,3.5,0.00005
1969,1,,,,,0.00022,0.00000,3.8,0.00005,1,,,,,0.00022,0.00000,3.5,0.00004
1970,1,,,,,0.00022,0.00000,3.8,0.00005,1,,,,,0.00022,0.00000,3.5,0.00004
1971,1,,,,,0.00022,0.00000,3.7,0.00004,1,,,,,0.00022,0.00000,3.5,0.00004
1972,1,,,,,0.00022,0.00000,3.7,0.00005,1,,,,,0.00022,0.00001,3.5,0.00004
1973,1,,,,,0.00022,0.00000,3.7,0.00004,1,,,,,0.00022,0.00000,3.5,0.00004
1974,1,,,,,0.00022,0.00000,3.7,0.00005,1,,,,,0.00022,0.00001,3.4,0.00004
1975,1,,,,,0.00022,0.00000,3.6,0.00004,1,,,,,0.00022,0.00001,3.5,0.00004
1976,1,,,,,0.00022,0.00000,3.7,0.00005,1,,,,,0.00022,0.00000,3.5,0.00004
1977,1,,,,,0.00022,0.00001,3.7,0.00005,1,,,,,0.00022,0.00000,3.5,0.00004
1978,1,,,,,0.00022,0.00000,3.7,0.00004,1,,,,,0.00022,0.00001,3.5,0.00004
1979,1,,,,,0.00022,0.00000,3.6,0.00004,1,,,,,0.00022,0.00000,3.5,0.00004
1980,1,,,,,0.00022,0.00001,3.5,0.00004,1,,,,,0.00022,0.00000,3.5,0.00004
1981,1,,,,,0.00022,0.00000,3.5,0.00004,1,,,,,0.00022,0.00000,3.5,0.00004
1982,1,,,,,0.00022,0.00000,3.6,0.00004,1,,,,,0.00022,0.00000,3.5,0.00004
1983,1,,,,,0.00022,0.00000,3.6,0.00004,1,,,,,0.00022,0.00000,3.5,0.00004
1984,1,,,,,0.00022,0.00000,3.5,0.00004,1,,,,,0.00022,0.00000,3.5,0.00004
1985,1,,,,,0.00022,0.00000,3.5,0.00004,1,,,,,0.00022,0.00000,3.5,0.00004
1986,1,,,,,0.00022,0.00001,3.6,0.00004,1,,,,,0.00022,0.00000,3.5,0.00004
1987,1,,,,,0.00022,0.00000,3.7,0.00005,1,,,,,0.00022,0.00000,3.5,0.00004
1988,1,,,,,0.00022,0.00000,3.6,0.00005,1,,,,,0.00022,0.00000,3.7,0.00004
1989,1,,,,,0.00022,0.00000,3.7,0.00005,1,,,,,0.00022,0.00000,3.7,0.00004
1990,1,,,,,0.00022,0.00001,3.7,0.00004,1,,,,,0.00022,0.00001,3.7,0.00004
1991,1,,,,,0.00022,0.00000,3.7,0.00004,1,,,,,0.00022,0.00001,3.8,0.00005
1992,1,,,,,0.00022,0.00000,3.8,0.00005,1,,,,,0.00022,0.00001,3.7,0.00004
1993,1,,,,,0.00022,0.00000,3.7,0.00004,1,,,,,0.00022,0.00000,3.7,0.00004
1994,1,,,,,0.00022,0.00000,3.7,0.00004,1,,,,,0.00022,0.00000,3.7,0.00004
1995,1,,,,,0.00022,0.00000,3.8,0.00005,1,,,,,0.00022,0.00000,3.7,0.00004
1996,1,,,,,0.00022,0.00000,3.7,0.00005,1,,,,,0.00022,0.00000,3.7,0.00004
1997,1,,,,,0.00022,0.00000,3.8,0.00004,1,,,,,0.00022,0.00001,3.7,0.00004
1998,1,,,,,0.00022,0.00000,3.7,0.00005,1,,,,,0.00022,0.00000,3.7,0.00004
1999,1,,,,,0.00022,0.00000,3.8,0.00005,1,,,,,0.00022,0.00000,3.7,0.00004
2000,1,,,,,0.00022,0.00000,3.7,0.00005,1,,,,,0.00022,0.00001,3.6,0.00004
2001,1,,,,,0.00022,0.00000,3.7,0.00004,1,,,,,0.00022,0.00000,3.7,0.00004
2002,1,,,,,0.00022,0.00000,3.7,0.00004,1,,,,,0.00022,0.00000,3.7,0.00004
2003,1,,,,,0.00022,0.00000,3.5,0.00004,1,,,,,0.00022,0.00000,3.4,0.00004
2004,1,,,,,0.00022,0.00000,3.4,0.00004,1,,,,,0.00022,0.00000,3.4,0.00004
2005,1,,,,,0.00022,0.00000,3.6,0.00004,1,,,,,0.00022,0.00001,3.4,0.00005
2006,1,,,,,0.00022,0.00000,3.5,0.00004,1,,,,,0.00022,0.00000,3.5,0.00004
2007,1,,,,,0.00022,0.00000,3.4,0.00004,1,,,,,0.00022,0.00000,3.5,0.00004
2008,1,,,,,0.00022,0.00000,3.4,0.00004,1,,,,,0.00022,0.00001,3.5,0.00004
2009,1,,,,,0.00022,0.00000,3.4,0.00004,1,,,,,0.00022,0.00000,3.5,0.00004
2010,1,,,,,0.00022,0.00000,3.4,0.00004,1,,,,,0.00022,0.00000,3.5,0.00004
2011,1,,,,,0.00022,0.00000,3.4,0.00004,1,,,,,0.00022,0.00001,3.5,0.00004
2012,1,,,,,0.00022,0.00000,3.4,0.00004,1,,,,,0.00022,0.00000,3.4,0.00004
2013,1,,,,,0.00022,0.00000,3.4,0.00004,1,,,,,0.00022,0.00000,3.4,0.00004
2014,1,,,,,0.00022,0.00000,3.4,0.00004,1,,,,,0.00022,0.00000,3.5,0.00004
2015,1,,,,,0.00022,0.00000,3.4,0.00004,1,,,,,0.00022,0.00000,3.5,0.00004
2016,1,,,,,0.00022,0.00000,3.5,0.00004,1,,,,,0.00022,0.00001,3.5,0.00004
2017,1,,,,,0.00022,0.00000,3.4,0.00004,1,,,,,0.00022,0.00001,3.5,0.00004
2018,1,,,,,0.00022,0.00000,3.4,0.00004,1,,,,,0.00022,0.00000,3.5,0.00004
2019,1,,,,,0.00022,0.00000,3.4,0.00004,1,,,,,0.00022,0.00000,3.5,0.00004
2020,1,,,,,0.00022,0.00000,3.4,0.00004,1,,,,,0.00022,0.00000,3.5,0.00004
2021,1,,,,,0.00022,0.00000,3.5,0.00004,1,,,,,0.00022,0.00000,3.5,0.00004
2022,1,,,,,0.00022,0.00000,3.4,0.00004,1,,,,,0.00022,0.00000,3.5,0.00004
2023,1,,,,,0.00022,0.00000,3.4,0.00004,1,,,,,0.00022,0.00000,3.7,0.00004
2024,1,,,,,0.00022,0.00000,3.5,0.00004,1,,,,,0.00022,0.00000,3.8,0.00004
2025,1,,,,,0.00022,0.00001,3.4,0.00004,1,,,,,0.00022,0.00000,3.7,0.00004
2026,1,,,,,0.00022,0.00000,3.7,0.00004,1,,,,,0.00022,0.00001,3.7,0.00004
2027,1,,,,,0.00022,0.00000,3.7,0.00004,1,,,,,0.00022,0.00000,3.7,0.00004
2028,1,,,,,0.00022,0.00001,3.7,0.00005,1,,,,,0.00022,0.00000,3.7,0.00004
2029,1,,,,,0.00022,0.00000,3.7,0.00004,1,,,,,0.00022,0.00000,3.7,0.00004
2030,1,,,,,0.00022,0.00000,3.5,0.00004,1,,,,,0.00022,0.00000,3.5,0.00004
2031,1,,,,,0.00022,0.00001,3.5,0.00004,1,,,,,0.00022,0.00000,3.4,0.00004
2032,1,,,,,0.00022,0.00001,3.7,0.00004,1,,,,,0.00022,0.00001,3.7,0.00004
2033,1,,,,,0.00022,0.00000,3.7,0.00004,1,,,,,0.00022,0.00001,3.7,0.00005
2034,1,,,,,0.00022,0.00000,3.6,0.00004,1,,,,,0.00022,0.00000,3.7,0.00004
2035,1,,,,,0.00022,0.00000,3.6,0.00004,1,,,,,0.00022,0.00000,3.7,0.00004
2036,1,,,,,0.00022,0.00001,3.6,0.00004,1,,,,,0.00022,0.00001,3.6,0.00004
2037,1,,,,,0.00022,0.00000,3.6,0.00004,1,,,,,0.00022,0.00000,3.6,0.00004
2038,1,,,,,0.00022,0.00001,3.7,0.00004,1,,,,,0.00022,0.00000,3.7,0.00005
2039,1,,,,,0.00022,0.00000,3.6,0.00004,1,,,,,0.00022,0.00000,3.7,0.00004
2040,1,,,,,0.00022,0.00000,3.6,0.00004,1,,,,,0.00022,0.00000,3.7,0.00004
2041,1,,,,,0.00022,0.00001,3.7,0.00004,1,,,,,0.00022,0.00000,3.6,0.00004
2042,1,,,,,0.00022,0.00000,3.7,0.00004,1,,,,,0.00022,0.00001,3.7,0.00004
2043,1,,,,,0.00022,0.00000,3.7,0.00005,1,,,,,0.00022,0.00000,3.7,0.00004
2044,1,,,,,0.00022,0.00000,3.7,0.00004,1,,,,,0.00022,0.00001,3.8,0.00004
2045,1,,,,,0.00022,0.00001,3.7,0.00005,1,,,,,0.00022,0.00000,3.7,0.00004
2046,1,,,,,0.00022,0.00000,3.7,0.00005,1,,,,,0.00022,0.00000,3.5,0.00004
2047,1,,,,,0.00022,0.00000,3.7,0.00005,1,,,,,0.00022,0.00000,3.5,0.00004
2048,1,,,,,0.00022,0.00000,3.7,0.00004,1,,,,,0.00022,0.00000,3.5,0.00004
2049,1,,,,,0.00022,0.00000,3.6,0.00004,1,,,,,0.00022,0.00000,3.5,0.00004
2050,1,,,,,0.00022,0.00000,3.6,0.00004,1,,,,,0.00022,0.00000,3.4,0.00004
2051,1,,,,,0.00022,0.00000,3.6,0.00004,1,,,,,0.00022,0.00000,3.5,0.00004
2052,1,,,,,0.00022,0.00000,3.4,0.00004,1,,,,,0.00022,0.00001,3.5,0.00004
2053,1,,,,,0.00022,0.00000,3.4,0.00004,1,,,,,0.00022,0.00001,3.5,0.00004
2054,1,,,,,0.00022,0.00000,3.4,0.00004,1,,,,,0.00022,0.00000,3.5,0.00004
2055,1,,,,,0.00022,0.00000,3.4,0.00004,1,,,,,0.00022,0.00000,3.5,0.00004
2056,1,,,,,0.00022,0.00000,3.4,0.00004,1,,,,,0.00022,0.00000,3.5,0.00004
2057,1,,,,,0.00022,0.00000,3.5,0.00004,1,,,,,0.00022,0.00000,3.7,0.00004
2058,1,,,,,0.00022,0.00000,3.5,0.00004,1,,,,,0.00022,0.00000,3.7,0.00004
2059,1,,,,,0.00022,0.00000,3.6,0.00004,1,,,,,0.00022,0.00000,3.5,0.00004
2060,1,,,,,0.00022,0.00001,3.5,0.00004,1,,,,,0.00022,0.00000,3.5,0.00004
2061,1,,,,,0.00022,0.00000,3.4,0.00004,1,,,,,0.00022,0.00000,3.5,0.00004
2062,1,,,,,0.00022,0.00000,3.5,0.00004,1,,,,,0.00022,0.00000,3.5,0.00004
2063,1,,,,,0.00022,0.00000,3.6,0.00004,1,,,,,0.00022,0.00000,3.7,0.00004
2064,1,,,,,0.00022,0.00000,3.6,0.00004,1,,,,,0.00022,0.00001,3.7,0.00004
2065,1,,,,,0.00022,0.00000,3.7,0.00004,1,,,,,0.00022,0.00000,3.7,0.00004
2066,1,,,,,0.00022,0.00000,3.7,0.00004,1,,,,,0.00022,0.00001,3.6,0.00004
2067,1,,,,,0.00022,0.00001,3.6,0.00004,1,,,,,0.00022,0.00000,3.7,0.00004
2068,1,,,,,0.00022,0.00000,3.6,0.00004,1,,,,,0.00022,0.00000,3.7,0.00004
2069,1,,,,,0.00022,0.00001,3.6,0.00004,1,,,,,0.00022,0.00000,3.6,0.00004
2070,1,,,,,0.00022,0.00000,3.6,0.00004,1,,,,,0.00022,0.00001,3.7,0.00004
2071,1,,,,,0.00022,0.00001,3.7,0.00004,1,,,,,0.00022,0.00000,3.7,0.00004
2072,1,,,,,0.00022,0.00001,3.6,0.00004,1,,,,,0.00022,0.00001,3.7,0.00004
2073,1,,,,,0.00022,0.00000,3.6,0.00005,1,,,,,0.00022,0.00000,3.7,0.00004
2074,1,,,,,0.00022,0.00000,3.7,0.00004,1,,,,,0.00022,0.00000,3.7,0.00004
2075,1,,,,,0.00022,0.00000,3.7,0.00004,1,,,,,0.00022,0.00000,3.7,0.00004
2076,1,,,,,0.00022,0.00000,3.7,0.00004,1,,,,,0.00022,0.00001,3.7,0.00004
2077,1,,,,,0.00022,0.00000,3.5,0.00004,1,,,,,0.00022,0.00001,3.4,0.00004
2078,1,,,,,0.00022,0.00000,3.4,0.00004,1,,,,,0.00022,0.00000,3.5,0.00004
2079,1,,,,,0.00022,0.00000,3.6,0.00004,1,,,,,0.00022,0.00000,3.6,0.00004
2080,1,,,,,0.00022,0.00001,3.5,0.00005,1,,,,,0.00022,0.00000,3.4,0.00004
2081,1,,,,,0.00022,0.00000,3.5,0.00004,1,,,,,0.00022,0.00000,3.5,0.00004
2082,1,,,,,0.00022,0.00001,3.4,0.00004,1,,,,,0.00022,0.00000,3.4,0.00004
2083,1,,,,,0.00022,0.00000,3.4,0.00004,1,,,,,0.00022,0.00000,3.4,0.00004
2084,1,,,,,0.00022,0.00000,3.5,0.00004,1,,,,,0.00022,0.00000,3.5,0.00004
2085,1,,,,,0.00022,0.00001,3.4,0.00004,1,,,,,0.00022,0.00000,3.5,0.00004
2086,1,,,,,0.00022,0.00000,3.5,0.00004,1,,,,,0.00022,0.00000,3.5,0.00004
2087,1,,,,,0.00022,0.00000,3.5,0.00004,1,,,,,0.00022,0.00000,3.4,0.00004
2088,1,,,,,0.00022,0.00000,3.4,0.00004,1,,,,,0.00022,0.00000,3.5,0.00004
2089,1,,,,,0.00022,0.00001,3.5,0.00004,1,,,,,0.00022,0.00000,3.5,0.00004
2090,1,,,,,0.00022,0.00000,3.4,0.00004,1,,,,,0.00022,0.00000,3.5,0.00004
2091,1,,,,,0.00022,0.00000,3.5,0.00004,1,,,,,0.00022,0.00001,3.5,0.00004
2092,1,,,,,0.00022,0.00000,3.5,0.00004,1,,,,,0.00022,0.00000,3.5,0.00004
2093,1,,,,,0.00022,0.00000,3.5,0.00004,1,,,,,0.00022,0.00000,3.5,0.00004
2094,1,,,,,0.00022,0.00000,3.5,0.00004,1,,,,,0.00022,0.00000,3.5,0.00004
2095,1,,,,,0.00022,0.00001,3.5,0.00004,1,,,,,0.00022,0.00000,3.6,0.00004
2096,1,,,,,0.00022,0.00000,3.5,0.00004,1,,,,,0.00022,0.00000,3.5,0.00005
2097,1,,,,,0.00022,0.00000,3.5,0.00004,1,,,,,0.00022,0.00000,3.5,0.00004
2098,1,,,,,0.00022,0.00000,3.4,0.00004,1,,,,,0.00022,0.00000,3.7,0.00004
2099,1,,,,,0.00022,0.00000,3.4,0.00004,1,,,,,0.00022,0.00000,3.8,0.00004
2100,1,,,,,0.00022,0.00000,3.5,0.00004,1,,,,,0.00022,0.00000,3.8,0.00004
2101,1,,,,,0.00022,0.00000,3.7,0.00004,1,,,,,0.00022,0.00001,3.7,0.00004
2102,1,,,,,0.00022,0.00001,3.7,0.00004,1,,,,,0.00022,0.00000,3.7,0.00004
2103,1,,,,,0.00022,0.00000,3.7,0.00004,1,,,,,0.00022,0.00000,3.7,0.00004
2104,1,,,,,0.00022,0.00000,3.8,0.00004,1,,,,,0.00022,0.00000,3.8,0.00004
2105,1,,,,,0.00022,0.00000,3.7,0.00004,1,,,,,0.00022,0.00000,3.7,0.00005
2106,1,,,,,0.00022,0.00000,3.7,0.00004,1,,,,,0.00022,0.00000,3.7,0.00004
2107,1,,,,,0.00022,0.00000,3.7,0.00004,1,,,,,0.00022,0.00000,3.6,0.00004
2108,1,,,,,0.00022,0.00000,3.8,0.00005,1,,,,,0.00022,0.00000,3.7,0.00004
2109,1,,,,,0.00022,0.00001,3.7,0.00004,1,,,,,0.00022,0.00000,3.7,0.00004
2110,1,,,,,0.00022,0.00000,3.8,0.00004,1,,,,,0.00022,0.00001,3.7,0.00004
2111,1,,,,,0.00022,0.00001,3.7,0.00004,1,,,,,0.00022,0.00000,3.7,0.00004
2112,1,,,,,0.00022,0.00001,3.7,0.00004,1,,,,,0.00022,0.00000,3.7,0.00004
2113,1,,,,,0.00022,0.00001,3.7,0.00004,1,,,,,0.00022,0.00000,3.7,0.00004
2114,1,,,,,0.00022,0.00000,3.7,0.00004,1,,,,,0.00022,0.00001,3.7,0.00004
2115,1,,,,,0.00022,0.00000,3.7,0.00004,1,,,,,0.00022,0.00001,3.7,0.00004
2116,1,,,,,0.00022,0.00000,3.5,0.00004,1,,,,,0.00022,0.00001,3.5,0.00004
2117,1,,,,,0.00022,0.00000,3.4,0.00004,1,,,,,0.00022,0.00000,3.5,0.00004
2118,1,,,,,0.00022,0.00000,3.5,0.00004,1,,,,,0.00022,0.00000,3.4,0.00004
2119,1,,,,,0.00022,0.00000,3.5,0.00004,1,,,,,0.00022,0.00000,3.5,0.00004
2120,1,,,,,0.00022,0.00000,3.5,0.00004,1,,,,,0.00022,0.00000,3.4,0.00004
2121,1,,,,,0.00022,0.00000,3.5,0.00004,1,,,,,0.00022,0.00000,3.5,0.00004
2122,1,,,,,0.00022,0.00000,3.5,0.00004,1,,,,,0.00022,0.00000,3.5,0.00004
2123,1,,,,,0.00022,0.00000,3.5,0.00004,1,,,,,0.00022,0.00000,3.5,0.00004
2124,1,,,,,0.00022,0.00001,3.5,0.00004,1,,,,,0.00022,0.00000,3.5,0.00004
2125,1,,,,,0.00022,0.00001,3.5,0.00004,1,,,,,0.00022,0.00001,3.5,0.00004
2126,1,,,,,0.00022,0.00000,3.5,0.00004,1,,,,,0.00022,0.00000,3.5,0.00004
2127,1,,,,,0.00022,0.00000,3.6,0.00004,1,,,,,0.00022,0.00000,3.4,0.00004
2128,1,,,,,0.00022,0.00000,3.5,0.00004,1,,,,,0.00022,0.00000,3.5,0.00004
2129,1,,,,,0.00022,0.00001,3.5,0.00004,1,,,,,0.00022,0.00000,3.5,0.00004
2130,1,,,,,0.00022,0.00000,3.5,0.00004,1,,,,,0.00022,0.00000,3.5,0.00005
2131,1,,,,,0.00022,0.00000,3.5,0.00004,1,,,,,0.00022,0.00000,3.5,0.00004
2132,1,,,,,0.00022,0.00000,3.4,0.00004,1,,,,,0.00022,0.00000,3.4,0.00004
2133,1,,,,,0.00022,0.00000,3.5,0.00004,1,,,,,0.00022,0.00000,3.5,0.00004
2134,1,,,,,0.00022,0.00000,3.6,0.00004,1,,,,,0.00022,0.00000,3.5,0.00004
2135,1,,,,,0.00022,0.00000,3.6,0.00004,1,,,,,0.00022,0.00000,3.5,0.00004
2136,1,,,,,0.00022,0.00000,3.5,0.00004,1,,,,,0.00022,0.00000,3.5,0.00004
2137,1,,,,,0.00022,0.00000,3.5,0.00004,1,,,,,0.00022,0.00000,3.5,0.00004
2138,1,,,,,0.00022,0.00000,3.7,0.00004,1,,,,,0.00022,0.00001,3.7,0.00004
2139,1,,,,,0.00022,0.00000,3.8,0.00004,1,,,,,0.00022,0.00000,3.6,0.00004
2140,1,,,,,0.00022,0.00000,3.8,0.00004,1,,,,,0.00022,0.00001,3.7,0.00005
2141,1,,,,,0.00022,0.00000,3.7,0.00004,1,,,,,0.00022,0.00000,3.7,0.00004
2142,1,,,,,0.00022,0.00000,3.7,0.00005,1,,,,,0.00022,0.00000,3.7,0.00004
2143,1,,,,,0.00022,0.00000,3.8,0.00004,1,,,,,0.00022,0.00001,3.7,0.00004
2144,1,,,,,0.00022,0.00000,3.7,0.00005,1,,,,,0.00022,0.00000,3.7,0.00004
2145,1,,,,,0.00022,0.00000,3.8,0.00004,1,,,,,0.00022,0.00001,3.7,0.00004
2146,1,,,,,0.00022,0.00000,3.8,0.00004,1,,,,,0.00022,0.00000,3.7,0.00004
2147,1,,,,,0.00022,0.00000,3.7,0.00004,1,,,,,0.00022,0.00000,3.6,0.00004
2148,1,,,,,0.00022,0.00001,3.7,0.00004,1,,,,,0.00022,0.00000,3.6,0.00004
2149,1,,,,,0.00022,0.00000,3.7,0.00005,1,,,,,0.00022,0.00000,3.7,0.00004
2150,1,,,,,0.00022,0.00001,3.7,0.00005,1,,,,,0.00022,0.00000,3.7,0.00004
2151,1,,,,,0.00022,0.00000,3.8,0.00004,1,,,,,0.00022,0.00000,3.6,0.00004
2152,1,,,,,0.00022,0.00000,3.7,0.00004,1,,,,,0.00022,0.00000,3.7,0.00004
2153,1,,,,,0.00022,0.00000,3.7,0.00004,1,,,,,0.00022,0.00000,3.7,0.00004
2154,1,,,,,0.00022,0.00000,3.7,0.00004,1,,,,,0.00022,0.00000,3.7,0.00004
2155,1,,,,,0.00022,0.00001,3.7,0.00004,1,,,,,0.00022,0.00000,3.4,0.00004
2156,1,,,,,0.00022,0.00000,3.7,0.00005,1,,,,,0.00022,0.00000,3.5,0.00004
2157,1,,,,,0.00022,0.00000,3.5,0.00004,1,,,,,0.00022,0.00000,3.4,0.00004
2158,1,,,,,0.00022,0.00000,3.5,0.00004,1,,,,,0.00022,0.00000,3.5,0.00004
2159,1,,,,,0.00022,0.00000,3.5,0.00004,1,,,,,0.00022,0.00000,3.4,0.00004
2160,1,,,,,0.00022,0.00000,3.4,0.00004,1,,,,,0.00022,0.00000,3.4,0.00004
2161,1,,,,,0.00022,0.00000,3.5,0.00004,1,,,,,0.00022,0.00001,3.5,0.00004
2162,1,,,,,0.00022,0.00000,3.5,0.00004,1,,,,,0.00022,0.00000,3.5,0.00004
2163,1,,,,,0.00022,0.00000,3.5,0.00004,1,,,,,0.00022,0.00000,3.5,0.00004
2164,1,,,,,0.00022,0.00000,3.5,0.00004,1,,,,,0.00022,0.00000,3.5,0.00004
2165,1,,,,,0.00022,0.00000,3.5,0.00004,1,,,,,0.00022,0.00000,3.5,0.00004
2166,1,,,,,0.00022,0.00000,3.5,0.00004,1,,,,,0.00022,0.00000,3.5,0.00004
2167,1,,,,,0.00022,0.00001,3.5,0.00004,1,,,,,0.00022,0.00000,3.5,0.00004
2168,1,,,,,0.00022,0.00000,3.5,0.00004,1,,,,,0.00022,0.00000,3.4,0.00004
2169,1,,,,,0.00022,0.00000,3.5,0.00004,1,,,,,0.00022,0.00000,3.5,0.00004
2170,1,,,,,0.00022,0.00000,3.4,0.00004,1,,,,,0.00022,0.00000,3.5,0.00004
2171,1,,,,,0.00022,0.00000,3.4,0.00004,1,,,,,0.00022,0.00000,3.5,0.00004
2172,1,,,,,0.00022,0.00000,3.5,0.00004,1,,,,,0.00022,0.00000,3.5,0.00004
2173,1,,,,,0.00022,0.00000,3.5,0.00004,1,,,,,0.00022,0.00000,3.5,0.00004
2174,1,,,,,0.00022,0.00000,3.5,0.00004,1,,,,,0.00022,0.00000,3.5,0.00004
2175,1,,,,,0.00022,0.00001,3.5,0.00004,1,,,,,0.00022,0.00001,3.5,0.00004
2176,1,,,,,0.00022,0.00000,3.6,0.00004,1,,,,,0.00022,0.00000,3.5,0.00004
2177,1,,,,,0.00022,0.00000,3.8,0.00004,1,,,,,0.00022,0.00000,3.7,0.00004
2178,1,,,,,0.00022,0.00000,3.5,0.00004,1,,,,,0.00022,0.00000,3.7,0.00004
2179,1,,,,,0.00022,0.00000,3.5,0.00004,1,,,,,0.00022,0.00000,3.7,0.00004
2180,1,,,,,0.00022,0.00000,3.7,0.00004,1,,,,,0.00022,0.00001,3.7,0.00004
2181,1,,,,,0.00022,0.00000,3.5,0.00004,1,,,,,0.00022,0.00000,3.7,0.00004
2182,1,,,,,0.00022,0.00000,3.7,0.00004,1,,,,,0.00022,0.00000,3.7,0.00004
2183,1,,,,,0.00022,0.00000,3.8,0.00004,1,,,,,0.00022,0.00001,3.7,0.00004
2184,1,,,,,0.00022,0.00001,3.5,0.00004,1,,,,,0.00022,0.00000,3.8,0.00004
2185,1,,,,,0.00022,0.00000,3.5,0.00004,1,,,,,0.00022,0.00000,3.7,0.00004
2186,1,,,,,0.00022,0.00000,3.5,0.00004,1,,,,,0.00022,0.00000,3.8,0.00004
2187,1,,,,,0.00022,0.00000,3.5,0.00004,1,,,,,0.00022,0.00000,3.7,0.00004
2188,1,,,,,0.00022,0.00000,3.7,0.00004,1,,,,,0.00022,0.00000,3.7,0.00004
2189,1,,,,,0.00022,0.00001,3.8,0.00004,1,,,,,0.00022,0.00001,3.7,0.00004
2190,1,,,,,0.00022,0.00000,3.7,0.00004,1,,,,,0.00022,0.00000,3.7,0.00004
2191,1,,,,,0.00022,0.00000,3.7,0.00004,1,,,,,0.00022,0.00000,3.7,0.00004
2192,1,,,,,0.00022,0.00000,3.5,0.00004,1,,,,,0.00022,0.00000,3.5,0.00004
2193,1,,,,,0.00022,0.00000,3.5,0.00004,1,,,,,0.00022,0.00000,3.4,0.00004
2194,1,,,,,0.00022,0.00000,3.5,0.00004,1,,,,,0.00022,0.00000,3.5,0.00004
2195,1,,,,,0.00022,0.00000,3.5,0.00004,1,,,,,0.00022,0.00000,3.5,0.00004
2196,1,,,,,0.00022,0.00001,3.5,0.00004,1,,,,,0.00022,0.00001,3.4,0.00004
2197,1,,,,,0.00022,0.00000,3.5,0.00004,1,,,,,0.00022,0.00000,3.5,0.00004
2198,1,,,,,0.00022,0.00000,3.5,0.00004,1,,,,,0.00022,0.00000,3.5,0.00004
2199,1,,,,,0.00022,0.00000,3.5,0.00004,1,,,,,0.00022,0.00000,3.5,0.00004
2200,1,,,,,0.00022,0.00000,3.5,0.00004,1,,,,,0.00022,0.00000,3.4,0.00004
2201,1,,,,,0.00022,0.00000,3.5,0.00004,1,,,,,0.00022,0.00000,3.5,0.00004
2202,1,,,,,0.00022,0.00000,3.5,0.00004,1,,,,,0.00022,0.00000,3.4,0.00004
2203,1,,,,,0.00022,0.00000,3.5,0.00004,1,,,,,0.00022,0.00000,3.5,0.00004
2204,1,,,,,0.00022,0.00000,3.5,0.00004,1,,,,,0.00022,0.00000,3.4,0.00004
2205,1,,,,,0.00022,0.00000,3.5,0.00004,1,,,,,0.00022,0.00000,3.5,0.00004
2206,1,,,,,0.00022,0.00000,3.5,0.00004,1,,,,,0.00022,0.00000,3.5,0.00004
2207,1,,,,,0.00022,0.00000,3.5,0.00004,1,,,,,0.00022,0.00000,3.5,0.00004
2208,1,,,,,0.00022,0.00000,3.5,0.00004,1,,,,,0.00022,0.00000,3.5,0.00004
2209,1,,,,,0.00022,0.00000,3.5,0.00004,1,,,,,0.00022,0.00000,3.5,0.00004
2210,1,,,,,0.00022,0.00000,3.5,0.00004,1,,,,,0.00022,0.00000,3.4,0.00004
2211,1,,,,,0.00022,0.00000,3.4,0.00004,1,,,,,0.00022,0.00000,3.5,0.00004
2212,1,,,,,0.00022,0.00000,3.5,0.00004,1,,,,,0.00022,0.00000,3.5,0.00004
2213,1,,,,,0.00022,0.00000,3.5,0.00004,1,,,,,0.00022,0.00000,3.5,0.00004
2214,1,,,,,0.00022,0.00000,3.5,0.00004,1,,,,,0.00022,0.00000,3.5,0.00004
2215,1,,,,,0.00022,0.00000,3.5,0.00004,1,,,,,0.00022,0.00000,3.5,0.00004
2216,1,,,,,0.00022,0.00001,3.5,0.00004,1,,,,,0.00022,0.00000,3.4,0.00004
2217,1,,,,,0.00022,0.00000,3.5,0.00004,1,,,,,0.00022,0.00000,3.5,0.00004
2218,1,,,,,0.00022,0.00000,3.5,0.00004,1,,,,,0.00022,0.00001,3.5,0.00004
2219,1,,,,,0.00022,0.00000,3.5,0.00004,1,,,,,0.00022,0.00000,3.5,0.00004
2220,1,,,,,0.00022,0.00000,3.4,0.00004,1,,,,,0.00022,0.00000,3.4,0.00004
2221,1,,,,,0.00022,0.00000,3.4,0.00004,1,,,,,0.00022,0.00001,3.5,0.00004
2222,1,,,,,0.00022,0.00001,3.5,0.00004,1,,,,,0.00022,0.00000,3.5,0.00004
2223,1,,,,,0.00022,0.00000,3.4,0.00004,1,,,,,0.00022,0.00000,3.5,0.00004
2224,1,,,,,0.00022,0.00000,3.5,0.00004,1,,,,,0.00022,0.00001,3.5,0.00004
2225,1,,,,,0.00022,0.00000,3.5,0.00004,1,,,,,0.00022,0.00000,3.5,0.00004
2226,1,,,,,0.00022,0.00000,3.4,0.00004,1,,,,,0.00022,0.00000,3.5,0.00004
2227,1,,,,,0.00022,0.00000,3.5,0.00004,1,,,,,0.00022,0.00001,3.5,0.00004
2228,1,,,,,0.00022,0.00001,3.4,0.00004,1,,,,,0.00022,0.00000,3.5,0.00004
2229,1,,,,,0.00022,0.00000,3.4,0.00004,1,,,,,0.00022,0.00000,3.5,0.00004
2230,1,,,,,0.00022,0.00001,3.5,0.00004,1,,,,,0.00022,0.00000,3.4,0.00004
2231,1,,,,,0.00022,0.00000,3.5,0.00004,1,,,,,0.00022,0.00000,3.4,0.00004
2232,1,,,,,0.00022,0.00000,3.5,0.00004,1,,,,,0.00022,0.00000,3.4,0.00004
2233,1,,,,,0.00022,0.00000,3.5,0.00004,1,,,,,0.00022,0.00000,3.4,0.00004
2234,1,,,,,0.00022,0.00000,3.4,0.00004,1,,,,,0.00022,0.00000,3.5,0.00004
2235,1,,,,,0.00022,0.00000,3.5,0.00004,1,,,,,0.00022,0.00000,3.5,0.00004
2236,1,,,,,0.00022,0.00000,3.5,0.00004,1,,,,,0.00022,0.00000,3.4,0.00004
2237,1,,,,,0.00022,0.00001,3.4,0.00004,1,,,,,0.00022,0.00000,3.5,0.00004
2238,1,,,,,0.00022,0.00000,3.4,0.00004,1,,,,,0.00022,0.00000,3.5,0.00004
2239,1,,,,,0.00022,0.00000,3.5,0.00004,1,,,,,0.00022,0.00000,3.5,0.00004
2240,1,,,,,0.00022,0.00000,3.5,0.00004,1,,,,,0.00022,0.00000,3.5,0.00004
2241,1,,,,,0.00022,0.00000,3.5,0.00004,1,,,,,0.00022,0.00000,3.5,0.00004
2242,1,,,,,0.00022,0.00000,3.5,0.00004,1,,,,,0.00022,0.00000,3.5,0.00004
2243,1,,,,,0.00022,0.00000,3.5,0.00004,1,,,,,0.00022,0.00000,3.5,0.00004
2244,1,,,,,0.00022,0.00000,3.5,0.00004,1,,,,,0.00022,0.00000,3.5,0.00004
2245,1,,,,,0.00022,0.00000,3.5,0.00004,1,,,,,0.00022,0.00000,3.5,0.00004
2246,1,,,,,0.00022,0.00000,3.5,0.00004,1,,,,,0.00022,0.00000,3.5,0.00004
2247,1,,,,,0.00022,0.00000,3.5,0.00004,1,,,,,0.00022,0.00000,3.5,0.00005
2248,1,,,,,0.00022,0.00000,3.5,0.00004,1,,,,,0.00022,0.00000,3.7,0.00004
2249,1,,,,,0.00022,0.00000,3.5,0.00004,1,,,,,0.00022,0.00000,3.8,0.00004
2250,1,,,,,0.00022,0.00000,3.5,0.00004,1,,,,,0.00022,0.00001,3.5,0.00004
2251,1,,,,,0.00022,0.00000,3.7,0.00004,1,,,,,0.00022,0.00000,3.6,0.00004
2252,1,,,,,0.00022,0.00000,3.7,0.00004,1,,,,,0.00022,0.00000,3.8,0.00005
2253,1,,,,,0.00022,0.00000,3.7,0.00004,1,,,,,0.00022,0.00000,3.8,0.00005
2254,1,,,,,0.00022,0.00001,3.7,0.00004,1,,,,,0.00022,0.00000,3.7,0.00005
2255,1,,,,,0.00022,0.00000,3.8,0.00004,1,,,,,0.00022,0.00000,3.7,0.00004
2256,1,,,,,0.00022,0.00000,3.7,0.00004,1,,,,,0.00022,0.00000,3.7,0.00004
2257,1,,,,,0.00022,0.00001,3.7,0.00004,1,,,,,0.00022,0.00001,3.7,0.00004
2258,1,,,,,0.00022,0.00000,3.7,0.00004,1,,,,,0.00022,0.00000,3.7,0.00004
2259,1,,,,,0.00022,0.00000,3.7,0.00004,1,,,,,0.00022,0.00001,3.7,0.00004
2260,1,,,,,0.00022,0.00001,3.7,0.00004,1,,,,,0.00022,0.00000,3.7,0.00004
2261,1,,,,,0.00022,0.00000,3.7,0.00004,1,,,,,0.00022,0.00000,3.7,0.00004
2262,1,,,,,0.00022,0.00000,3.7,0.00004,1,,,,,0.00022,0.00000,3.7,0.00004
2263,1,,,,,0.00022,0.00000,3.6,0.00004,1,,,,,0.00022,0.00001,3.7,0.00004
2264,1,,,,,0.00022,0.00000,3.7,0.00004,1,,,,,0.00022,0.00000,3.7,0.00004
2265,1,,,,,0.00022,0.00000,3.7,0.00004,1,,,,,0.00022,0.00000,3.7,0.00004
2266,1,,,,,0.00022,0.00000,3.7,0.00004,1,,,,,0.00022,0.00000,3.7,0.00004
2267,1,,,,,0.00022,0.00001,3.5,0.00004,1,,,,,0.00022,0.00001,3.5,0.00004
2268,1,,,,,0.00022,0.00001,3.4,0.00004,1,,,,,0.00022,0.00000,3.5,0.00004
2269,1,,,,,0.00022,0.00000,3.5,0.00004,1,,,,,0.00022,0.00000,3.5,0.00004
2270,1,,,,,0.00022,0.00000,3.5,0.00004,1,,,,,0.00022,0.00000,3.5,0.00004
2271,1,,,,,0.00022,0.00001,3.5,0.00004,1,,,,,0.00022,0.00000,3.5,0.00004
2272,1,,,,,0.00022,0.00000,3.5,0.00004,1,,,,,0.00022,0.00000,3.5,0.00004
2273,1,,,,,0.00022,0.00000,3.5,0.00004,1,,,,,0.00022,0.00000,3.5,0.00004
2274,1,,,,,0.00022,0.00000,3.5,0.00004,1,,,,,0.00022,0.00000,3.5,0.00004
2275,1,,,,,0.00022,0.00000,3.5,0.00004,1,,,,,0.00022,0.00000,3.5,0.00004
2276,1,,,,,0.00022,0.00001,3.5,0.00004,1,,,,,0.00022,0.00000,3.5,0.00004
2277,1,,,,,0.00022,0.00000,3.5,0.00004,1,,,,,0.00022,0.00001,3.5,0.00004
2278,1,,,,,0.00022,0.00000,3.5,0.00004,1,,,,,0.00022,0.00000,3.5,0.00004
2279,1,,,,,0.00022,0.00000,3.5,0.00004,1,,,,,0.00022,0.00000,3.5,0.00004
2280,1,,,,,0.00022,0.00000,3.7,0.00004,1,,,,,0.00022,0.00000,3.7,0.00004
2281,1,,,,,0.00022,0.00000,3.6,0.00004,1,,,,,0.00022,0.00001,3.5,0.00004
2282,1,,,,,0.00022,0.00001,3.6,0.00004,1,,,,,0.00022,0.00001,3.7,0.00004
2283,1,,,,,0.00022,0.00000,3.7,0.00004,1,,,,,0.00022,0.00000,3.7,0.00004
2284,1,,,,,0.00022,0.00000,3.7,0.00004,1,,,,,0.00022,0.00001,3.8,0.00004
2285,1,,,,,0.00022,0.00001,3.7,0.00004,1,,,,,0.00022,0.00001,3.7,0.00004
2286,1,,,,,0.00022,0.00001,3.6,0.00004,1,,,,,0.00022,0.00000,3.8,0.00004
2287,1,,,,,0.00022,0.00000,3.7,0.00004,1,,,,,0.00022,0.00000,3.8,0.00004
2288,1,,,,,0.00022,0.00000,3.7,0.00004,1,,,,,0.00022,0.00000,3.8,0.00004
2289,1,,,,,0.00022,0.00000,3.8,0.00004,1,,,,,0.00022,0.00001,3.8,0.00004
2290,1,,,,,0.00022,0.00000,3.9,0.00004,1,,,,,0.00022,0.00000,3.8,0.00004
2291,1,,,,,0.00022,0.00001,3.8,0.00004,1,,,,,0.00022,0.00001,3.8,0.00005
2292,1,,,,,0.00022,0.00000,3.8,0.00004,1,,,,,0.00022,0.00000,3.8,0.00004
2293,1,,,,,0.00022,0.00000,3.8,0.00005,1,,,,,0.00022,0.00000,3.8,0.00004
2294,1,,,,,0.00022,0.00000,3.8,0.00004,1,,,,,0.00022,0.00000,3.7,0.00004
2295,1,,,,,0.00022,0.00001,3.7,0.00004,1,,,,,0.00022,0.00000,3.7,0.00004
2296,1,,,,,0.00022,0.00000,3.8,0.00004,1,,,,,0.00022,0.00000,3.7,0.00004
2297,1,,,,,0.00022,0.00001,3.7,0.00004,1,,,,,0.00022,0.00000,3.6,0.00004
2298,1,,,,,0.00022,0.00000,3.7,0.00004,1,,,,,0.00022,0.00000,3.7,0.00004
2299,1,,,,,0.00022,0.00000,3.7,0.00004,1,,,,,0.00022,0.00000,3.7,0.00004
2300,1,,,,,0.00022,0.00001,3.8,0.00004,1,,,,,0.00022,0.00000,3.7,0.00004
2301,1,,,,,0.00022,0.00001,3.7,0.00004,1,,,,,0.00022,0.00001,3.7,0.00004
2302,1,,,,,0.00022,0.00000,3.8,0.00004,1,,,,,0.00022,0.00000,3.7,0.00004
2303,1,,,,,0.00022,0.00001,3.8,0.00004,1,,,,,0.00022,0.00000,3.5,0.00004
2304,1,,,,,0.00022,0.00000,3.7,0.00004,1,,,,,0.00022,0.00000,3.6,0.00004
2305,1,,,,,0.00022,0.00000,3.7,0.00004,1,,,,,0.00022,0.00000,3.5,0.00004
2306,1,,,,,0.00022,0.00000,3.7,0.00004,1,,,,,0.00022,0.00000,3.4,0.00004
2307,1,,,,,0.00022,0.00000,3.7,0.00004,1,,,,,0.00022,0.00000,3.5,0.00004
2308,1,,,,,0.00022,0.00000,3.8,0.00004,1,,,,,0.00022,0.00000,3.5,0.00004
2309,1,,,,,0.00022,0.00000,3.8,0.00004,1,,,,,0.00022,0.00001,3.5,0.00004
2310,1,,,,,0.00022,0.00000,3.6,0.00004,1,,,,,0.00022,0.00000,3.5,0.00004
2311,1,,,,,0.00022,0.00000,3.6,0.00004,1,,,,,0.00022,0.00000,3.5,0.00004
2312,1,,,,,0.00022,0.00000,3.6,0.00004,1,,,,,0.00022,0.00000,3.5,0.00004
2313,1,,,,,0.00022,0.00000,3.7,0.00004,1,,,,,0.00022,0.00000,3.5,0.00004
2314,1,,,,,0.00022,0.00000,3.8,0.00004,1,,,,,0.00022,0.00000,3.5,0.00004
2315,1,,,,,0.00022,0.00000,3.7,0.00004,1,,,,,0.00022,0.00000,3.5,0.00004
2316,1,,,,,0.00022,0.00001,3.8,0.00004,1,,,,,0.00022,0.00000,3.5,0.00004
2317,1,,,,,0.00022,0.00001,3.7,0.00005,1,,,,,0.00022,0.00000,3.5,0.00004
2318,1,,,,,0.00022,0.00000,3.6,0.00004,1,,,,,0.00022,0.00000,3.5,0.00004
2319,1,,,,,0.00022,0.00000,3.6,0.00004,1,,,,,0.00022,0.00000,3.5,0.00004
2320,1,,,,,0.00022,0.00000,3.6,0.00004,1,,,,,0.00022,0.00000,3.5,0.00004
2321,1,,,,,0.00022,0.00000,3.8,0.00004,1,,,,,0.00022,0.00000,3.5,0.00004
2322,1,,,,,0.00022,0.00001,3.8,0.00005,1,,,,,0.00022,0.00000,3.5,0.00004
2323,1,,,,,0.00022,0.00000,3.8,0.00005,1,,,,,0.00022,0.00000,3.5,0.00004
2324,1,,,,,0.00022,0.00001,3.8,0.00004,1,,,,,0.00022,0.00000,3.5,0.00004
2325,1,,,,,0.00022,0.00001,3.7,0.00004,1,,,,,0.00022,0.00000,3.5,0.00004
2326,1,,,,,0.00022,0.00000,3.8,0.00004,1,,,,,0.00022,0.00000,3.7,0.00004
2327,1,,,,,0.00022,0.00001,3.7,0.00004,1,,,,,0.00022,0.00000,3.8,0.00004
2328,1,,,,,0.00022,0.00000,3.7,0.00004,1,,,,,0.00022,0.00001,3.7,0.00004
2329,1,,,,,0.00022,0.00000,3.8,0.00004,1,,,,,0.00022,0.00001,3.7,0.00004
2330,1,,,,,0.00022,0.00001,3.7,0.00004,1,,,,,0.00022,0.00000,3.7,0.00004
2331,1,,,,,0.00022,0.00000,3.8,0.00004,1,,,,,0.00022,0.00000,3.7,0.00004
2332,1,,,,,0.00022,0.00001,3.8,0.00004,1,,,,,0.00022,0.00000,3.7,0.00004
2333,1,,,,,0.00022,0.00000,3.8,0.00004,1,,,,,0.00022,0.00000,3.8,0.00004
2334,1,,,,,0.00022,0.00001,3.8,0.00005,1,,,,,0.00022,0.00000,3.7,0.00004
2335,1,,,,,0.00022,0.00001,3.8,0.00004,1,,,,,0.00022,0.00001,3.7,0.00004
2336,1,,,,,0.00022,0.00000,3.8,0.00004,1,,,,,0.00022,0.00000,3.8,0.00004
2337,1,,,,,0.00022,0.00000,3.8,0.00004,1,,,,,0.00022,0.00001,3.8,0.00004
2338,1,,,,,0.00022,0.00001,3.8,0.00004,1,,,,,0.00022,0.00000,3.8,0.00004
2339,1,,,,,0.00022,0.00000,3.8,0.00004,1,,,,,0.00022,0.00000,3.7,0.00004
2340,1,,,,,0.00022,0.00000,3.8,0.00004,1,,,,,0.00022,0.00000,3.7,0.00004
2341,1,,,,,0.00022,0.00000,3.7,0.00004,1,,,,,0.00022,0.00000,3.8,0.00004
2342,1,,,,,0.00022,0.00000,3.8,0.00004,1,,,,,0.00022,0.00000,3.5,0.00004
2343,1,,,,,0.00022,0.00001,3.7,0.00004,1,,,,,0.00022,0.00000,3.4,0.00004
2344,1,,,,,0.00022,0.00000,3.8,0.00004,1,,,,,0.00022,0.00000,3.5,0.00004
2345,1,,,,,0.00022,0.00000,3.6,0.00004,1,,,,,0.00022,0.00000,3.5,0.00004
2346,1,,,,,0.00022,0.00000,3.6,0.00004,1,,,,,0.00022,0.00000,3.5,0.00004
2347,1,,,,,0.00022,0.00000,3.8,0.00004,1,,,,,0.00022,0.00000,3.5,0.00004
2348,1,,,,,0.00022,0.00000,3.7,0.00004,1,,,,,0.00022,0.00000,3.5,0.00004
2349,1,,,,,0.00022,0.00001,3.6,0.00004,1,,,,,0.00022,0.00000,3.4,0.00004
2350,1,,,,,0.00022,0.00000,3.6,0.00004,1,,,,,0.00022,0.00000,3.6,0.00004
2351,1,,,,,0.00022,0.00001,3.6,0.00004,1,,,,,0.00022,0.00000,3.5,0.00004
2352,1,,,,,0.00022,0.00000,3.7,0.00004,1,,,,,0.00022,0.00000,3.5,0.00004
2353,1,,,,,0.00022,0.00001,3.7,0.00005,1,,,,,0.00022,0.00000,3.4,0.00004
2354,1,,,,,0.00022,0.00001,3.6,0.00004,1,,,,,0.00022,0.00000,3.5,0.00004
2355,1,,,,,0.00022,0.00000,3.5,0.00004,1,,,,,0.00022,0.00000,3.4,0.00004
2356,1,,,,,0.00022,0.00000,3.6,0.00004,1,,,,,0.00022,0.00000,3.5,0.00004
2357,1,,,,,0.00022,0.00001,3.6,0.00004,1,,,,,0.00022,0.00000,3.5,0.00004
2358,1,,,,,0.00022,0.00000,3.6,0.00004,1,,,,,0.00022,0.00000,3.4,0.00004
2359,1,,,,,0.00022,0.00000,3.5,0.00004,1,,,,,0.00022,0.00000,3.5,0.00004
2360,1,,,,,0.00022,0.00001,3.5,0.00004,1,,,,,0.00022,0.00000,3.5,0.00004
2361,1,,,,,0.00022,0.00001,3.5,0.00004,1,,,,,0.00022,0.00000,3.5,0.00004
2362,1,,,,,0.00022,0.00000,3.5,0.00004,1,,,,,0.00022,0.00000,3.4,0.00004
2363,1,,,,,0.00022,0.00000,3.6,0.00004,1,,,,,0.00022,0.00001,3.7,0.00004
2364,1,,,,,0.00022,0.00000,3.7,0.00004,1,,,,,0.00022,0.00000,3.7,0.00004
2365,1,,,,,0.00022,0.00000,3.7,0.00004,1,,,,,0.00022,0.00001,3.6,0.00004
2366,1,,,,,0.00022,0.00001,3.6,0.00004,1,,,,,0.00022,0.00001,3.6,0.00004
2367,1,,,,,0.00022,0.00000,3.6,0.00004,1,,,,,0.00022,0.00000,3.7,0.00004
2368,1,,,,,0.00022,0.00001,3.7,0.00004,1,,,,,0.00022,0.00001,3.6,0.00004
2369,1,,,,,0.00022,0.00001,3.7,0.00004,1,,,,,0.00022,0.00000,3.6,0.00004
2370,1,,,,,0.00022,0.00000,3.6,0.00004,1,,,,,0.00022,0.00000,3.6,0.00005
2371,1,,,,,0.00022,0.00001,3.7,0.00005,1,,,,,0.00022,0.00000,3.6,0.00004
2372,1,,,,,0.00022,0.00001,3.7,0.00004,1,,,,,0.00022,0.00000,3.6,0.00004
2373,1,,,,,0.00022,0.00000,3.7,0.00004,1,,,,,0.00022,0.00000,3.6,0.00004
2374,1,,,,,0.00022,0.00001,3.6,0.00005,1,,,,,0.00022,0.00000,3.6,0.00004
2375,1,,,,,0.00022,0.00000,3.7,0.00005,1,,,,,0.00022,0.00000,3.6,0.00004
2376,1,,,,,0.00022,0.00001,3.6,0.00004,1,,,,,0.00022,0.00000,3.6,0.00004
2377,1,,,,,0.00022,0.00000,3.4,0.00004,1,,,,,0.00022,0.00000,3.5,0.00004
2378,1,,,,,0.00022,0.00000,3.3,0.00004,1,,,,,0.00022,0.00000,3.4,0.00004
2379,1,,,,,0.00022,0.00000,3.4,0.00004,1,,,,,0.00022,0.00000,3.4,0.00004
2380,1,,,,,0.00022,0.00000,3.3,0.00004,1,,,,,0.00022,0.00000,3.4,0.00004
2381,1,,,,,0.00022,0.00000,3.4,0.00004,1,,,,,0.00022,0.00000,3.4,0.00004
2382,1,,,,,0.00022,0.00000,3.4,0.00004,1,,,,,0.00022,0.00000,3.5,0.00004
2383,1,,,,,0.00022,0.00000,3.4,0.00004,1,,,,,0.00022,0.00000,3.4,0.00004
2384,1,,,,,0.00022,0.00000,3.4,0.00004,1,,,,,0.00022,0.00000,3.4,0.00004
2385,1,,,,,0.00022,0.00000,3.4,0.00004,1,,,,,0.00022,0.00000,3.5,0.00004
2386,1,,,,,0.00022,0.00000,3.4,0.00004,1,,,,,0.00022,0.00000,3.5,0.00004
2387,1,,,,,0.00022,0.00000,3.4,0.00004,1,,,,,0.00022,0.00000,3.5,0.00004
2388,1,,,,,0.00022,0.00000,3.4,0.00004,1,,,,,0.00022,0.00000,3.5,0.00004
2389,1,,,,,0.00022,0.00000,3.6,0.00004,1,,,,,0.00022,0.00000,3.7,0.00004
2390,1,,,,,0.00022,0.00000,3.4,0.00004,1,,,,,0.00022,0.00000,3.5,0.00004
2391,1,,,,,0.00022,0.00000,3.5,0.00004,1,,,,,0.00022,0.00000,3.5,0.00004
2392,1,,,,,0.00022,0.00000,3.4,0.00004,1,,,,,0.00022,0.00000,3.5,0.00004
2393,1,,,,,0.00022,0.00000,3.4,0.00004,1,,,,,0.00022,0.00000,3.5,0.00004
2394,1,,,,,0.00022,0.00000,3.4,0.00004,1,,,,,0.00022,0.00001,3.5,0.00004
2395,1,,,,,0.00022,0.00000,3.4,0.00004,1,,,,,0.00022,0.00000,3.5,0.00004
2396,1,,,,,0.00022,0.00000,3.7,0.00004,1,,,,,0.00022,0.00000,3.7,0.00004
2397,1,,,,,0.00022,0.00000,3.4,0.00004,1,,,,,0.00022,0.00000,3.5,0.00004
2398,1,,,,,0.00022,0.00000,3.6,0.00004,1,,,,,0.00022,0.00001,3.7,0.00004
2399,1,,,,,0.00022,0.00000,3.7,0.00004,1,,,,,0.00022,0.00000,3.7,0.00004
2400,1,,,,,0.00022,0.00001,3.7,0.00004,1,,,,,0.00022,0.00000,3.7,0.00004
2401,1,,,,,0.00022,0.00000,3.7,0.00004,1,,,,,0.00022,0.00000,3.7,0.00004
2402,1,,,,,0.00022,0.00001,3.6,0.00004,1,,,,,0.00022,0.00000,3.7,0.00004
2403,1,,,,,0.00022,0.00001,3.6,0.00004,1,,,,,0.00022,0.00000,3.7,0.00004
2404,1,,,,,0.00022,0.00000,3.7,0.00004,1,,,,,0.00022,0.00000,3.7,0.00004
2405,1,,,,,0.00022,0.00000,3.7,0.00005,1,,,,,0.00022,0.00000,3.7,0.00005
2406,1,,,,,0.00022,0.00000,3.7,0.00005,1,,,,,0.00022,0.00001,3.6,0.00004
2407,1,,,,,0.00022,0.00000,3.7,0.00005,1,,,,,0.00022,0.00001,3.7,0.00005
2408,1,,,,,0.00022,0.00001,3.6,0.00004,1,,,,,0.00022,0.00000,3.7,0.00004
2409,1,,,,,0.00022,0.00000,3.6,0.00005,1,,,,,0.00022,0.00000,3.7,0.00004
2410,1,,,,,0.00022,0.00000,3.6,0.00005,1,,,,,0.00022,0.00000,3.7,0.00005
2411,1,,,,,0.00022,0.00001,3.6,0.00004,1,,,,,0.00022,0.00000,3.7,0.00004
2412,1,,,,,0.00022,0.00000,3.6,0.00004,1,,,,,0.00022,0.00000,3.7,0.00004
2413,1,,,,,0.00022,0.00000,3.7,0.00005,1,,,,,0.00022,0.00000,3.6,0.00004
2414,1,,,,,0.00022,0.00000,3.7,0.00005,1,,,,,0.00022,0.00000,3.7,0.00004
2415,1,,,,,0.00022,0.00001,3.6,0.00005,1,,,,,0.00022,0.00000,3.7,0.00004
2416,1,,,,,0.00022,0.00001,3.8,0.00005,1,,,,,0.00022,0.00000,3.7,0.00004
2417,1,,,,,0.00022,0.00000,3.6,0.00005,1,,,,,0.00022,0.00000,3.7,0.00004
2418,1,,,,,0.00022,0.00001,3.6,0.00004,1,,,,,0.00022,0.00000,3.7,0.00004
2419,1,,,,,0.00022,0.00001,3.7,0.00005,1,,,,,0.00022,0.00000,3.7,0.00004
2420,1,,,,,0.00022,0.00000,3.7,0.00004,1,,,,,0.00022,0.00000,3.7,0.00004
2421,1,,,,,0.00022,0.00000,3.5,0.00004,1,,,,,0.00022,0.00000,3.5,0.00004
2422,1,,,,,0.00022,0.00001,3.4,0.00004,1,,,,,0.00022,0.00000,3.5,0.00004
2423,1,,,,,0.00022,0.00000,3.4,0.00004,1,,,,,0.00022,0.00001,3.5,0.00004
2424,1,,,,,0.00022,0.00000,3.4,0.00004,1,,,,,0.00022,0.00000,3.5,0.00004
2425,1,,,,,0.00022,0.00000,3.5,0.00004,1,,,,,0.00022,0.00000,3.5,0.00004
2426,1,,,,,0.00022,0.00000,3.3,0.00004,1,,,,,0.00022,0.00000,3.5,0.00004
2427,1,,,,,0.00022,0.00000,3.4,0.00004,1,,,,,0.00022,0.00000,3.5,0.00004
2428,1,,,,,0.00022,0.00000,3.4,0.00004,1,,,,,0.00022,0.00000,3.4,0.00004
2429,1,,,,,0.00022,0.00000,3.4,0.00004,1,,,,,0.00022,0.00000,3.5,0.00004
2430,1,,,,,0.00022,0.00000,3.4,0.00004,1,,,,,0.00022,0.00000,3.5,0.00004
2431,1,,,,,0.00022,0.00000,3.4,0.00004,1,,,,,0.00022,0.00000,3.5,0.00004
2432,1,,,,,0.00022,0.00000,3.4,0.00004,1,,,,,0.00022,0.00000,3.5,0.00004
2433,1,,,,,0.00022,0.00000,3.4,0.00004,1,,,,,0.00022,0.00001,3.5,0.00004
2434,1,,,,,0.00022,0.00000,3.4,0.00004,1,,,,,0.00022,0.00000,3.4,0.00004
2435,1,,,,,0.00022,0.00000,3.4,0.00004,1,,,,,0.00022,0.00000,3.5,0.00004
2436,1,,,,,0.00022,0.00000,3.4,0.00004,1,,,,,0.00022,0.00000,3.5,0.00004
2437,1,,,,,0.00022,0.00000,3.4,0.00004,1,,,,,0.00022,0.00000,3.4,0.00004
2438,1,,,,,0.00022,0.00000,3.6,0.00004,1,,,,,0.00022,0.00000,3.7,0.00004
2439,1,,,,,0.00022,0.00000,3.6,0.00004,1,,,,,0.00022,0.00000,3.7,0.00004
2440,1,,,,,0.00022,0.00000,3.6,0.00004,1,,,,,0.00022,0.00000,3.7,0.00004
2441,1,,,,,0.00022,0.00000,3.7,0.00005,1,,,,,0.00022,0.00001,3.7,0.00004
2442,1,,,,,0.00022,0.00001,3.6,0.00004,1,,,,,0.00022,0.00000,3.7,0.00004
2443,1,,,,,0.00022,0.00000,3.6,0.00004,1,,,,,0.00022,0.00001,3.6,0.00004
2444,1,,,,,0.00022,0.00000,3.6,0.00005,1,,,,,0.00022,0.00000,3.7,0.00004
2445,1,,,,,0.00022,0.00001,3.6,0.00004,1,,,,,0.00022,0.00000,3.7,0.00004
2446,1,,,,,0.00022,0.00000,3.6,0.00004,1,,,,,0.00022,0.00000,3.7,0.00004
2447,1,,,,,0.00022,0.00000,3.6,0.00004,1,,,,,0.00022,0.00000,3.6,0.00004
2448,1,,,,,0.00022,0.00000,3.6,0.00004,1,,,,,0.00022,0.00000,3.7,0.00004
2449,1,,,,,0.00022,0.00000,3.5,0.00004,1,,,,,0.00022,0.00000,3.7,0.00004
2450,1,,,,,0.00022,0.00000,3.6,0.00004,1,,,,,0.00022,0.00000,3.5,0.00004
2451,1,,,,,0.00022,0.00000,3.6,0.00004,1,,,,,0.00022,0.00000,3.6,0.00004
2452,1,,,,,0.00022,0.00000,3.4,0.00004,1,,,,,0.00022,0.00000,3.5,0.00004
2453,1,,,,,0.00022,0.00001,3.4,0.00004,1,,,,,0.00022,0.00000,3.5,0.00004
2454,1,,,,,0.00022,0.00000,3.5,0.00004,1,,,,,0.00022,0.00001,3.4,0.00004
2455,1,,,,,0.00022,0.00001,3.4,0.00004,1,,,,,0.00022,0.00000,3.4,0.00004
2456,1,,,,,0.00022,0.00001,3.4,0.00004,1,,,,,0.00022,0.00000,3.4,0.00004
2457,1,,,,,0.00022,0.00000,3.4,0.00004,1,,,,,0.00022,0.00000,3.5,0.00004
2458,1,,,,,0.00022,0.00000,3.5,0.00004,1,,,,,0.00022,0.00001,3.5,0.00004
2459,1,,,,,0.00022,0.00000,3.4,0.00004,1,,,,,0.00022,0.00000,3.5,0.00004
2460,1,,,,,0.00022,0.00000,3.4,0.00004,1,,,,,0.00022,0.00000,3.4,0.00004
2461,1,,,,,0.00022,0.00000,3.4,0.00004,1,,,,,0.00022,0.00000,3.4,0.00004
2462,1,,,,,0.00022,0.00000,3.5,0.00004,1,,,,,0.00022,0.00001,3.5,0.00004
2463,1,,,,,0.00022,0.00000,3.4,0.00004,1,,,,,0.00022,0.00000,3.5,0.00004
2464,1,,,,,0.00022,0.00000,3.5,0.00004,1,,,,,0.00022,0.00000,3.5,0.00004
2465,1,,,,,0.00022,0.00000,3.5,0.00004,1,,,,,0.00022,0.00000,3.5,0.00004
2466,1,,,,,0.00022,0.00000,3.4,0.00004,1,,,,,0.00022,0.00000,3.5,0.00004
2467,1,,,,,0.00022,0.00000,3.5,0.00004,1,,,,,0.00022,0.00000,3.5,0.00004
2468,1,,,,,0.00022,0.00001,3.5,0.00004,1,,,,,0.00022,0.00001,3.5,0.00004
2469,1,,,,,0.00022,0.00000,3.5,0.00004,1,,,,,0.00022,0.00000,3.6,0.00004
2470,1,,,,,0.00022,0.00000,3.5,0.00004,1,,,,,0.00022,0.00000,3.5,0.00004
2471,1,,,,,0.00022,0.00000,3.5,0.00004,1,,,,,0.00022,0.00000,3.6,0.00004
2472,1,,,,,0.00022,0.00000,3.4,0.00004,1,,,,,0.00022,0.00000,3.5,0.00004
2473,1,,,,,0.00022,0.00001,3.5,0.00004,1,,,,,0.00022,0.00000,3.5,0.00004
2474,1,,,,,0.00022,0.00000,3.5,0.00004,1,,,,,0.00022,0.00000,3.5,0.00004
2475,1,,,,,0.00022,0.00000,3.5,0.00004,1,,,,,0.00022,0.00000,3.5,0.00004
2476,1,,,,,0.00022,0.00000,3.6,0.00004,1,,,,,0.00022,0.00001,3.7,0.00004
2477,1,,,,,0.00022,0.00000,3.6,0.00004,1,,,,,0.00022,0.00000,3.8,0.00004
2478,1,,,,,0.00022,0.00000,3.7,0.00004,1,,,,,0.00022,0.00000,3.7,0.00004
2479,1,,,,,0.00022,0.00000,3.7,0.00004,1,,,,,0.00022,0.00000,3.8,0.00004
2480,1,,,,,0.00022,0.00000,3.7,0.00004,1,,,,,0.00022,0.00000,3.7,0.00004
2481,1,,,,,0.00022,0.00000,3.7,0.00004,1,,,,,0.00022,0.00000,3.8,0.00004
2482,1,,,,,0.00022,0.00000,3.7,0.00004,1,,,,,0.00022,0.00001,3.7,0.00004
2483,1,,,,,0.00022,0.00000,3.7,0.00004,1,,,,,0.00022,0.00001,3.7,0.00004
2484,1,,,,,0.00022,0.00000,3.7,0.00004,1,,,,,0.00022,0.00000,3.7,0.00004
2485,1,,,,,0.00022,0.00000,3.7,0.00004,1,,,,,0.00022,0.00000,3.7,0.00004
2486,1,,,,,0.00022,0.00000,3.7,0.00004,1,,,,,0.00022,0.00000,3.6,0.00004
2487,1,,,,,0.00022,0.00000,3.7,0.00004,1,,,,,0.00022,0.00000,3.7,0.00004
2488,1,,,,,0.00022,0.00000,3.7,0.00004,1,,,,,0.00022,0.00000,3.7,0.00004
2489,1,,,,,0.00022,0.00000,3.7,0.00004,1,,,,,0.00022,0.00000,3.8,0.00004
2490,1,,,,,0.00022,0.00001,3.8,0.00004,1,,,,,0.00022,0.00000,3.7,0.00004
2491,1,,,,,0.00022,0.00000,3.7,0.00004,1,,,,,0.00022,0.00000,3.7,0.00004
2492,1,,,,,0.00022,0.00000,3.8,0.00004,1,,,,,0.00022,0.00000,3.7,0.00004
2493,1,,,,,0.00022,0.00000,3.7,0.00004,1,,,,,0.00022,0.00001,3.7,0.00004
2494,1,,,,,0.00022,0.00000,3.7,0.00004,1,,,,,0.00022,0.00000,3.7,0.00004
2495,1,,,,,0.00022,0.00001,3.7,0.00004,1,,,,,0.00022,0.00000,3.7,0.00004
2496,1,,,,,0.00022,0.00000,3.5,0.00004,1,,,,,0.00022,0.00000,3.7,0.00004
2497,1,,,,,0.00022,0.00000,3.5,0.00004,1,,,,,0.00022,0.00001,3.5,0.00004
2498,1,,,,,0.00022,0.00000,3.7,0.00004,1,,,,,0.00022,0.00000,3.7,0.00005
2499,1,,,,,0.00022,0.00000,3.8,0.00005,1,,,,,0.00022,0.00000,3.6,0.00004
2500,1,,,,,0.00022,0.00000,3.6,0.00004,1,,,,,0.00022,0.00000,3.6,0.00004
2501,1,,,,,0.00022,0.00000,3.5,0.00004,1,,,,,0.00022,0.00000,3.6,0.00004
2502,1,,,,,0.00022,0.00000,3.5,0.00004,1,,,,,0.00022,0.00000,3.5,0.00004
2503,1,,,,,0.00022,0.00000,3.5,0.00004,1,,,,,0.00022,0.00001,3.4,0.00004
2504,1,,,,,0.00022,0.00000,3.5,0.00004,1,,,,,0.00022,0.00000,3.5,0.00004
2505,1,,,,,0.00022,0.00000,3.5,0.00004,1,,,,,0.00022,0.00000,3.5,0.00004
2506,1,,,,,0.00022,0.00000,3.5,0.00004,1,,,,,0.00022,0.00001,3.5,0.00004
2507,1,,,,,0.00022,0.00000,3.5,0.00004,1,,,,,0.00022,0.00000,3.5,0.00004
2508,1,,,,,0.00022,0.00000,3.5,0.00004,1,,,,,0.00022,0.00000,3.4,0.00004
2509,1,,,,,0.00022,0.00000,3.5,0.00004,1,,,,,0.00022,0.00000,3.4,0.00004
2510,1,,,,,0.00022,0.00001,3.5,0.00004,1,,,,,0.00022,0.00000,3.4,0.00004
2511,1,,,,,0.00022,0.00000,3.5,0.00004,1,,,,,0.00022,0.00000,3.4,0.00004
2512,1,,,,,0.00022,0.00000,3.5,0.00004,1,,,,,0.00022,0.00000,3.5,0.00004
2513,1,,,,,0.00022,0.00001,3.7,0.00004,1,,,,,0.00022,0.00000,3.7,0.00004
2514,1,,,,,0.00022,0.00000,3.7,0.00004,1,,,,,0.00022,0.00000,3.7,0.00004
2515,1,,,,,0.00022,0.00000,3.6,0.00004,1,,,,,0.00022,0.00000,3.8,0.00005
2516,1,,,,,0.00022,0.00000,3.7,0.00004,1,,,,,0.00022,0.00000,3.7,0.00004
2517,1,,,,,0.00022,0.00001,3.8,0.00004,1,,,,,0.00022,0.00000,3.7,0.00004
2518,1,,,,,0.00022,0.00000,3.7,0.00004,1,,,,,0.00022,0.00000,3.7,0.00004
2519,1,,,,,0.00022,0.00000,3.7,0.00004,1,,,,,0.00022,0.00000,3.6,0.00004
2520,1,,,,,0.00022,0.00000,3.7,0.00004,1,,,,,0.00022,0.00000,3.7,0.00004
2521,1,,,,,0.00022,0.00000,3.8,0.00005,1,,,,,0.00022,0.00000,3.7,0.00004
2522,1,,,,,0.00022,0.00000,3.7,0.00004,1,,,,,0.00022,0.00000,3.6,0.00004
2523,1,,,,,0.00022,0.00000,3.7,0.00005,1,,,,,0.00022,0.00001,3.7,0.00004
2524,1,,,,,0.00022,0.00000,3.7,0.00004,1,,,,,0.00022,0.00000,3.6,0.00004
2525,1,,,,,0.00022,0.00000,3.8,0.00005,1,,,,,0.00022,0.00001,3.7,0.00005
2526,1,,,,,0.00022,0.00000,3.7,0.00004,1,,,,,0.00022,0.00000,3.6,0.00004
2527,1,,,,,0.00022,0.00000,3.7,0.00004,1,,,,,0.00022,0.00000,3.7,0.00004
2528,1,,,,,0.00022,0.00001,3.7,0.00004,1,,,,,0.00022,0.00000,3.6,0.00004
2529,1,,,,,0.00022,0.00001,3.8,0.00004,1,,,,,0.00022,0.00001,3.7,0.00004
2530,1,,,,,0.00022,0.00001,3.8,0.00004,1,,,,,0.00022,0.00000,3.7,0.00004
2531,1,,,,,0.00022,0.00000,3.8,0.00005,1,,,,,0.00022,0.00001,3.4,0.00004
2532,1,,,,,0.00022,0.00001,3.7,0.00004,1,,,,,0.00022,0.00000,3.4,0.00004
2533,1,,,,,0.00022,0.00000,3.7,0.00004,1,,,,,0.00022,0.00000,3.4,0.00004
2534,1,,,,,0.00022,0.00000,3.6,0.00004,1,,,,,0.00022,0.00000,3.4,0.00004
2535,1,,,,,0.00022,0.00000,3.6,0.00004,1,,,,,0.00022,0.00000,3.4,0.00004
2536,1,,,,,0.00022,0.00000,3.6,0.00004,1,,,,,0.00022,0.00000,3.5,0.00004
2537,1,,,,,0.00022,0.00000,3.7,0.00004,1,,,,,0.00022,0.00000,3.5,0.00004
2538,1,,,,,0.00022,0.00000,3.7,0.00004,1,,,,,0.00022,0.00000,3.5,0.00004
2539,1,,,,,0.00022,0.00000,3.8,0.00004,1,,,,,0.00022,0.00000,3.5,0.00004
2540,1,,,,,0.00022,0.00000,3.7,0.00004,1,,,,,0.00022,0.00001,3.5,0.00004
2541,1,,,,,0.00022,0.00001,3.7,0.00004,1,,,,,0.00022,0.00000,3.5,0.00004
2542,1,,,,,0.00022,0.00001,3.6,0.00004,1,,,,,0.00022,0.00000,3.6,0.00004
2543,1,,,,,0.00022,0.00001,3.6,0.00004,1,,,,,0.00022,0.00000,3.7,0.00004
2544,1,,,,,0.00022,0.00000,3.6,0.00004,1,,,,,0.00022,0.00000,3.7,0.00004
2545,1,,,,,0.00022,0.00000,3.6,0.00004,1,,,,,0.00022,0.00000,3.7,0.00004
2546,1,,,,,0.00022,0.00000,3.7,0.00005,1,,,,,0.00022,0.00000,3.7,0.00004
2547,1,,,,,0.00022,0.00000,3.8,0.00004,1,,,,,0.00022,0.00000,3.7,0.00004
2548,1,,,,,0.00022,0.00000,3.7,0.00004,1,,,,,0.00022,0.00000,3.7,0.00004
2549,1,,,,,0.00022,0.00000,3.6,0.00004,1,,,,,0.00022,0.00000,3.6,0.00005
2550,1,,,,,0.00022,0.00000,3.8,0.00004,1,,,,,0.00022,0.00000,3.7,0.00004
2551,1,,,,,0.00022,0.00001,3.8,0.00004,1,,,,,0.00022,0.00000,3.7,0.00004
2552,1,,,,,0.00022,0.00000,3.8,0.00004,1,,,,,0.00022,0.00001,3.7,0.00004
2553,1,,,,,0.00022,0.00001,3.7,0.00004,1,,,,,0.00022,0.00000,3.8,0.00004
2554,1,,,,,0.00022,0.00000,3.8,0.00004,1,,,,,0.00022,0.00000,3.7,0.00004
2555,1,,,,,0.00022,0.00001,3.7,0.00004,1,,,,,0.00022,0.00001,3.8,0.00004
2556,1,,,,,0.00022,0.00000,3.7,0.00004,1,,,,,0.00022,0.00000,3.7,0.00004
2557,1,,,,,0.00022,0.00000,3.7,0.00004,1,,,,,0.00022,0.00000,3.7,0.00004
2558,1,,,,,0.00022,0.00001,3.8,0.00004,1,,,,,0.00022,0.00000,3.8,0.00004
2559,1,,,,,0.00022,0.00000,3.8,0.00004,1,,,,,0.00022,0.00001,3.7,0.00004
2560,1,,,,,0.00022,0.00000,3.8,0.00004,1,,,,,0.00022,0.00000,3.7,0.00004
2561,1,,,,,0.00022,0.00000,3.8,0.00004,1,,,,,0.00022,0.00000,3.7,0.00004
2562,1,,,,,0.00022,0.00000,3.7,0.00004,1,,,,,0.00022,0.00001,3.7,0.00004
2563,1,,,,,0.00022,0.00001,3.7,0.00004,1,,,,,0.00022,0.00000,3.7,0.00004
2564,1,,,,,0.00022,0.00000,3.8,0.00004,1,,,,,0.00022,0.00001,3.6,0.00004
2565,1,,,,,0.00022,0.00000,3.8,0.00004,1,,,,,0.00022,0.00000,3.7,0.00004
2566,1,,,,,0.00022,0.00000,3.7,0.00004,1,,,,,0.00022,0.00001,3.7,0.00004
2567,1,,,,,0.00022,0.00000,3.7,0.00004,1,,,,,0.00022,0.00000,3.7,0.00004
2568,1,,,,,0.00022,0.00000,3.7,0.00004,1,,,,,0.00022,0.00000,3.7,0.00004
2569,1,,,,,0.00022,0.00000,3.6,0.00004,1,,,,,0.00022,0.00000,3.7,0.00004
2570,1,,,,,0.00022,0.00000,3.6,0.00004,1,,,,,0.00022,0.00000,3.7,0.00004
2571,1,,,,,0.00022,0.00000,3.6,0.00004,1,,,,,0.00022,0.00000,3.5,0.00004
2572,1,,,,,0.00022,0.00001,3.6,0.00004,1,,,,,0.00022,0.00000,3.4,0.00004
2573,1,,,,,0.00022,0.00000,3.6,0.00004,1,,,,,0.00022,0.00000,3.5,0.00005
2574,1,,,,,0.00022,0.00000,3.6,0.00004,1,,,,,0.00022,0.00000,3.5,0.00004
2575,1,,,,,0.00022,0.00000,3.6,0.00004,1,,,,,0.00022,0.00001,3.5,0.00004
2576,1,,,,,0.00022,0.00000,3.7,0.00004,1,,,,,0.00022,0.00001,3.5,0.00004
2577,1,,,,,0.00022,0.00000,3.7,0.00004,1,,,,,0.00022,0.00001,3.5,0.00004
2578,1,,,,,0.00022,0.00000,3.7,0.00004,1,,,,,0.00022,0.00000,3.5,0.00004
2579,1,,,,,0.00022,0.00000,3.6,0.00004,1,,,,,0.00022,0.00000,3.5,0.00004
2580,1,,,,,0.00022,0.00000,3.6,0.00004,1,,,,,0.00022,0.00001,3.5,0.00004
2581,1,,,,,0.00022,0.00000,3.6,0.00004,1,,,,,0.00022,0.00001,3.5,0.00004
2582,1,,,,,0.00022,0.00000,3.6,0.00004,1,,,,,0.00022,0.00000,3.7,0.00004
2583,1,,,,,0.00022,0.00000,3.6,0.00004,1,,,,,0.00022,0.00000,3.8,0.00004
2584,1,,,,,0.00022,0.00001,3.6,0.00004,1,,,,,0.00022,0.00001,3.7,0.00004
2585,1,,,,,0.00022,0.00001,3.6,0.00004,1,,,,,0.00022,0.00001,3.5,0.00004
2586,1,,,,,0.00022,0.00000,3.7,0.00004,1,,,,,0.00022,0.00000,3.7,0.00004
2587,1,,,,,0.00022,0.00001,3.7,0.00004,1,,,,,0.00022,0.00000,3.7,0.00004
2588,1,,,,,0.00022,0.00000,3.6,0.00004,1,,,,,0.00022,0.00000,3.6,0.00004
2589,1,,,,,0.00022,0.00000,3.6,0.00004,1,,,,,0.00022,0.00000,3.6,0.00004
2590,1,,,,,0.00022,0.00000,3.7,0.00004,1,,,,,0.00022,0.00000,3.6,0.00004
2591,1,,,,,0.00022,0.00000,3.7,0.00005,1,,,,,0.00022,0.00000,3.7,0.00004
2592,1,,,,,0.00022,0.00000,3.7,0.00005,1,,,,,0.00022,0.00000,3.7,0.00004
2593,1,,,,,0.00022,0.00000,3.6,0.00004,1,,,,,0.00022,0.00000,3.7,0.00004
2594,1,,,,,0.00022,0.00000,3.6,0.00004,1,,,,,0.00022,0.00000,3.7,0.00004
2595,1,,,,,0.00022,0.00000,3.6,0.00005,1,,,,,0.00022,0.00000,3.7,0.00004
2596,1,,,,,0.00022,0.00000,3.7,0.00004,1,,,,,0.00022,0.00000,3.7,0.00005
2597,1,,,,,0.00022,0.00000,3.7,0.00005,1,,,,,0.00022,0.00000,3.7,0.00004
2598,1,,,,,0.00022,0.00000,3.7,0.00004,1,,,,,0.00022,0.00000,3.7,0.00004
2599,1,,,,,0.00022,0.00000,3.6,0.00004,1,,,,,0.00022,0.00000,3.7,0.00005
2600,1,,,,,0.00022,0.00000,3.6,0.00004,1,,,,,0.00022,0.00000,3.7,0.00004
2601,1,,,,,0.00022,0.00000,3.7,0.00004,1,,,,,0.00022,0.00000,3.7,0.00005
2602,1,,,,,0.00022,0.00001,3.6,0.00004,1,,,,,0.00022,0.00000,3.6,0.00004
2603,1,,,,,0.00022,0.00000,3.7,0.00005,1,,,,,0.00022,0.00001,3.7,0.00004
2604,1,,,,,0.00022,0.00000,3.7,0.00004,1,,,,,0.00022,0.00001,3.7,0.00004
2605,1,,,,,0.00022,0.00000,3.7,0.00005,1,,,,,0.00022,0.00001,3.5,0.00004
2606,1,,,,,0.00022,0.00000,3.6,0.00004,1,,,,,0.00022,0.00000,3.4,0.00004
2607,1,,,,,0.00022,0.00001,3.4,0.00004,1,,,,,0.00022,0.00000,3.4,0.00004
2608,1,,,,,0.00022,0.00000,3.4,0.00004,1,,,,,0.00022,0.00000,3.4,0.00004
2609,1,,,,,0.00022,0.00000,3.4,0.00004,1,,,,,0.00022,0.00000,3.4,0.00004
2610,1,,,,,0.00022,0.00000,3.4,0.00004,1,,,,,0.00022,0.00000,3.5,0.00004
2611,1,,,,,0.00022,0.00000,3.4,0.00004,1,,,,,0.00022,0.00000,3.5,0.00004
2612,1,,,,,0.00022,0.00000,3.4,0.00004,1,,,,,0.00022,0.00000,3.4,0.00004
2613,1,,,,,0.00022,0.00000,3.4,0.00004,1,,,,,0.00022,0.00000,3.4,0.00004
2614,1,,,,,0.00022,0.00000,3.6,0.00004,1,,,,,0.00022,0.00000,3.6,0.00004
2615,1,,,,,0.00022,0.00000,3.5,0.00004,1,,,,,0.00022,0.00001,3.6,0.00004
2616,1,,,,,0.00022,0.00000,3.5,0.00004,1,,,,,0.00022,0.00000,3.6,0.00004
2617,1,,,,,0.00022,0.00000,3.6,0.00004,1,,,,,0.00022,0.00000,3.6,0.00004
2618,1,,,,,0.00022,0.00000,3.5,0.00004,1,,,,,0.00022,0.00000,3.6,0.00004
2619,1,,,,,0.00022,0.00000,3.6,0.00004,1,,,,,0.00022,0.00000,3.6,0.00004
2620,1,,,,,0.00022,0.00000,3.6,0.00004,1,,,,,0.00022,0.00000,3.6,0.00004
2621,1,,,,,0.00022,0.00000,3.6,0.00004,1,,,,,0.00022,0.00000,3.6,0.00004
2622,1,,,,,0.00022,0.00000,3.6,0.00004,1,,,,,0.00022,0.00000,3.6,0.00004
2623,1,,,,,0.00022,0.00000,3.5,0.00004,1,,,,,0.00022,0.00000,3.6,0.00004
2624,1,,,,,0.00022,0.00000,3.6,0.00004,1,,,,,0.00022,0.00000,3.7,0.00004
2625,1,,,,,0.00022,0.00000,3.5,0.00004,1,,,,,0.00022,0.00000,3.6,0.00004
2626,1,,,,,0.00022,0.00000,3.5,0.00004,1,,,,,0.00022,0.00000,3.6,0.00005
2627,1,,,,,0.00022,0.00000,3.6,0.00004,1,,,,,0.00022,0.00001,3.6,0.00004
2628,1,,,,,0.00022,0.00000,3.6,0.00004,1,,,,,0.00022,0.00000,3.6,0.00004
2629,1,,,,,0.00022,0.00000,3.6,0.00005,1,,,,,0.00022,0.00000,3.6,0.00004
2630,1,,,,,0.00022,0.00000,3.7,0.00004,1,,,,,0.00022,0.00000,3.8,0.00004
2631,1,,,,,0.00022,0.00000,3.5,0.00004,1,,,,,0.00022,0.00001,3.8,0.00005
2632,1,,,,,0.00022,0.00000,3.6,0.00004,1,,,,,0.00022,0.00000,3.6,0.00004
2633,1,,,,,0.00022,0.00001,3.6,0.00004,1,,,,,0.00022,0.00000,3.7,0.00004
2634,1,,,,,0.00022,0.00000,3.5,0.00004,1,,,,,0.00022,0.00000,3.7,0.00004
2635,1,,,,,0.00022,0.00001,3.6,0.00004,1,,,,,0.00022,0.00000,3.7,0.00004
2636,1,,,,,0.00022,0.00000,3.5,0.00004,1,,,,,0.00022,0.00001,3.7,0.00004
2637,1,,,,,0.00022,0.00000,3.5,0.00004,1,,,,,0.00022,0.00000,3.6,0.00004
2638,1,,,,,0.00022,0.00000,3.7,0.00004,1,,,,,0.00022,0.00000,3.7,0.00004
2639,1,,,,,0.00022,0.00000,3.7,0.00004,1,,,,,0.00022,0.00001,3.6,0.00004
2640,1,,,,,0.00022,0.00001,3.6,0.00004,1,,,,,0.00022,0.00000,3.7,0.00004
2641,1,,,,,0.00022,0.00001,3.6,0.00004,1,,,,,0.00022,0.00001,3.7,0.00004
2642,1,,,,,0.00022,0.00000,3.8,0.00004,1,,,,,0.00022,0.00000,3.8,0.00005
2643,1,,,,,0.00022,0.00001,3.7,0.00004,1,,,,,0.00022,0.00000,3.7,0.00004
2644,1,,,,,0.00022,0.00000,3.7,0.00004,1,,,,,0.00022,0.00000,3.7,0.00004
2645,1,,,,,0.00022,0.00001,3.5,0.00004,1,,,,,0.00022,0.00001,3.6,0.00004
2646,1,,,,,0.00022,0.00001,3.5,0.00004,1,,,,,0.00022,0.00000,3.6,0.00004
2647,1,,,,,0.00022,0.00000,3.6,0.00004,1,,,,,0.00022,0.00000,3.5,0.00004
2648,1,,,,,0.00022,0.00000,3.7,0.00005,1,,,,,0.00022,0.00000,3.5,0.00004
2649,1,,,,,0.00022,0.00000,3.6,0.00004,1,,,,,0.00022,0.00000,3.5,0.00004
2650,1,,,,,0.00022,0.00001,3.5,0.00004,1,,,,,0.00022,0.00000,3.6,0.00004
2651,1,,,,,0.00022,0.00000,3.5,0.00004,1,,,,,0.00022,0.00000,3.6,0.00004
2652,1,,,,,0.00022,0.00000,3.6,0.00004,1,,,,,0.00022,0.00000,3.7,0.00004
2653,1,,,,,0.00022,0.00000,3.5,0.00004,1,,,,,0.00022,0.00000,3.6,0.00004
2654,1,,,,,0.00022,0.00000,3.5,0.00004,1,,,,,0.00022,0.00000,3.5,0.00004
2655,1,,,,,0.00022,0.00000,3.5,0.00004,1,,,,,0.00022,0.00000,3.6,0.00005
2656,1,,,,,0.00022,0.00000,3.6,0.00004,1,,,,,0.00022,0.00000,3.6,0.00004
2657,1,,,,,0.00022,0.00000,3.5,0.00004,1,,,,,0.00022,0.00000,3.6,0.00005
2658,1,,,,,0.00022,0.00000,3.5,0.00004,1,,,,,0.00022,0.00000,3.6,0.00004
2659,1,,,,,0.00022,0.00000,3.5,0.00004,1,,,,,0.00022,0.00001,3.6,0.00004
2660,1,,,,,0.00022,0.00000,3.5,0.00004,1,,,,,0.00022,0.00000,3.6,0.00004
2661,1,,,,,0.00022,0.00000,3.6,0.00004,1,,,,,0.00022,0.00000,3.6,0.00004
2662,1,,,,,0.00022,0.00000,3.7,0.00004,1,,,,,0.00022,0.00000,3.5,0.00004
2663,1,,,,,0.00022,0.00000,3.6,0.00004,1,,,,,0.00022,0.00000,3.6,0.00004
2664,1,,,,,0.00022,0.00001,3.7,0.00004,1,,,,,0.00022,0.00000,3.7,0.00004
2665,1,,,,,0.00022,0.00001,3.7,0.00005,1,,,,,0.00022,0.00000,3.8,0.00004
2666,1,,,,,0.00022,0.00000,3.7,0.00004,1,,,,,0.00022,0.00001,3.7,0.00004
2667,1,,,,,0.00022,0.00000,3.7,0.00005,1,,,,,0.00022,0.00001,3.7,0.00004
2668,1,,,,,0.00022,0.00001,3.7,0.00004,1,,,,,0.00022,0.00001,3.7,0.00004
2669,1,,,,,0.00022,0.00000,3.7,0.00004,1,,,,,0.00022,0.00000,3.7,0.00004
2670,1,,,,,0.00022,0.00000,3.7,0.00004,1,,,,,0.00022,0.00001,3.7,0.00004
2671,1,,,,,0.00022,0.00000,3.7,0.00004,1,,,,,0.00022,0.00000,3.7,0.00004
2672,1,,,,,0.00022,0.00000,3.7,0.00004,1,,,,,0.00022,0.00000,3.7,0.00004
2673,1,,,,,0.00022,0.00000,3.7,0.00004,1,,,,,0.00022,0.00001,3.6,0.00004
2674,1,,,,,0.00022,0.00000,3.7,0.00004,1,,,,,0.00022,0.00001,3.7,0.00004
2675,1,,,,,0.00022,0.00000,3.7,0.00005,1,,,,,0.00022,0.00000,3.7,0.00004
2676,1,,,,,0.00022,0.00000,3.7,0.00004,1,,,,,0.00022,0.00001,3.7,0.00004
2677,1,,,,,0.00022,0.00000,3.7,0.00004,1,,,,,0.00022,0.00001,3.7,0.00004
2678,1,,,,,0.00022,0.00000,3.7,0.00004,1,,,,,0.00022,0.00000,3.7,0.00004
2679,1,,,,,0.00022,0.00000,3.7,0.00005,1,,,,,0.00022,0.00001,3.8,0.00004
2680,1,,,,,0.00022,0.00000,3.7,0.00004,1,,,,,0.00022,0.00000,3.4,0.00004
2681,1,,,,,0.00022,0.00000,3.7,0.00004,1,,,,,0.00022,0.00001,3.5,0.00004
2682,1,,,,,0.00022,0.00000,3.7,0.00004,1,,,,,0.00022,0.00000,3.4,0.00004
2683,1,,,,,0.00022,0.00000,3.8,0.00004,1,,,,,0.00022,0.00000,3.4,0.00004
2684,1,,,,,0.00022,0.00001,3.8,0.00005,1,,,,,0.00022,0.00000,3.4,0.00004
2685,1,,,,,0.00022,0.00000,3.7,0.00004,1,,,,,0.00022,0.00000,3.5,0.00004
2686,1,,,,,0.00022,0.00000,3.7,0.00004,1,,,,,0.00022,0.00000,3.5,0.00004
2687,1,,,,,0.00022,0.00000,3.7,0.00004,1,,,,,0.00022,0.00000,3.4,0.00004
2688,1,,,,,0.00022,0.00000,3.7,0.00004,1,,,,,0.00022,0.00000,3.5,0.00004
2689,1,,,,,0.00022,0.00000,3.7,0.00004,1,,,,,0.00022,0.00000,3.5,0.00004
2690,1,,,,,0.00022,0.00000,3.7,0.00004,1,,,,,0.00022,0.00000,3.4,0.00004
2691,1,,,,,0.00022,0.00000,3.8,0.00005,1,,,,,0.00022,0.00000,3.5,0.00004
2692,1,,,,,0.00022,0.00000,3.6,0.00005,1,,,,,0.00022,0.00000,3.5,0.00004
2693,1,,,,,0.00022,0.00000,3.5,0.00004,1,,,,,0.00022,0.00000,3.5,0.00004
2694,1,,,,,0.00022,0.00000,3.6,0.00004,1,,,,,0.00022,0.00000,3.5,0.00004
2695,1,,,,,0.00022,0.00001,3.7,0.00004,1,,,,,0.00022,0.00000,3.7,0.00004
2696,1,,,,,0.00022,0.00001,3.8,0.00004,1,,,,,0.00022,0.00000,3.7,0.00004
2697,1,,,,,0.00022,0.00000,3.8,0.00004,1,,,,,0.00022,0.00000,3.7,0.00004
2698,1,,,,,0.00022,0.00000,3.7,0.00004,1,,,,,0.00022,0.00000,3.7,0.00004
2699,1,,,,,0.00022,0.00000,3.7,0.00004,1,,,,,0.00022,0.00001,3.7,0.00004
2700,1,,,,,0.00022,0.00000,3.7,0.00004,1,,,,,0.00022,0.00000,3.7,0.00004
2701,1,,,,,0.00022,0.00000,3.7,0.00004,1,,,,,0.00022,0.00000,3.7,0.00004
2702,1,,,,,0.00022,0.00001,3.8,0.00004,1,,,,,0.00022,0.00001,3.7,0.00005
2703,1,,,,,0.00022,0.00000,3.8,0.00004,1,,,,,0.00022,0.00001,3.7,0.00004
2704,1,,,,,0.00022,0.00001,3.7,0.00004,1,,,,,0.00022,0.00000,3.8,0.00005
2705,1,,,,,0.00022,0.00000,3.8,0.00005,1,,,,,0.00022,0.00000,3.7,0.00004
2706,1,,,,,0.00022,0.00000,3.8,0.00005,1,,,,,0.00022,0.00000,3.7,0.00004
2707,1,,,,,0.00022,0.00000,3.8,0.00004,1,,,,,0.00022,0.00000,3.7,0.00004
2708,1,,,,,0.00022,0.00001,3.8,0.00004,1,,,,,0.00022,0.00001,3.7,0.00004
2709,1,,,,,0.00022,0.00001,3.7,0.00005,1,,,,,0.00022,0.00001,3.7,0.00004
2710,1,,,,,0.00022,0.00000,3.7,0.00004,1,,,,,0.00022,0.00000,3.7,0.00004
2711,1,,,,,0.00022,0.00000,3.8,0.00004,1,,,,,0.00022,0.00001,3.7,0.00004
2712,1,,,,,0.00022,0.00000,3.8,0.00005,1,,,,,0.00022,0.00000,3.7,0.00004
2713,1,,,,,0.00022,0.00001,3.7,0.00004,1,,,,,0.00022,0.00000,3.7,0.00004
2714,1,,,,,0.00022,0.00001,3.7,0.00004,1,,,,,0.00022,0.00000,3.7,0.00004
2715,1,,,,,0.00022,0.00001,3.8,0.00004,1,,,,,0.00022,0.00000,3.7,0.00004
2716,1,,,,,0.00022,0.00000,3.8,0.00004,1,,,,,0.00022,0.00000,3.5,0.00004
2717,1,,,,,0.00022,0.00000,3.7,0.00004,1,,,,,0.00022,0.00000,3.5,0.00004
2718,1,,,,,0.00022,0.00000,3.7,0.00004,1,,,,,0.00022,0.00000,3.4,0.00004
2719,1,,,,,0.00022,0.00000,3.8,0.00004,1,,,,,0.00022,0.00000,3.5,0.00004
2720,1,,,,,0.00022,0.00001,3.7,0.00004,1,,,,,0.00022,0.00000,3.4,0.00004
2721,1,,,,,0.00022,0.00000,3.4,0.00004,1,,,,,0.00022,0.00000,3.5,0.00004
2722,1,,,,,0.00022,0.00000,3.5,0.00004,1,,,,,0.00022,0.00000,3.5,0.00004
2723,1,,,,,0.00022,0.00001,3.5,0.00004,1,,,,,0.00022,0.00000,3.5,0.00004
2724,1,,,,,0.00022,0.00000,3.4,0.00004,1,,,,,0.00022,0.00000,3.5,0.00004
2725,1,,,,,0.00022,0.00000,3.6,0.00004,1,,,,,0.00022,0.00000,3.5,0.00004
2726,1,,,,,0.00022,0.00001,3.6,0.00004,1,,,,,0.00022,0.00000,3.4,0.00004
2727,1,,,,,0.00022,0.00001,3.5,0.00004,1,,,,,0.00022,0.00000,3.5,0.00004
2728,1,,,,,0.00022,0.00000,3.5,0.00005,1,,,,,0.00022,0.00000,3.5,0.00004
2729,1,,,,,0.00022,0.00000,3.5,0.00004,1,,,,,0.00022,0.00000,3.5,0.00004
2730,1,,,,,0.00022,0.00001,3.4,0.00004,1,,,,,0.00022,0.00001,3.5,0.00004
2731,1,,,,,0.00022,0.00001,3.5,0.00004,1,,,,,0.00022,0.00000,3.5,0.00004
2732,1,,,,,0.00022,0.00000,3.5,0.00004,1,,,,,0.00022,0.00000,3.4,0.00004
2733,1,,,,,0.00022,0.00000,3.5,0.00004,1,,,,,0.00022,0.00000,3.5,0.00005
2734,1,,,,,0.00022,0.00000,3.5,0.00004,1,,,,,0.00022,0.00000,3.5,0.00004
2735,1,,,,,0.00022,0.00000,3.4,0.00004,1,,,,,0.00022,0.00000,3.5,0.00004
2736,1,,,,,0.00022,0.00000,3.4,0.00004,1,,,,,0.00022,0.00000,3.5,0.00004
2737,1,,,,,0.00022,0.00000,3.5,0.00004,1,,,,,0.00022,0.00000,3.5,0.00004
2738,1,,,,,0.00022,0.00000,3.4,0.00004,1,,,,,0.00022,0.00000,3.7,0.00004
2739,1,,,,,0.00022,0.00000,3.5,0.00004,1,,,,,0.00022,0.00000,3.8,0.00004
2740,1,,,,,0.00022,0.00000,3.5,0.00004,1,,,,,0.00022,0.00001,3.7,0.00004
2741,1,,,,,0.00022,0.00000,3.5,0.00004,1,,,,,0.00022,0.00001,3.7,0.00004
2742,1,,,,,0.00022,0.00000,3.5,0.00004,1,,,,,0.00022,0.00000,3.7,0.00004
2743,1,,,,,0.00022,0.00000,3.4,0.00004,1,,,,,0.00022,0.00000,3.7,0.00004
2744,1,,,,,0.00022,0.00001,3.4,0.00004,1,,,,,0.00022,0.00000,3.7,0.00004
2745,1,,,,,0.00022,0.00001,3.5,0.00004,1,,,,,0.00022,0.00000,3.7,0.00004
2746,1,,,,,0.00022,0.00001,3.5,0.00004,1,,,,,0.00022,0.00001,3.7,0.00004
2747,1,,,,,0.00022,0.00000,3.5,0.00004,1,,,,,0.00022,0.00000,3.7,0.00004
2748,1,,,,,0.00022,0.00000,3.4,0.00004,1,,,,,0.00022,0.00000,3.7,0.00004
2749,1,,,,,0.00022,0.00000,3.4,0.00004,1,,,,,0.00022,0.00001,3.7,0.00005
2750,1,,,,,0.00022,0.00000,3.4,0.00004,1,,,,,0.00022,0.00000,3.7,0.00004
2751,1,,,,,0.00022,0.00000,3.4,0.00004,1,,,,,0.00022,0.00000,3.7,0.00004
2752,1,,,,,0.00022,0.00000,3.4,0.00004,1,,,,,0.00022,0.00000,3.7,0.00004
2753,1,,,,,0.00022,0.00000,3.4,0.00004,1,,,,,0.00022,0.00000,3.7,0.00004
2754,1,,,,,0.00022,0.00000,3.4,0.00004,1,,,,,0.00022,0.00000,3.7,0.00004
2755,1,,,,,0.00022,0.00000,3.6,0.00004,1,,,,,0.00022,0.00001,3.7,0.00004
2756,1,,,,,0.00022,0.00000,3.5,0.00004,1,,,,,0.00022,0.00000,3.7,0.00004
2757,1,,,,,0.00022,0.00000,3.4,0.00004,1,,,,,0.00022,0.00001,3.7,0.00004
2758,1,,,,,0.00022,0.00001,3.4,0.00004,1,,,,,0.00022,0.00001,3.7,0.00004
2759,1,,,,,0.00022,0.00000,3.4,0.00005,1,,,,,0.00022,0.00001,3.7,0.00004
2760,1,,,,,0.00022,0.00000,3.4,0.00004,1,,,,,0.00022,0.00001,3.7,0.00004
2761,1,,,,,0.00022,0.00000,3.4,0.00004,1,,,,,0.00022,0.00000,3.8,0.00004
2762,1,,,,,0.00022,0.00000,3.4,0.00004,1,,,,,0.00022,0.00000,3.4,0.00004
2763,1,,,,,0.00022,0.00000,3.4,0.00004,1,,,,,0.00022,0.00001,3.6,0.00005
2764,1,,,,,0.00022,0.00001,3.4,0.00004,1,,,,,0.00022,0.00000,3.5,0.00004
2765,1,,,,,0.00022,0.00001,3.4,0.00004,1,,,,,0.00022,0.00000,3.4,0.00004
2766,1,,,,,0.00022,0.00000,3.4,0.00004,1,,,,,0.00022,0.00001,3.4,0.00004
2767,1,,,,,0.00022,0.00000,3.4,0.00004,1,,,,,0.00022,0.00000,3.5,0.00004
2768,1,,,,,0.00022,0.00000,3.4,0.00004,1,,,,,0.00022,0.00000,3.5,0.00004
2769,1,,,,,0.00022,0.00000,3.4,0.00004,1,,,,,0.00022,0.00000,3.5,0.00004
2770,1,,,,,0.00022,0.00001,3.4,0.00004,1,,,,,0.00022,0.00000,3.5,0.00004
2771,1,,,,,0.00022,0.00001,3.4,0.00004,1,,,,,0.00022,0.00000,3.5,0.00004
2772,1,,,,,0.00022,0.00000,3.5,0.00004,1,,,,,0.00022,0.00000,3.5,0.00004
2773,1,,,,,0.00022,0.00000,3.5,0.00004,1,,,,,0.00022,0.00000,3.5,0.00005
2774,1,,,,,0.00022,0.00000,3.4,0.00004,1,,,,,0.00022,0.00000,3.5,0.00004
2775,1,,,,,0.00022,0.00000,3.4,0.00004,1,,,,,0.00022,0.00000,3.5,0.00004
2776,1,,,,,0.00022,0.00000,3.6,0.00004,1,,,,,0.00022,0.00000,3.5,0.00005
2777,1,,,,,0.00022,0.00000,3.6,0.00004,1,,,,,0.00022,0.00000,3.7,0.00004
2778,1,,,,,0.00022,0.00000,3.6,0.00004,1,,,,,0.00022,0.00000,3.7,0.00004
2779,1,,,,,0.00022,0.00000,3.7,0.00004,1,,,,,0.00022,0.00000,3.7,0.00004
2780,1,,,,,0.00022,0.00000,3.6,0.00004,1,,,,,0.00022,0.00000,3.6,0.00004
2781,1,,,,,0.00022,0.00000,3.7,0.00005,1,,,,,0.00022,0.00000,3.7,0.00004
2782,1,,,,,0.00022,0.00001,3.7,0.00005,1,,,,,0.00022,0.00000,3.8,0.00004
2783,1,,,,,0.00022,0.00001,3.7,0.00004,1,,,,,0.00022,0.00000,3.7,0.00004
2784,1,,,,,0.00022,0.00000,3.7,0.00004,1,,,,,0.00022,0.00000,3.7,0.00004
2785,1,,,,,0.00022,0.00000,3.6,0.00004,1,,,,,0.00022,0.00000,3.7,0.00004
2786,1,,,,,0.00022,0.00001,3.6,0.00004,1,,,,,0.00022,0.00000,3.7,0.00004
2787,1,,,,,0.00022,0.00000,3.7,0.00004,1,,,,,0.00022,0.00000,3.8,0.00004
2788,1,,,,,0.00022,0.00000,3.7,0.00004,1,,,,,0.00022,0.00001,3.7,0.00004
2789,1,,,,,0.00022,0.00001,3.7,0.00004,1,,,,,0.00022,0.00001,3.7,0.00004
2790,1,,,,,0.00022,0.00001,3.7,0.00005,1,,,,,0.00022,0.00000,3.7,0.00004
2791,1,,,,,0.00022,0.00001,3.7,0.00005,1,,,,,0.00022,0.00000,3.5,0.00004
2792,1,,,,,0.00022,0.00000,3.7,0.00005,1,,,,,0.00022,0.00000,3.4,0.00004
2793,1,,,,,0.00022,0.00000,3.7,0.00004,1,,,,,0.00022,0.00000,3.7,0.00004
2794,1,,,,,0.00022,0.00001,3.7,0.00004,1,,,,,0.00022,0.00001,3.8,0.00004
2795,1,,,,,0.00022,0.00000,3.7,0.00004,1,,,,,0.00022,0.00000,3.7,0.00004
2796,1,,,,,0.00022,0.00000,3.6,0.00004,1,,,,,0.00022,0.00000,3.5,0.00004
2797,1,,,,,0.00022,0.00000,3.6,0.00004,1,,,,,0.00022,0.00000,3.4,0.00004
2798,1,,,,,0.00022,0.00000,3.7,0.00004,1,,,,,0.00022,0.00000,3.4,0.00004
2799,1,,,,,0.00022,0.00000,3.6,0.00004,1,,,,,0.00022,0.00000,3.5,0.00004
2800,1,,,,,0.00022,0.00000,3.6,0.00004,1,,,,,0.00022,0.00001,3.6,0.00004
2801,1,,,,,0.00022,0.00001,3.6,0.00004,1,,,,,0.00022,0.00001,3.6,0.00004
2802,1,,,,,0.00022,0.00000,3.6,0.00004,1,,,,,0.00022,0.00000,3.6,0.00004
2803,1,,,,,0.00022,0.00000,3.5,0.00004,1,,,,,0.00022,0.00000,3.6,0.00004
2804,1,,,,,0.00022,0.00001,3.6,0.00004,1,,,,,0.00022,0.00000,3.6,0.00004
2805,1,,,,,0.00022,0.00000,3.6,0.00004,1,,,,,0.00022,0.00000,3.6,0.00004
2806,1,,,,,0.00022,0.00000,3.7,0.00004,1,,,,,0.00022,0.00000,3.7,0.00004
2807,1,,,,,0.00022,0.00000,3.7,0.00004,1,,,,,0.00022,0.00000,3.6,0.00004
2808,1,,,,,0.00022,0.00001,3.7,0.00004,1,,,,,0.00022,0.00001,3.6,0.00004
2809,1,,,,,0.00022,0.00000,3.7,0.00004,1,,,,,0.00022,0.00001,3.7,0.00004
2810,1,,,,,0.00022,0.00000,3.7,0.00004,1,,,,,0.00022,0.00000,3.6,0.00004
2811,1,,,,,0.00022,0.00000,3.7,0.00004,1,,,,,0.00022,0.00000,3.6,0.00004
2812,1,,,,,0.00022,0.00001,3.7,0.00004,1,,,,,0.00022,0.00001,3.6,0.00005
2813,1,,,,,0.00022,0.00000,3.7,0.00004,1,,,,,0.00022,0.00000,3.6,0.00004
2814,1,,,,,0.00022,0.00000,3.7,0.00004,1,,,,,0.00022,0.00000,3.7,0.00004
2815,1,,,,,0.00022,0.00000,3.7,0.00004,1,,,,,0.00022,0.00000,3.7,0.00004
2816,1,,,,,0.00022,0.00000,3.7,0.00005,1,,,,,0.00022,0.00001,3.7,0.00004
2817,1,,,,,0.00022,0.00000,3.7,0.00004,1,,,,,0.00022,0.00000,3.7,0.00004
2818,1,,,,,0.00022,0.00000,3.7,0.00004,1,,,,,0.00022,0.00001,3.7,0.00004
2819,1,,,,,0.00022,0.00000,3.7,0.00004,1,,,,,0.00022,0.00001,3.7,0.00004
2820,1,,,,,0.00022,0.00001,3.7,0.00004,1,,,,,0.00022,0.00000,3.8,0.00004
2821,1,,,,,0.00022,0.00000,3.7,0.00005,1,,,,,0.00022,0.00000,3.7,0.00004
2822,1,,,,,0.00022,0.00000,3.7,0.00004,1,,,,,0.00022,0.00000,3.7,0.00004
2823,1,,,,,0.00022,0.00000,3.7,0.00005,1,,,,,0.00022,0.00000,3.7,0.00005
2824,1,,,,,0.00022,0.00001,3.8,0.00005,1,,,,,0.00022,0.00000,3.7,0.00004
2825,1,,,,,0.00022,0.00000,3.8,0.00004,1,,,,,0.00022,0.00000,3.7,0.00004
2826,1,,,,,0.00022,0.00000,3.8,0.00004,1,,,,,0.00022,0.00000,3.6,0.00004
2827,1,,,,,0.00022,0.00000,3.7,0.00004,1,,,,,0.00022,0.00000,3.5,0.00004
2828,1,,,,,0.00022,0.00000,3.7,0.00004,1,,,,,0.00022,0.00000,3.5,0.00004
2829,1,,,,,0.00022,0.00000,3.8,0.00004,1,,,,,0.00022,0.00000,3.4,0.00004
2830,1,,,,,0.00022,0.00000,3.8,0.00004,1,,,,,0.00022,0.00000,3.4,0.00004
2831,1,,,,,0.00022,0.00000,3.8,0.00004,1,,,,,0.00022,0.00000,3.5,0.00004
2832,1,,,,,0.00022,0.00000,3.8,0.00004,1,,,,,0.00022,0.00001,3.5,0.00004
2833,1,,,,,0.00022,0.00000,3.8,0.00004,1,,,,,0.00022,0.00000,3.4,0.00004
2834,1,,,,,0.00022,0.00000,3.7,0.00004,1,,,,,0.00022,0.00000,3.5,0.00004
2835,1,,,,,0.00022,0.00000,3.6,0.00004,1,,,,,0.00022,0.00001,3.7,0.00004
2836,1,,,,,0.00022,0.00000,3.6,0.00004,1,,,,,0.00022,0.00000,3.6,0.00005
2837,1,,,,,0.00022,0.00000,3.6,0.00004,1,,,,,0.00022,0.00000,3.5,0.00004
2838,1,,,,,0.00022,0.00000,3.8,0.00005,1,,,,,0.00022,0.00000,3.5,0.00004
2839,1,,,,,0.00022,0.00000,3.8,0.00004,1,,,,,0.00022,0.00000,3.6,0.00005
2840,1,,,,,0.00022,0.00000,3.8,0.00004,1,,,,,0.00022,0.00000,3.5,0.00004
2841,1,,,,,0.00022,0.00000,3.8,0.00004,1,,,,,0.00022,0.00000,3.5,0.00004
2842,1,,,,,0.00022,0.00000,3.6,0.00004,1,,,,,0.00022,0.00000,3.5,0.00004
2843,1,,,,,0.00022,0.00001,3.5,0.00004,1,,,,,0.00022,0.00000,3.4,0.00004
2844,1,,,,,0.00022,0.00000,3.6,0.00004,1,,,,,0.00022,0.00000,3.5,0.00004
2845,1,,,,,0.00022,0.00000,3.7,0.00004,1,,,,,0.00022,0.00000,3.5,0.00004
2846,1,,,,,0.00022,0.00000,3.8,0.00004,1,,,,,0.00022,0.00000,3.5,0.00004
2847,1,,,,,0.00022,0.00001,3.8,0.00005,1,,,,,0.00022,0.00001,3.5,0.00004
2848,1,,,,,0.00022,0.00000,3.8,0.00004,1,,,,,0.00022,0.00000,3.8,0.00004
2849,1,,,,,0.00022,0.00001,3.7,0.00004,1,,,,,0.00022,0.00000,3.4,0.00004
2850,1,,,,,0.00022,0.00000,3.9,0.00004,1,,,,,0.00022,0.00000,3.5,0.00004
2851,1,,,,,0.00022,0.00000,3.8,0.00004,1,,,,,0.00022,0.00000,3.7,0.00004
2852,1,,,,,0.00022,0.00000,3.8,0.00004,1,,,,,0.00022,0.00000,3.7,0.00004
2853,1,,,,,0.00022,0.00000,3.8,0.00005,1,,,,,0.00022,0.00000,3.6,0.00004
2854,1,,,,,0.00022,0.00000,3.8,0.00004,1,,,,,0.00022,0.00000,3.7,0.00004
2855,1,,,,,0.00022,0.00000,3.8,0.00004,1,,,,,0.00022,0.00000,3.7,0.00004
2856,1,,,,,0.00022,0.00000,3.8,0.00004,1,,,,,0.00022,0.00000,3.7,0.00004
2857,1,,,,,0.00022,0.00000,3.8,0.00004,1,,,,,0.00022,0.00001,3.7,0.00004
2858,1,,,,,0.00022,0.00000,3.8,0.00004,1,,,,,0.00022,0.00000,3.7,0.00005
2859,1,,,,,0.00022,0.00000,3.8,0.00004,1,,,,,0.00022,0.00000,3.7,0.00004
2860,1,,,,,0.00022,0.00000,3.8,0.00004,1,,,,,0.00022,0.00000,3.7,0.00005
2861,1,,,,,0.00022,0.00000,3.8,0.00004,1,,,,,0.00022,0.00000,3.7,0.00004
2862,1,,,,,0.00022,0.00000,3.8,0.00005,1,,,,,0.00022,0.00000,3.7,0.00004
2863,1,,,,,0.00022,0.00000,3.8,0.00004,1,,,,,0.00022,0.00000,3.7,0.00005
2864,1,,,,,0.00022,0.00001,3.8,0.00004,1,,,,,0.00022,0.00000,3.7,0.00004
2865,1,,,,,0.00022,0.00001,3.8,0.00004,1,,,,,0.00022,0.00000,3.7,0.00004
2866,1,,,,,0.00022,0.00000,3.7,0.00004,1,,,,,0.00022,0.00001,3.7,0.00004
2867,1,,,,,0.00022,0.00000,3.8,0.00004,1,,,,,0.00022,0.00001,3.7,0.00004
2868,1,,,,,0.00022,0.00001,3.5,0.00004,1,,,,,0.00022,0.00000,3.5,0.00004
2869,1,,,,,0.00022,0.00000,3.5,0.00004,1,,,,,0.00022,0.00000,3.4,0.00004
2870,1,,,,,0.00022,0.00000,3.5,0.00004,1,,,,,0.00022,0.00000,3.4,0.00004
2871,1,,,,,0.00022,0.00000,3.7,0.00004,1,,,,,0.00022,0.00000,3.4,0.00004
2872,1,,,,,0.00022,0.00000,3.5,0.00004,1,,,,,0.00022,0.00000,3.4,0.00004
2873,1,,,,,0.00022,0.00000,3.4,0.00004,1,,,,,0.00022,0.00000,3.5,0.00004
2874,1,,,,,0.00022,0.00000,3.4,0.00004,1,,,,,0.00022,0.00000,3.5,0.00004
2875,1,,,,,0.00022,0.00001,3.6,0.00004,1,,,,,0.00022,0.00000,3.5,0.00004
2876,1,,,,,0.00022,0.00000,3.6,0.00004,1,,,,,0.00022,0.00000,3.5,0.00004
2877,1,,,,,0.00022,0.00001,3.6,0.00004,1,,,,,0.00022,0.00000,3.4,0.00004
2878,1,,,,,0.00022,0.00000,3.6,0.00004,1,,,,,0.00022,0.00000,3.5,0.00004
2879,1,,,,,0.00022,0.00000,3.6,0.00004,1,,,,,0.00022,0.00000,3.5,0.00004
2880,1,,,,,0.00022,0.00000,3.6,0.00004,1,,,,,0.00022,0.00000,3.5,0.00004
2881,1,,,,,0.00022,0.00000,3.5,0.00004,1,,,,,0.00022,0.00001,3.7,0.00004
2882,1,,,,,0.00022,0.00000,3.6,0.00004,1,,,,,0.00022,0.00000,3.7,0.00004
2883,1,,,,,0.00022,0.00000,3.6,0.00004,1,,,,,0.00022,0.00000,3.7,0.00004
2884,1,,,,,0.00022,0.00000,3.6,0.00004,1,,,,,0.00022,0.00000,3.7,0.00004
2885,1,,,,,0.00022,0.00000,3.6,0.00004,1,,,,,0.00022,0.00000,3.7,0.00004
2886,1,,,,,0.00022,0.00001,3.6,0.00004,1,,,,,0.00022,0.00000,3.8,0.00004
2887,1,,,,,0.00022,0.00000,3.6,0.00004,1,,,,,0.00022,0.00000,3.7,0.00004
2888,1,,,,,0.00022,0.00000,3.6,0.00004,1,,,,,0.00022,0.00000,3.7,0.00004
2889,1,,,,,0.00022,0.00000,3.7,0.00004,1,,,,,0.00022,0.00000,3.7,0.00004
2890,1,,,,,0.00022,0.00000,3.7,0.00004,1,,,,,0.00022,0.00000,3.7,0.00004
2891,1,,,,,0.00022,0.00000,3.7,0.00004,1,,,,,0.00022,0.00000,3.8,0.00004
2892,1,,,,,0.00022,0.00000,3.6,0.00004,1,,,,,0.00022,0.00001,3.7,0.00004
2893,1,,,,,0.00022,0.00000,3.6,0.00004,1,,,,,0.00022,0.00001,3.7,0.00004
2894,1,,,,,0.00022,0.00000,3.6,0.00004,1,,,,,0.00022,0.00001,3.7,0.00004
2895,1,,,,,0.00022,0.00001,3.6,0.00004,1,,,,,0.00022,0.00000,3.7,0.00004
2896,1,,,,,0.00022,0.00000,3.6,0.00004,1,,,,,0.00022,0.00001,3.8,0.00004
2897,1,,,,,0.00022,0.00000,3.6,0.00004,1,,,,,0.00022,0.00000,3.7,0.00004
2898,1,,,,,0.00022,0.00000,3.6,0.00004,1,,,,,0.00022,0.00000,3.7,0.00004
2899,1,,,,,0.00022,0.00000,3.6,0.00005,1,,,,,0.00022,0.00000,3.7,0.00005
2900,1,,,,,0.00022,0.00000,3.7,0.00004,1,,,,,0.00022,0.00000,3.8,0.00004
2901,1,,,,,0.00022,0.00000,3.7,0.00004,1,,,,,0.00022,0.00000,3.7,0.00004
2902,1,,,,,0.00022,0.00000,3.5,0.00004,1,,,,,0.00022,0.00000,3.5,0.00004
2903,1,,,,,0.00022,0.00000,3.5,0.00005,1,,,,,0.00022,0.00001,3.4,0.00004
2904,1,,,,,0.00022,0.00000,3.4,0.00004,1,,,,,0.00022,0.00000,3.4,0.00004
2905,1,,,,,0.00022,0.00000,3.6,0.00004,1,,,,,0.00022,0.00000,3.7,0.00004
2906,1,,,,,0.00022,0.00001,3.4,0.00004,1,,,,,0.00022,0.00000,3.5,0.00004
2907,1,,,,,0.00022,0.00000,3.4,0.00004,1,,,,,0.00022,0.00000,3.5,0.00004
2908,1,,,,,0.00022,0.00000,3.4,0.00004,1,,,,,0.00022,0.00000,3.4,0.00004
2909,1,,,,,0.00022,0.00000,3.4,0.00004,1,,,,,0.00022,0.00000,3.5,0.00004
2910,1,,,,,0.00022,0.00000,3.4,0.00004,1,,,,,0.00022,0.00000,3.5,0.00004
2911,1,,,,,0.00022,0.00001,3.4,0.00004,1,,,,,0.00022,0.00001,3.5,0.00004
2912,1,,,,,0.00022,0.00001,3.4,0.00004,1,,,,,0.00022,0.00000,3.5,0.00004
2913,1,,,,,0.00022,0.00001,3.4,0.00004,1,,,,,0.00022,0.00000,3.4,0.00004
2914,1,,,,,0.00022,0.00000,3.4,0.00004,1,,,,,0.00022,0.00000,3.5,0.00004
2915,1,,,,,0.00022,0.00000,3.4,0.00004,1,,,,,0.00022,0.00000,3.5,0.00004
2916,1,,,,,0.00022,0.00000,3.4,0.00004,1,,,,,0.00022,0.00000,3.5,0.00004
2917,1,,,,,0.00022,0.00001,3.4,0.00004,1,,,,,0.00022,0.00001,3.5,0.00004
2918,1,,,,,0.00022,0.00000,3.4,0.00004,1,,,,,0.00022,0.00000,3.5,0.00004
2919,1,,,,,0.00022,0.00000,3.4,0.00004,1,,,,,0.00022,0.00000,3.5,0.00004
2920,1,,,,,0.00022,0.00000,3.4,0.00004,1,,,,,0.00022,0.00000,3.5,0.00004
2921,1,,,,,0.00022,0.00000,3.4,0.00004,1,,,,,0.00022,0.00000,3.5,0.00004
2922,1,,,,,0.00022,0.00001,3.4,0.00004,1,,,,,0.00022,0.00000,3.5,0.00004
2923,1,,,,,0.00022,0.00000,3.4,0.00004,1,,,,,0.00022,0.00000,3.5,0.00004
2924,1,,,,,0.00022,0.00000,3.4,0.00004,1,,,,,0.00022,0.00000,3.4,0.00004
2925,1,,,,,0.00022,0.00000,3.4,0.00004,1,,,,,0.00022,0.00000,3.5,0.00004
2926,1,,,,,0.00022,0.00001,3.6,0.00004,1,,,,,0.00022,0.00001,3.6,0.00004
2927,1,,,,,0.00022,0.00000,3.7,0.00005,1,,,,,0.00022,0.00000,3.7,0.00004
2928,1,,,,,0.00022,0.00000,3.7,0.00004,1,,,,,0.00022,0.00000,3.8,0.00004
2929,1,,,,,0.00022,0.00000,3.6,0.00005,1,,,,,0.00022,0.00000,3.7,0.00004
2930,1,,,,,0.00022,0.00001,3.6,0.00005,1,,,,,0.00022,0.00000,3.7,0.00004
2931,1,,,,,0.00022,0.00000,3.7,0.00005,1,,,,,0.00022,0.00000,3.8,0.00004
2932,1,,,,,0.00022,0.00000,3.7,0.00004,1,,,,,0.00022,0.00001,3.7,0.00004
2933,1,,,,,0.00022,0.00000,3.6,0.00005,1,,,,,0.00022,0.00000,3.7,0.00004
2934,1,,,,,0.00022,0.00000,3.7,0.00004,1,,,,,0.00022,0.00000,3.7,0.00004
2935,1,,,,,0.00022,0.00000,3.7,0.00004,1,,,,,0.00022,0.00000,3.8,0.00004
2936,1,,,,,0.00022,0.00000,3.7,0.00005,1,,,,,0.00022,0.00000,3.7,0.00004
2937,1,,,,,0.00022,0.00000,3.7,0.00004,1,,,,,0.00022,0.00000,3.7,0.00004
2938,1,,,,,0.00022,0.00000,3.7,0.00004,1,,,,,0.00022,0.00000,3.7,0.00004
2939,1,,,,,0.00022,0.00000,3.7,0.00005,1,,,,,0.00022,0.00000,3.6,0.00004
2940,1,,,,,0.00022,0.00000,3.7,0.00004,1,,,,,0.00022,0.00000,3.6,0.00004
2941,1,,,,,0.00022,0.00000,3.6,0.00004,1,,,,,0.00022,0.00000,3.7,0.00005
2942,1,,,,,0.00022,0.00000,3.7,0.00004,1,,,,,0.00022,0.00000,3.7,0.00005
2943,1,,,,,0.00022,0.00001,3.7,0.00005,1,,,,,0.00022,0.00000,3.7,0.00004
2944,1,,,,,0.00022,0.00000,3.6,0.00004,1,,,,,0.00022,0.00000,3.7,0.00005
2945,1,,,,,0.00022,0.00001,3.6,0.00004,1,,,,,0.00022,0.00001,3.6,0.00005
2946,1,,,,,0.00022,0.00000,3.5,0.00004,1,,,,,0.00022,0.00001,3.6,0.00004
2947,1,,,,,0.00022,0.00000,3.5,0.00004,1,,,,,0.00022,0.00000,3.5,0.00004
2948,1,,,,,0.00022,0.00000,3.5,0.00004,1,,,,,0.00022,0.00000,3.5,0.00004
2949,1,,,,,0.00022,0.00000,3.5,0.00004,1,,,,,0.00022,0.00000,3.5,0.00004
2950,1,,,,,0.00022,0.00001,3.6,0.00004,1,,,,,0.00022,0.00000,3.5,0.00004
2951,1,,,,,0.00022,0.00000,3.6,0.00004,1,,,,,0.00022,0.00000,3.5,0.00004
2952,1,,,,,0.00022,0.00000,3.4,0.00004,1,,,,,0.00022,0.00000,3.5,0.00004
2953,1,,,,,0.00022,0.00000,3.4,0.00004,1,,,,,0.00022,0.00000,3.5,0.00005
2954,1,,,,,0.00022,0.00000,3.5,0.00004,1,,,,,0.00022,0.00000,3.5,0.00004
2955,1,,,,,0.00022,0.00000,3.4,0.00004,1,,,,,0.00022,0.00000,3.4,0.00004
2956,1,,,,,0.00022,0.00000,3.4,0.00004,1,,,,,0.00022,0.00001,3.5,0.00004
2957,1,,,,,0.00022,0.00000,3.4,0.00004,1,,,,,0.00022,0.00000,3.4,0.00004
2958,1,,,,,0.00022,0.00000,3.5,0.00004,1,,,,,0.00022,0.00000,3.5,0.00004
2959,1,,,,,0.00022,0.00000,3.7,0.00004,1,,,,,0.00022,0.00000,3.7,0.00004
2960,1,,,,,0.00022,0.00000,3.5,0.00004,1,,,,,0.00022,0.00000,3.5,0.00004
2961,1,,,,,0.00022,0.00000,3.4,0.00004,1,,,,,0.00022,0.00000,3.7,0.00004
2962,1,,,,,0.00022,0.00000,3.4,0.00004,1,,,,,0.00022,0.00000,3.7,0.00004
2963,1,,,,,0.00022,0.00000,3.5,0.00004,1,,,,,0.00022,0.00001,3.7,0.00004
2964,1,,,,,0.00022,0.00001,3.5,0.00004,1,,,,,0.00022,0.00000,3.7,0.00005
2965,1,,,,,0.00022,0.00000,3.7,0.00004,1,,,,,0.00022,0.00000,3.7,0.00004
2966,1,,,,,0.00022,0.00001,3.7,0.00004,1,,,,,0.00022,0.00001,3.7,0.00004
2967,1,,,,,0.00022,0.00000,3.7,0.00004,1,,,,,0.00022,0.00000,3.8,0.00005
2968,1,,,,,0.00022,0.00001,3.7,0.00004,1,,,,,0.00022,0.00000,3.7,0.00004
2969,1,,,,,0.00022,0.00000,3.7,0.00004,1,,,,,0.00022,0.00000,3.7,0.00004
2970,1,,,,,0.00022,0.00000,3.7,0.00004,1,,,,,0.00022,0.00000,3.6,0.00004
2971,1,,,,,0.00022,0.00001,3.7,0.00004,1,,,,,0.00022,0.00000,3.7,0.00004
2972,1,,,,,0.00022,0.00001,3.7,0.00004,1,,,,,0.00022,0.00000,3.7,0.00004
2973,1,,,,,0.00022,0.00000,3.7,0.00004,1,,,,,0.00022,0.00000,3.8,0.00005
2974,1,,,,,0.00022,0.00000,3.7,0.00004,1,,,,,0.00022,0.00001,3.7,0.00004
2975,1,,,,,0.00022,0.00000,3.7,0.00004,1,,,,,0.00022,0.00000,3.7,0.00004
2976,1,,,,,0.00022,0.00000,3.7,0.00004,1,,,,,0.00022,0.00000,3.7,0.00004
2977,1,,,,,0.00022,0.00000,3.7,0.00004,1,,,,,0.00022,0.00001,3.5,0.00004
2978,1,,,,,0.00022,0.00000,3.7,0.00004,1,,,,,0.00022,0.00000,3.4,0.00004
2979,1,,,,,0.00022,0.00000,3.7,0.00004,1,,,,,0.00022,0.00001,3.5,0.00004
2980,1,,,,,0.00022,0.00001,3.7,0.00004,1,,,,,0.00022,0.00000,3.5,0.00004
2981,1,,,,,0.00022,0.00000,3.6,0.00004,1,,,,,0.00022,0.00000,3.4,0.00004
2982,1,,,,,0.00022,0.00000,3.7,0.00004,1,,,,,0.00022,0.00000,3.4,0.00004
2983,1,,,,,0.00022,0.00001,3.7,0.00004,1,,,,,0.00022,0.00000,3.4,0.00004
2984,1,,,,,0.00022,0.00000,3.6,0.00004,1,,,,,0.00022,0.00000,3.5,0.00004
2985,1,,,,,0.00022,0.00000,3.6,0.00004,1,,,,,0.00022,0.00000,3.5,0.00004
2986,1,,,,,0.00022,0.00000,3.6,0.00004,1,,,,,0.00022,0.00000,3.4,0.00004
2987,1,,,,,0.00022,0.00000,3.6,0.00004,1,,,,,0.00022,0.00000,3.5,0.00004
2988,1,,,,,0.00022,0.00000,3.7,0.00004,1,,,,,0.00022,0.00000,3.5,0.00004
2989,1,,,,,0.00022,0.00000,3.5,0.00004,1,,,,,0.00022,0.00000,3.5,0.00004
2990,1,,,,,0.00022,0.00000,3.5,0.00004,1,,,,,0.00022,0.00000,3.4,0.00004
2991,1,,,,,0.00022,0.00000,3.5,0.00004,1,,,,,0.00022,0.00000,3.5,0.00004
2992,1,,,,,0.00022,0.00000,3.5,0.00004,1,,,,,0.00022,0.00000,3.5,0.00004
2993,1,,,,,0.00022,0.00000,3.7,0.00004,1,,,,,0.00022,0.00000,3.7,0.00004
2994,1,,,,,0.00022,0.00000,3.8,0.00005,1,,,,,0.00022,0.00000,3.7,0.00004
2995,1,,,,,0.00022,0.00000,3.8,0.00004,1,,,,,0.00022,0.00000,3.5,0.00004
2996,1,,,,,0.00022,0.00000,3.8,0.00004,1,,,,,0.00022,0.00000,3.7,0.00004
2997,1,,,,,0.00022,0.00001,3.8,0.00004,1,,,,,0.00022,0.00000,3.7,0.00004
2998,1,,,,,0.00022,0.00000,3.8,0.00004,1,,,,,0.00022,0.00000,3.7,0.00004
2999,1,,,,,0.00022,0.00000,3.7,0.00004,1,,,,,0.00022,0.00001,3.7,0.00005
3000,1,,,,,0.00023,0.00000,27.2,0.00010,1,,,,,0.00038,0.00001,333.0,0.00031
3001,1,,,,,0.00022,0.00000,3.7,0.00004,1,,,,,0.00022,0.00002,3.8,0.00006
3002,1,,,,,0.00022,0.00000,3.6,0.00004,1,,,,,0.00022,0.00000,3.6,0.00004
3003,1,,,,,0.00022,0.00000,3.8,0.00004,1,,,,,0.00022,0.00000,3.6,0.00004
3004,1,,,,,0.00022,0.00001,3.8,0.00004,1,,,,,0.00022,0.00000,3.5,0.00004
3005,1,,,,,0.00022,0.00000,3.7,0.00004,1,,,,,0.00161,0.00000,728.2,0.00050
3006,1,,,,,0.00232,0.00001,1293.0,0.00037,1,,,,,0.05812,0.00011,415.6,0.00082
3007,1,,,,,0.08855,0.00038,522.7,0.00035,1,,,,,0.09582,0.03507,403.5,0.00018
3008,1,,,,,0.10693,0.00806,424.5,0.00014,1,,,,,0.07522,0.00948,316.6,0.00030
3009,1,,,,,0.04428,0.00648,285.0,0.00002,1,,,,,0.03135,0.00102,343.8,0.00042
3010,1,,,,,0.06054,0.01746,676.9,0.00003,1,,,,,0.06194,0.00826,446.5,0.00004
3011,1,,,,,0.03369,0.00207,663.9,0.00000,1,,,,,0.04302,0.00264,480.2,0.00000
3012,1,,,,,0.01091,0.00113,209.0,0.00000,1,,,,,0.01948,0.00826,239.8,0.00000
3013,1,,,,,0.00046,0.00005,665.3,0.00611,1,,,,,0.00338,0.00068,319.1,0.00002
3014,1,,,,,0.03985,0.00002,538.2,0.00003,1,,,,,0.00026,0.00003,77.1,0.00010
3015,1,,,,,0.07786,0.02529,616.2,0.00003,1,,,,,0.03120,0.00001,285.1,0.00000
3016,1,,,,,0.08153,0.00631,289.0,0.00001,1,,,,,0.10695,0.00648,578.5,0.00048
3017,1,,,,,0.09399,0.01035,261.3,0.00000,1,,,,,0.07033,0.00226,285.6,0.00000
3018,1,,,,,0.09417,0.00348,454.0,0.00001,1,,,,,0.07919,0.00617,321.2,0.00003
3019,1,,,,,0.07385,0.00006,493.9,0.00001,1,,,,,0.09671,0.00661,279.9,0.00000
3020,1,,,,,0.00516,0.00051,4049.5,0.12458,1,,,,,0.09336,0.01455,411.1,0.00001
3021,1,,,,,0.04342,0.00002,338.2,0.00002,1,,,,,0.09149,0.01017,400.2,0.00002
3022,1,,,,,0.04677,0.00170,364.7,0.00001,1,,,,,0.03194,0.00138,290.5,0.00823
3023,1,,,,,0.07898,0.00981,636.9,0.00002,1,,,,,0.04482,0.00002,298.2,0.00025
3024,1,,,,,0.01365,0.00206,167.5,0.00011,1,,,,,0.03772,0.00502,222.2,0.00037
3025,1,,,,,0.02202,0.00001,376.4,0.00001,1,,,,,0.04577,0.00370,307.3,0.00031
3026,1,,,,,0.01954,0.00290,3337.3,0.05900,1,,,,,0.02674,0.00162,211.3,0.00002
3027,1,,,,,0.01571,0.07060,6035.0,0.06164,1,,,,,0.05253,0.00290,372.0,0.00005
3028,1,,,,,0.04354,0.00332,572.3,0.00010,1,,,,,0.05139,0.00059,315.5,0.00004
3029,1,,,,,0.03542,0.00314,607.0,0.00002,1,,,,,0.00405,0.00096,457.5,0.00007
3030,1,,,,,0.01474,0.00296,352.7,0.00009,1,,,,,0.04318,0.00022,461.7,0.00001
3031,1,,,,,0.00606,0.00027,127.2,0.00003,1,,,,,0.03415,0.01224,378.0,0.00243
3032,1,,,,,0.00024,0.00001,4.0,0.00006,1,,,,,0.01611,0.01000,4626.8,0.04730
3033,1,,,,,0.00022,0.00001,3.1,0.00004,1,,,,,0.01325,0.00901,3738.7,0.01014
3034,1,,,,,0.00022,0.00000,3.3,0.00004,1,,,,,0.01989,0.00166,196.6,0.00001
3035,1,,,,,0.00022,0.00000,3.1,0.00004,1,,,,,0.01352,0.00016,151.9,0.00003
3036,1,,,,,0.00022,0.00000,3.2,0.00004,1,,,,,0.00959,0.00361,7204.7,0.06413
3037,1,,,,,0.00022,0.00000,3.2,0.00004,1,,,,,0.00496,0.01071,5898.7,0.02966
3038,1,,,,,0.00022,0.00000,3.2,0.00004,1,,,,,0.00021,0.00002,3.2,0.00005
3039,1,,,,,0.00022,0.00001,3.2,0.00003,1,,,,,0.00022,0.00001,3.2,0.00004
3040,1,,,,,0.00022,0.00000,3.2,0.00004,1,,,,,0.00022,0.00000,3.3,0.00004
3041,1,,,,,0.00022,0.00000,3.2,0.00004,1,,,,,0.00022,0.00000,3.2,0.00004
3042,1,,,,,0.00022,0.00000,3.2,0.00004,1,,,,,0.00022,0.00000,3.2,0.00004
3043,1,,,,,0.00022,0.00000,3.2,0.00003,1,,,,,0.00022,0.00000,3.2,0.00004
3044,1,,,,,0.00022,0.00000,3.2,0.00004,1,,,,,0.00022,0.00000,3.2,0.00004
3045,1,,,,,0.00022,0.00000,3.2,0.00004,1,,,,,0.00022,0.00000,3.2,0.00004
3046,1,,,,,0.00022,0.00000,3.2,0.00004,1,,,,,0.00022,0.00000,3.2,0.00003
3047,1,,,,,0.00022,0.00000,3.2,0.00003,1,,,,,0.00022,0.00000,3.2,0.00004
3048,1,,,,,0.00022,0.00000,3.2,0.00004,1,,,,,0.00022,0.00000,3.1,0.00003
3049,1,,,,,0.00022,0.00000,3.2,0.00004,1,,,,,0.00022,0.00000,3.1,0.00004
3050,1,,,,,0.00022,0.00000,3.2,0.00004,1,,,,,0.00022,0.00000,3.1,0.00004
3051,1,,,,,0.00022,0.00000,3.2,0.00004,1,,,,,0.00022,0.00000,3.2,0.00004
3052,1,,,,,0.00022,0.00000,3.1,0.00004,1,,,,,0.00022,0.00000,3.2,0.00004
3053,1,,,,,0.00022,0.00000,3.1,0.00004,1,,,,,0.00022,0.00001,3.1,0.00004
3054,1,,,,,0.00022,0.00000,3.2,0.00004,1,,,,,0.00022,0.00000,3.2,0.00004
3055,1,,,,,0.00022,0.00000,3.2,0.00004,1,,,,,0.00022,0.00000,3.1,0.00004
3056,1,,,,,0.00022,0.00000,3.2,0.00004,1,,,,,0.00022,0.00000,3.1,0.00004
3057,1,,,,,0.00022,0.00001,3.2,0.00004,1,,,,,0.00022,0.00001,3.1,0.00004
3058,1,,,,,0.00022,0.00000,3.2,0.00004,1,,,,,0.00022,0.00000,3.2,0.00004
3059,1,,,,,0.00022,0.00000,3.2,0.00004,1,,,,,0.00022,0.00000,3.2,0.00004
3060,1,,,,,0.00022,0.00001,3.2,0.00004,1,,,,,0.00022,0.00000,3.2,0.00004
3061,1,,,,,0.00022,0.00000,3.2,0.00004,1,,,,,0.00022,0.00000,3.2,0.00004
3062,1,,,,,0.00022,0.00000,3.2,0.00004,1,,,,,0.00022,0.00000,3.2,0.00004
3063,1,,,,,0.00022,0.00000,3.2,0.00004,1,,,,,0.00022,0.00000,3.2,0.00004
3064,1,,,,,0.00022,0.00001,3.2,0.00004,1,,,,,0.00022,0.00000,3.2,0.00004
3065,1,,,,,0.00022,0.00000,3.2,0.00004,1,,,,,0.00022,0.00000,3.2,0.00004
3066,1,,,,,0.00022,0.00000,3.1,0.00004,1,,,,,0.00022,0.00000,3.2,0.00004
3067,1,,,,,0.00022,0.00000,3.2,0.00004,1,,,,,0.00022,0.00000,3.2,0.00004
3068,1,,,,,0.00022,0.00000,3.2,0.00004,1,,,,,0.00022,0.00000,3.1,0.00004
3069,1,,,,,0.00022,0.00000,3.2,0.00004,1,,,,,0.00022,0.00000,3.2,0.00004
3070,1,,,,,0.00022,0.00000,3.2,0.00004,1,,,,,0.00022,0.00000,3.2,0.00004
3071,1,,,,,0.00022,0.00000,3.2,0.00004,1,,,,,0.00022,0.00000,3.2,0.00004
3072,1,,,,,0.00022,0.00000,3.2,0.00004,1,,,,,0.00022,0.00000,3.2,0.00004
3073,1,,,,,0.00022,0.00000,3.2,0.00004,1,,,,,0.00022,0.00000,3.2,0.00004
3074,1,,,,,0.00022,0.00000,3.2,0.00004,1,,,,,0.00022,0.00000,3.2,0.00004
3075,1,,,,,0.00022,0.00000,3.3,0.00004,1,,,,,0.00022,0.00000,3.2,0.00004
3076,1,,,,,0.00022,0.00000,3.2,0.00004,1,,,,,0.00022,0.00000,3.2,0.00004
3077,1,,,,,0.00022,0.00000,3.2,0.00004,1,,,,,0.00022,0.00000,3.1,0.00003
3078,1,,,,,0.00022,0.00000,3.2,0.00004,1,,,,,0.00022,0.00000,3.1,0.00004
3079,1,,,,,0.00022,0.00000,3.3,0.00004,1,,,,,0.00022,0.00000,3.2,0.00004
3080,1,,,,,0.00022,0.00001,3.2,0.00004,1,,,,,0.00022,0.00000,3.2,0.00004
3081,1,,,,,0.00022,0.00000,3.2,0.00004,1,,,,,0.00022,0.00000,3.2,0.00004
3082,1,,,,,0.00022,0.00001,3.3,0.00004,1,,,,,0.00022,0.00000,3.2,0.00004
3083,1,,,,,0.00022,0.00001,3.2,0.00004,1,,,,,0.00022,0.00000,3.1,0.00004
3084,1,,,,,0.00022,0.00000,3.3,0.00004,1,,,,,0.00022,0.00000,3.2,0.00004
3085,1,,,,,0.00022,0.00000,3.2,0.00004,1,,,,,0.00022,0.00000,3.2,0.00004
3086,1,,,,,0.00022,0.00001,3.2,0.00004,1,,,,,0.00022,0.00000,3.1,0.00004
3087,1,,,,,0.00022,0.00000,3.2,0.00004,1,,,,,0.00022,0.00001,3.2,0.00004
3088,1,,,,,0.00022,0.00000,3.3,0.00004,1,,,,,0.00022,0.00000,3.2,0.00004
3089,1,,,,,0.00022,0.00000,3.2,0.00004,1,,,,,0.00022,0.00000,3.2,0.00004
3090,1,,,,,0.00022,0.00000,3.2,0.00004,1,,,,,0.00022,0.00000,3.2,0.00003
3091,1,,,,,0.00022,0.00000,3.2,0.00004,1,,,,,0.00022,0.00000,3.2,0.00004
3092,1,,,,,0.00022,0.00000,3.3,0.00004,1,,,,,0.00022,0.00000,3.2,0.00003
3093,1,,,,,0.00022,0.00001,3.2,0.00004,1,,,,,0.00022,0.00000,3.1,0.00004
3094,1,,,,,0.00022,0.00000,3.2,0.00004,1,,,,,0.00022,0.00000,3.2,0.00004
3095,1,,,,,0.00022,0.00000,3.2,0.00004,1,,,,,0.00022,0.00000,3.2,0.00004
3096,1,,,,,0.00022,0.00000,3.1,0.00004,1,,,,,0.00022,0.00000,3.2,0.00004
3097,1,,,,,0.00022,0.00001,4.0,0.00005,1,,,,,0.00022,0.00000,3.2,0.00004
3098,1,,,,,0.10575,0.00000,622.3,0.00001,1,,,,,0.00022,0.00000,3.2,0.00004
3099,1,,,,,0.16510,0.02852,558.3,0.00001,1,,,,,0.00022,0.00000,3.2,0.00004
3100,1,,,,,0.11674,0.01398,444.8,0.00000,1,,,,,0.00022,0.00000,3.2,0.00004
3101,1,,,,,0.06661,0.00047,415.9,0.00004,1,,,,,0.00022,0.00000,3.2,0.00003
3102,1,,,,,0.02821,0.00300,261.0,0.00007,1,,,,,0.00022,0.00000,3.2,0.00003
3103,1,,,,,0.01334,0.00006,6964.3,0.08785,1,,,,,0.00022,0.00000,3.2,0.00004
3104,1,,,,,0.00181,0.03062,745.8,0.00873,1,,,,,0.00022,0.00000,3.1,0.00004
3105,1,,,,,0.01328,0.00000,294.4,0.00003,1,,,,,0.00022,0.00000,3.1,0.00004
3106,1,,,,,0.02880,0.00237,464.4,0.00000,1,,,,,0.00022,0.00000,3.1,0.00004
3107,1,,,,,0.07005,0.00322,721.8,0.00001,1,,,,,0.00022,0.00000,3.1,0.00004
3108,1,,,,,0.10372,0.00935,455.3,0.00012,1,,,,,0.00022,0.00000,3.1,0.00004
3109,1,,,,,0.02801,0.00363,305.2,0.00008,1,,,,,0.00022,0.00000,3.1,0.00004
3110,1,,,,,0.00030,0.00003,4.4,0.00007,1,,,,,0.00022,0.00000,3.1,0.00004
3111,1,,,,,0.00455,0.00001,6565.8,0.08010,1,,,,,0.00022,0.00000,3.1,0.00004
3112,1,,,,,0.00098,0.00058,1429.2,0.00712,1,,,,,0.00022,0.00000,3.2,0.00004
3113,1,,,,,0.01508,0.00000,876.5,0.00007,1,,,,,0.00022,0.00000,3.1,0.00003
3114,1,,,,,0.10232,0.00551,665.3,0.00036,1,,,,,0.00022,0.00000,3.1,0.00003
3115,1,,,,,0.06191,0.00301,295.9,0.00000,1,,,,,0.00022,0.00000,3.2,0.00004
3116,1,,,,,0.13822,0.00126,545.0,0.00009,1,,,,,0.00022,0.00000,3.2,0.00004
3117,1,,,,,0.05139,0.01062,214.2,0.00003,1,,,,,0.00022,0.00001,3.2,0.00004
3118,1,,,,,0.07478,0.00146,262.0,0.00027,1,,,,,0.00022,0.00000,3.2,0.00004
3119,1,,,,,0.07136,0.03608,277.8,0.00004,1,,,,,0.00022,0.00000,3.1,0.00004
3120,1,,,,,0.03624,0.00009,279.9,0.00034,1,,,,,0.00022,0.00000,3.2,0.00004
3121,1,,,,,0.06105,0.01031,284.8,0.00011,1,,,,,0.00022,0.00000,3.2,0.00004
3122,1,,,,,0.02068,0.00300,234.5,0.00008,1,,,,,0.00022,0.00000,3.2,0.00004
3123,1,,,,,0.00047,0.00018,10.7,0.00008,1,,,,,0.00022,0.00000,3.2,0.00004
3124,1,,,,,0.00248,0.00000,3976.3,0.13478,1,,,,,0.00022,0.00000,3.2,0.00004
3125,1,,,,,0.02524,0.00006,310.8,0.00015,1,,,,,0.00022,0.00000,3.2,0.00003
3126,1,,,,,0.00936,0.00001,4861.4,0.09154,1,,,,,0.00022,0.00000,3.2,0.00004
3127,1,,,,,0.04848,0.01211,313.3,0.00059,1,,,,,0.00022,0.00000,3.2,0.00004
3128,1,,,,,0.01819,0.00741,5566.6,0.10403,1,,,,,0.00022,0.00000,3.2,0.00004
3129,1,,,,,0.01069,0.00340,2980.4,0.17460,1,,,,,0.00022,0.00000,3.1,0.00004
3130,1,,,,,0.09237,0.00365,397.3,0.00013,1,,,,,0.00022,0.00000,3.1,0.00004
3131,1,,,,,0.02694,0.00176,925.5,0.02614,1,,,,,0.00022,0.00000,3.1,0.00004
3132,1,,,,,0.01636,0.02401,4878.6,0.08623,1,,,,,0.00022,0.00001,3.2,0.00004
3133,1,,,,,0.09162,0.00376,451.3,0.00002,1,,,,,0.00022,0.00000,3.2,0.00004
3134,1,,,,,0.05869,0.01076,428.0,0.00000,1,,,,,0.00022,0.00000,3.1,0.00003
3135,1,,,,,0.00945,0.00550,232.9,0.00443,1,,,,,0.00022,0.00000,3.1,0.00004
3136,1,,,,,0.03175,0.00169,496.6,0.00725,1,,,,,0.00022,0.00000,3.1,0.00004
3137,1,,,,,0.10077,0.00806,755.7,0.00002,1,,,,,0.00022,0.00000,3.1,0.00003
3138,1,,,,,0.02147,0.00041,1131.1,0.00716,1,,,,,0.00022,0.00000,3.1,0.00003
3139,1,,,,,0.02059,0.00285,3086.7,0.02305,1,,,,,0.00022,0.00000,3.1,0.00004
3140,1,,,,,0.01064,0.00095,197.9,0.00002,1,,,,,0.00022,0.00000,3.2,0.00004
3141,1,,,,,0.00138,0.00021,117.0,0.00008,1,,,,,0.00022,0.00001,3.2,0.00004
3142,1,,,,,0.00022,0.00000,3.1,0.00004,1,,,,,0.00022,0.00000,3.2,0.00004
3143,1,,,,,0.00022,0.00001,3.2,0.00004,1,,,,,0.00022,0.00000,3.1,0.00004
3144,1,,,,,0.00022,0.00000,3.1,0.00004,1,,,,,0.00022,0.00000,3.2,0.00003
3145,1,,,,,0.00022,0.00000,3.2,0.00004,1,,,,,0.00022,0.00001,3.2,0.00004
3146,1,,,,,0.00022,0.00000,3.2,0.00004,1,,,,,0.00022,0.00000,3.2,0.00004
3147,1,,,,,0.00022,0.00000,3.3,0.00004,1,,,,,0.00022,0.00000,3.2,0.00004
3148,1,,,,,0.00022,0.00000,3.2,0.00004,1,,,,,0.00022,0.00000,3.2,0.00004
3149,1,,,,,0.00022,0.00000,3.2,0.00004,1,,,,,0.00022,0.00001,3.2,0.00004
3150,1,,,,,0.00022,0.00000,3.2,0.00004,1,,,,,0.00022,0.00000,3.2,0.00004
3151,1,,,,,0.00022,0.00001,3.1,0.00004,1,,,,,0.00022,0.00000,3.2,0.00004
3152,1,,,,,0.00022,0.00001,3.2,0.00004,1,,,,,0.00022,0.00000,3.3,0.00004
3153,1,,,,,0.00022,0.00000,3.2,0.00004,1,,,,,0.00022,0.00000,3.2,0.00004
3154,1,,,,,0.00022,0.00000,3.2,0.00004,1,,,,,0.00022,0.00000,3.2,0.00004
3155,1,,,,,0.00022,0.00000,3.2,0.00004,1,,,,,0.00022,0.00000,3.2,0.00004
3156,1,,,,,0.00022,0.00000,3.1,0.00003,1,,,,,0.00022,0.00000,3.2,0.00004
3157,1,,,,,0.00022,0.00001,3.2,0.00004,1,,,,,0.00022,0.00000,3.2,0.00004
3158,1,,,,,0.00022,0.00000,3.1,0.00004,1,,,,,0.00022,0.00000,3.3,0.00004
3159,1,,,,,0.00022,0.00000,3.2,0.00004,1,,,,,0.00022,0.00000,3.4,0.00004
3160,1,,,,,0.00022,0.00000,3.2,0.00004,1,,,,,0.00022,0.00000,3.3,0.00004
3161,1,,,,,0.00022,0.00000,3.1,0.00004,1,,,,,0.00022,0.00000,3.4,0.00004
3162,1,,,,,0.00022,0.00000,3.1,0.00004,1,,,,,0.00022,0.00000,3.4,0.00004
3163,1,,,,,0.00022,0.00000,3.2,0.00004,1,,,,,0.00022,0.00000,3.4,0.00004
3164,1,,,,,0.00022,0.00000,3.1,0.00004,1,,,,,0.00022,0.00000,3.5,0.00004
3165,1,,,,,0.00022,0.00000,3.1,0.00004,1,,,,,0.00022,0.00000,3.5,0.00004
3166,1,,,,,0.00022,0.00000,3.1,0.00004,1,,,,,0.00022,0.00000,3.4,0.00004
3167,1,,,,,0.00022,0.00000,3.1,0.00004,1,,,,,0.00022,0.00000,3.4,0.00004
3168,1,,,,,0.00022,0.00000,3.1,0.00004,1,,,,,0.00022,0.00000,3.5,0.00004
3169,1,,,,,0.00022,0.00001,3.1,0.00004,1,,,,,0.00022,0.00001,3.5,0.00004
3170,1,,,,,0.00022,0.00000,3.2,0.00004,1,,,,,0.00022,0.00001,3.4,0.00004
3171,1,,,,,0.00022,0.00000,3.2,0.00004,1,,,,,0.00022,0.00000,3.5,0.00004
3172,1,,,,,0.00022,0.00000,3.2,0.00004,1,,,,,0.00022,0.00000,3.6,0.00004
3173,1,,,,,0.00022,0.00000,3.1,0.00004,1,,,,,0.00022,0.00000,3.5,0.00004
3174,1,,,,,0.00022,0.00000,3.1,0.00003,1,,,,,0.00022,0.00000,3.5,0.00004
3175,1,,,,,0.00022,0.00000,3.2,0.00003,1,,,,,0.00022,0.00000,3.5,0.00004
3176,1,,,,,0.00022,0.00000,3.2,0.00004,1,,,,,0.00022,0.00000,3.5,0.00004
3177,1,,,,,0.00022,0.00000,3.1,0.00004,1,,,,,0.00022,0.00001,3.5,0.00004
3178,1,,,,,0.00022,0.00000,3.2,0.00004,1,,,,,0.00022,0.00000,3.5,0.00004
3179,1,,,,,0.00022,0.00000,3.1,0.00004,1,,,,,0.00022,0.00001,3.5,0.00004
3180,1,,,,,0.00022,0.00000,3.2,0.00004,1,,,,,0.00022,0.00000,3.5,0.00004
3181,1,,,,,0.00022,0.00000,3.1,0.00004,1,,,,,0.00022,0.00000,3.6,0.00004
3182,1,,,,,0.00022,0.00000,3.1,0.00004,1,,,,,0.00022,0.00000,3.6,0.00004
3183,1,,,,,0.00022,0.00000,3.1,0.00003,1,,,,,0.00022,0.00000,3.5,0.00004
3184,1,,,,,0.00022,0.00000,3.1,0.00003,1,,,,,0.00022,0.00001,3.6,0.00004
3185,1,,,,,0.00022,0.00000,3.2,0.00003,1,,,,,0.00022,0.00000,3.5,0.00004
3186,1,,,,,0.00022,0.00000,3.2,0.00004,1,,,,,0.00022,0.00000,3.5,0.00004
3187,1,,,,,0.00022,0.00001,3.1,0.00004,1,,,,,0.00022,0.00001,3.5,0.00004
3188,1,,,,,0.00022,0.00000,3.1,0.00004,1,,,,,0.00022,0.00000,3.5,0.00004
3189,1,,,,,0.00022,0.00000,3.2,0.00004,1,,,,,0.00022,0.00000,3.6,0.00004
3190,1,,,,,0.00022,0.00000,3.2,0.00003,1,,,,,0.00022,0.00000,3.6,0.00005
3191,1,,,,,0.00022,0.00000,3.2,0.00004,1,,,,,0.00022,0.00001,3.6,0.00004
3192,1,,,,,0.00022,0.00000,3.2,0.00004,1,,,,,0.00022,0.00000,3.7,0.00004
3193,1,,,,,0.00022,0.00000,3.2,0.00004,1,,,,,0.00022,0.00000,3.6,0.00004
3194,1,,,,,0.00022,0.00000,3.2,0.00004,1,,,,,0.00022,0.00000,3.6,0.00004
3195,1,,,,,0.00022,0.00000,3.2,0.00004,1,,,,,0.00022,0.00000,3.6,0.00004
3196,1,,,,,0.00022,0.00001,3.2,0.00004,1,,,,,0.00022,0.00000,3.6,0.00004
3197,1,,,,,0.00022,0.00001,3.1,0.00004,1,,,,,0.00022,0.00000,3.6,0.00004
3198,1,,,,,0.00022,0.00000,3.1,0.00004,1,,,,,0.00022,0.00000,3.6,0.00004
3199,1,,,,,0.00022,0.00000,3.2,0.00004,1,,,,,0.00022,0.00000,3.6,0.00004
3200,1,,,,,0.00022,0.00001,3.2,0.00004,1,,,,,0.00022,0.00000,3.6,0.00004
3201,1,,,,,0.00022,0.00000,3.2,0.00004,1,,,,,0.00022,0.00000,3.7,0.00004
3202,1,,,,,0.00022,0.00000,3.2,0.00004,1,,,,,0.00022,0.00000,3.6,0.00004
3203,1,,,,,0.00022,0.00001,3.1,0.00004,1,,,,,0.00022,0.00001,3.7,0.00004
3204,1,,,,,0.00022,0.00001,3.2,0.00004,1,,,,,0.00022,0.00000,3.8,0.00004
3205,1,,,,,0.00022,0.00000,3.1,0.00004,1,,,,,0.00022,0.00000,3.6,0.00004
3206,1,,,,,0.00022,0.00000,3.1,0.00004,1,,,,,0.00022,0.00001,3.6,0.00004
3207,1,,,,,0.00022,0.00000,3.2,0.00004,1,,,,,0.00022,0.00001,3.6,0.00004
3208,1,,,,,0.00022,0.00000,3.2,0.00004,1,,,,,0.00022,0.00000,3.6,0.00004
3209,1,,,,,0.00022,0.00000,3.1,0.00004,1,,,,,0.00022,0.00000,3.6,0.00004
3210,1,,,,,0.00022,0.00000,3.1,0.00004,1,,,,,0.00022,0.00000,3.6,0.00004
3211,1,,,,,0.00022,0.00000,3.1,0.00003,1,,,,,0.00022,0.00000,3.6,0.00004
3212,1,,,,,0.00022,0.00001,3.1,0.00003,1,,,,,0.00022,0.00000,3.6,0.00004
3213,1,,,,,0.00022,0.00000,3.2,0.00004,1,,,,,0.00022,0.00000,3.6,0.00004
3214,1,,,,,0.00022,0.00000,3.1,0.00004,1,,,,,0.00022,0.00000,3.6,0.00004
3215,1,,,,,0.00022,0.00001,3.2,0.00004,1,,,,,0.00022,0.00000,3.7,0.00004
3216,1,,,,,0.00022,0.00000,3.1,0.00003,1,,,,,0.00022,0.00001,3.7,0.00004
3217,1,,,,,0.00022,0.00000,3.2,0.00004,1,,,,,0.00022,0.00000,3.6,0.00004
3218,1,,,,,0.00022,0.00000,3.1,0.00003,1,,,,,0.00022,0.00000,3.6,0.00004
3219,1,,,,,0.00022,0.00000,3.2,0.00004,1,,,,,0.00022,0.00001,3.7,0.00004
3220,1,,,,,0.00022,0.00000,3.1,0.00004,1,,,,,0.00022,0.00000,3.7,0.00004
3221,1,,,,,0.00022,0.00000,3.1,0.00003,1,,,,,0.00022,0.00000,3.6,0.00004
3222,1,,,,,0.00022,0.00000,3.2,0.00003,1,,,,,0.00022,0.00000,3.6,0.00004
3223,1,,,,,0.00022,0.00000,3.2,0.00004,1,,,,,0.00022,0.00000,3.7,0.00004
3224,1,,,,,0.00022,0.00000,3.1,0.00003,1,,,,,0.00022,0.00001,3.7,0.00004
3225,1,,,,,0.00022,0.00000,3.2,0.00003,1,,,,,0.00022,0.00001,3.7,0.00004
3226,1,,,,,0.00022,0.00000,3.1,0.00004,1,,,,,0.00022,0.00000,3.7,0.00004
3227,1,,,,,0.00022,0.00001,3.1,0.00004,1,,,,,0.00022,0.00000,3.7,0.00004
3228,1,,,,,0.00022,0.00000,3.1,0.00004,1,,,,,0.00022,0.00000,3.7,0.00004
3229,1,,,,,0.00022,0.00001,3.2,0.00004,1,,,,,0.00022,0.00000,3.7,0.00004
3230,1,,,,,0.00022,0.00000,3.1,0.00004,1,,,,,0.00022,0.00000,3.7,0.00004
3231,1,,,,,0.00022,0.00000,3.2,0.00004,1,,,,,0.00022,0.00000,3.7,0.00004
3232,1,,,,,0.00022,0.00000,3.2,0.00004,1,,,,,0.00022,0.00000,3.8,0.00004
3233,1,,,,,0.00022,0.00000,3.1,0.00004,1,,,,,0.00022,0.00000,3.6,0.00004
3234,1,,,,,0.00022,0.00000,3.1,0.00004,1,,,,,0.00022,0.00000,3.6,0.00004
3235,1,,,,,0.00022,0.00000,3.1,0.00004,1,,,,,0.00022,0.00000,3.6,0.00004
3236,1,,,,,0.00022,0.00000,3.2,0.00004,1,,,,,0.00022,0.00001,3.7,0.00004
3237,1,,,,,0.00022,0.00000,3.1,0.00004,1,,,,,0.00022,0.00000,3.6,0.00004
3238,1,,,,,0.00022,0.00000,3.1,0.00004,1,,,,,0.00022,0.00000,3.7,0.00004
3239,1,,,,,0.00022,0.00000,3.1,0.00003,1,,,,,0.00022,0.00000,3.7,0.00004
3240,1,,,,,0.00022,0.00000,3.2,0.00004,1,,,,,0.00022,0.00000,3.6,0.00004
3241,1,,,,,0.00022,0.00000,3.1,0.00004,1,,,,,0.00022,0.00000,3.6,0.00004
3242,1,,,,,0.00022,0.00000,3.1,0.00004,1,,,,,0.00022,0.00000,3.6,0.00004
3243,1,,,,,0.00022,0.00000,3.2,0.00004,1,,,,,0.00022,0.00000,3.6,0.00004
3244,1,,,,,0.00022,0.00000,3.2,0.00004,1,,,,,0.00022,0.00000,3.6,0.00004
3245,1,,,,,0.00022,0.00000,3.2,0.00004,1,,,,,0.00022,0.00000,3.6,0.00004
3246,1,,,,,0.00022,0.00000,3.2,0.00004,1,,,,,0.00022,0.00000,3.6,0.00004
3247,1,,,,,0.00022,0.00000,3.2,0.00004,1,,,,,0.00022,0.00000,3.7,0.00004
3248,1,,,,,0.00022,0.00000,3.2,0.00004,1,,,,,0.00022,0.00000,3.7,0.00004
3249,1,,,,,0.00022,0.00000,3.2,0.00004,1,,,,,0.00022,0.00001,3.6,0.00004
3250,1,,,,,0.00022,0.00000,3.2,0.00004,1,,,,,0.00022,0.00000,3.6,0.00004
3251,1,,,,,0.00022,0.00000,3.2,0.00004,1,,,,,0.00022,0.00001,3.6,0.00004
3252,1,,,,,0.00022,0.00000,3.2,0.00004,1,,,,,0.00022,0.00000,3.5,0.00004
3253,1,,,,,0.00022,0.00000,3.2,0.00004,1,,,,,0.00022,0.00000,3.6,0.00004
3254,1,,,,,0.00022,0.00000,3.3,0.00004,1,,,,,0.00022,0.00001,3.6,0.00004
3255,1,,,,,0.00022,0.00000,3.2,0.00004,1,,,,,0.00022,0.00000,3.7,0.00004
3256,1,,,,,0.00022,0.00000,3.2,0.00004,1,,,,,0.00022,0.00000,3.7,0.00004
3257,1,,,,,0.00022,0.00000,3.4,0.00003,1,,,,,0.00022,0.00000,3.7,0.00004
3258,1,,,,,0.00022,0.00000,3.3,0.00004,1,,,,,0.00022,0.00000,3.7,0.00004
3259,1,,,,,0.00022,0.00000,3.4,0.00004,1,,,,,0.00022,0.00000,3.7,0.00004
3260,1,,,,,0.00022,0.00000,3.4,0.00004,1,,,,,0.00022,0.00000,3.7,0.00004
3261,1,,,,,0.00022,0.00000,3.2,0.00004,1,,,,,0.00022,0.00000,3.7,0.00004
3262,1,,,,,0.00022,0.00000,3.3,0.00004,1,,,,,0.00022,0.00000,3.7,0.00004
3263,1,,,,,0.00022,0.00000,3.5,0.00004,1,,,,,0.00022,0.00000,3.8,0.00004
3264,1,,,,,0.00022,0.00000,3.4,0.00004,1,,,,,0.00022,0.00000,3.6,0.00004
3265,1,,,,,0.00022,0.00000,3.5,0.00004,1,,,,,0.00022,0.00000,3.7,0.00004
3266,1,,,,,0.00022,0.00000,3.6,0.00004,1,,,,,0.00022,0.00000,3.7,0.00004
3267,1,,,,,0.00022,0.00000,3.5,0.00004,1,,,,,0.00022,0.00000,3.6,0.00004
3268,1,,,,,0.00022,0.00000,3.5,0.00004,1,,,,,0.00022,0.00000,3.7,0.00004
3269,1,,,,,0.00022,0.00000,3.5,0.00004,1,,,,,0.00022,0.00000,3.7,0.00004
3270,1,,,,,0.00022,0.00000,3.5,0.00004,1,,,,,0.00022,0.00000,3.7,0.00004
3271,1,,,,,0.00022,0.00000,3.5,0.00004,1,,,,,0.00022,0.00000,3.6,0.00004
3272,1,,,,,0.00022,0.00000,3.5,0.00004,1,,,,,0.00022,0.00000,3.8,0.00004
3273,1,,,,,0.00022,0.00001,3.5,0.00004,1,,,,,0.00022,0.00000,3.7,0.00004
3274,1,,,,,0.00022,0.00000,3.4,0.00004,1,,,,,0.00022,0.00000,3.7,0.00004
3275,1,,,,,0.00022,0.00000,3.5,0.00004,1,,,,,0.00022,0.00000,3.6,0.00004
3276,1,,,,,0.00022,0.00000,3.5,0.00004,1,,,,,0.00022,0.00000,3.8,0.00004
3277,1,,,,,0.00022,0.00001,3.5,0.00004,1,,,,,0.00022,0.00000,3.8,0.00004
3278,1,,,,,0.00022,0.00001,3.6,0.00004,1,,,,,0.00022,0.00000,3.8,0.00004
3279,1,,,,,0.00022,0.00000,3.5,0.00004,1,,,,,0.00022,0.00000,3.7,0.00005
3280,1,,,,,0.00022,0.00000,3.5,0.00004,1,,,,,0.00022,0.00000,3.7,0.00004
3281,1,,,,,0.00022,0.00001,3.5,0.00004,1,,,,,0.00022,0.00000,3.7,0.00004
3282,1,,,,,0.00022,0.00000,3.6,0.00004,1,,,,,0.00022,0.00001,3.7,0.00004
3283,1,,,,,0.00022,0.00000,3.6,0.00004,1,,,,,0.00022,0.00000,3.7,0.00004
3284,1,,,,,0.00022,0.00000,3.7,0.00004,1,,,,,0.00022,0.00000,3.7,0.00004
3285,1,,,,,0.00022,0.00001,3.7,0.00004,1,,,,,0.00022,0.00001,3.7,0.00004
3286,1,,,,,0.00022,0.00000,3.6,0.00004,1,,,,,0.00022,0.00001,3.7,0.00004
3287,1,,,,,0.00022,0.00000,3.7,0.00004,1,,,,,0.00022,0.00000,3.7,0.00004
3288,1,,,,,0.00022,0.00001,3.7,0.00004,1,,,,,0.00022,0.00000,3.7,0.00004
3289,1,,,,,0.00022,0.00000,3.7,0.00004,1,,,,,0.00022,0.00000,3.7,0.00004
3290,1,,,,,0.00022,0.00000,3.7,0.00004,1,,,,,0.00022,0.00000,3.7,0.00004
3291,1,,,,,0.00022,0.00000,3.8,0.00004,1,,,,,0.00022,0.00000,3.7,0.00004
3292,1,,,,,0.00022,0.00000,3.7,0.00004,1,,,,,0.00022,0.00000,3.7,0.00004
3293,1,,,,,0.00022,0.00000,3.8,0.00004,1,,,,,0.00022,0.00000,3.7,0.00004
3294,1,,,,,0.00022,0.00000,3.7,0.00004,1,,,,,0.00022,0.00000,3.7,0.00004
3295,1,,,,,0.00022,0.00000,3.7,0.00004,1,,,,,0.00022,0.00000,3.6,0.00004
3296,1,,,,,0.00022,0.00000,3.7,0.00004,1,,,,,0.00022,0.00000,3.7,0.00004
3297,1,,,,,0.00022,0.00000,3.7,0.00004,1,,,,,0.00022,0.00000,3.8,0.00004
3298,1,,,,,0.00022,0.00001,3.7,0.00004,1,,,,,0.00022,0.00000,3.8,0.00004
3299,1,,,,,0.00022,0.00000,3.7,0.00004,1,,,,,0.00022,0.00000,3.7,0.00004
3300,1,,,,,0.00022,0.00000,3.7,0.00004,1,,,,,0.00022,0.00000,3.8,0.00004
3301,1,,,,,0.00022,0.00001,3.7,0.00004,1,,,,,0.00022,0.00000,3.8,0.00004
3302,1,,,,,0.00022,0.00001,3.7,0.00004,1,,,,,0.00022,0.00000,3.8,0.00004
3303,1,,,,,0.00022,0.00000,3.7,0.00004,1,,,,,0.00022,0.00000,3.7,0.00004
3304,1,,,,,0.00022,0.00001,3.8,0.00004,1,,,,,0.00022,0.00000,3.6,0.00004
3305,1,,,,,0.00022,0.00000,3.8,0.00004,1,,,,,0.00022,0.00000,3.7,0.00004
3306,1,,,,,0.00022,0.00001,3.8,0.00004,1,,,,,0.00022,0.00000,3.8,0.00004
3307,1,,,,,0.00022,0.00000,3.7,0.00004,1,,,,,0.00022,0.00000,3.8,0.00004
3308,1,,,,,0.00022,0.00001,3.7,0.00004,1,,,,,0.00022,0.00000,3.8,0.00004
3309,1,,,,,0.00022,0.00000,3.7,0.00004,1,,,,,0.00022,0.00000,3.8,0.00004
3310,1,,,,,0.00022,0.00000,3.7,0.00004,1,,,,,0.00022,0.00000,3.8,0.00004
3311,1,,,,,0.00022,0.00000,3.7,0.00004,1,,,,,0.00022,0.00000,3.8,0.00004
3312,1,,,,,0.00022,0.00000,3.7,0.00004,1,,,,,0.00022,0.00000,3.8,0.00005
3313,1,,,,,0.00022,0.00000,3.7,0.00004,1,,,,,0.00022,0.00000,3.8,0.00004
3314,1,,,,,0.00022,0.00000,3.6,0.00004,1,,,,,0.00022,0.00000,3.9,0.00004
3315,1,,,,,0.00022,0.00000,3.7,0.00004,1,,,,,0.00022,0.00001,3.9,0.00004
3316,1,,,,,0.00022,0.00000,3.7,0.00004,1,,,,,0.00022,0.00000,3.9,0.00004
3317,1,,,,,0.00022,0.00000,3.7,0.00004,1,,,,,0.00022,0.00000,3.8,0.00004
3318,1,,,,,0.00022,0.00000,3.6,0.00004,1,,,,,0.00022,0.00000,3.8,0.00004
3319,1,,,,,0.00022,0.00000,3.7,0.00004,1,,,,,0.00022,0.00000,3.8,0.00004
3320,1,,,,,0.00022,0.00001,3.7,0.00004,1,,,,,0.00022,0.00000,3.8,0.00004
3321,1,,,,,0.00022,0.00000,3.8,0.00004,1,,,,,0.00022,0.00000,3.7,0.00004
3322,1,,,,,0.00022,0.00000,3.7,0.00004,1,,,,,0.00022,0.00000,3.9,0.00004
3323,1,,,,,0.00022,0.00000,3.7,0.00004,1,,,,,0.00022,0.00000,3.8,0.00005
3324,1,,,,,0.00022,0.00000,3.8,0.00004,1,,,,,0.00022,0.00000,3.8,0.00005
3325,1,,,,,0.00022,0.00000,3.7,0.00004,1,,,,,0.00022,0.00000,3.6,0.00004
3326,1,,,,,0.00022,0.00001,3.7,0.00004,1,,,,,0.00022,0.00000,3.7,0.00004
3327,1,,,,,0.00022,0.00001,3.7,0.00004,1,,,,,0.00022,0.00000,3.7,0.00004
3328,1,,,,,0.00022,0.00000,3.7,0.00004,1,,,,,0.00022,0.00000,3.8,0.00004
3329,1,,,,,0.00022,0.00000,3.7,0.00004,1,,,,,0.00022,0.00001,3.7,0.00004
3330,1,,,,,0.00022,0.00000,3.7,0.00004,1,,,,,0.00022,0.00000,3.7,0.00004
3331,1,,,,,0.00022,0.00000,3.7,0.00004,1,,,,,0.00022,0.00001,3.7,0.00004
3332,1,,,,,0.00022,0.00000,3.6,0.00004,1,,,,,0.00022,0.00001,3.7,0.00004
3333,1,,,,,0.00022,0.00000,3.7,0.00004,1,,,,,0.00022,0.00001,3.6,0.00004
3334,1,,,,,0.00022,0.00000,3.7,0.00004,1,,,,,0.00022,0.00000,3.7,0.00004
3335,1,,,,,0.00022,0.00000,3.6,0.00004,1,,,,,0.00022,0.00001,3.8,0.00004
3336,1,,,,,0.00022,0.00000,3.7,0.00004,1,,,,,0.00022,0.00000,3.8,0.00004
3337,1,,,,,0.00022,0.00000,3.8,0.00004,1,,,,,0.00022,0.00000,3.7,0.00004
3338,1,,,,,0.00022,0.00000,3.7,0.00004,1,,,,,0.00022,0.00000,3.7,0.00004
3339,1,,,,,0.00022,0.00000,3.7,0.00004,1,,,,,0.00022,0.00000,3.8,0.00004
3340,1,,,,,0.00022,0.00000,3.7,0.00004,1,,,,,0.00022,0.00000,3.8,0.00004
3341,1,,,,,0.00022,0.00000,3.8,0.00004,1,,,,,0.00022,0.00000,3.8,0.00004
3342,1,,,,,0.00022,0.00000,3.6,0.00004,1,,,,,0.00022,0.00000,3.8,0.00004
3343,1,,,,,0.00022,0.00000,3.6,0.00004,1,,,,,0.00022,0.00000,3.8,0.00004
3344,1,,,,,0.00022,0.00000,3.7,0.00004,1,,,,,0.00022,0.00001,3.8,0.00004
3345,1,,,,,0.00022,0.00000,3.6,0.00004,1,,,,,0.00022,0.00000,3.8,0.00004
3346,1,,,,,0.00022,0.00000,3.7,0.00004,1,,,,,0.00022,0.00000,3.8,0.00004
3347,1,,,,,0.00022,0.00000,3.7,0.00004,1,,,,,0.00022,0.00001,3.8,0.00004
3348,1,,,,,0.00022,0.00000,3.7,0.00004,1,,,,,0.00022,0.00000,3.7,0.00004
3349,1,,,,,0.00022,0.00000,3.6,0.00004,1,,,,,0.00022,0.00000,3.8,0.00004
3350,1,,,,,0.00022,0.00000,3.6,0.00004,1,,,,,0.00022,0.00000,3.7,0.00004
3351,1,,,,,0.00022,0.00000,3.7,0.00004,1,,,,,0.00022,0.00000,3.8,0.00005
3352,1,,,,,0.00022,0.00000,3.8,0.00004,1,,,,,0.00022,0.00000,3.7,0.00004
3353,1,,,,,0.00022,0.00000,3.7,0.00004,1,,,,,0.00022,0.00001,3.7,0.00004
3354,1,,,,,0.00022,0.00000,3.6,0.00004,1,,,,,0.00022,0.00001,3.7,0.00004
3355,1,,,,,0.00022,0.00001,3.7,0.00004,1,,,,,0.00022,0.00000,3.8,0.00005
3356,1,,,,,0.00022,0.00000,3.7,0.00004,1,,,,,0.00022,0.00000,3.7,0.00004
3357,1,,,,,0.00022,0.00000,3.6,0.00004,1,,,,,0.00022,0.00000,3.7,0.00004
3358,1,,,,,0.00022,0.00001,3.7,0.00004,1,,,,,0.00022,0.00000,3.7,0.00004
3359,1,,,,,0.00022,0.00000,3.7,0.00004,1,,,,,0.00022,0.00001,3.6,0.00004
3360,1,,,,,0.00022,0.00000,3.7,0.00004,1,,,,,0.00022,0.00000,3.6,0.00004
3361,1,,,,,0.00022,0.00000,3.7,0.00004,1,,,,,0.00022,0.00001,3.7,0.00004
3362,1,,,,,0.00022,0.00000,3.6,0.00004,1,,,,,0.00022,0.00000,3.6,0.00004
3363,1,,,,,0.00022,0.00001,3.6,0.00004,1,,,,,0.00022,0.00000,3.6,0.00004
3364,1,,,,,0.00022,0.00000,3.8,0.00004,1,,,,,0.00022,0.00001,3.7,0.00004
3365,1,,,,,0.00022,0.00000,3.9,0.00005,1,,,,,0.00022,0.00000,3.8,0.00004
3366,1,,,,,0.00022,0.00001,3.6,0.00004,1,,,,,0.00022,0.00000,3.6,0.00004
3367,1,,,,,0.00022,0.00000,3.7,0.00004,1,,,,,0.00022,0.00001,3.6,0.00004
3368,1,,,,,0.00022,0.00000,3.7,0.00004,1,,,,,0.00022,0.00001,3.6,0.00004
3369,1,,,,,0.00022,0.00000,3.7,0.00004,1,,,,,0.00022,0.00000,3.6,0.00004
3370,1,,,,,0.00022,0.00000,3.7,0.00004,1,,,,,0.00022,0.00000,3.6,0.00004
3371,1,,,,,0.00022,0.00001,3.7,0.00004,1,,,,,0.00022,0.00001,3.6,0.00004
3372,1,,,,,0.00022,0.00000,3.7,0.00004,1,,,,,0.00022,0.00000,3.6,0.00005
3373,1,,,,,0.00022,0.00000,3.7,0.00004,1,,,,,0.00022,0.00001,3.6,0.00004
3374,1,,,,,0.00022,0.00001,3.7,0.00004,1,,,,,0.00022,0.00001,3.6,0.00004
3375,1,,,,,0.00022,0.00000,3.7,0.00004,1,,,,,0.00022,0.00000,3.6,0.00004
3376,1,,,,,0.00022,0.00001,3.7,0.00004,1,,,,,0.00022,0.00000,3.6,0.00004
3377,1,,,,,0.00022,0.00000,3.7,0.00004,1,,,,,0.00022,0.00000,3.6,0.00004
3378,1,,,,,0.00022,0.00000,3.7,0.00004,1,,,,,0.00022,0.00000,3.6,0.00004
3379,1,,,,,0.00022,0.00000,3.7,0.00004,1,,,,,0.00022,0.00000,3.6,0.00004
3380,1,,,,,0.00022,0.00000,3.7,0.00004,1,,,,,0.00022,0.00000,3.6,0.00004
3381,1,,,,,0.00022,0.00000,3.8,0.00004,1,,,,,0.00022,0.00000,3.7,0.00004
3382,1,,,,,0.00022,0.00001,3.7,0.00004,1,,,,,0.00022,0.00000,3.8,0.00004
3383,1,,,,,0.00022,0.00000,3.7,0.00004,1,,,,,0.00022,0.00000,3.7,0.00005
3384,1,,,,,0.00022,0.00000,3.7,0.00004,1,,,,,0.00022,0.00000,3.7,0.00004
3385,1,,,,,0.00022,0.00000,3.7,0.00004,1,,,,,0.00022,0.00000,3.8,0.00004
3386,1,,,,,0.00022,0.00000,3.7,0.00004,1,,,,,0.00022,0.00001,3.7,0.00004
3387,1,,,,,0.00022,0.00000,3.5,0.00004,1,,,,,0.00022,0.00001,3.7,0.00004
3388,1,,,,,0.00022,0.00000,3.7,0.00004,1,,,,,0.00022,0.00000,3.7,0.00004
3389,1,,,,,0.00022,0.00001,3.7,0.00004,1,,,,,0.00022,0.00000,3.7,0.00004
3390,1,,,,,0.00022,0.00000,3.8,0.00005,1,,,,,0.00022,0.00000,3.6,0.00004
3391,1,,,,,0.00022,0.00000,3.7,0.00004,1,,,,,0.00022,0.00000,3.7,0.00004
3392,1,,,,,0.00022,0.00001,3.8,0.00004,1,,,,,0.00022,0.00001,3.7,0.00005
3393,1,,,,,0.00022,0.00000,3.7,0.00004,1,,,,,0.00022,0.00000,3.7,0.00004
3394,1,,,,,0.00022,0.00000,3.8,0.00004,1,,,,,0.00022,0.00000,3.7,0.00005
3395,1,,,,,0.00022,0.00001,3.7,0.00005,1,,,,,0.00022,0.00000,3.6,0.00004
3396,1,,,,,0.00022,0.00000,3.7,0.00004,1,,,,,0.00022,0.00000,3.6,0.00004
3397,1,,,,,0.00022,0.00000,3.7,0.00004,1,,,,,0.00022,0.00000,3.6,0.00004
3398,1,,,,,0.00022,0.00000,3.7,0.00004,1,,,,,0.00022,0.00001,3.6,0.00004
3399,1,,,,,0.00022,0.00000,3.7,0.00004,1,,,,,0.00022,0.00000,3.5,0.00004
3400,1,,,,,0.00022,0.00000,3.7,0.00004,1,,,,,0.00022,0.00000,3.6,0.00004
3401,1,,,,,0.00022,0.00000,3.7,0.00004,1,,,,,0.00022,0.00000,3.5,0.00004
3402,1,,,,,0.00022,0.00000,3.7,0.00004,1,,,,,0.00022,0.00000,3.5,0.00004
3403,1,,,,,0.00022,0.00000,3.7,0.00004,1,,,,,0.00022,0.00000,3.6,0.00004
3404,1,,,,,0.00022,0.00000,3.7,0.00004,1,,,,,0.00022,0.00000,3.6,0.00004
3405,1,,,,,0.00022,0.00000,3.7,0.00004,1,,,,,0.00022,0.00000,3.6,0.00004
3406,1,,,,,0.00022,0.00000,3.7,0.00004,1,,,,,0.00022,0.00000,3.6,0.00004
3407,1,,,,,0.00022,0.00000,3.7,0.00004,1,,,,,0.00022,0.00000,3.6,0.00004
3408,1,,,,,0.00022,0.00000,3.8,0.00004,1,,,,,0.00022,0.00000,3.6,0.00004
3409,1,,,,,0.00022,0.00000,3.8,0.00004,1,,,,,0.00022,0.00001,3.6,0.00004
3410,1,,,,,0.00022,0.00000,3.8,0.00004,1,,,,,0.00022,0.00001,3.6,0.00004
3411,1,,,,,0.00022,0.00000,3.8,0.00004,1,,,,,0.00022,0.00000,3.6,0.00004
3412,1,,,,,0.00022,0.00000,3.7,0.00004,1,,,,,0.00022,0.00000,3.6,0.00004
3413,1,,,,,0.00022,0.00000,3.6,0.00004,1,,,,,0.00022,0.00000,3.6,0.00004
3414,1,,,,,0.00022,0.00000,3.8,0.00004,1,,,,,0.00022,0.00000,3.6,0.00004
3415,1,,,,,0.00022,0.00000,3.8,0.00004,1,,,,,0.00022,0.00000,3.7,0.00004
3416,1,,,,,0.00022,0.00000,3.7,0.00004,1,,,,,0.00022,0.00001,3.7,0.00004
3417,1,,,,,0.00022,0.00000,3.9,0.00004,1,,,,,0.00022,0.00001,3.7,0.00005
3418,1,,,,,0.00022,0.00000,3.9,0.00004,1,,,,,0.00022,0.00000,3.7,0.00004
3419,1,,,,,0.00022,0.00000,3.9,0.00004,1,,,,,0.00022,0.00000,3.7,0.00004
3420,1,,,,,0.00022,0.00000,4.0,0.00004,1,,,,,0.00022,0.00000,3.7,0.00004
3421,1,,,,,0.00022,0.00001,3.9,0.00004,1,,,,,0.00022,0.00001,3.7,0.00004
3422,1,,,,,0.00022,0.00001,3.9,0.00004,1,,,,,0.00022,0.00000,3.7,0.00004
3423,1,,,,,0.00022,0.00000,3.9,0.00004,1,,,,,0.00022,0.00000,3.7,0.00004
3424,1,,,,,0.00022,0.00000,3.9,0.00004,1,,,,,0.00022,0.00000,3.7,0.00005
3425,1,,,,,0.00022,0.00000,3.8,0.00004,1,,,,,0.00022,0.00000,3.8,0.00005
3426,1,,,,,0.00022,0.00000,3.9,0.00004,1,,,,,0.00022,0.00001,3.7,0.00004
3427,1,,,,,0.00022,0.00000,3.9,0.00004,1,,,,,0.00022,0.00001,3.7,0.00005
3428,1,,,,,0.00022,0.00000,3.9,0.00004,1,,,,,0.00022,0.00000,3.7,0.00005
3429,1,,,,,0.00022,0.00000,3.6,0.00004,1,,,,,0.00022,0.00000,3.7,0.00004
3430,1,,,,,0.00022,0.00000,3.6,0.00004,1,,,,,0.00022,0.00000,3.7,0.00005
3431,1,,,,,0.00022,0.00000,3.6,0.00004,1,,,,,0.00022,0.00000,3.7,0.00004
3432,1,,,,,0.00022,0.00000,3.7,0.00004,1,,,,,0.00022,0.00000,3.7,0.00004
3433,1,,,,,0.00022,0.00000,3.7,0.00004,1,,,,,0.00022,0.00000,3.6,0.00004
3434,1,,,,,0.00022,0.00000,3.7,0.00004,1,,,,,0.00022,0.00001,3.6,0.00004
3435,1,,,,,0.00022,0.00000,3.7,0.00004,1,,,,,0.00022,0.00000,3.6,0.00004
3436,1,,,,,0.00022,0.00000,3.6,0.00004,1,,,,,0.00022,0.00000,3.6,0.00004
3437,1,,,,,0.00022,0.00000,3.6,0.00004,1,,,,,0.00022,0.00000,3.5,0.00004
3438,1,,,,,0.00022,0.00000,3.7,0.00004,1,,,,,0.00022,0.00000,3.6,0.00004
3439,1,,,,,0.00022,0.00000,3.7,0.00004,1,,,,,0.00022,0.00000,3.6,0.00004
3440,1,,,,,0.00022,0.00000,3.7,0.00004,1,,,,,0.00022,0.00000,3.6,0.00004
3441,1,,,,,0.00022,0.00001,3.7,0.00004,1,,,,,0.00022,0.00000,3.6,0.00004
3442,1,,,,,0.00022,0.00001,3.7,0.00004,1,,,,,0.00022,0.00000,3.6,0.00004
3443,1,,,,,0.00022,0.00001,3.7,0.00004,1,,,,,0.00022,0.00000,3.6,0.00004
3444,1,,,,,0.00022,0.00001,3.7,0.00004,1,,,,,0.00022,0.00000,3.6,0.00004
3445,1,,,,,0.00022,0.00001,3.7,0.00004,1,,,,,0.00022,0.00000,3.6,0.00004
3446,1,,,,,0.00022,0.00001,3.6,0.00004,1,,,,,0.00022,0.00000,3.6,0.00004
3447,1,,,,,0.00022,0.00001,3.7,0.00004,1,,,,,0.00022,0.00000,3.5,0.00004
3448,1,,,,,0.00022,0.00000,3.8,0.00004,1,,,,,0.00022,0.00000,3.6,0.00004
3449,1,,,,,0.00022,0.00000,3.6,0.00004,1,,,,,0.00022,0.00000,3.5,0.00004
3450,1,,,,,0.00022,0.00000,3.8,0.00004,1,,,,,0.00022,0.00000,3.4,0.00004
3451,1,,,,,0.00022,0.00000,3.9,0.00004,1,,,,,0.00022,0.00000,3.7,0.00004
3452,1,,,,,0.00022,0.00001,3.7,0.00005,1,,,,,0.00022,0.00000,3.7,0.00005
3453,1,,,,,0.00022,0.00000,3.8,0.00004,1,,,,,0.00022,0.00001,3.6,0.00004
3454,1,,,,,0.00022,0.00000,3.7,0.00004,1,,,,,0.00022,0.00000,3.7,0.00004
3455,1,,,,,0.00022,0.00001,3.8,0.00005,1,,,,,0.00022,0.00001,3.7,0.00004
3456,1,,,,,0.00022,0.00000,3.6,0.00004,1,,,,,0.00022,0.00000,3.7,0.00004
3457,1,,,,,0.00022,0.00000,3.6,0.00004,1,,,,,0.00022,0.00001,3.7,0.00005
3458,1,,,,,0.00022,0.00000,3.7,0.00004,1,,,,,0.00022,0.00000,3.7,0.00004
3459,1,,,,,0.00022,0.00000,3.6,0.00004,1,,,,,0.00022,0.00000,3.6,0.00004
3460,1,,,,,0.00022,0.00000,3.8,0.00005,1,,,,,0.00022,0.00001,3.7,0.00004
3461,1,,,,,0.00022,0.00000,3.8,0.00004,1,,,,,0.00022,0.00000,3.7,0.00004
3462,1,,,,,0.00022,0.00000,3.8,0.00005,1,,,,,0.00022,0.00000,3.8,0.00005
3463,1,,,,,0.00022,0.00000,3.6,0.00004,1,,,,,0.00022,0.00001,3.7,0.00004
3464,1,,,,,0.00022,0.00000,3.7,0.00004,1,,,,,0.00022,0.00000,3.7,0.00005
3465,1,,,,,0.00022,0.00001,3.7,0.00004,1,,,,,0.00022,0.00001,3.8,0.00005
3466,1,,,,,0.00022,0.00000,3.7,0.00004,1,,,,,0.00022,0.00000,3.8,0.00004
3467,1,,,,,0.00022,0.00000,3.6,0.00004,1,,,,,0.00022,0.00000,3.7,0.00004
3468,1,,,,,0.00022,0.00000,3.7,0.00004,1,,,,,0.00022,0.00000,3.7,0.00004
3469,1,,,,,0.00022,0.00001,3.7,0.00004,1,,,,,0.00022,0.00000,3.6,0.00004
3470,1,,,,,0.00022,0.00001,3.6,0.00004,1,,,,,0.00022,0.00001,3.5,0.00004
3471,1,,,,,0.00022,0.00000,3.7,0.00004,1,,,,,0.00022,0.00001,3.5,0.00004
3472,1,,,,,0.00022,0.00000,3.7,0.00004,1,,,,,0.00022,0.00000,3.6,0.00004
3473,1,,,,,0.00022,0.00000,3.6,0.00004,1,,,,,0.00022,0.00000,3.6,0.00004
3474,1,,,,,0.00022,0.00000,3.7,0.00004,1,,,,,0.00022,0.00001,3.5,0.00004
3475,1,,,,,0.00022,0.00000,3.5,0.00004,1,,,,,0.00022,0.00001,3.5,0.00004
3476,1,,,,,0.00022,0.00000,3.6,0.00004,1,,,,,0.00022,0.00000,3.6,0.00004
3477,1,,,,,0.00022,0.00001,3.6,0.00004,1,,,,,0.00022,0.00000,3.6,0.00004
3478,1,,,,,0.00022,0.00000,3.6,0.00004,1,,,,,0.00022,0.00000,3.6,0.00004
3479,1,,,,,0.00022,0.00000,3.6,0.00004,1,,,,,0.00022,0.00000,3.6,0.00004
3480,1,,,,,0.00022,0.00000,3.8,0.00004,1,,,,,0.00022,0.00000,3.6,0.00004
3481,1,,,,,0.00022,0.00001,3.8,0.00005,1,,,,,0.00022,0.00000,3.5,0.00004
3482,1,,,,,0.00022,0.00000,3.8,0.00004,1,,,,,0.00022,0.00000,3.6,0.00004
3483,1,,,,,0.00022,0.00000,3.7,0.00004,1,,,,,0.00022,0.00000,3.6,0.00004
3484,1,,,,,0.00022,0.00001,3.8,0.00004,1,,,,,0.00022,0.00000,3.6,0.00004
3485,1,,,,,0.00022,0.00000,3.7,0.00004,1,,,,,0.00022,0.00000,3.6,0.00004
3486,1,,,,,0.00022,0.00001,3.8,0.00005,1,,,,,0.00022,0.00000,3.6,0.00004
3487,1,,,,,0.00022,0.00000,3.7,0.00004,1,,,,,0.00022,0.00000,3.6,0.00004
3488,1,,,,,0.00022,0.00000,3.7,0.00004,1,,,,,0.00022,0.00000,3.6,0.00004
3489,1,,,,,0.00022,0.00000,3.7,0.00004,1,,,,,0.00022,0.00000,3.7,0.00004
3490,1,,,,,0.00022,0.00001,3.7,0.00004,1,,,,,0.00022,0.00000,3.6,0.00004
3491,1,,,,,0.00022,0.00000,3.7,0.00004,1,,,,,0.00022,0.00000,3.6,0.00004
3492,1,,,,,0.00022,0.00000,3.7,0.00004,1,,,,,0.00022,0.00000,3.6,0.00004
3493,1,,,,,0.00022,0.00001,3.7,0.00004,1,,,,,0.00022,0.00001,3.6,0.00004
3494,1,,,,,0.00022,0.00001,3.7,0.00004,1,,,,,0.00022,0.00001,3.6,0.00004
3495,1,,,,,0.00022,0.00000,3.7,0.00004,1,,,,,0.00022,0.00000,3.7,0.00004
3496,1,,,,,0.00022,0.00000,3.7,0.00004,1,,,,,0.00022,0.00000,3.7,0.00005
3497,1,,,,,0.00022,0.00000,3.7,0.00004,1,,,,,0.00022,0.00000,3.6,0.00004
3498,1,,,,,0.00022,0.00000,3.7,0.00004,1,,,,,0.00022,0.00001,3.6,0.00004
3499,1,,,,,0.00022,0.00000,3.7,0.00004,1,,,,,0.00022,0.00000,3.6,0.00004
3500,1,,,,,0.00022,0.00000,3.7,0.00004,1,,,,,0.00022,0.00000,3.7,0.00004
3501,1,,,,,0.00022,0.00001,3.7,0.00005,1,,,,,0.00022,0.00000,3.6,0.00005
3502,1,,,,,0.00022,0.00000,3.7,0.00004,1,,,,,0.00022,0.00000,3.7,0.00004
3503,1,,,,,0.00022,0.00001,3.7,0.00005,1,,,,,0.00022,0.00001,3.8,0.00004
3504,1,,,,,0.00022,0.00001,3.7,0.00004,1,,,,,0.00022,0.00000,3.7,0.00004
3505,1,,,,,0.00022,0.00001,3.6,0.00004,1,,,,,0.00022,0.00000,3.6,0.00004
3506,1,,,,,0.00022,0.00001,3.6,0.00004,1,,,,,0.00022,0.00000,3.5,0.00004
3507,1,,,,,0.00022,0.00000,3.6,0.00004,1,,,,,0.00022,0.00000,3.6,0.00004
3508,1,,,,,0.00022,0.00001,3.7,0.00004,1,,,,,0.00022,0.00000,3.6,0.00004
3509,1,,,,,0.00022,0.00000,3.6,0.00004,1,,,,,0.00022,0.00001,3.5,0.00004
3510,1,,,,,0.00022,0.00000,3.6,0.00004,1,,,,,0.00022,0.00000,3.6,0.00004
3511,1,,,,,0.00022,0.00000,3.6,0.00004,1,,,,,0.00022,0.00000,3.6,0.00004
3512,1,,,,,0.00022,0.00000,3.6,0.00004,1,,,,,0.00022,0.00000,3.6,0.00004
3513,1,,,,,0.00022,0.00000,3.7,0.00004,1,,,,,0.00022,0.00000,3.6,0.00004
3514,1,,,,,0.00022,0.00000,3.7,0.00004,1,,,,,0.00022,0.00000,3.6,0.00004
3515,1,,,,,0.00022,0.00000,3.7,0.00004,1,,,,,0.00022,0.00000,3.6,0.00004
3516,1,,,,,0.00022,0.00000,3.7,0.00004,1,,,,,0.00022,0.00001,3.6,0.00004
3517,1,,,,,0.00022,0.00000,3.6,0.00004,1,,,,,0.00022,0.00001,3.7,0.00004
3518,1,,,,,0.00022,0.00000,3.6,0.00004,1,,,,,0.00022,0.00000,3.6,0.00004
3519,1,,,,,0.00022,0.00000,3.6,0.00004,1,,,,,0.00022,0.00000,3.6,0.00004
3520,1,,,,,0.00022,0.00001,3.6,0.00004,1,,,,,0.00022,0.00000,3.6,0.00004
3521,1,,,,,0.00022,0.00000,3.6,0.00004,1,,,,,0.00022,0.00000,3.6,0.00004
3522,1,,,,,0.00022,0.00000,3.8,0.00004,1,,,,,0.00022,0.00000,3.8,0.00004
3523,1,,,,,0.00022,0.00001,3.7,0.00004,1,,,,,0.00022,0.00000,3.8,0.00004
3524,1,,,,,0.00022,0.00001,3.7,0.00004,1,,,,,0.00022,0.00000,3.6,0.00004
3525,1,,,,,0.00022,0.00000,3.8,0.00004,1,,,,,0.00022,0.00000,3.7,0.00004
3526,1,,,,,0.00022,0.00001,3.7,0.00004,1,,,,,0.00022,0.00000,3.6,0.00004
3527,1,,,,,0.00022,0.00000,3.7,0.00004,1,,,,,0.00022,0.00000,3.7,0.00004
3528,1,,,,,0.00022,0.00000,3.7,0.00005,1,,,,,0.00022,0.00000,3.7,0.00005
3529,1,,,,,0.00022,0.00000,3.8,0.00005,1,,,,,0.00022,0.00001,3.6,0.00004
3530,1,,,,,0.00022,0.00000,3.7,0.00004,1,,,,,0.00022,0.00000,3.6,0.00004
3531,1,,,,,0.00022,0.00000,3.7,0.00004,1,,,,,0.00022,0.00000,3.6,0.00004
3532,1,,,,,0.00022,0.00000,3.7,0.00004,1,,,,,0.00022,0.00000,3.6,0.00004
3533,1,,,,,0.00022,0.00001,3.7,0.00004,1,,,,,0.00022,0.00000,3.6,0.00004
3534,1,,,,,0.00022,0.00000,3.7,0.00005,1,,,,,0.00022,0.00001,3.6,0.00004
3535,1,,,,,0.00022,0.00001,3.7,0.00004,1,,,,,0.00022,0.00000,3.6,0.00004
3536,1,,,,,0.00022,0.00000,3.8,0.00005,1,,,,,0.00022,0.00000,3.6,0.00004
3537,1,,,,,0.00022,0.00001,3.7,0.00004,1,,,,,0.00022,0.00000,3.6,0.00004
3538,1,,,,,0.00022,0.00000,3.7,0.00004,1,,,,,0.00022,0.00000,3.6,0.00004
3539,1,,,,,0.00022,0.00000,3.7,0.00004,1,,,,,0.00022,0.00000,3.7,0.00004
3540,1,,,,,0.00022,0.00000,3.7,0.00004,1,,,,,0.00022,0.00000,3.7,0.00004
3541,1,,,,,0.00022,0.00000,3.8,0.00005,1,,,,,0.00022,0.00000,3.7,0.00004
3542,1,,,,,0.00022,0.00000,3.7,0.00004,1,,,,,0.00022,0.00000,3.7,0.00004
3543,1,,,,,0.00022,0.00001,3.7,0.00004,1,,,,,0.00022,0.00000,3.7,0.00004
3544,1,,,,,0.00022,0.00000,3.6,0.00004,1,,,,,0.00022,0.00000,3.6,0.00004
3545,1,,,,,0.00022,0.00001,3.6,0.00004,1,,,,,0.00022,0.00000,3.7,0.00004
3546,1,,,,,0.00022,0.00001,3.7,0.00004,1,,,,,0.00022,0.00000,3.5,0.00004
3547,1,,,,,0.00022,0.00000,3.6,0.00004,1,,,,,0.00022,0.00000,3.6,0.00004
3548,1,,,,,0.00022,0.00000,3.5,0.00004,1,,,,,0.00022,0.00000,3.6,0.00004
3549,1,,,,,0.00022,0.00001,3.6,0.00004,1,,,,,0.00022,0.00000,3.6,0.00004
3550,1,,,,,0.00022,0.00001,3.6,0.00004,1,,,,,0.00022,0.00001,3.6,0.00004
3551,1,,,,,0.00022,0.00000,3.5,0.00004,1,,,,,0.00022,0.00000,3.6,0.00004
3552,1,,,,,0.00022,0.00000,3.6,0.00004,1,,,,,0.00022,0.00000,3.6,0.00004
3553,1,,,,,0.00022,0.00000,3.6,0.00004,1,,,,,0.00022,0.00000,3.6,0.00004
3554,1,,,,,0.00022,0.00001,3.6,0.00004,1,,,,,0.00022,0.00000,3.7,0.00004
3555,1,,,,,0.00022,0.00000,3.6,0.00004,1,,,,,0.00022,0.00000,3.6,0.00004
3556,1,,,,,0.00022,0.00000,3.6,0.00004,1,,,,,0.00022,0.00000,3.6,0.00004
3557,1,,,,,0.00022,0.00000,3.6,0.00004,1,,,,,0.00022,0.00000,3.6,0.00004
3558,1,,,,,0.00022,0.00000,3.6,0.00004,1,,,,,0.00022,0.00000,3.6,0.00004
3559,1,,,,,0.00022,0.00000,3.6,0.00004,1,,,,,0.00022,0.00000,3.6,0.00004
3560,1,,,,,0.00022,0.00000,3.6,0.00004,1,,,,,0.00022,0.00000,3.6,0.00004
3561,1,,,,,0.00022,0.00000,3.6,0.00004,1,,,,,0.00022,0.00000,3.6,0.00004
3562,1,,,,,0.00022,0.00000,3.6,0.00004,1,,,,,0.00022,0.00000,3.6,0.00004
3563,1,,,,,0.00022,0.00000,3.7,0.00004,1,,,,,0.00022,0.00000,3.7,0.00004
3564,1,,,,,0.00022,0.00000,3.7,0.00004,1,,,,,0.00022,0.00000,3.7,0.00005
3565,1,,,,,0.00022,0.00000,3.8,0.00004,1,,,,,0.00022,0.00000,3.7,0.00004
3566,1,,,,,0.00022,0.00000,3.8,0.00005,1,,,,,0.00022,0.00000,3.7,0.00004
3567,1,,,,,0.00022,0.00000,3.7,0.00005,1,,,,,0.00022,0.00001,3.6,0.00004
3568,1,,,,,0.00022,0.00000,3.7,0.00004,1,,,,,0.00022,0.00000,3.7,0.00004
3569,1,,,,,0.00022,0.00000,3.7,0.00004,1,,,,,0.00022,0.00000,3.7,0.00004
3570,1,,,,,0.00022,0.00000,3.7,0.00005,1,,,,,0.00022,0.00000,3.7,0.00004
3571,1,,,,,0.00022,0.00001,3.7,0.00004,1,,,,,0.00022,0.00000,3.7,0.00004
3572,1,,,,,0.00022,0.00000,3.8,0.00004,1,,,,,0.00022,0.00000,3.8,0.00005
3573,1,,,,,0.00022,0.00001,3.6,0.00004,1,,,,,0.00022,0.00000,3.7,0.00004
3574,1,,,,,0.00022,0.00000,3.6,0.00004,1,,,,,0.00022,0.00001,3.7,0.00004
3575,1,,,,,0.00022,0.00000,3.7,0.00004,1,,,,,0.00022,0.00001,3.7,0.00004
3576,1,,,,,0.00022,0.00000,3.7,0.00004,1,,,,,0.00022,0.00001,3.7,0.00004
3577,1,,,,,0.00022,0.00000,3.8,0.00005,1,,,,,0.00022,0.00000,3.7,0.00004
3578,1,,,,,0.00022,0.00000,3.8,0.00005,1,,,,,0.00022,0.00000,3.7,0.00004
3579,1,,,,,0.00022,0.00001,3.7,0.00005,1,,,,,0.00022,0.00000,3.8,0.00004
3580,1,,,,,0.00022,0.00000,3.7,0.00005,1,,,,,0.00022,0.00000,3.8,0.00004
3581,1,,,,,0.00022,0.00000,3.6,0.00004,1,,,,,0.00022,0.00001,3.7,0.00005
3582,1,,,,,0.00022,0.00000,3.6,0.00004,1,,,,,0.00022,0.00000,3.6,0.00004
3583,1,,,,,0.00022,0.00000,3.6,0.00004,1,,,,,0.00022,0.00001,3.7,0.00004
3584,1,,,,,0.00022,0.00000,3.6,0.00004,1,,,,,0.00022,0.00000,3.7,0.00004
3585,1,,,,,0.00022,0.00000,3.6,0.00004,1,,,,,0.00022,0.00000,3.6,0.00004
3586,1,,,,,0.00022,0.00000,3.6,0.00005,1,,,,,0.00022,0.00001,3.6,0.00004
3587,1,,,,,0.00022,0.00000,3.6,0.00004,1,,,,,0.00022,0.00000,3.7,0.00004
3588,1,,,,,0.00022,0.00000,3.6,0.00004,1,,,,,0.00022,0.00000,3.6,0.00004
3589,1,,,,,0.00022,0.00001,3.6,0.00004,1,,,,,0.00022,0.00000,3.6,0.00004
3590,1,,,,,0.00022,0.00000,3.6,0.00004,1,,,,,0.00022,0.00000,3.6,0.00004
3591,1,,,,,0.00022,0.00000,3.6,0.00004,1,,,,,0.00022,0.00000,3.6,0.00004
3592,1,,,,,0.00022,0.00000,3.6,0.00004,1,,,,,0.00022,0.00000,3.7,0.00004
3593,1,,,,,0.00022,0.00000,3.6,0.00004,1,,,,,0.00022,0.00000,3.7,0.00004
3594,1,,,,,0.00022,0.00000,3.6,0.00004,1,,,,,0.00022,0.00000,3.7,0.00004
3595,1,,,,,0.00022,0.00000,3.6,0.00004,1,,,,,0.00022,0.00000,3.7,0.00004
3596,1,,,,,0.00022,0.00000,3.6,0.00004,1,,,,,0.00022,0.00000,3.6,0.00004
3597,1,,,,,0.00022,0.00000,3.5,0.00004,1,,,,,0.00022,0.00000,3.8,0.00004
3598,1,,,,,0.00022,0.00000,3.5,0.00004,1,,,,,0.00022,0.00000,3.7,0.00004
3599,1,,,,,0.00022,0.00000,3.5,0.00004,1,,,,,0.00022,0.00001,3.7,0.00004
3600,1,,,,,0.00022,0.00000,3.6,0.00004,1,,,,,0.00022,0.00000,3.7,0.00004
3601,1,,,,,0.00022,0.00000,3.5,0.00004,1,,,,,0.00022,0.00000,3.6,0.00004
3602,1,,,,,0.00022,0.00000,3.5,0.00004,1,,,,,0.00022,0.00000,3.8,0.00004
3603,1,,,,,0.00022,0.00000,3.5,0.00004,1,,,,,0.00022,0.00000,3.7,0.00004
3604,1,,,,,0.00022,0.00000,3.5,0.00004,1,,,,,0.00022,0.00000,3.7,0.00004
3605,1,,,,,0.00022,0.00000,3.6,0.00004,1,,,,,0.00022,0.00000,3.7,0.00004
3606,1,,,,,0.00022,0.00000,3.6,0.00004,1,,,,,0.00022,0.00001,3.7,0.00004
3607,1,,,,,0.00022,0.00001,3.6,0.00004,1,,,,,0.00022,0.00000,3.7,0.00004
3608,1,,,,,0.00022,0.00000,3.6,0.00004,1,,,,,0.00022,0.00000,3.7,0.00004
3609,1,,,,,0.00022,0.00001,3.6,0.00004,1,,,,,0.00022,0.00000,3.7,0.00004
3610,1,,,,,0.00022,0.00000,3.6,0.00004,1,,,,,0.00022,0.00000,3.6,0.00004
3611,1,,,,,0.00022,0.00000,3.6,0.00004,1,,,,,0.00022,0.00000,3.7,0.00004
3612,1,,,,,0.00022,0.00001,3.6,0.00004,1,,,,,0.00022,0.00000,3.7,0.00005
3613,1,,,,,0.00022,0.00000,3.6,0.00004,1,,,,,0.00022,0.00000,3.7,0.00004
3614,1,,,,,0.00022,0.00000,3.6,0.00004,1,,,,,0.00022,0.00000,3.8,0.00004
3615,1,,,,,0.00022,0.00000,3.7,0.00004,1,,,,,0.00022,0.00000,3.9,0.00004
3616,1,,,,,0.00022,0.00000,3.6,0.00004,1,,,,,0.00022,0.00001,3.7,0.00004
3617,1,,,,,0.00022,0.00000,3.5,0.00004,1,,,,,0.00022,0.00000,3.7,0.00004
3618,1,,,,,0.00022,0.00000,3.6,0.00004,1,,,,,0.00022,0.00000,3.7,0.00004
3619,1,,,,,0.00022,0.00000,3.6,0.00004,1,,,,,0.00022,0.00000,3.7,0.00004
3620,1,,,,,0.00022,0.00000,3.6,0.00004,1,,,,,0.00022,0.00000,3.7,0.00004
3621,1,,,,,0.00022,0.00000,3.7,0.00004,1,,,,,0.00022,0.00000,3.6,0.00004
3622,1,,,,,0.00022,0.00000,3.6,0.00004,1,,,,,0.00022,0.00000,3.6,0.00004
3623,1,,,,,0.00022,0.00000,3.7,0.00004,1,,,,,0.00022,0.00001,3.6,0.00004
3624,1,,,,,0.00022,0.00000,3.7,0.00004,1,,,,,0.00022,0.00000,3.7,0.00004
3625,1,,,,,0.00022,0.00001,3.5,0.00004,1,,,,,0.00022,0.00000,3.7,0.00004
3626,1,,,,,0.00022,0.00000,3.6,0.00004,1,,,,,0.00022,0.00000,3.7,0.00004
3627,1,,,,,0.00022,0.00000,3.6,0.00004,1,,,,,0.00022,0.00001,3.6,0.00004
3628,1,,,,,0.00022,0.00000,3.6,0.00004,1,,,,,0.00022,0.00001,3.6,0.00004
3629,1,,,,,0.00022,0.00000,3.6,0.00004,1,,,,,0.00022,0.00000,3.6,0.00004
3630,1,,,,,0.00022,0.00000,3.6,0.00004,1,,,,,0.00022,0.00000,3.6,0.00004
3631,1,,,,,0.00022,0.00000,3.6,0.00004,1,,,,,0.00022,0.00000,3.7,0.00004
3632,1,,,,,0.00022,0.00000,3.6,0.00004,1,,,,,0.00022,0.00000,3.7,0.00004
3633,1,,,,,0.00022,0.00000,3.6,0.00004,1,,,,,0.00022,0.00000,3.6,0.00004
3634,1,,,,,0.00022,0.00000,3.6,0.00004,1,,,,,0.00022,0.00001,3.7,0.00004
3635,1,,,,,0.00022,0.00000,3.6,0.00004,1,,,,,0.00022,0.00000,3.6,0.00004
3636,1,,,,,0.00022,0.00000,3.6,0.00004,1,,,,,0.00022,0.00001,3.6,0.00004
3637,1,,,,,0.00022,0.00000,3.6,0.00004,1,,,,,0.00022,0.00001,3.7,0.00004
3638,1,,,,,0.00022,0.00000,3.7,0.00004,1,,,,,0.00022,0.00000,3.7,0.00004
3639,1,,,,,0.00022,0.00000,3.6,0.00004,1,,,,,0.00022,0.00000,3.7,0.00004
3640,1,,,,,0.00022,0.00000,3.6,0.00004,1,,,,,0.00022,0.00000,3.7,0.00004
3641,1,,,,,0.00022,0.00000,3.6,0.00004,1,,,,,0.00022,0.00001,3.8,0.00004
3642,1,,,,,0.00022,0.00000,3.6,0.00004,1,,,,,0.00022,0.00000,3.8,0.00004
3643,1,,,,,0.00022,0.00000,3.7,0.00004,1,,,,,0.00022,0.00000,3.8,0.00005
3644,1,,,,,0.00022,0.00000,3.8,0.00004,1,,,,,0.00022,0.00000,3.9,0.00005
3645,1,,,,,0.00022,0.00000,3.8,0.00004,1,,,,,0.00022,0.00000,3.8,0.00004
3646,1,,,,,0.00022,0.00000,3.7,0.00004,1,,,,,0.00022,0.00000,3.8,0.00004
3647,1,,,,,0.00022,0.00000,3.7,0.00005,1,,,,,0.00022,0.00000,3.8,0.00004
3648,1,,,,,0.00022,0.00000,3.7,0.00004,1,,,,,0.00022,0.00001,3.8,0.00004
3649,1,,,,,0.00022,0.00000,3.7,0.00004,1,,,,,0.00022,0.00000,3.7,0.00004
3650,1,,,,,0.00022,0.00000,3.7,0.00005,1,,,,,0.00022,0.00000,3.8,0.00005
3651,1,,,,,0.00022,0.00000,3.7,0.00004,1,,,,,0.00022,0.00001,3.8,0.00004
3652,1,,,,,0.00022,0.00001,3.7,0.00004,1,,,,,0.00022,0.00000,3.8,0.00005
3653,1,,,,,0.00022,0.00001,3.8,0.00005,1,,,,,0.00022,0.00001,3.7,0.00004
3654,1,,,,,0.00022,0.00001,3.7,0.00004,1,,,,,0.00022,0.00000,3.7,0.00004
3655,1,,,,,0.00022,0.00000,3.7,0.00004,1,,,,,0.00022,0.00001,3.7,0.00004
3656,1,,,,,0.00022,0.00000,3.8,0.00005,1,,,,,0.00022,0.00000,3.8,0.00004
3657,1,,,,,0.00022,0.00000,3.8,0.00004,1,,,,,0.00022,0.00000,3.8,0.00004
3658,1,,,,,0.00022,0.00000,3.6,0.00004,1,,,,,0.00022,0.00000,3.8,0.00005
3659,1,,,,,0.00022,0.00001,3.6,0.00004,1,,,,,0.00022,0.00000,3.7,0.00004
3660,1,,,,,0.00022,0.00000,3.7,0.00004,1,,,,,0.00022,0.00000,3.6,0.00004
3661,1,,,,,0.00022,0.00000,3.7,0.00004,1,,,,,0.00022,0.00000,3.6,0.00004
3662,1,,,,,0.00022,0.00001,3.7,0.00004,1,,,,,0.00022,0.00001,3.6,0.00004
3663,1,,,,,0.00022,0.00000,3.6,0.00004,1,,,,,0.00022,0.00000,3.6,0.00004
3664,1,,,,,0.00022,0.00000,3.7,0.00004,1,,,,,0.00022,0.00000,3.7,0.00004
3665,1,,,,,0.00022,0.00001,3.7,0.00004,1,,,,,0.00022,0.00000,3.6,0.00004
3666,1,,,,,0.00022,0.00001,3.7,0.00004,1,,,,,0.00022,0.00000,3.6,0.00004
3667,1,,,,,0.00022,0.00000,3.7,0.00004,1,,,,,0.00022,0.00000,3.6,0.00004
3668,1,,,,,0.00022,0.00000,3.7,0.00004,1,,,,,0.00022,0.00000,3.6,0.00004
3669,1,,,,,0.00022,0.00000,3.7,0.00004,1,,,,,0.00022,0.00000,3.6,0.00004
3670,1,,,,,0.00022,0.00000,3.7,0.00004,1,,,,,0.00022,0.00000,3.6,0.00004
3671,1,,,,,0.00022,0.00000,3.6,0.00004,1,,,,,0.00022,0.00000,3.6,0.00004
3672,1,,,,,0.00022,0.00001,3.7,0.00004,1,,,,,0.00022,0.00000,3.6,0.00004
3673,1,,,,,0.00022,0.00000,3.7,0.00004,1,,,,,0.00022,0.00000,3.6,0.00004
3674,1,,,,,0.00022,0.00000,3.7,0.00005,1,,,,,0.00022,0.00000,3.6,0.00004
3675,1,,,,,0.00022,0.00000,3.6,0.00004,1,,,,,0.00022,0.00000,3.6,0.00004
3676,1,,,,,0.00022,0.00000,3.7,0.00004,1,,,,,0.00022,0.00000,3.6,0.00004
3677,1,,,,,0.00022,0.00000,3.7,0.00004,1,,,,,0.00022,0.00000,3.6,0.00004
3678,1,,,,,0.00022,0.00000,3.7,0.00004,1,,,,,0.00022,0.00000,3.7,0.00004
3679,1,,,,,0.00022,0.00000,3.7,0.00004,1,,,,,0.00022,0.00000,3.6,0.00004
3680,1,,,,,0.00022,0.00001,3.7,0.00004,1,,,,,0.00022,0.00000,3.8,0.00004
3681,1,,,,,0.00022,0.00000,3.6,0.00004,1,,,,,0.00022,0.00000,3.7,0.00005
3682,1,,,,,0.00022,0.00001,3.7,0.00004,1,,,,,0.00022,0.00000,3.7,0.00004
3683,1,,,,,0.00022,0.00001,3.6,0.00004,1,,,,,0.00022,0.00001,3.8,0.00004
3684,1,,,,,0.00022,0.00000,3.6,0.00004,1,,,,,0.00022,0.00000,3.7,0.00004
3685,1,,,,,0.00022,0.00000,3.7,0.00004,1,,,,,0.00022,0.00000,3.7,0.00004
3686,1,,,,,0.00022,0.00000,3.7,0.00004,1,,,,,0.00022,0.00000,3.7,0.00004
3687,1,,,,,0.00022,0.00000,3.7,0.00004,1,,,,,0.00022,0.00001,3.7,0.00004
3688,1,,,,,0.00022,0.00000,3.7,0.00004,1,,,,,0.00022,0.00000,3.7,0.00004
3689,1,,,,,0.00022,0.00000,3.7,0.00004,1,,,,,0.00022,0.00000,3.8,0.00005
3690,1,,,,,0.00022,0.00000,3.6,0.00004,1,,,,,0.00022,0.00000,3.8,0.00004
3691,1,,,,,0.00022,0.00000,3.6,0.00004,1,,,,,0.00022,0.00000,3.9,0.00005
3692,1,,,,,0.00022,0.00000,3.6,0.00004,1,,,,,0.00022,0.00000,3.8,0.00005
3693,1,,,,,0.00022,0.00001,3.6,0.00004,1,,,,,0.00022,0.00001,3.7,0.00004
3694,1,,,,,0.00022,0.00000,3.6,0.00004,1,,,,,0.00022,0.00001,3.6,0.00004
3695,1,,,,,0.00022,0.00000,3.7,0.00004,1,,,,,0.00022,0.00000,3.6,0.00004
3696,1,,,,,0.00022,0.00000,3.7,0.00004,1,,,,,0.00022,0.00000,3.6,0.00004
3697,1,,,,,0.00022,0.00000,3.8,0.00004,1,,,,,0.00022,0.00000,3.6,0.00004
3698,1,,,,,0.00022,0.00000,3.7,0.00004,1,,,,,0.00022,0.00000,3.6,0.00004
3699,1,,,,,0.00022,0.00000,3.6,0.00004,1,,,,,0.00022,0.00000,3.6,0.00004
3700,1,,,,,0.00022,0.00000,3.7,0.00004,1,,,,,0.00022,0.00000,3.6,0.00004
3701,1,,,,,0.00022,0.00000,3.7,0.00004,1,,,,,0.00022,0.00000,3.6,0.00004
3702,1,,,,,0.00022,0.00000,3.7,0.00004,1,,,,,0.00022,0.00000,3.6,0.00004
3703,1,,,,,0.00022,0.00000,3.7,0.00004,1,,,,,0.00022,0.00000,3.6,0.00004
3704,1,,,,,0.00022,0.00000,3.7,0.00004,1,,,,,0.00022,0.00000,3.6,0.00004
3705,1,,,,,0.00022,0.00000,3.7,0.00004,1,,,,,0.00022,0.00000,3.6,0.00004
3706,1,,,,,0.00022,0.00001,3.7,0.00004,1,,,,,0.00022,0.00000,3.6,0.00004
3707,1,,,,,0.00022,0.00000,3.6,0.00004,1,,,,,0.00022,0.00000,3.7,0.00004
3708,1,,,,,0.00022,0.00000,3.7,0.00004,1,,,,,0.00022,0.00001,3.6,0.00004
3709,1,,,,,0.00022,0.00000,3.7,0.00004,1,,,,,0.00022,0.00000,3.6,0.00004
3710,1,,,,,0.00022,0.00000,3.7,0.00004,1,,,,,0.00022,0.00000,3.6,0.00004
3711,1,,,,,0.00022,0.00000,3.7,0.00004,1,,,,,0.00022,0.00000,3.7,0.00004
3712,1,,,,,0.00022,0.00000,3.7,0.00004,1,,,,,0.00022,0.00000,3.7,0.00004
3713,1,,,,,0.00022,0.00000,3.8,0.00005,1,,,,,0.00022,0.00000,3.6,0.00004
3714,1,,,,,0.00022,0.00000,3.7,0.00004,1,,,,,0.00022,0.00000,3.7,0.00004
3715,1,,,,,0.00022,0.00000,3.7,0.00004,1,,,,,0.00022,0.00000,3.7,0.00004
3716,1,,,,,0.00022,0.00000,3.7,0.00004,1,,,,,0.00022,0.00000,3.6,0.00004
3717,1,,,,,0.00022,0.00000,3.7,0.00004,1,,,,,0.00022,0.00000,3.6,0.00004
3718,1,,,,,0.00022,0.00000,3.8,0.00004,1,,,,,0.00022,0.00000,3.7,0.00004
3719,1,,,,,0.00022,0.00000,3.7,0.00004,1,,,,,0.00022,0.00000,3.7,0.00004
3720,1,,,,,0.00022,0.00000,3.7,0.00004,1,,,,,0.00022,0.00000,3.7,0.00004
3721,1,,,,,0.00022,0.00000,3.7,0.00004,1,,,,,0.00022,0.00001,3.6,0.00004
3722,1,,,,,0.00022,0.00000,3.7,0.00004,1,,,,,0.00022,0.00000,3.7,0.00004
3723,1,,,,,0.00022,0.00000,3.7,0.00004,1,,,,,0.00022,0.00000,3.7,0.00004
3724,1,,,,,0.00022,0.00000,3.7,0.00004,1,,,,,0.00022,0.00000,3.7,0.00004
3725,1,,,,,0.00022,0.00000,3.7,0.00004,1,,,,,0.00022,0.00000,3.7,0.00004
3726,1,,,,,0.00022,0.00000,3.7,0.00003,1,,,,,0.00022,0.00000,3.6,0.00004
3727,1,,,,,0.00022,0.00000,3.9,0.00004,1,,,,,0.00022,0.00001,3.7,0.00004
3728,1,,,,,0.00022,0.00000,3.9,0.00004,1,,,,,0.00022,0.00000,3.7,0.00004
3729,1,,,,,0.00022,0.00000,3.8,0.00004,1,,,,,0.00022,0.00000,3.8,0.00004
3730,1,,,,,0.00022,0.00000,3.7,0.00004,1,,,,,0.00022,0.00000,3.7,0.00004
3731,1,,,,,0.00022,0.00001,3.7,0.00004,1,,,,,0.00022,0.00000,3.8,0.00005
3732,1,,,,,0.00022,0.00001,3.8,0.00004,1,,,,,0.00022,0.00000,3.7,0.00004
3733,1,,,,,0.00022,0.00000,3.7,0.00004,1,,,,,0.00022,0.00000,3.5,0.00004
3734,1,,,,,0.00022,0.00000,3.8,0.00004,1,,,,,0.00022,0.00000,3.6,0.00004
3735,1,,,,,0.00022,0.00000,3.7,0.00004,1,,,,,0.00022,0.00000,3.6,0.00004
3736,1,,,,,0.00022,0.00000,3.7,0.00004,1,,,,,0.00022,0.00000,3.6,0.00004
3737,1,,,,,0.00022,0.00000,3.7,0.00004,1,,,,,0.00022,0.00000,3.6,0.00004
3738,1,,,,,0.00022,0.00000,3.6,0.00004,1,,,,,0.00022,0.00000,3.6,0.00004
3739,1,,,,,0.00022,0.00000,3.7,0.00004,1,,,,,0.00022,0.00000,3.6,0.00004
3740,1,,,,,0.00022,0.00000,3.7,0.00004,1,,,,,0.00022,0.00000,3.6,0.00004
3741,1,,,,,0.00022,0.00001,3.7,0.00004,1,,,,,0.00022,0.00000,3.6,0.00004
3742,1,,,,,0.00022,0.00001,3.7,0.00004,1,,,,,0.00022,0.00001,3.6,0.00004
3743,1,,,,,0.00022,0.00000,3.9,0.00004,1,,,,,0.00022,0.00001,3.7,0.00004
3744,1,,,,,0.00022,0.00001,3.8,0.00005,1,,,,,0.00022,0.00000,3.7,0.00004
3745,1,,,,,0.00022,0.00000,3.7,0.00005,1,,,,,0.00022,0.00000,3.7,0.00004
3746,1,,,,,0.00022,0.00000,3.7,0.00004,1,,,,,0.00022,0.00001,3.6,0.00004
3747,1,,,,,0.00022,0.00000,3.8,0.00004,1,,,,,0.00022,0.00000,3.7,0.00004
3748,1,,,,,0.00022,0.00001,3.8,0.00004,1,,,,,0.00022,0.00001,3.7,0.00004
3749,1,,,,,0.00022,0.00000,3.7,0.00004,1,,,,,0.00022,0.00000,3.7,0.00004
3750,1,,,,,0.00022,0.00000,3.7,0.00004,1,,,,,0.00022,0.00000,3.7,0.00004
3751,1,,,,,0.00022,0.00000,3.7,0.00004,1,,,,,0.00022,0.00000,3.6,0.00004
3752,1,,,,,0.00022,0.00000,3.8,0.00004,1,,,,,0.00022,0.00000,3.7,0.00004
3753,1,,,,,0.00022,0.00000,3.8,0.00004,1,,,,,0.00022,0.00001,3.7,0.00005
3754,1,,,,,0.00022,0.00001,3.8,0.00004,1,,,,,0.00022,0.00001,3.7,0.00005
3755,1,,,,,0.00022,0.00000,3.8,0.00004,1,,,,,0.00022,0.00000,3.6,0.00004
3756,1,,,,,0.00022,0.00000,3.8,0.00004,1,,,,,0.00022,0.00001,3.6,0.00004
3757,1,,,,,0.00022,0.00001,3.7,0.00004,1,,,,,0.00022,0.00001,3.7,0.00004
3758,1,,,,,0.00022,0.00000,3.7,0.00004,1,,,,,0.00022,0.00000,3.6,0.00004
3759,1,,,,,0.00022,0.00000,3.8,0.00004,1,,,,,0.00022,0.00000,3.7,0.00004
3760,1,,,,,0.00022,0.00001,3.7,0.00004,1,,,,,0.00022,0.00000,3.7,0.00004
3761,1,,,,,0.00022,0.00000,3.7,0.00005,1,,,,,0.00022,0.00000,3.6,0.00005
3762,1,,,,,0.00022,0.00000,3.7,0.00004,1,,,,,0.00022,0.00001,3.6,0.00004
3763,1,,,,,0.00022,0.00000,3.6,0.00004,1,,,,,0.00022,0.00000,3.6,0.00004
3764,1,,,,,0.00022,0.00000,3.8,0.00004,1,,,,,0.00022,0.00000,3.6,0.00004
3765,1,,,,,0.00022,0.00000,3.7,0.00004,1,,,,,0.00022,0.00000,3.7,0.00004
3766,1,,,,,0.00022,0.00000,3.6,0.00004,1,,,,,0.00022,0.00000,3.6,0.00004
3767,1,,,,,0.00022,0.00001,3.6,0.00004,1,,,,,0.00022,0.00000,3.7,0.00004
3768,1,,,,,0.00022,0.00000,3.8,0.00004,1,,,,,0.00022,0.00000,3.6,0.00004
3769,1,,,,,0.00022,0.00001,3.7,0.00004,1,,,,,0.00022,0.00000,3.6,0.00004
3770,1,,,,,0.00022,0.00000,3.6,0.00004,1,,,,,0.00022,0.00000,3.6,0.00004
3771,1,,,,,0.00022,0.00000,3.6,0.00004,1,,,,,0.00022,0.00001,3.5,0.00004
3772,1,,,,,0.00022,0.00000,3.7,0.00004,1,,,,,0.00022,0.00000,3.6,0.00004
3773,1,,,,,0.00022,0.00001,3.7,0.00004,1,,,,,0.00022,0.00001,3.6,0.00004
3774,1,,,,,0.00022,0.00000,3.7,0.00004,1,,,,,0.00022,0.00000,3.6,0.00004
3775,1,,,,,0.00022,0.00000,3.7,0.00004,1,,,,,0.00022,0.00000,3.6,0.00004
3776,1,,,,,0.00022,0.00000,3.7,0.00004,1,,,,,0.00022,0.00000,3.6,0.00004
3777,1,,,,,0.00022,0.00000,3.6,0.00004,1,,,,,0.00022,0.00001,3.6,0.00004
3778,1,,,,,0.00022,0.00000,3.6,0.00004,1,,,,,0.00022,0.00000,3.6,0.00004
3779,1,,,,,0.00022,0.00000,3.7,0.00004,1,,,,,0.00022,0.00000,3.6,0.00004
3780,1,,,,,0.00022,0.00001,3.7,0.00004,1,,,,,0.00022,0.00001,3.6,0.00004
3781,1,,,,,0.00022,0.00000,3.7,0.00004,1,,,,,0.00022,0.00000,3.6,0.00004
3782,1,,,,,0.00022,0.00000,3.7,0.00004,1,,,,,0.00022,0.00000,3.7,0.00004
3783,1,,,,,0.00022,0.00000,3.7,0.00004,1,,,,,0.00022,0.00000,3.6,0.00004
3784,1,,,,,0.00022,0.00001,3.7,0.00004,1,,,,,0.00022,0.00001,3.6,0.00004
3785,1,,,,,0.00022,0.00000,3.7,0.00004,1,,,,,0.00022,0.00000,3.6,0.00004
3786,1,,,,,0.00022,0.00001,3.7,0.00004,1,,,,,0.00022,0.00000,3.6,0.00004
3787,1,,,,,0.00022,0.00001,3.7,0.00004,1,,,,,0.00022,0.00000,3.6,0.00004
3788,1,,,,,0.00022,0.00001,3.7,0.00004,1,,,,,0.00022,0.00000,3.7,0.00004
3789,1,,,,,0.00022,0.00000,3.9,0.00004,1,,,,,0.00022,0.00000,3.7,0.00004
3790,1,,,,,0.00022,0.00000,3.8,0.00005,1,,,,,0.00022,0.00000,3.7,0.00004
3791,1,,,,,0.00022,0.00000,3.8,0.00004,1,,,,,0.00022,0.00000,3.7,0.00004
3792,1,,,,,0.00022,0.00000,3.8,0.00004,1,,,,,0.00022,0.00000,3.7,0.00004
3793,1,,,,,0.00022,0.00000,3.8,0.00004,1,,,,,0.00022,0.00000,3.7,0.00004
3794,1,,,,,0.00022,0.00001,3.8,0.00004,1,,,,,0.00022,0.00000,3.7,0.00004
3795,1,,,,,0.00022,0.00000,3.8,0.00005,1,,,,,0.00022,0.00000,3.7,0.00004
3796,1,,,,,0.00022,0.00001,3.8,0.00004,1,,,,,0.00022,0.00001,3.7,0.00004
3797,1,,,,,0.00022,0.00000,3.8,0.00004,1,,,,,0.00022,0.00000,3.7,0.00004
3798,1,,,,,0.00022,0.00001,3.8,0.00004,1,,,,,0.00022,0.00000,3.7,0.00004
3799,1,,,,,0.00022,0.00000,3.9,0.00004,1,,,,,0.00022,0.00000,3.7,0.00004
3800,1,,,,,0.00022,0.00000,3.9,0.00005,1,,,,,0.00022,0.00000,3.6,0.00004
3801,1,,,,,0.00022,0.00001,3.8,0.00004,1,,,,,0.00022,0.00000,3.7,0.00004
3802,1,,,,,0.00022,0.00000,3.8,0.00004,1,,,,,0.00022,0.00000,3.6,0.00004
3803,1,,,,,0.00022,0.00000,3.9,0.00004,1,,,,,0.00022,0.00000,3.7,0.00004
3804,1,,,,,0.00022,0.00000,3.8,0.00004,1,,,,,0.00022,0.00000,3.6,0.00004
3805,1,,,,,0.00022,0.00000,3.8,0.00004,1,,,,,0.00022,0.00000,3.7,0.00004
3806,1,,,,,0.00022,0.00000,3.7,0.00004,1,,,,,0.00022,0.00000,3.6,0.00004
3807,1,,,,,0.00022,0.00000,3.6,0.00004,1,,,,,0.00022,0.00000,3.6,0.00004
3808,1,,,,,0.00022,0.00000,3.7,0.00004,1,,,,,0.00022,0.00000,3.6,0.00004
3809,1,,,,,0.00022,0.00001,3.7,0.00004,1,,,,,0.00022,0.00000,3.6,0.00004
3810,1,,,,,0.00022,0.00000,3.7,0.00004,1,,,,,0.00022,0.00001,3.6,0.00004
3811,1,,,,,0.00022,0.00000,3.6,0.00004,1,,,,,0.00022,0.00000,3.6,0.00004
3812,1,,,,,0.00022,0.00001,3.6,0.00004,1,,,,,0.00022,0.00001,3.6,0.00004
3813,1,,,,,0.00022,0.00000,3.6,0.00004,1,,,,,0.00022,0.00000,3.6,0.00004
3814,1,,,,,0.00022,0.00000,3.7,0.00004,1,,,,,0.00022,0.00000,3.6,0.00004
3815,1,,,,,0.00022,0.00000,3.7,0.00004,1,,,,,0.00022,0.00001,3.7,0.00004
3816,1,,,,,0.00022,0.00000,3.7,0.00004,1,,,,,0.00022,0.00000,3.6,0.00004
3817,1,,,,,0.00022,0.00001,3.7,0.00004,1,,,,,0.00022,0.00000,3.7,0.00004
3818,1,,,,,0.00022,0.00001,3.6,0.00004,1,,,,,0.00022,0.00000,3.7,0.00004
3819,1,,,,,0.00022,0.00000,3.7,0.00004,1,,,,,0.00022,0.00000,3.6,0.00005
3820,1,,,,,0.00022,0.00000,3.7,0.00004,1,,,,,0.00022,0.00000,3.6,0.00004
3821,1,,,,,0.00022,0.00000,3.7,0.00004,1,,,,,0.00022,0.00000,3.7,0.00004
3822,1,,,,,0.00022,0.00000,3.7,0.00004,1,,,,,0.00022,0.00000,3.7,0.00004
3823,1,,,,,0.00022,0.00001,3.6,0.00004,1,,,,,0.00022,0.00000,3.7,0.00004
3824,1,,,,,0.00022,0.00000,3.6,0.00004,1,,,,,0.00022,0.00000,3.8,0.00004
3825,1,,,,,0.00022,0.00000,3.7,0.00004,1,,,,,0.00022,0.00000,3.5,0.00004
3826,1,,,,,0.00022,0.00000,3.6,0.00004,1,,,,,0.00022,0.00000,3.7,0.00004
3827,1,,,,,0.00022,0.00000,3.7,0.00005,1,,,,,0.00022,0.00001,3.7,0.00004
3828,1,,,,,0.00022,0.00000,3.6,0.00004,1,,,,,0.00022,0.00000,3.7,0.00004
3829,1,,,,,0.00022,0.00000,3.6,0.00004,1,,,,,0.00022,0.00000,3.6,0.00004
3830,1,,,,,0.00022,0.00000,3.6,0.00004,1,,,,,0.00022,0.00000,3.6,0.00004
3831,1,,,,,0.00022,0.00001,3.6,0.00004,1,,,,,0.00022,0.00000,3.6,0.00004
3832,1,,,,,0.00022,0.00000,3.7,0.00004,1,,,,,0.00022,0.00000,3.6,0.00004
3833,1,,,,,0.00022,0.00000,3.6,0.00004,1,,,,,0.00022,0.00000,3.6,0.00004
3834,1,,,,,0.00022,0.00001,3.7,0.00004,1,,,,,0.00022,0.00000,3.5,0.00004
3835,1,,,,,0.00022,0.00000,3.6,0.00004,1,,,,,0.00022,0.00000,3.6,0.00005
3836,1,,,,,0.00022,0.00000,3.6,0.00004,1,,,,,0.00022,0.00000,3.7,0.00004
3837,1,,,,,0.00022,0.00000,3.6,0.00004,1,,,,,0.00022,0.00000,3.6,0.00004
3838,1,,,,,0.00022,0.00000,3.7,0.00004,1,,,,,0.00022,0.00000,3.6,0.00004
3839,1,,,,,0.00022,0.00001,3.7,0.00004,1,,,,,0.00022,0.00000,3.7,0.00004
3840,1,,,,,0.00022,0.00000,3.6,0.00004,1,,,,,0.00022,0.00000,3.7,0.00004
3841,1,,,,,0.00022,0.00000,3.6,0.00004,1,,,,,0.00022,0.00000,3.8,0.00005
3842,1,,,,,0.00022,0.00000,3.5,0.00004,1,,,,,0.00022,0.00001,3.7,0.00004
3843,1,,,,,0.00022,0.00000,3.6,0.00004,1,,,,,0.00022,0.00001,3.7,0.00005
3844,1,,,,,0.00022,0.00000,3.6,0.00004,1,,,,,0.00022,0.00000,3.6,0.00004
3845,1,,,,,0.00022,0.00001,3.6,0.00004,1,,,,,0.00022,0.00000,3.6,0.00004
3846,1,,,,,0.00022,0.00000,3.6,0.00004,1,,,,,0.00022,0.00000,3.7,0.00004
3847,1,,,,,0.00022,0.00000,3.5,0.00004,1,,,,,0.00022,0.00000,3.7,0.00004
3848,1,,,,,0.00022,0.00000,3.6,0.00004,1,,,,,0.00022,0.00001,3.7,0.00004
3849,1,,,,,0.00022,0.00000,3.6,0.00004,1,,,,,0.00022,0.00001,3.6,0.00004
3850,1,,,,,0.00022,0.00000,3.6,0.00004,1,,,,,0.00022,0.00000,3.6,0.00004
3851,1,,,,,0.00022,0.00000,3.7,0.00004,1,,,,,0.00022,0.00000,3.6,0.00005
3852,1,,,,,0.00022,0.00001,3.7,0.00005,1,,,,,0.00022,0.00000,3.6,0.00004
3853,1,,,,,0.00022,0.00000,3.6,0.00004,1,,,,,0.00022,0.00000,3.6,0.00004
3854,1,,,,,0.00022,0.00001,3.6,0.00004,1,,,,,0.00022,0.00000,3.6,0.00004
3855,1,,,,,0.00022,0.00001,3.6,0.00004,1,,,,,0.00022,0.00001,3.6,0.00004
3856,1,,,,,0.00022,0.00000,3.6,0.00004,1,,,,,0.00022,0.00000,3.7,0.00004
3857,1,,,,,0.00022,0.00001,3.6,0.00004,1,,,,,0.00022,0.00000,3.6,0.00004
3858,1,,,,,0.00022,0.00001,3.6,0.00004,1,,,,,0.00022,0.00001,3.6,0.00004
3859,1,,,,,0.00022,0.00000,3.6,0.00004,1,,,,,0.00022,0.00000,3.6,0.00004
3860,1,,,,,0.00022,0.00000,3.6,0.00004,1,,,,,0.00022,0.00000,3.6,0.00004
3861,1,,,,,0.00022,0.00000,3.6,0.00004,1,,,,,0.00022,0.00000,3.6,0.00004
3862,1,,,,,0.00022,0.00000,3.6,0.00004,1,,,,,0.00022,0.00000,3.6,0.00004
3863,1,,,,,0.00022,0.00001,3.6,0.00004,1,,,,,0.00022,0.00000,3.6,0.00004
3864,1,,,,,0.00022,0.00000,3.5,0.00004,1,,,,,0.00022,0.00000,3.6,0.00004
3865,1,,,,,0.00022,0.00000,3.7,0.00004,1,,,,,0.00022,0.00000,3.7,0.00004
3866,1,,,,,0.00022,0.00001,3.7,0.00004,1,,,,,0.00022,0.00000,3.7,0.00004
3867,1,,,,,0.00022,0.00000,3.7,0.00004,1,,,,,0.00022,0.00001,3.7,0.00004
3868,1,,,,,0.00022,0.00000,3.7,0.00004,1,,,,,0.00022,0.00000,3.7,0.00004
3869,1,,,,,0.00022,0.00000,3.7,0.00004,1,,,,,0.00022,0.00000,3.7,0.00004
3870,1,,,,,0.00022,0.00000,3.7,0.00004,1,,,,,0.00022,0.00000,3.7,0.00004
3871,1,,,,,0.00022,0.00000,3.8,0.00005,1,,,,,0.00022,0.00000,3.7,0.00004
3872,1,,,,,0.00022,0.00000,3.8,0.00004,1,,,,,0.00022,0.00000,3.7,0.00004
3873,1,,,,,0.00022,0.00000,3.7,0.00004,1,,,,,0.00022,0.00000,3.8,0.00004
3874,1,,,,,0.00022,0.00000,3.7,0.00004,1,,,,,0.00022,0.00000,3.8,0.00004
3875,1,,,,,0.00022,0.00001,3.7,0.00004,1,,,,,0.00022,0.00000,3.7,0.00004
3876,1,,,,,0.00022,0.00001,3.6,0.00004,1,,,,,0.00022,0.00000,3.7,0.00004
3877,1,,,,,0.00022,0.00000,3.8,0.00005,1,,,,,0.00022,0.00000,3.8,0.00005
3878,1,,,,,0.00022,0.00000,3.8,0.00004,1,,,,,0.00022,0.00001,3.8,0.00004
3879,1,,,,,0.00022,0.00001,3.6,0.00004,1,,,,,0.00022,0.00000,3.8,0.00005
3880,1,,,,,0.00022,0.00000,3.6,0.00004,1,,,,,0.00022,0.00001,3.5,0.00004
3881,1,,,,,0.00022,0.00000,3.6,0.00004,1,,,,,0.00022,0.00000,3.4,0.00004
3882,1,,,,,0.00022,0.00000,3.6,0.00004,1,,,,,0.00022,0.00000,3.4,0.00004
3883,1,,,,,0.00022,0.00000,3.6,0.00004,1,,,,,0.00022,0.00000,3.7,0.00004
3884,1,,,,,0.00022,0.00000,3.6,0.00004,1,,,,,0.00022,0.00000,3.6,0.00004
3885,1,,,,,0.00022,0.00000,3.6,0.00004,1,,,,,0.00022,0.00000,3.6,0.00004
3886,1,,,,,0.00022,0.00000,3.6,0.00004,1,,,,,0.00022,0.00000,3.7,0.00004
3887,1,,,,,0.00022,0.00001,3.7,0.00004,1,,,,,0.00022,0.00000,3.5,0.00004
3888,1,,,,,0.00022,0.00001,3.6,0.00004,1,,,,,0.00022,0.00000,3.6,0.00004
3889,1,,,,,0.00022,0.00001,3.7,0.00004,1,,,,,0.00022,0.00000,3.6,0.00004
3890,1,,,,,0.00022,0.00000,3.7,0.00004,1,,,,,0.00022,0.00000,3.6,0.00003
3891,1,,,,,0.00022,0.00000,3.7,0.00005,1,,,,,0.00022,0.00000,3.6,0.00004
3892,1,,,,,0.00022,0.00000,3.6,0.00004,1,,,,,0.00022,0.00000,3.6,0.00004
3893,1,,,,,0.00022,0.00000,3.7,0.00004,1,,,,,0.00022,0.00001,3.6,0.00004
3894,1,,,,,0.00022,0.00000,3.6,0.00004,1,,,,,0.00022,0.00000,3.6,0.00004
3895,1,,,,,0.00022,0.00000,3.6,0.00004,1,,,,,0.00022,0.00001,3.6,0.00004
3896,1,,,,,0.00022,0.00000,3.6,0.00004,1,,,,,0.00022,0.00001,3.6,0.00004
3897,1,,,,,0.00022,0.00001,3.6,0.00004,1,,,,,0.00022,0.00001,3.6,0.00004
3898,1,,,,,0.00022,0.00000,3.7,0.00004,1,,,,,0.00022,0.00001,3.6,0.00004
3899,1,,,,,0.00022,0.00001,3.7,0.00004,1,,,,,0.00022,0.00000,3.6,0.00005
3900,1,,,,,0.00022,0.00000,3.7,0.00004,1,,,,,0.00022,0.00000,3.6,0.00004
3901,1,,,,,0.00022,0.00000,3.7,0.00004,1,,,,,0.00022,0.00000,3.6,0.00004
3902,1,,,,,0.00022,0.00000,3.8,0.00004,1,,,,,0.00022,0.00000,3.7,0.00004
3903,1,,,,,0.00022,0.00001,3.9,0.00004,1,,,,,0.00022,0.00000,3.8,0.00004
3904,1,,,,,0.00022,0.00000,3.7,0.00004,1,,,,,0.00022,0.00000,3.7,0.00004
3905,1,,,,,0.00022,0.00001,3.7,0.00004,1,,,,,0.00022,0.00000,3.7,0.00004
3906,1,,,,,0.00022,0.00000,3.7,0.00004,1,,,,,0.00022,0.00001,3.7,0.00004
3907,1,,,,,0.00022,0.00001,3.8,0.00004,1,,,,,0.00022,0.00000,3.7,0.00004
3908,1,,,,,0.00022,0.00000,3.8,0.00004,1,,,,,0.00022,0.00000,3.7,0.00004
3909,1,,,,,0.00022,0.00000,3.8,0.00004,1,,,,,0.00022,0.00000,3.8,0.00004
3910,1,,,,,0.00022,0.00000,3.9,0.00004,1,,,,,0.00022,0.00000,3.7,0.00005
3911,1,,,,,0.00022,0.00000,3.7,0.00004,1,,,,,0.00022,0.00000,3.7,0.00004
3912,1,,,,,0.00022,0.00001,3.7,0.00004,1,,,,,0.00022,0.00001,3.7,0.00004
3913,1,,,,,0.00022,0.00000,3.8,0.00004,1,,,,,0.00022,0.00000,3.7,0.00005
3914,1,,,,,0.00022,0.00000,3.7,0.00004,1,,,,,0.00022,0.00001,3.8,0.00004
3915,1,,,,,0.00022,0.00000,3.7,0.00004,1,,,,,0.00022,0.00000,3.7,0.00004
3916,1,,,,,0.00022,0.00000,3.7,0.00004,1,,,,,0.00022,0.00000,3.7,0.00005
3917,1,,,,,0.00022,0.00001,3.7,0.00004,1,,,,,0.00022,0.00000,3.7,0.00004
3918,1,,,,,0.00022,0.00000,3.8,0.00004,1,,,,,0.00022,0.00000,3.8,0.00004
3919,1,,,,,0.00022,0.00001,3.8,0.00004,1,,,,,0.00022,0.00001,3.7,0.00004
3920,1,,,,,0.00022,0.00001,3.6,0.00004,1,,,,,0.00022,0.00000,3.6,0.00004
3921,1,,,,,0.00022,0.00000,3.6,0.00004,1,,,,,0.00022,0.00000,3.6,0.00004
3922,1,,,,,0.00022,0.00000,3.6,0.00004,1,,,,,0.00022,0.00000,3.6,0.00004
3923,1,,,,,0.00022,0.00000,3.6,0.00004,1,,,,,0.00022,0.00001,3.6,0.00004
3924,1,,,,,0.00022,0.00000,3.6,0.00004,1,,,,,0.00022,0.00000,3.6,0.00004
3925,1,,,,,0.00022,0.00000,3.7,0.00004,1,,,,,0.00022,0.00000,3.6,0.00004
3926,1,,,,,0.00022,0.00000,3.7,0.00004,1,,,,,0.00022,0.00000,3.6,0.00004
3927,1,,,,,0.00022,0.00000,3.6,0.00004,1,,,,,0.00022,0.00000,3.5,0.00004
3928,1,,,,,0.00022,0.00000,3.6,0.00004,1,,,,,0.00022,0.00001,3.6,0.00004
3929,1,,,,,0.00022,0.00001,3.6,0.00004,1,,,,,0.00022,0.00001,3.6,0.00004
3930,1,,,,,0.00022,0.00001,3.7,0.00004,1,,,,,0.00022,0.00000,3.6,0.00004
3931,1,,,,,0.00022,0.00000,3.7,0.00004,1,,,,,0.00022,0.00000,3.6,0.00004
3932,1,,,,,0.00022,0.00001,3.7,0.00004,1,,,,,0.00022,0.00000,3.6,0.00004
3933,1,,,,,0.00022,0.00000,3.6,0.00004,1,,,,,0.00022,0.00000,3.6,0.00004
3934,1,,,,,0.00022,0.00001,3.7,0.00004,1,,,,,0.00022,0.00001,3.6,0.00004
3935,1,,,,,0.00022,0.00001,3.7,0.00004,1,,,,,0.00022,0.00000,3.5,0.00004
3936,1,,,,,0.00022,0.00000,3.8,0.00004,1,,,,,0.00022,0.00000,3.6,0.00004
3937,1,,,,,0.00022,0.00000,3.9,0.00004,1,,,,,0.00022,0.00000,3.7,0.00004
3938,1,,,,,0.00022,0.00000,3.7,0.00005,1,,,,,0.00022,0.00001,3.5,0.00004
3939,1,,,,,0.00022,0.00000,3.6,0.00004,1,,,,,0.00022,0.00001,3.6,0.00005
3940,1,,,,,0.00022,0.00000,3.7,0.00004,1,,,,,0.00022,0.00000,3.7,0.00004
3941,1,,,,,0.00022,0.00000,3.7,0.00004,1,,,,,0.00022,0.00000,3.6,0.00004
3942,1,,,,,0.00022,0.00000,3.7,0.00004,1,,,,,0.00022,0.00000,3.6,0.00004
3943,1,,,,,0.00022,0.00001,3.8,0.00005,1,,,,,0.00022,0.00000,3.6,0.00004
3944,1,,,,,0.00022,0.00001,3.9,0.00004,1,,,,,0.00022,0.00000,3.7,0.00004
3945,1,,,,,0.00022,0.00000,3.7,0.00004,1,,,,,0.00022,0.00000,3.6,0.00004
3946,1,,,,,0.00022,0.00000,3.8,0.00004,1,,,,,0.00022,0.00000,3.6,0.00004
3947,1,,,,,0.00022,0.00000,3.8,0.00004,1,,,,,0.00022,0.00001,3.6,0.00005
3948,1,,,,,0.00022,0.00000,3.8,0.00004,1,,,,,0.00022,0.00001,3.6,0.00004
3949,1,,,,,0.00022,0.00000,3.7,0.00004,1,,,,,0.00022,0.00000,3.6,0.00004
3950,1,,,,,0.00022,0.00000,3.8,0.00005,1,,,,,0.00022,0.00000,3.6,0.00004
3951,1,,,,,0.00022,0.00000,3.8,0.00004,1,,,,,0.00022,0.00000,3.6,0.00004
3952,1,,,,,0.00022,0.00001,3.8,0.00004,1,,,,,0.00022,0.00001,3.7,0.00004
3953,1,,,,,0.00022,0.00000,3.8,0.00004,1,,,,,0.00022,0.00000,3.7,0.00004
3954,1,,,,,0.00022,0.00001,3.8,0.00004,1,,,,,0.00022,0.00000,3.7,0.00005
3955,1,,,,,0.00022,0.00000,3.7,0.00004,1,,,,,0.00022,0.00001,3.7,0.00004
3956,1,,,,,0.00022,0.00000,3.7,0.00004,1,,,,,0.00022,0.00000,3.5,0.00004
3957,1,,,,,0.00022,0.00001,3.8,0.00004,1,,,,,0.00022,0.00000,3.4,0.00004
3958,1,,,,,0.00022,0.00001,3.8,0.00005,1,,,,,0.00022,0.00000,3.4,0.00004
3959,1,,,,,0.00022,0.00000,3.6,0.00004,1,,,,,0.00022,0.00000,3.4,0.00004
3960,1,,,,,0.00022,0.00000,3.6,0.00004,1,,,,,0.00022,0.00000,3.4,0.00004
3961,1,,,,,0.00022,0.00000,3.6,0.00004,1,,,,,0.00022,0.00000,3.4,0.00004
3962,1,,,,,0.00022,0.00000,3.6,0.00004,1,,,,,0.00022,0.00000,3.4,0.00004
3963,1,,,,,0.00022,0.00000,3.6,0.00004,1,,,,,0.00022,0.00000,3.4,0.00004
3964,1,,,,,0.00022,0.00000,3.6,0.00004,1,,,,,0.00022,0.00000,3.4,0.00004
3965,1,,,,,0.00022,0.00000,3.6,0.00004,1,,,,,0.00022,0.00000,3.4,0.00004
3966,1,,,,,0.00022,0.00000,3.7,0.00004,1,,,,,0.00022,0.00000,3.4,0.00004
3967,1,,,,,0.00022,0.00000,3.6,0.00004,1,,,,,0.00022,0.00000,3.4,0.00004
3968,1,,,,,0.00022,0.00000,3.6,0.00004,1,,,,,0.00022,0.00000,3.5,0.00004
3969,1,,,,,0.00022,0.00000,3.6,0.00004,1,,,,,0.00022,0.00000,3.5,0.00004
3970,1,,,,,0.00022,0.00000,3.6,0.00004,1,,,,,0.00022,0.00000,3.4,0.00004
3971,1,,,,,0.00022,0.00001,3.6,0.00004,1,,,,,0.00022,0.00000,3.5,0.00004
3972,1,,,,,0.00022,0.00001,3.7,0.00004,1,,,,,0.00022,0.00000,3.4,0.00004
3973,1,,,,,0.00022,0.00000,3.7,0.00004,1,,,,,0.00022,0.00001,3.4,0.00004
3974,1,,,,,0.00022,0.00000,3.7,0.00005,1,,,,,0.00022,0.00000,3.4,0.00004
3975,1,,,,,0.00022,0.00000,3.7,0.00004,1,,,,,0.00022,0.00000,3.4,0.00004
3976,1,,,,,0.00022,0.00000,3.5,0.00004,1,,,,,0.00022,0.00000,3.6,0.00004
3977,1,,,,,0.00022,0.00000,3.6,0.00004,1,,,,,0.00022,0.00000,3.6,0.00004
3978,1,,,,,0.00022,0.00000,3.6,0.00004,1,,,,,0.00022,0.00000,3.6,0.00004
3979,1,,,,,0.00022,0.00001,3.5,0.00004,1,,,,,0.00022,0.00000,3.7,0.00004
3980,1,,,,,0.00022,0.00000,3.6,0.00005,1,,,,,0.00022,0.00001,3.6,0.00004
3981,1,,,,,0.00022,0.00000,3.5,0.00004,1,,,,,0.00022,0.00000,3.6,0.00004
3982,1,,,,,0.00022,0.00000,3.6,0.00004,1,,,,,0.00022,0.00001,3.5,0.00004
3983,1,,,,,0.00022,0.00000,3.6,0.00004,1,,,,,0.00022,0.00001,3.6,0.00005
3984,1,,,,,0.00022,0.00000,3.6,0.00004,1,,,,,0.00022,0.00000,3.6,0.00004
3985,1,,,,,0.00022,0.00001,3.6,0.00004,1,,,,,0.00022,0.00000,3.7,0.00005
3986,1,,,,,0.00022,0.00001,3.6,0.00004,1,,,,,0.00022,0.00000,3.6,0.00004
3987,1,,,,,0.00022,0.00000,3.7,0.00004,1,,,,,0.00022,0.00000,3.7,0.00004
3988,1,,,,,0.00022,0.00001,3.7,0.00004,1,,,,,0.00022,0.00000,3.6,0.00004
3989,1,,,,,0.00022,0.00000,3.7,0.00004,1,,,,,0.00022,0.00000,3.6,0.00004
3990,1,,,,,0.00022,0.00000,3.7,0.00004,1,,,,,0.00022,0.00000,3.6,0.00004
3991,1,,,,,0.00022,0.00001,3.7,0.00004,1,,,,,0.00022,0.00000,3.6,0.00004
3992,1,,,,,0.00022,0.00000,3.7,0.00004,1,,,,,0.00022,0.00000,3.6,0.00004
3993,1,,,,,0.00022,0.00001,3.7,0.00004,1,,,,,0.00022,0.00001,3.7,0.00004
3994,1,,,,,0.00022,0.00000,3.6,0.00004,1,,,,,0.00022,0.00000,3.7,0.00004
3995,1,,,,,0.00022,0.00000,3.6,0.00004,1,,,,,0.00022,0.00001,3.7,0.00004
3996,1,,,,,0.00022,0.00001,3.6,0.00004,1,,,,,0.00022,0.00001,3.6,0.00004
3997,1,,,,,0.00022,0.00000,3.6,0.00004,1,,,,,0.00022,0.00000,3.6,0.00004
3998,1,,,,,0.00022,0.00000,3.6,0.00004,1,,,,,0.00022,0.00001,3.6,0.00004
3999,1,,,,,0.00022,0.00001,3.6,0.00004,1,,,,,0.00022,0.00000,3.6,0.00004
4000,1,,,,,0.00022,0.00000,3.6,0.00004,1,,,,,0.00022,0.00000,3.7,0.00004
4001,1,,,,,0.00022,0.00001,3.6,0.00004,1,,,,,0.00022,0.00000,3.6,0.00004
4002,1,,,,,0.00022,0.00000,3.5,0.00004,1,,,,,0.00022,0.00000,3.6,0.00004
4003,1,,,,,0.00022,0.00000,3.6,0.00004,1,,,,,0.00022,0.00001,3.6,0.00004
4004,1,,,,,0.00022,0.00001,3.6,0.00004,1,,,,,0.00022,0.00000,3.6,0.00004
4005,1,,,,,0.00022,0.00001,3.5,0.00004,1,,,,,0.00022,0.00001,3.6,0.00004
4006,1,,,,,0.00022,0.00000,3.7,0.00004,1,,,,,0.00022,0.00001,3.6,0.00004
4007,1,,,,,0.00022,0.00000,3.8,0.00005,1,,,,,0.00022,0.00000,3.6,0.00004
4008,1,,,,,0.00022,0.00001,3.8,0.00004,1,,,,,0.00022,0.00000,3.6,0.00004
4009,1,,,,,0.00022,0.00001,3.7,0.00004,1,,,,,0.00022,0.00000,3.6,0.00004
4010,1,,,,,0.00022,0.00000,3.7,0.00004,1,,,,,0.00022,0.00000,3.6,0.00004
4011,1,,,,,0.00022,0.00000,3.8,0.00004,1,,,,,0.00022,0.00001,3.7,0.00004
4012,1,,,,,0.00022,0.00000,3.7,0.00004,1,,,,,0.00022,0.00000,3.6,0.00004
4013,1,,,,,0.00022,0.00000,3.7,0.00004,1,,,,,0.00022,0.00000,3.6,0.00004
4014,1,,,,,0.00022,0.00000,3.6,0.00004,1,,,,,0.00022,0.00000,3.7,0.00004
4015,1,,,,,0.00022,0.00000,3.7,0.00004,1,,,,,0.00022,0.00000,3.7,0.00004
4016,1,,,,,0.00022,0.00000,3.7,0.00004,1,,,,,0.00022,0.00000,3.7,0.00004
4017,1,,,,,0.00022,0.00001,3.6,0.00004,1,,,,,0.00022,0.00000,3.7,0.00004
4018,1,,,,,0.00022,0.00000,3.6,0.00004,1,,,,,0.00022,0.00000,3.7,0.00004
4019,1,,,,,0.00022,0.00001,3.7,0.00004,1,,,,,0.00022,0.00001,3.7,0.00004
4020,1,,,,,0.00022,0.00001,3.7,0.00004,1,,,,,0.00022,0.00000,3.6,0.00004
4021,1,,,,,0.00022,0.00000,3.6,0.00004,1,,,,,0.00022,0.00000,3.7,0.00004
4022,1,,,,,0.00022,0.00000,3.7,0.00004,1,,,,,0.00022,0.00000,3.7,0.00004
4023,1,,,,,0.00022,0.00001,3.7,0.00004,1,,,,,0.00022,0.00000,3.8,0.00004
4024,1,,,,,0.00022,0.00000,3.6,0.00004,1,,,,,0.00022,0.00000,3.7,0.00004
4025,1,,,,,0.00022,0.00000,3.6,0.00004,1,,,,,0.00022,0.00000,3.7,0.00004
4026,1,,,,,0.00022,0.00000,3.6,0.00004,1,,,,,0.00022,0.00000,3.7,0.00005
4027,1,,,,,0.00022,0.00000,3.6,0.00004,1,,,,,0.00022,0.00001,3.7,0.00004
4028,1,,,,,0.00022,0.00000,3.6,0.00004,1,,,,,0.00022,0.00000,3.7,0.00004
4029,1,,,,,0.00022,0.00000,3.7,0.00004,1,,,,,0.00022,0.00000,3.8,0.00004
4030,1,,,,,0.00022,0.00000,3.7,0.00004,1,,,,,0.00022,0.00000,3.7,0.00004
4031,1,,,,,0.00022,0.00000,3.6,0.00004,1,,,,,0.00022,0.00000,3.8,0.00004
4032,1,,,,,0.00022,0.00000,3.7,0.00004,1,,,,,0.00022,0.00001,3.8,0.00005
4033,1,,,,,0.00022,0.00001,3.7,0.00004,1,,,,,0.00022,0.00000,3.8,0.00004
4034,1,,,,,0.00022,0.00000,3.8,0.00004,1,,,,,0.00022,0.00000,3.8,0.00004
4035,1,,,,,0.00022,0.00000,3.7,0.00005,1,,,,,0.00022,0.00000,3.8,0.00005
4036,1,,,,,0.00022,0.00000,3.7,0.00004,1,,,,,0.00022,0.00001,3.7,0.00004
4037,1,,,,,0.00022,0.00001,3.7,0.00004,1,,,,,0.00022,0.00000,3.8,0.00004
4038,1,,,,,0.00022,0.00000,3.7,0.00004,1,,,,,0.00022,0.00001,3.7,0.00004
4039,1,,,,,0.00022,0.00000,3.7,0.00004,1,,,,,0.00022,0.00000,3.8,0.00004
4040,1,,,,,0.00022,0.00000,3.7,0.00004,1,,,,,0.00022,0.00000,3.8,0.00004
4041,1,,,,,0.00022,0.00000,3.7,0.00004,1,,,,,0.00022,0.00000,3.6,0.00004
4042,1,,,,,0.00022,0.00000,3.6,0.00004,1,,,,,0.00022,0.00000,3.6,0.00004
4043,1,,,,,0.00022,0.00001,3.6,0.00004,1,,,,,0.00022,0.00000,3.6,0.00004
4044,1,,,,,0.00022,0.00000,3.6,0.00004,1,,,,,0.00022,0.00000,3.6,0.00004
4045,1,,,,,0.00022,0.00000,3.6,0.00004,1,,,,,0.00022,0.00000,3.6,0.00004
4046,1,,,,,0.00022,0.00000,3.7,0.00004,1,,,,,0.00022,0.00001,3.6,0.00004
4047,1,,,,,0.00022,0.00000,3.6,0.00004,1,,,,,0.00022,0.00000,3.6,0.00004
4048,1,,,,,0.00022,0.00001,3.6,0.00004,1,,,,,0.00022,0.00000,3.6,0.00004
4049,1,,,,,0.00022,0.00000,3.6,0.00004,1,,,,,0.00022,0.00000,3.6,0.00004
4050,1,,,,,0.00022,0.00000,3.6,0.00004,1,,,,,0.00022,0.00000,3.7,0.00004
4051,1,,,,,0.00022,0.00000,3.6,0.00004,1,,,,,0.00022,0.00000,3.6,0.00004
4052,1,,,,,0.00022,0.00000,3.8,0.00004,1,,,,,0.00022,0.00000,3.8,0.00004
4053,1,,,,,0.00022,0.00000,3.8,0.00004,1,,,,,0.00022,0.00000,3.7,0.00004
4054,1,,,,,0.00022,0.00000,3.7,0.00004,1,,,,,0.00022,0.00000,3.8,0.00004
4055,1,,,,,0.00022,0.00001,3.8,0.00004,1,,,,,0.00022,0.00000,3.7,0.00004
4056,1,,,,,0.00022,0.00000,3.8,0.00005,1,,,,,0.00022,0.00000,3.8,0.00004
4057,1,,,,,0.00022,0.00000,3.7,0.00004,1,,,,,0.00022,0.00000,3.7,0.00004
4058,1,,,,,0.00022,0.00000,3.7,0.00004,1,,,,,0.00022,0.00000,3.7,0.00004
4059,1,,,,,0.00022,0.00001,3.7,0.00004,1,,,,,0.00022,0.00001,3.7,0.00004
4060,1,,,,,0.00022,0.00000,3.7,0.00005,1,,,,,0.00022,0.00000,3.7,0.00005
4061,1,,,,,0.00022,0.00001,3.7,0.00004,1,,,,,0.00022,0.00001,3.7,0.00004
4062,1,,,,,0.00022,0.00000,3.7,0.00004,1,,,,,0.00022,0.00000,3.8,0.00004
4063,1,,,,,0.00022,0.00000,3.7,0.00005,1,,,,,0.00022,0.00000,3.8,0.00004
4064,1,,,,,0.00022,0.00000,3.7,0.00004,1,,,,,0.00022,0.00000,3.8,0.00004
4065,1,,,,,0.00022,0.00000,3.8,0.00005,1,,,,,0.00022,0.00000,3.7,0.00004
4066,1,,,,,0.00022,0.00000,3.7,0.00005,1,,,,,0.00022,0.00000,3.7,0.00004
4067,1,,,,,0.00022,0.00001,3.8,0.00005,1,,,,,0.00022,0.00000,3.8,0.00004
4068,1,,,,,0.00022,0.00000,3.7,0.00004,1,,,,,0.00022,0.00001,3.8,0.00005
4069,1,,,,,0.00022,0.00001,3.6,0.00004,1,,,,,0.00022,0.00000,3.6,0.00004
4070,1,,,,,0.00022,0.00000,3.6,0.00004,1,,,,,0.00022,0.00000,3.6,0.00004
4071,1,,,,,0.00022,0.00000,3.6,0.00004,1,,,,,0.00022,0.00000,3.6,0.00004
4072,1,,,,,0.00022,0.00000,3.6,0.00004,1,,,,,0.00022,0.00000,3.6,0.00004
4073,1,,,,,0.00022,0.00001,3.6,0.00004,1,,,,,0.00022,0.00000,3.7,0.00004
4074,1,,,,,0.00022,0.00000,3.6,0.00004,1,,,,,0.00022,0.00000,3.6,0.00004
4075,1,,,,,0.00022,0.00000,3.6,0.00004,1,,,,,0.00022,0.00001,3.6,0.00004
4076,1,,,,,0.00022,0.00000,3.6,0.00004,1,,,,,0.00022,0.00000,3.6,0.00004
4077,1,,,,,0.00022,0.00000,3.6,0.00004,1,,,,,0.00022,0.00000,3.6,0.00004
4078,1,,,,,0.00022,0.00001,3.6,0.00004,1,,,,,0.00022,0.00000,3.6,0.00004
4079,1,,,,,0.00022,0.00000,3.6,0.00004,1,,,,,0.00022,0.00000,3.6,0.00004
4080,1,,,,,0.00022,0.00000,3.6,0.00004,1,,,,,0.00022,0.00001,3.6,0.00004
4081,1,,,,,0.00022,0.00000,3.6,0.00004,1,,,,,0.00022,0.00001,3.6,0.00004
4082,1,,,,,0.00022,0.00001,3.6,0.00004,1,,,,,0.00022,0.00001,3.6,0.00004
4083,1,,,,,0.00022,0.00000,3.7,0.00004,1,,,,,0.00022,0.00000,3.6,0.00004
4084,1,,,,,0.00022,0.00000,3.6,0.00004,1,,,,,0.00022,0.00000,3.6,0.00004
4085,1,,,,,0.00022,0.00000,3.6,0.00004,1,,,,,0.00022,0.00001,3.6,0.00004
4086,1,,,,,0.00022,0.00000,3.6,0.00004,1,,,,,0.00022,0.00000,3.6,0.00004
4087,1,,,,,0.00022,0.00000,3.6,0.00004,1,,,,,0.00022,0.00000,3.6,0.00004
4088,1,,,,,0.00022,0.00000,3.7,0.00004,1,,,,,0.00022,0.00000,3.6,0.00004
4089,1,,,,,0.00022,0.00000,3.7,0.00004,1,,,,,0.00022,0.00001,3.6,0.00004
4090,1,,,,,0.00022,0.00001,3.8,0.00004,1,,,,,0.00022,0.00001,3.6,0.00004
4091,1,,,,,0.00022,0.00000,3.8,0.00004,1,,,,,0.00022,0.00000,3.6,0.00004
4092,1,,,,,0.00022,0.00001,3.7,0.00004,1,,,,,0.00022,0.00001,3.7,0.00004
4093,1,,,,,0.00022,0.00000,3.7,0.00004,1,,,,,0.00022,0.00000,3.7,0.00005
4094,1,,,,,0.00022,0.00001,3.7,0.00004,1,,,,,0.00022,0.00000,3.7,0.00004
4095,1,,,,,0.00022,0.00001,3.8,0.00004,1,,,,,0.00022,0.00000,3.7,0.00004
4096,1,,,,,0.00022,0.00001,3.7,0.00004,1,,,,,0.00022,0.00001,3.7,0.00004
4097,1,,,,,0.00022,0.00001,3.8,0.00004,1,,,,,0.00022,0.00000,3.7,0.00004
4098,1,,,,,0.00022,0.00001,3.8,0.00004,1,,,,,0.00022,0.00000,3.6,0.00004
4099,1,,,,,0.00022,0.00000,3.7,0.00004,1,,,,,0.00022,0.00000,3.7,0.00004
4100,1,,,,,0.00022,0.00000,3.8,0.00005,1,,,,,0.00022,0.00000,3.7,0.00005
4101,1,,,,,0.00022,0.00000,3.8,0.00004,1,,,,,0.00022,0.00000,3.7,0.00004
4102,1,,,,,0.00022,0.00000,3.7,0.00004,1,,,,,0.00022,0.00000,3.7,0.00004
4103,1,,,,,0.00022,0.00000,3.7,0.00004,1,,,,,0.00022,0.00000,3.7,0.00005
4104,1,,,,,0.00022,0.00000,3.7,0.00004,1,,,,,0.00022,0.00001,3.7,0.00004
4105,1,,,,,0.00022,0.00000,3.8,0.00005,1,,,,,0.00022,0.00000,3.7,0.00004
4106,1,,,,,0.00022,0.00000,3.7,0.00005,1,,,,,0.00022,0.00000,3.7,0.00005
4107,1,,,,,0.00022,0.00000,3.7,0.00004,1,,,,,0.00022,0.00001,3.7,0.00004
4108,1,,,,,0.00022,0.00000,3.8,0.00004,1,,,,,0.00022,0.00000,3.6,0.00004
4109,1,,,,,0.00022,0.00000,3.7,0.00005,1,,,,,0.00022,0.00000,3.5,0.00004
4110,1,,,,,0.00022,0.00000,3.7,0.00004,1,,,,,0.00022,0.00001,3.6,0.00004
4111,1,,,,,0.00022,0.00000,3.7,0.00004,1,,,,,0.00022,0.00001,3.5,0.00004
4112,1,,,,,0.00022,0.00000,3.6,0.00004,1,,,,,0.00022,0.00000,3.5,0.00004
4113,1,,,,,0.00022,0.00000,3.6,0.00004,1,,,,,0.00022,0.00000,3.5,0.00004
4114,1,,,,,0.00022,0.00000,3.8,0.00004,1,,,,,0.00022,0.00000,3.6,0.00004
4115,1,,,,,0.00022,0.00001,3.7,0.00004,1,,,,,0.00022,0.00000,3.7,0.00004
4116,1,,,,,0.00022,0.00000,3.6,0.00004,1,,,,,0.00022,0.00000,3.6,0.00004
4117,1,,,,,0.00022,0.00000,3.6,0.00004,1,,,,,0.00022,0.00000,3.6,0.00004
4118,1,,,,,0.00022,0.00000,3.5,0.00004,1,,,,,0.00022,0.00000,3.5,0.00004
4119,1,,,,,0.00022,0.00000,3.6,0.00004,1,,,,,0.00022,0.00000,3.6,0.00004
4120,1,,,,,0.00022,0.00000,3.6,0.00004,1,,,,,0.00022,0.00001,3.5,0.00004
4121,1,,,,,0.00022,0.00001,3.6,0.00004,1,,,,,0.00022,0.00000,3.6,0.00004
4122,1,,,,,0.00022,0.00001,3.6,0.00004,1,,,,,0.00022,0.00001,3.5,0.00004
4123,1,,,,,0.00022,0.00000,3.6,0.00004,1,,,,,0.00022,0.00000,3.5,0.00004
4124,1,,,,,0.00022,0.00000,3.5,0.00004,1,,,,,0.00022,0.00000,3.6,0.00004
4125,1,,,,,0.00022,0.00000,3.6,0.00005,1,,,,,0.00022,0.00000,3.6,0.00004
4126,1,,,,,0.00022,0.00001,3.6,0.00004,1,,,,,0.00022,0.00001,3.5,0.00004
4127,1,,,,,0.00022,0.00001,3.6,0.00004,1,,,,,0.00022,0.00000,3.7,0.00005
4128,1,,,,,0.00022,0.00000,3.6,0.00004,1,,,,,0.00022,0.00000,3.7,0.00004
4129,1,,,,,0.00022,0.00001,3.7,0.00005,1,,,,,0.00022,0.00001,3.7,0.00004
4130,1,,,,,0.00022,0.00000,3.6,0.00004,1,,,,,0.00022,0.00000,3.7,0.00005
4131,1,,,,,0.00022,0.00001,3.7,0.00005,1,,,,,0.00022,0.00001,3.7,0.00004
4132,1,,,,,0.00022,0.00001,3.7,0.00004,1,,,,,0.00022,0.00000,3.7,0.00005
4133,1,,,,,0.00022,0.00000,3.7,0.00004,1,,,,,0.00022,0.00000,3.7,0.00004
4134,1,,,,,0.00022,0.00001,3.7,0.00005,1,,,,,0.00022,0.00000,3.7,0.00004
4135,1,,,,,0.00022,0.00001,3.7,0.00005,1,,,,,0.00022,0.00000,3.7,0.00005
4136,1,,,,,0.00022,0.00000,3.7,0.00004,1,,,,,0.00022,0.00000,3.7,0.00004
4137,1,,,,,0.00022,0.00000,3.7,0.00004,1,,,,,0.00022,0.00000,3.7,0.00005
4138,1,,,,,0.00022,0.00000,3.6,0.00004,1,,,,,0.00022,0.00000,3.6,0.00004
4139,1,,,,,0.00022,0.00000,3.6,0.00004,1,,,,,0.00022,0.00000,3.7,0.00004
4140,1,,,,,0.00022,0.00000,3.7,0.00004,1,,,,,0.00022,0.00000,3.7,0.00004
4141,1,,,,,0.00022,0.00000,3.7,0.00005,1,,,,,0.00022,0.00000,3.6,0.00004
4142,1,,,,,0.00022,0.00000,3.8,0.00004,1,,,,,0.00022,0.00000,3.6,0.00004
4143,1,,,,,0.00022,0.00000,3.8,0.00005,1,,,,,0.00022,0.00000,3.6,0.00004
4144,1,,,,,0.00022,0.00000,3.7,0.00004,1,,,,,0.00022,0.00000,3.7,0.00005
4145,1,,,,,0.00022,0.00000,3.7,0.00004,1,,,,,0.00022,0.00000,3.7,0.00004
4146,1,,,,,0.00022,0.00000,3.8,0.00005,1,,,,,0.00022,0.00000,3.6,0.00004
4147,1,,,,,0.00022,0.00000,3.8,0.00004,1,,,,,0.00022,0.00001,3.6,0.00004
4148,1,,,,,0.00022,0.00000,3.7,0.00004,1,,,,,0.00022,0.00001,3.5,0.00004
4149,1,,,,,0.00022,0.00000,3.6,0.00004,1,,,,,0.00022,0.00000,3.6,0.00004
4150,1,,,,,0.00022,0.00001,3.6,0.00004,1,,,,,0.00022,0.00000,3.5,0.00004
4151,1,,,,,0.00022,0.00000,3.6,0.00004,1,,,,,0.00022,0.00000,3.6,0.00004
4152,1,,,,,0.00022,0.00001,3.6,0.00004,1,,,,,0.00022,0.00000,3.5,0.00004
4153,1,,,,,0.00022,0.00000,3.6,0.00004,1,,,,,0.00022,0.00000,3.5,0.00004
4154,1,,,,,0.00022,0.00000,3.6,0.00004,1,,,,,0.00022,0.00000,3.6,0.00004
4155,1,,,,,0.00022,0.00000,3.6,0.00004,1,,,,,0.00022,0.00000,3.6,0.00004
4156,1,,,,,0.00022,0.00000,3.6,0.00004,1,,,,,0.00022,0.00001,3.6,0.00004
4157,1,,,,,0.00022,0.00000,3.5,0.00004,1,,,,,0.00022,0.00000,3.5,0.00004
4158,1,,,,,0.00022,0.00000,3.5,0.00003,1,,,,,0.00022,0.00000,3.6,0.00004
4159,1,,,,,0.00022,0.00001,3.5,0.00004,1,,,,,0.00022,0.00000,3.6,0.00004
4160,1,,,,,0.00022,0.00001,3.6,0.00004,1,,,,,0.00022,0.00001,3.6,0.00004
4161,1,,,,,0.00022,0.00000,3.5,0.00004,1,,,,,0.00022,0.00000,3.6,0.00004
4162,1,,,,,0.00022,0.00001,3.6,0.00004,1,,,,,0.00022,0.00000,3.7,0.00004
4163,1,,,,,0.00022,0.00000,3.6,0.00004,1,,,,,0.00022,0.00000,3.6,0.00004
4164,1,,,,,0.00022,0.00000,3.7,0.00004,1,,,,,0.00022,0.00000,3.7,0.00004
4165,1,,,,,0.00022,0.00000,3.6,0.00004,1,,,,,0.00022,0.00000,3.7,0.00004
4166,1,,,,,0.00022,0.00001,3.6,0.00004,1,,,,,0.00022,0.00000,3.7,0.00004
4167,1,,,,,0.00022,0.00000,3.6,0.00004,1,,,,,0.00022,0.00000,3.7,0.00005
4168,1,,,,,0.00022,0.00000,3.7,0.00005,1,,,,,0.00022,0.00000,3.7,0.00004
4169,1,,,,,0.00022,0.00000,3.6,0.00004,1,,,,,0.00022,0.00000,3.7,0.00004
4170,1,,,,,0.00022,0.00001,3.6,0.00004,1,,,,,0.00022,0.00000,3.8,0.00004
4171,1,,,,,0.00022,0.00000,3.6,0.00004,1,,,,,0.00022,0.00000,3.7,0.00004
4172,1,,,,,0.00022,0.00000,3.6,0.00004,1,,,,,0.00022,0.00000,3.7,0.00004
4173,1,,,,,0.00022,0.00000,3.5,0.00004,1,,,,,0.00022,0.00000,3.7,0.00004
4174,1,,,,,0.00022,0.00000,3.6,0.00004,1,,,,,0.00022,0.00000,3.7,0.00004
4175,1,,,,,0.00022,0.00000,3.6,0.00004,1,,,,,0.00022,0.00000,3.7,0.00005
4176,1,,,,,0.00022,0.00000,3.6,0.00004,1,,,,,0.00022,0.00000,3.6,0.00004
4177,1,,,,,0.00022,0.00000,3.7,0.00004,1,,,,,0.00022,0.00000,3.7,0.00005
4178,1,,,,,0.00022,0.00000,3.7,0.00004,1,,,,,0.00022,0.00000,3.7,0.00005
4179,1,,,,,0.00022,0.00000,3.6,0.00004,1,,,,,0.00022,0.00000,3.7,0.00005
4180,1,,,,,0.00022,0.00000,3.4,0.00004,1,,,,,0.00022,0.00000,3.7,0.00004
4181,1,,,,,0.00022,0.00000,3.6,0.00004,1,,,,,0.00022,0.00000,3.5,0.00004
4182,1,,,,,0.00022,0.00000,3.6,0.00005,1,,,,,0.00022,0.00001,3.5,0.00004
4183,1,,,,,0.00022,0.00000,3.5,0.00004,1,,,,,0.00022,0.00000,3.6,0.00004
4184,1,,,,,0.00022,0.00001,3.6,0.00004,1,,,,,0.00022,0.00000,3.5,0.00004
4185,1,,,,,0.00022,0.00000,3.5,0.00004,1,,,,,0.00022,0.00000,3.6,0.00004
4186,1,,,,,0.00022,0.00000,3.6,0.00004,1,,,,,0.00022,0.00001,3.6,0.00004
4187,1,,,,,0.00022,0.00000,3.5,0.00004,1,,,,,0.00022,0.00000,3.5,0.00004
4188,1,,,,,0.00022,0.00000,3.6,0.00004,1,,,,,0.00022,0.00000,3.5,0.00004
4189,1,,,,,0.00022,0.00001,3.6,0.00004,1,,,,,0.00022,0.00000,3.6,0.00004
4190,1,,,,,0.00022,0.00000,3.6,0.00004,1,,,,,0.00022,0.00000,3.7,0.00004
4191,1,,,,,0.00022,0.00000,3.6,0.00004,1,,,,,0.00022,0.00001,3.6,0.00004
4192,1,,,,,0.00022,0.00000,3.6,0.00004,1,,,,,0.00022,0.00000,3.5,0.00004
4193,1,,,,,0.00022,0.00000,3.6,0.00004,1,,,,,0.00022,0.00000,3.6,0.00004
4194,1,,,,,0.00022,0.00001,3.6,0.00004,1,,,,,0.00022,0.00000,3.6,0.00004
4195,1,,,,,0.00022,0.00000,3.6,0.00004,1,,,,,0.00022,0.00000,3.5,0.00004
4196,1,,,,,0.00022,0.00000,3.6,0.00004,1,,,,,0.00022,0.00000,3.7,0.00004
4197,1,,,,,0.00022,0.00000,3.7,0.00004,1,,,,,0.00022,0.00000,3.8,0.00004
4198,1,,,,,0.00022,0.00000,3.6,0.00004,1,,,,,0.00022,0.00001,3.7,0.00004
4199,1,,,,,0.00022,0.00000,3.6,0.00004,1,,,,,0.00022,0.00000,3.7,0.00004
4200,1,,,,,0.00022,0.00000,3.6,0.00004,1,,,,,0.00022,0.00000,3.7,0.00004
4201,1,,,,,0.00022,0.00000,3.7,0.00004,1,,,,,0.00022,0.00000,3.7,0.00004
4202,1,,,,,0.00022,0.00000,3.7,0.00004,1,,,,,0.00022,0.00000,3.6,0.00004
4203,1,,,,,0.00022,0.00000,3.6,0.00004,1,,,,,0.00022,0.00000,3.7,0.00005
4204,1,,,,,0.00022,0.00001,3.6,0.00004,1,,,,,0.00022,0.00001,3.7,0.00004
4205,1,,,,,0.00022,0.00000,3.6,0.00004,1,,,,,0.00022,0.00000,3.7,0.00005
4206,1,,,,,0.00022,0.00000,3.6,0.00004,1,,,,,0.00022,0.00000,3.6,0.00004
4207,1,,,,,0.00022,0.00001,3.6,0.00004,1,,,,,0.00022,0.00000,3.7,0.00004
4208,1,,,,,0.00022,0.00000,3.7,0.00004,1,,,,,0.00022,0.00000,3.7,0.00004
4209,1,,,,,0.00022,0.00000,3.7,0.00004,1,,,,,0.00022,0.00000,3.7,0.00005
4210,1,,,,,0.00022,0.00001,3.7,0.00004,1,,,,,0.00022,0.00000,3.7,0.00004
4211,1,,,,,0.00022,0.00000,3.6,0.00004,1,,,,,0.00022,0.00000,3.7,0.00004
4212,1,,,,,0.00022,0.00000,3.7,0.00005,1,,,,,0.00022,0.00000,3.7,0.00004
4213,1,,,,,0.00022,0.00000,3.6,0.00004,1,,,,,0.00022,0.00001,3.7,0.00005
4214,1,,,,,0.00022,0.00000,3.7,0.00004,1,,,,,0.00022,0.00000,3.7,0.00005
4215,1,,,,,0.00022,0.00000,3.6,0.00004,1,,,,,0.00022,0.00000,3.7,0.00004
4216,1,,,,,0.00022,0.00001,3.7,0.00004,1,,,,,0.00022,0.00001,3.7,0.00004
4217,1,,,,,0.00022,0.00000,3.8,0.00005,1,,,,,0.00022,0.00000,3.7,0.00004
4218,1,,,,,0.00022,0.00000,3.7,0.00004,1,,,,,0.00022,0.00000,3.7,0.00004
4219,1,,,,,0.00022,0.00001,3.8,0.00004,1,,,,,0.00022,0.00001,3.7,0.00004
4220,1,,,,,0.00022,0.00001,3.6,0.00004,1,,,,,0.00022,0.00000,3.7,0.00005
4221,1,,,,,0.00022,0.00001,3.6,0.00004,1,,,,,0.00022,0.00000,3.6,0.00004
4222,1,,,,,0.00022,0.00000,3.6,0.00004,1,,,,,0.00022,0.00000,3.6,0.00004
4223,1,,,,,0.00022,0.00000,3.6,0.00004,1,,,,,0.00022,0.00000,3.6,0.00004
4224,1,,,,,0.00022,0.00001,3.6,0.00004,1,,,,,0.00022,0.00000,3.5,0.00004
4225,1,,,,,0.00022,0.00000,3.6,0.00004,1,,,,,0.00022,0.00000,3.6,0.00004
4226,1,,,,,0.00022,0.00000,3.5,0.00004,1,,,,,0.00022,0.00000,3.6,0.00004
4227,1,,,,,0.00022,0.00000,3.7,0.00005,1,,,,,0.00022,0.00000,3.6,0.00004
4228,1,,,,,0.00022,0.00000,3.6,0.00004,1,,,,,0.00022,0.00000,3.5,0.00004
4229,1,,,,,0.00022,0.00000,3.6,0.00004,1,,,,,0.00022,0.00000,3.5,0.00003
4230,1,,,,,0.00022,0.00000,3.5,0.00004,1,,,,,0.00022,0.00000,3.6,0.00004
4231,1,,,,,0.00022,0.00001,3.6,0.00004,1,,,,,0.00022,0.00001,3.6,0.00004
4232,1,,,,,0.00022,0.00001,3.6,0.00004,1,,,,,0.00022,0.00000,3.6,0.00004
4233,1,,,,,0.00022,0.00000,3.6,0.00004,1,,,,,0.00022,0.00000,3.6,0.00004
4234,1,,,,,0.00022,0.00000,3.6,0.00004,1,,,,,0.00022,0.00000,3.6,0.00004
4235,1,,,,,0.00022,0.00000,3.6,0.00004,1,,,,,0.00022,0.00000,3.5,0.00004
4236,1,,,,,0.00022,0.00000,3.7,0.00004,1,,,,,0.00022,0.00000,3.5,0.00004
4237,1,,,,,0.00022,0.00000,3.6,0.00004,1,,,,,0.00022,0.00000,3.5,0.00004
4238,1,,,,,0.00022,0.00000,3.6,0.00004,1,,,,,0.00022,0.00000,3.5,0.00004
4239,1,,,,,0.00022,0.00000,3.6,0.00004,1,,,,,0.00022,0.00000,3.6,0.00004
4240,1,,,,,0.00022,0.00000,3.6,0.00004,1,,,,,0.00022,0.00001,3.7,0.00005
4241,1,,,,,0.00022,0.00000,3.6,0.00004,1,,,,,0.00022,0.00000,3.6,0.00004
4242,1,,,,,0.00022,0.00000,3.7,0.00004,1,,,,,0.00022,0.00000,3.6,0.00004
4243,1,,,,,0.00022,0.00000,3.6,0.00004,1,,,,,0.00022,0.00001,3.6,0.00004
4244,1,,,,,0.00022,0.00001,3.6,0.00004,1,,,,,0.00022,0.00000,3.6,0.00004
4245,1,,,,,0.00022,0.00000,3.6,0.00004,1,,,,,0.00022,0.00000,3.6,0.00005
4246,1,,,,,0.00022,0.00000,3.7,0.00004,1,,,,,0.00022,0.00001,3.6,0.00004
4247,1,,,,,0.00022,0.00000,3.6,0.00003,1,,,,,0.00022,0.00001,3.6,0.00005
4248,1,,,,,0.00022,0.00000,3.7,0.00004,1,,,,,0.00022,0.00000,3.6,0.00004
4249,1,,,,,0.00022,0.00000,3.7,0.00004,1,,,,,0.00022,0.00000,3.7,0.00004
4250,1,,,,,0.00022,0.00000,3.6,0.00004,1,,,,,0.00022,0.00000,3.6,0.00004
4251,1,,,,,0.00022,0.00000,3.6,0.00004,1,,,,,0.00022,0.00001,3.6,0.00004
4252,1,,,,,0.00022,0.00000,3.7,0.00004,1,,,,,0.00022,0.00000,3.7,0.00004
4253,1,,,,,0.00022,0.00000,3.8,0.00004,1,,,,,0.00022,0.00000,3.8,0.00004
4254,1,,,,,0.00022,0.00000,3.7,0.00004,1,,,,,0.00022,0.00000,3.7,0.00004
4255,1,,,,,0.00022,0.00000,3.8,0.00005,1,,,,,0.00022,0.00000,3.7,0.00004
4256,1,,,,,0.00022,0.00001,3.8,0.00004,1,,,,,0.00022,0.00000,3.7,0.00004
4257,1,,,,,0.00022,0.00000,3.7,0.00004,1,,,,,0.00022,0.00000,3.7,0.00005
4258,1,,,,,0.00022,0.00000,3.6,0.00004,1,,,,,0.00022,0.00000,3.6,0.00004
4259,1,,,,,0.00022,0.00000,3.6,0.00004,1,,,,,0.00022,0.00001,3.6,0.00004
4260,1,,,,,0.00022,0.00001,3.7,0.00004,1,,,,,0.00022,0.00001,3.5,0.00004
4261,1,,,,,0.00022,0.00000,3.6,0.00004,1,,,,,0.00022,0.00001,3.5,0.00003
4262,1,,,,,0.00022,0.00000,3.6,0.00004,1,,,,,0.00022,0.00001,3.5,0.00004
4263,1,,,,,0.00022,0.00000,3.6,0.00004,1,,,,,0.00022,0.00000,3.6,0.00004
4264,1,,,,,0.00022,0.00000,3.7,0.00004,1,,,,,0.00022,0.00000,3.6,0.00004
4265,1,,,,,0.00022,0.00000,3.7,0.00004,1,,,,,0.00022,0.00000,3.7,0.00004
4266,1,,,,,0.00022,0.00000,3.6,0.00004,1,,,,,0.00022,0.00000,3.6,0.00004
4267,1,,,,,0.00022,0.00001,3.6,0.00004,1,,,,,0.00022,0.00000,3.6,0.00004
4268,1,,,,,0.00022,0.00000,3.7,0.00004,1,,,,,0.00022,0.00000,3.5,0.00004
4269,1,,,,,0.00022,0.00000,3.7,0.00004,1,,,,,0.00022,0.00000,3.6,0.00004
4270,1,,,,,0.00022,0.00000,3.6,0.00004,1,,,,,0.00022,0.00000,3.6,0.00004
4271,1,,,,,0.00022,0.00000,3.7,0.00004,1,,,,,0.00022,0.00000,3.6,0.00004
4272,1,,,,,0.00022,0.00001,3.7,0.00004,1,,,,,0.00022,0.00000,3.6,0.00004
4273,1,,,,,0.00022,0.00000,3.6,0.00004,1,,,,,0.00022,0.00000,3.5,0.00004
4274,1,,,,,0.00022,0.00001,3.6,0.00004,1,,,,,0.00022,0.00001,3.5,0.00004
4275,1,,,,,0.00022,0.00000,3.6,0.00004,1,,,,,0.00022,0.00000,3.5,0.00004
4276,1,,,,,0.00022,0.00001,3.7,0.00004,1,,,,,0.00022,0.00000,3.6,0.00004
4277,1,,,,,0.00022,0.00000,3.9,0.00004,1,,,,,0.00022,0.00000,3.7,0.00004
4278,1,,,,,0.00022,0.00000,3.8,0.00004,1,,,,,0.00022,0.00000,3.7,0.00005
4279,1,,,,,0.00022,0.00000,3.9,0.00004,1,,,,,0.00022,0.00000,3.7,0.00004
4280,1,,,,,0.00022,0.00000,3.9,0.00004,1,,,,,0.00022,0.00000,3.7,0.00004
4281,1,,,,,0.00022,0.00000,3.8,0.00004,1,,,,,0.00022,0.00000,3.7,0.00004
4282,1,,,,,0.00022,0.00000,3.8,0.00004,1,,,,,0.00022,0.00001,3.7,0.00004
4283,1,,,,,0.00022,0.00000,3.7,0.00004,1,,,,,0.00022,0.00000,3.8,0.00004
4284,1,,,,,0.00022,0.00000,3.9,0.00004,1,,,,,0.00022,0.00000,3.8,0.00005
4285,1,,,,,0.00022,0.00000,3.8,0.00004,1,,,,,0.00022,0.00001,3.7,0.00004
4286,1,,,,,0.00022,0.00001,3.8,0.00004,1,,,,,0.00022,0.00000,3.7,0.00004
4287,1,,,,,0.00022,0.00000,3.9,0.00004,1,,,,,0.00022,0.00001,3.7,0.00004
4288,1,,,,,0.00022,0.00000,3.8,0.00004,1,,,,,0.00022,0.00000,3.7,0.00004
4289,1,,,,,0.00022,0.00000,3.8,0.00004,1,,,,,0.00022,0.00000,3.6,0.00005
4290,1,,,,,0.00022,0.00001,3.8,0.00004,1,,,,,0.00022,0.00000,3.7,0.00004
4291,1,,,,,0.00022,0.00000,3.8,0.00005,1,,,,,0.00022,0.00000,3.7,0.00004
4292,1,,,,,0.00022,0.00000,3.8,0.00004,1,,,,,0.00022,0.00000,3.6,0.00004
4293,1,,,,,0.00022,0.00000,3.8,0.00004,1,,,,,0.00022,0.00000,3.7,0.00004
4294,1,,,,,0.00022,0.00000,3.8,0.00004,1,,,,,0.00022,0.00000,3.7,0.00005
4295,1,,,,,0.00022,0.00000,3.8,0.00004,1,,,,,0.00022,0.00000,3.6,0.00004
4296,1,,,,,0.00022,0.00000,3.9,0.00004,1,,,,,0.00022,0.00000,3.5,0.00004
4297,1,,,,,0.00022,0.00000,3.8,0.00004,1,,,,,0.00022,0.00000,3.6,0.00004
4298,1,,,,,0.00022,0.00000,3.6,0.00004,1,,,,,0.00022,0.00000,3.6,0.00004
4299,1,,,,,0.00022,0.00000,3.7,0.00004,1,,,,,0.00022,0.00000,3.5,0.00004
4300,1,,,,,0.00022,0.00000,3.6,0.00004,1,,,,,0.00022,0.00000,3.6,0.00004
4301,1,,,,,0.00022,0.00000,3.7,0.00004,1,,,,,0.00022,0.00000,3.6,0.00004
4302,1,,,,,0.00022,0.00000,3.7,0.00004,1,,,,,0.00022,0.00001,3.5,0.00003
4303,1,,,,,0.00022,0.00000,3.7,0.00004,1,,,,,0.00022,0.00000,3.5,0.00004
4304,1,,,,,0.00022,0.00000,3.6,0.00004,1,,,,,0.00022,0.00000,3.6,0.00004
4305,1,,,,,0.00022,0.00000,3.7,0.00005,1,,,,,0.00022,0.00000,3.5,0.00004
4306,1,,,,,0.00022,0.00000,3.6,0.00004,1,,,,,0.00022,0.00000,3.5,0.00004
4307,1,,,,,0.00022,0.00000,3.7,0.00004,1,,,,,0.00022,0.00000,3.5,0.00004
4308,1,,,,,0.00022,0.00000,3.8,0.00004,1,,,,,0.00022,0.00000,3.5,0.00004
4309,1,,,,,0.00022,0.00000,3.7,0.00004,1,,,,,0.00022,0.00000,3.6,0.00004
4310,1,,,,,0.00022,0.00001,3.8,0.00004,1,,,,,0.00022,0.00000,3.6,0.00004
4311,1,,,,,0.00022,0.00001,3.8,0.00004,1,,,,,0.00022,0.00000,3.6,0.00004
4312,1,,,,,0.00022,0.00000,3.8,0.00004,1,,,,,0.00022,0.00000,3.5,0.00004
4313,1,,,,,0.00022,0.00000,3.6,0.00004,1,,,,,0.00022,0.00000,3.6,0.00004
4314,1,,,,,0.00022,0.00000,3.8,0.00004,1,,,,,0.00022,0.00001,3.7,0.00004
4315,1,,,,,0.00022,0.00001,3.7,0.00004,1,,,,,0.00022,0.00000,3.7,0.00004
4316,1,,,,,0.00022,0.00000,3.7,0.00004,1,,,,,0.00022,0.00000,3.6,0.00004
4317,1,,,,,0.00022,0.00000,3.6,0.00004,1,,,,,0.00022,0.00000,3.7,0.00004
4318,1,,,,,0.00022,0.00000,3.7,0.00004,1,,,,,0.00022,0.00000,3.6,0.00004
4319,1,,,,,0.00022,0.00000,3.6,0.00004,1,,,,,0.00022,0.00000,3.6,0.00004
4320,1,,,,,0.00022,0.00000,3.8,0.00004,1,,,,,0.00022,0.00001,3.7,0.00005
4321,1,,,,,0.00022,0.00000,3.8,0.00004,1,,,,,0.00022,0.00001,3.7,0.00004
4322,1,,,,,0.00022,0.00001,3.6,0.00004,1,,,,,0.00022,0.00000,3.7,0.00004
4323,1,,,,,0.00022,0.00000,3.6,0.00004,1,,,,,0.00022,0.00000,3.6,0.00004
4324,1,,,,,0.00022,0.00001,3.7,0.00004,1,,,,,0.00022,0.00000,3.8,0.00004
4325,1,,,,,0.00022,0.00000,3.7,0.00004,1,,,,,0.00022,0.00001,3.7,0.00004
4326,1,,,,,0.00022,0.00000,3.7,0.00004,1,,,,,0.00022,0.00001,3.8,0.00004
4327,1,,,,,0.00022,0.00000,3.7,0.00004,1,,,,,0.00022,0.00000,3.8,0.00005
4328,1,,,,,0.00022,0.00001,3.7,0.00004,1,,,,,0.00022,0.00000,3.8,0.00004
4329,1,,,,,0.00022,0.00000,3.7,0.00004,1,,,,,0.00022,0.00000,3.7,0.00004
4330,1,,,,,0.00022,0.00001,3.7,0.00004,1,,,,,0.00022,0.00000,3.7,0.00004
4331,1,,,,,0.00022,0.00000,3.7,0.00004,1,,,,,0.00022,0.00000,3.6,0.00004
4332,1,,,,,0.00022,0.00001,3.8,0.00004,1,,,,,0.00022,0.00000,3.7,0.00004
4333,1,,,,,0.00022,0.00000,3.8,0.00004,1,,,,,0.00022,0.00000,3.7,0.00004
4334,1,,,,,0.00022,0.00000,3.6,0.00004,1,,,,,0.00022,0.00001,3.7,0.00005
4335,1,,,,,0.00022,0.00000,3.6,0.00004,1,,,,,0.00022,0.00001,3.7,0.00004
4336,1,,,,,0.00022,0.00000,3.6,0.00004,1,,,,,0.00022,0.00000,3.7,0.00004
4337,1,,,,,0.00022,0.00000,3.6,0.00004,1,,,,,0.00022,0.00000,3.7,0.00004
4338,1,,,,,0.00022,0.00000,3.6,0.00004,1,,,,,0.00022,0.00000,3.8,0.00005
4339,1,,,,,0.00022,0.00000,3.7,0.00004,1,,,,,0.00022,0.00000,3.7,0.00004
4340,1,,,,,0.00022,0.00001,3.8,0.00004,1,,,,,0.00022,0.00000,3.8,0.00004
4341,1,,,,,0.00022,0.00001,3.6,0.00004,1,,,,,0.00022,0.00000,3.8,0.00004
4342,1,,,,,0.00022,0.00000,3.6,0.00004,1,,,,,0.00022,0.00000,3.6,0.00004
4343,1,,,,,0.00022,0.00000,3.6,0.00004,1,,,,,0.00022,0.00000,3.6,0.00004
4344,1,,,,,0.00022,0.00000,3.6,0.00004,1,,,,,0.00022,0.00000,3.6,0.00004
4345,1,,,,,0.00022,0.00000,3.6,0.00004,1,,,,,0.00022,0.00000,3.6,0.00004
4346,1,,,,,0.00022,0.00000,3.6,0.00004,1,,,,,0.00022,0.00000,3.6,0.00004
4347,1,,,,,0.00022,0.00000,3.6,0.00004,1,,,,,0.00022,0.00000,3.7,0.00004
4348,1,,,,,0.00022,0.00000,3.7,0.00004,1,,,,,0.00022,0.00000,3.7,0.00004
4349,1,,,,,0.00022,0.00000,3.7,0.00005,1,,,,,0.00022,0.00000,3.7,0.00004
4350,1,,,,,0.00022,0.00000,3.7,0.00004,1,,,,,0.00022,0.00001,3.8,0.00004
4351,1,,,,,0.00022,0.00000,3.8,0.00004,1,,,,,0.00022,0.00000,3.7,0.00004
4352,1,,,,,0.00022,0.00000,3.6,0.00004,1,,,,,0.00022,0.00000,3.6,0.00004
4353,1,,,,,0.00022,0.00000,3.6,0.00004,1,,,,,0.00022,0.00000,3.6,0.00004
4354,1,,,,,0.00022,0.00000,3.7,0.00004,1,,,,,0.00022,0.00000,3.7,0.00004
4355,1,,,,,0.00022,0.00000,3.7,0.00004,1,,,,,0.00022,0.00001,3.7,0.00004
4356,1,,,,,0.00022,0.00000,3.8,0.00005,1,,,,,0.00022,0.00000,3.7,0.00005
4357,1,,,,,0.00022,0.00000,3.7,0.00004,1,,,,,0.00022,0.00000,3.8,0.00004
4358,1,,,,,0.00022,0.00000,3.8,0.00005,1,,,,,0.00022,0.00000,3.7,0.00004
4359,1,,,,,0.00022,0.00000,3.8,0.00004,1,,,,,0.00022,0.00000,3.7,0.00004
4360,1,,,,,0.00022,0.00000,3.7,0.00004,1,,,,,0.00022,0.00001,3.7,0.00004
4361,1,,,,,0.00022,0.00000,3.7,0.00005,1,,,,,0.00022,0.00000,3.7,0.00004
4362,1,,,,,0.00022,0.00000,3.7,0.00005,1,,,,,0.00022,0.00000,3.7,0.00004
4363,1,,,,,0.00022,0.00000,3.7,0.00004,1,,,,,0.00022,0.00000,3.7,0.00004
4364,1,,,,,0.00022,0.00000,3.7,0.00005,1,,,,,0.00022,0.00000,3.7,0.00004
4365,1,,,,,0.00022,0.00000,3.8,0.00005,1,,,,,0.00022,0.00001,3.7,0.00004
4366,1,,,,,0.00022,0.00000,3.7,0.00004,1,,,,,0.00022,0.00001,3.7,0.00004
4367,1,,,,,0.00022,0.00000,3.7,0.00004,1,,,,,0.00022,0.00000,3.7,0.00005
4368,1,,,,,0.00022,0.00000,3.7,0.00004,1,,,,,0.00022,0.00000,3.7,0.00004
4369,1,,,,,0.00022,0.00000,3.8,0.00005,1,,,,,0.00022,0.00000,3.7,0.00004
4370,1,,,,,0.00022,0.00000,3.6,0.00004,1,,,,,0.00022,0.00000,3.6,0.00004
4371,1,,,,,0.00022,0.00001,3.6,0.00004,1,,,,,0.00022,0.00001,3.6,0.00004
4372,1,,,,,0.00022,0.00000,3.6,0.00004,1,,,,,0.00022,0.00001,3.6,0.00004
4373,1,,,,,0.00022,0.00000,3.6,0.00004,1,,,,,0.00022,0.00000,3.6,0.00004
4374,1,,,,,0.00022,0.00000,3.5,0.00004,1,,,,,0.00022,0.00001,3.6,0.00004
4375,1,,,,,0.00022,0.00001,3.5,0.00004,1,,,,,0.00022,0.00000,3.6,0.00004
4376,1,,,,,0.00022,0.00000,3.5,0.00004,1,,,,,0.00022,0.00000,3.5,0.00004
4377,1,,,,,0.00022,0.00000,3.6,0.00004,1,,,,,0.00022,0.00000,3.6,0.00005
4378,1,,,,,0.00022,0.00001,3.6,0.00004,1,,,,,0.00022,0.00000,3.5,0.00004
4379,1,,,,,0.00022,0.00000,3.5,0.00004,1,,,,,0.00022,0.00000,3.6,0.00004
4380,1,,,,,0.00022,0.00000,3.5,0.00004,1,,,,,0.00022,0.00000,3.5,0.00004
4381,1,,,,,0.00022,0.00000,3.5,0.00004,1,,,,,0.00022,0.00000,3.5,0.00004
4382,1,,,,,0.00022,0.00000,3.6,0.00004,1,,,,,0.00022,0.00000,3.6,0.00004
4383,1,,,,,0.00022,0.00000,3.6,0.00004,1,,,,,0.00022,0.00000,3.6,0.00004
4384,1,,,,,0.00022,0.00000,3.5,0.00004,1,,,,,0.00022,0.00000,3.5,0.00004
4385,1,,,,,0.00022,0.00000,3.6,0.00004,1,,,,,0.00022,0.00000,3.6,0.00004
4386,1,,,,,0.00022,0.00001,3.5,0.00004,1,,,,,0.00022,0.00000,3.6,0.00004
4387,1,,,,,0.00022,0.00000,3.5,0.00004,1,,,,,0.00022,0.00000,3.6,0.00004
4388,1,,,,,0.00022,0.00001,3.5,0.00004,1,,,,,0.00022,0.00000,3.6,0.00004
4389,1,,,,,0.00022,0.00000,3.7,0.00004,1,,,,,0.00022,0.00000,3.7,0.00004
4390,1,,,,,0.00022,0.00000,3.7,0.00004,1,,,,,0.00022,0.00001,3.7,0.00004
4391,1,,,,,0.00022,0.00000,3.6,0.00004,1,,,,,0.00022,0.00000,3.7,0.00005
4392,1,,,,,0.00022,0.00000,3.7,0.00004,1,,,,,0.00022,0.00000,3.7,0.00004
4393,1,,,,,0.00022,0.00001,3.7,0.00005,1,,,,,0.00022,0.00001,3.7,0.00005
4394,1,,,,,0.00022,0.00000,3.7,0.00004,1,,,,,0.00022,0.00001,3.6,0.00005
4395,1,,,,,0.00022,0.00000,3.7,0.00004,1,,,,,0.00022,0.00000,3.7,0.00004
4396,1,,,,,0.00022,0.00000,3.7,0.00004,1,,,,,0.00022,0.00000,3.8,0.00004
4397,1,,,,,0.00022,0.00000,3.7,0.00004,1,,,,,0.00022,0.00000,3.7,0.00004
4398,1,,,,,0.00022,0.00001,3.7,0.00004,1,,,,,0.00022,0.00000,3.8,0.00004
4399,1,,,,,0.00022,0.00000,3.6,0.00004,1,,,,,0.00022,0.00000,3.7,0.00004
4400,1,,,,,0.00022,0.00000,3.7,0.00004,1,,,,,0.00022,0.00000,3.7,0.00004
4401,1,,,,,0.00022,0.00000,3.7,0.00005,1,,,,,0.00022,0.00001,3.7,0.00004
4402,1,,,,,0.00022,0.00001,3.6,0.00004,1,,,,,0.00022,0.00000,3.7,0.00004
4403,1,,,,,0.00022,0.00000,3.7,0.00005,1,,,,,0.00022,0.00000,3.7,0.00004
4404,1,,,,,0.00022,0.00000,3.7,0.00005,1,,,,,0.00022,0.00000,3.7,0.00004
4405,1,,,,,0.00022,0.00001,3.7,0.00004,1,,,,,0.00022,0.00001,3.7,0.00004
4406,1,,,,,0.00022,0.00000,3.7,0.00005,1,,,,,0.00022,0.00000,3.7,0.00004
4407,1,,,,,0.00022,0.00000,3.7,0.00004,1,,,,,0.00022,0.00001,3.7,0.00004
4408,1,,,,,0.00022,0.00000,3.7,0.00004,1,,,,,0.00022,0.00001,3.7,0.00005
4409,1,,,,,0.00022,0.00000,3.8,0.00005,1,,,,,0.00022,0.00000,3.7,0.00004
4410,1,,,,,0.00022,0.00001,3.6,0.00005,1,,,,,0.00022,0.00000,3.6,0.00004
4411,1,,,,,0.00022,0.00000,3.5,0.00004,1,,,,,0.00022,0.00000,3.5,0.00004
4412,1,,,,,0.00022,0.00000,3.5,0.00004,1,,,,,0.00022,0.00000,3.6,0.00004
4413,1,,,,,0.00022,0.00000,3.7,0.00004,1,,,,,0.00022,0.00000,3.7,0.00004
4414,1,,,,,0.00022,0.00000,3.7,0.00005,1,,,,,0.00022,0.00000,3.8,0.00004
4415,1,,,,,0.00022,0.00000,3.7,0.00005,1,,,,,0.00022,0.00000,3.7,0.00004
4416,1,,,,,0.00022,0.00000,3.7,0.00005,1,,,,,0.00022,0.00000,3.6,0.00004
4417,1,,,,,0.00022,0.00000,3.6,0.00004,1,,,,,0.00022,0.00001,3.6,0.00004
4418,1,,,,,0.00022,0.00000,3.5,0.00004,1,,,,,0.00022,0.00000,3.6,0.00004
4419,1,,,,,0.00022,0.00000,3.5,0.00004,1,,,,,0.00022,0.00000,3.6,0.00004
4420,1,,,,,0.00022,0.00000,3.6,0.00004,1,,,,,0.00022,0.00000,3.5,0.00004
4421,1,,,,,0.00022,0.00000,3.6,0.00004,1,,,,,0.00022,0.00000,3.6,0.00004
4422,1,,,,,0.00022,0.00000,3.6,0.00004,1,,,,,0.00022,0.00000,3.6,0.00004
4423,1,,,,,0.00022,0.00000,3.6,0.00004,1,,,,,0.00022,0.00000,3.6,0.00004
4424,1,,,,,0.00022,0.00000,3.6,0.00004,1,,,,,0.00022,0.00000,3.7,0.00004
4425,1,,,,,0.00022,0.00000,3.6,0.00004,1,,,,,0.00022,0.00000,3.6,0.00004
4426,1,,,,,0.00022,0.00000,3.5,0.00004,1,,,,,0.00022,0.00000,3.5,0.00004
4427,1,,,,,0.00022,0.00000,3.6,0.00004,1,,,,,0.00022,0.00000,3.6,0.00004
4428,1,,,,,0.00022,0.00000,3.7,0.00004,1,,,,,0.00022,0.00000,3.8,0.00004
4429,1,,,,,0.00022,0.00001,3.7,0.00005,1,,,,,0.00022,0.00000,3.7,0.00005
4430,1,,,,,0.00022,0.00000,3.7,0.00004,1,,,,,0.00022,0.00000,3.7,0.00005
4431,1,,,,,0.00022,0.00001,3.7,0.00004,1,,,,,0.00022,0.00000,3.8,0.00004
4432,1,,,,,0.00022,0.00000,3.7,0.00004,1,,,,,0.00022,0.00000,3.8,0.00004
4433,1,,,,,0.00022,0.00001,3.7,0.00004,1,,,,,0.00022,0.00000,3.6,0.00004
4434,1,,,,,0.00022,0.00001,3.7,0.00004,1,,,,,0.00022,0.00000,3.7,0.00004
4435,1,,,,,0.00022,0.00001,3.7,0.00004,1,,,,,0.00022,0.00000,3.7,0.00004
4436,1,,,,,0.00022,0.00000,3.7,0.00004,1,,,,,0.00022,0.00001,3.7,0.00005
4437,1,,,,,0.00022,0.00001,3.7,0.00005,1,,,,,0.00022,0.00000,3.7,0.00004
4438,1,,,,,0.00022,0.00000,3.7,0.00005,1,,,,,0.00022,0.00000,3.7,0.00005
4439,1,,,,,0.00022,0.00000,3.7,0.00004,1,,,,,0.00022,0.00001,3.7,0.00005
4440,1,,,,,0.00022,0.00000,3.8,0.00005,1,,,,,0.00022,0.00000,3.7,0.00004
4441,1,,,,,0.00022,0.00001,3.7,0.00004,1,,,,,0.00022,0.00000,3.7,0.00005
4442,1,,,,,0.00022,0.00000,3.8,0.00005,1,,,,,0.00022,0.00000,3.7,0.00004
4443,1,,,,,0.00022,0.00000,3.8,0.00004,1,,,,,0.00022,0.00000,3.7,0.00005
4444,1,,,,,0.00022,0.00001,3.7,0.00005,1,,,,,0.00022,0.00000,3.6,0.00004
4445,1,,,,,0.00022,0.00001,3.6,0.00004,1,,,,,0.00022,0.00000,3.7,0.00004
4446,1,,,,,0.00022,0.00000,3.5,0.00004,1,,,,,0.00022,0.00000,3.6,0.00004
4447,1,,,,,0.00022,0.00001,3.6,0.00004,1,,,,,0.00022,0.00001,3.5,0.00004
4448,1,,,,,0.00022,0.00001,3.5,0.00004,1,,,,,0.00022,0.00001,3.5,0.00004
4449,1,,,,,0.00022,0.00001,3.6,0.00004,1,,,,,0.00022,0.00001,3.5,0.00004
4450,1,,,,,0.00022,0.00000,3.6,0.00004,1,,,,,0.00022,0.00001,3.6,0.00004
4451,1,,,,,0.00022,0.00000,3.6,0.00004,1,,,,,0.00022,0.00000,3.6,0.00004
4452,1,,,,,0.00022,0.00001,3.6,0.00005,1,,,,,0.00022,0.00000,3.6,0.00004
4453,1,,,,,0.00022,0.00000,3.5,0.00004,1,,,,,0.00022,0.00001,3.5,0.00004
4454,1,,,,,0.00022,0.00000,3.6,0.00004,1,,,,,0.00022,0.00000,3.5,0.00004
4455,1,,,,,0.00022,0.00000,3.6,0.00005,1,,,,,0.00022,0.00000,3.5,0.00004
4456,1,,,,,0.00022,0.00000,3.6,0.00004,1,,,,,0.00022,0.00001,3.6,0.00004
4457,1,,,,,0.00022,0.00000,3.6,0.00004,1,,,,,0.00022,0.00000,3.5,0.00004
4458,1,,,,,0.00022,0.00000,3.6,0.00004,1,,,,,0.00022,0.00000,3.5,0.00004
4459,1,,,,,0.00022,0.00000,3.6,0.00004,1,,,,,0.00022,0.00000,3.5,0.00004
4460,1,,,,,0.00022,0.00000,3.6,0.00004,1,,,,,0.00022,0.00000,3.5,0.00004
4461,1,,,,,0.00022,0.00000,3.6,0.00004,1,,,,,0.00022,0.00000,3.6,0.00004
4462,1,,,,,0.00022,0.00000,3.6,0.00004,1,,,,,0.00022,0.00000,3.6,0.00004
4463,1,,,,,0.00022,0.00000,3.6,0.00004,1,,,,,0.00022,0.00000,3.5,0.00004
4464,1,,,,,0.00022,0.00000,3.7,0.00004,1,,,,,0.00022,0.00001,3.7,0.00004
4465,1,,,,,0.00022,0.00000,3.7,0.00004,1,,,,,0.00022,0.00000,3.6,0.00004
4466,1,,,,,0.00022,0.00000,3.7,0.00004,1,,,,,0.00022,0.00000,3.6,0.00004
4467,1,,,,,0.00022,0.00000,3.8,0.00005,1,,,,,0.00022,0.00000,3.7,0.00004
4468,1,,,,,0.00022,0.00000,3.7,0.00004,1,,,,,0.00022,0.00001,3.7,0.00004
4469,1,,,,,0.00022,0.00000,3.8,0.00004,1,,,,,0.00022,0.00000,3.7,0.00004
4470,1,,,,,0.00022,0.00000,3.8,0.00004,1,,,,,0.00022,0.00000,3.7,0.00004
4471,1,,,,,0.00022,0.00000,3.6,0.00004,1,,,,,0.00022,0.00000,3.7,0.00004
4472,1,,,,,0.00022,0.00000,3.7,0.00004,1,,,,,0.00022,0.00001,3.7,0.00004
4473,1,,,,,0.00022,0.00000,3.7,0.00004,1,,,,,0.00022,0.00001,3.7,0.00004
4474,1,,,,,0.00022,0.00000,3.7,0.00004,1,,,,,0.00022,0.00001,3.7,0.00004
4475,1,,,,,0.00022,0.00000,3.7,0.00004,1,,,,,0.00022,0.00001,3.6,0.00004
4476,1,,,,,0.00022,0.00000,3.8,0.00005,1,,,,,0.00022,0.00000,3.7,0.00004
4477,1,,,,,0.00022,0.00000,3.7,0.00004,1,,,,,0.00022,0.00000,3.7,0.00004
4478,1,,,,,0.00022,0.00000,3.7,0.00004,1,,,,,0.00022,0.00000,3.7,0.00004
4479,1,,,,,0.00022,0.00000,3.6,0.00004,1,,,,,0.00022,0.00000,3.7,0.00004
4480,1,,,,,0.00022,0.00000,3.6,0.00004,1,,,,,0.00022,0.00000,3.7,0.00004
4481,1,,,,,0.00022,0.00000,3.6,0.00004,1,,,,,0.00022,0.00001,3.7,0.00004
4482,1,,,,,0.00022,0.00000,3.6,0.00004,1,,,,,0.00022,0.00000,3.7,0.00004
4483,1,,,,,0.00022,0.00000,3.6,0.00004,1,,,,,0.00022,0.00000,3.6,0.00004
4484,1,,,,,0.00022,0.00001,3.6,0.00004,1,,,,,0.00022,0.00001,3.6,0.00004
4485,1,,,,,0.00022,0.00000,3.6,0.00004,1,,,,,0.00022,0.00001,3.6,0.00004
4486,1,,,,,0.00022,0.00000,3.6,0.00004,1,,,,,0.00022,0.00000,3.6,0.00004
4487,1,,,,,0.00022,0.00000,3.6,0.00004,1,,,,,0.00022,0.00000,3.6,0.00004
4488,1,,,,,0.00022,0.00001,3.5,0.00004,1,,,,,0.00022,0.00000,3.5,0.00004
4489,1,,,,,0.00022,0.00000,3.6,0.00004,1,,,,,0.00022,0.00000,3.6,0.00004
4490,1,,,,,0.00022,0.00000,3.6,0.00004,1,,,,,0.00022,0.00000,3.6,0.00004
4491,1,,,,,0.00022,0.00000,3.7,0.00004,1,,,,,0.00022,0.00000,3.6,0.00004
4492,1,,,,,0.00022,0.00000,3.6,0.00004,1,,,,,0.00022,0.00000,3.6,0.00004
4493,1,,,,,0.00022,0.00000,3.7,0.00004,1,,,,,0.00022,0.00000,3.6,0.00004
4494,1,,,,,0.00022,0.00000,3.7,0.00004,1,,,,,0.00022,0.00000,3.8,0.00004
4495,1,,,,,0.00022,0.00001,3.8,0.00004,1,,,,,0.00022,0.00001,3.7,0.00004
4496,1,,,,,0.00022,0.00000,3.8,0.00004,1,,,,,0.00022,0.00001,3.7,0.00004
4497,1,,,,,0.00022,0.00000,3.7,0.00004,1,,,,,0.00022,0.00000,3.7,0.00004
4498,1,,,,,0.00022,0.00001,3.8,0.00004,1,,,,,0.00022,0.00000,3.7,0.00004
4499,1,,,,,0.00022,0.00000,3.7,0.00004,1,,,,,0.00022,0.00000,3.7,0.00005
4500,1,,,,,0.00022,0.00000,3.7,0.00004,1,,,,,0.00022,0.00000,3.7,0.00004
4501,1,,,,,0.00022,0.00000,3.7,0.00005,1,,,,,0.00022,0.00000,3.7,0.00004
4502,1,,,,,0.00022,0.00000,3.7,0.00004,1,,,,,0.00022,0.00000,3.7,0.00004
4503,1,,,,,0.00022,0.00000,3.7,0.00004,1,,,,,0.00022,0.00000,3.8,0.00004
4504,1,,,,,0.00022,0.00000,3.8,0.00004,1,,,,,0.00022,0.00001,3.7,0.00004
4505,1,,,,,0.00022,0.00000,3.7,0.00005,1,,,,,0.00022,0.00000,3.7,0.00004
4506,1,,,,,0.00022,0.00000,3.7,0.00005,1,,,,,0.00022,0.00001,3.7,0.00005
4507,1,,,,,0.00022,0.00000,3.7,0.00004,1,,,,,0.00022,0.00000,3.7,0.00004
4508,1,,,,,0.00022,0.00001,3.8,0.00004,1,,,,,0.00022,0.00000,3.6,0.00004
4509,1,,,,,0.00022,0.00000,3.7,0.00004,1,,,,,0.00022,0.00000,3.8,0.00005
4510,1,,,,,0.00022,0.00000,3.8,0.00005,1,,,,,0.00022,0.00000,3.7,0.00004
4511,1,,,,,0.00022,0.00000,3.8,0.00005,1,,,,,0.00022,0.00000,3.7,0.00005
4512,1,,,,,0.00022,0.00000,3.7,0.00005,1,,,,,0.00022,0.00000,3.7,0.00005
4513,1,,,,,0.00022,0.00001,3.7,0.00004,1,,,,,0.00022,0.00000,3.7,0.00004
4514,1,,,,,0.00022,0.00001,3.7,0.00005,1,,,,,0.00022,0.00001,3.7,0.00004
4515,1,,,,,0.00022,0.00000,3.7,0.00004,1,,,,,0.00022,0.00001,3.7,0.00004
4516,1,,,,,0.00022,0.00000,3.8,0.00005,1,,,,,0.00022,0.00001,3.7,0.00005
4517,1,,,,,0.00022,0.00000,3.7,0.00004,1,,,,,0.00022,0.00000,3.7,0.00004
4518,1,,,,,0.00022,0.00001,3.7,0.00005,1,,,,,0.00022,0.00001,3.7,0.00004
4519,1,,,,,0.00022,0.00000,3.7,0.00004,1,,,,,0.00022,0.00001,3.6,0.00004
4520,1,,,,,0.00022,0.00000,3.7,0.00005,1,,,,,0.00022,0.00000,3.6,0.00004
4521,1,,,,,0.00022,0.00000,3.5,0.00004,1,,,,,0.00022,0.00000,3.5,0.00004
4522,1,,,,,0.00022,0.00001,3.7,0.00004,1,,,,,0.00022,0.00000,3.6,0.00004
4523,1,,,,,0.00022,0.00000,3.7,0.00005,1,,,,,0.00022,0.00001,3.5,0.00004
4524,1,,,,,0.00022,0.00000,3.6,0.00004,1,,,,,0.00022,0.00000,3.6,0.00004
4525,1,,,,,0.00022,0.00000,3.6,0.00005,1,,,,,0.00022,0.00000,3.5,0.00004
4526,1,,,,,0.00022,0.00000,3.6,0.00004,1,,,,,0.00022,0.00000,3.6,0.00004
4527,1,,,,,0.00022,0.00000,3.7,0.00004,1,,,,,0.00022,0.00000,3.7,0.00004
4528,1,,,,,0.00022,0.00000,3.6,0.00004,1,,,,,0.00022,0.00000,3.6,0.00004
4529,1,,,,,0.00022,0.00001,3.6,0.00004,1,,,,,0.00022,0.00001,3.6,0.00004
4530,1,,,,,0.00022,0.00001,3.7,0.00004,1,,,,,0.00022,0.00000,3.6,0.00004
4531,1,,,,,0.00022,0.00000,3.6,0.00004,1,,,,,0.00022,0.00000,3.6,0.00004
4532,1,,,,,0.00022,0.00000,3.6,0.00004,1,,,,,0.00022,0.00000,3.5,0.00004
4533,1,,,,,0.00022,0.00000,3.6,0.00004,1,,,,,0.00022,0.00001,3.6,0.00004
4534,1,,,,,0.00022,0.00001,3.5,0.00004,1,,,,,0.00022,0.00000,3.6,0.00004
4535,1,,,,,0.00022,0.00001,3.6,0.00004,1,,,,,0.00022,0.00000,3.7,0.00004
4536,1,,,,,0.00022,0.00000,3.7,0.00004,1,,,,,0.00022,0.00000,3.5,0.00004
4537,1,,,,,0.00022,0.00000,3.6,0.00004,1,,,,,0.00022,0.00000,3.6,0.00004
4538,1,,,,,0.00022,0.00000,3.6,0.00004,1,,,,,0.00022,0.00000,3.5,0.00004
4539,1,,,,,0.00022,0.00000,3.5,0.00004,1,,,,,0.00022,0.00000,3.6,0.00004
4540,1,,,,,0.00022,0.00000,3.6,0.00004,1,,,,,0.00022,0.00000,3.6,0.00004
4541,1,,,,,0.00022,0.00001,3.8,0.00005,1,,,,,0.00022,0.00000,3.7,0.00005
4542,1,,,,,0.00022,0.00000,3.7,0.00004,1,,,,,0.00022,0.00000,3.7,0.00004
4543,1,,,,,0.00022,0.00001,3.7,0.00004,1,,,,,0.00022,0.00000,3.7,0.00004
4544,1,,,,,0.00022,0.00000,3.7,0.00004,1,,,,,0.00022,0.00000,3.8,0.00004
4545,1,,,,,0.00022,0.00000,3.7,0.00004,1,,,,,0.00022,0.00000,3.7,0.00004
4546,1,,,,,0.00022,0.00000,3.7,0.00004,1,,,,,0.00022,0.00000,3.7,0.00004
4547,1,,,,,0.00022,0.00001,3.8,0.00005,1,,,,,0.00022,0.00000,3.7,0.00004
4548,1,,,,,0.00022,0.00000,3.8,0.00005,1,,,,,0.00022,0.00000,3.7,0.00004
4549,1,,,,,0.00022,0.00000,3.6,0.00004,1,,,,,0.00022,0.00000,3.6,0.00004
4550,1,,,,,0.00022,0.00000,3.7,0.00004,1,,,,,0.00022,0.00001,3.7,0.00004
4551,1,,,,,0.00022,0.00000,3.7,0.00005,1,,,,,0.00022,0.00001,3.6,0.00004
4552,1,,,,,0.00022,0.00000,3.8,0.00004,1,,,,,0.00022,0.00000,3.7,0.00004
4553,1,,,,,0.00022,0.00001,3.7,0.00004,1,,,,,0.00022,0.00000,3.7,0.00004
4554,1,,,,,0.00022,0.00000,3.7,0.00005,1,,,,,0.00022,0.00000,3.7,0.00005
4555,1,,,,,0.00022,0.00000,3.5,0.00004,1,,,,,0.00022,0.00000,3.5,0.00004
4556,1,,,,,0.00022,0.00000,3.6,0.00004,1,,,,,0.00022,0.00001,3.6,0.00004
4557,1,,,,,0.00022,0.00000,3.6,0.00004,1,,,,,0.00022,0.00000,3.6,0.00004
4558,1,,,,,0.00022,0.00000,3.5,0.00004,1,,,,,0.00022,0.00000,3.6,0.00004
4559,1,,,,,0.00022,0.00000,3.5,0.00004,1,,,,,0.00022,0.00001,3.6,0.00004
4560,1,,,,,0.00022,0.00001,3.6,0.00004,1,,,,,0.00022,0.00000,3.6,0.00004
4561,1,,,,,0.00022,0.00000,3.6,0.00004,1,,,,,0.00022,0.00000,3.6,0.00004
4562,1,,,,,0.00022,0.00000,3.6,0.00004,1,,,,,0.00022,0.00000,3.6,0.00004
4563,1,,,,,0.00022,0.00000,3.6,0.00004,1,,,,,0.00022,0.00000,3.5,0.00004
4564,1,,,,,0.00022,0.00000,3.7,0.00004,1,,,,,0.00022,0.00000,3.6,0.00004
4565,1,,,,,0.00022,0.00000,3.8,0.00004,1,,,,,0.00022,0.00000,3.6,0.00004
4566,1,,,,,0.00022,0.00001,3.7,0.00004,1,,,,,0.00022,0.00000,3.6,0.00004
4567,1,,,,,0.00022,0.00000,3.6,0.00004,1,,,,,0.00022,0.00000,3.6,0.00004
4568,1,,,,,0.00022,0.00000,3.6,0.00004,1,,,,,0.00022,0.00000,3.6,0.00004
4569,1,,,,,0.00022,0.00000,3.6,0.00004,1,,,,,0.00022,0.00000,3.6,0.00004
4570,1,,,,,0.00022,0.00000,3.6,0.00004,1,,,,,0.00022,0.00000,3.6,0.00004
4571,1,,,,,0.00022,0.00000,3.7,0.00004,1,,,,,0.00022,0.00000,3.6,0.00004
4572,1,,,,,0.00022,0.00000,3.6,0.00004,1,,,,,0.00022,0.00000,3.6,0.00004
4573,1,,,,,0.00022,0.00001,3.6,0.00004,1,,,,,0.00022,0.00000,3.6,0.00004
4574,1,,,,,0.00022,0.00000,3.7,0.00004,1,,,,,0.00022,0.00000,3.6,0.00004
4575,1,,,,,0.00022,0.00000,3.6,0.00004,1,,,,,0.00022,0.00000,3.6,0.00004
4576,1,,,,,0.00022,0.00000,3.6,0.00004,1,,,,,0.00022,0.00000,3.7,0.00004
4577,1,,,,,0.00022,0.00000,3.6,0.00004,1,,,,,0.00022,0.00000,3.7,0.00004
4578,1,,,,,0.00022,0.00000,3.6,0.00004,1,,,,,0.00022,0.00000,3.7,0.00004
4579,1,,,,,0.00022,0.00000,3.6,0.00004,1,,,,,0.00022,0.00000,3.7,0.00004
4580,1,,,,,0.00022,0.00000,3.6,0.00004,1,,,,,0.00022,0.00001,3.7,0.00004
4581,1,,,,,0.00022,0.00000,3.6,0.00004,1,,,,,0.00022,0.00000,3.7,0.00004
4582,1,,,,,0.00022,0.00000,3.6,0.00004,1,,,,,0.00022,0.00000,3.6,0.00004
4583,1,,,,,0.00022,0.00000,3.7,0.00004,1,,,,,0.00022,0.00000,3.7,0.00004
4584,1,,,,,0.00022,0.00000,3.6,0.00004,1,,,,,0.00022,0.00000,3.8,0.00005
4585,1,,,,,0.00022,0.00001,3.6,0.00004,1,,,,,0.00022,0.00000,3.6,0.00004
4586,1,,,,,0.00022,0.00000,3.5,0.00004,1,,,,,0.00022,0.00000,3.7,0.00004
4587,1,,,,,0.00022,0.00001,3.5,0.00004,1,,,,,0.00022,0.00000,3.7,0.00005
4588,1,,,,,0.00022,0.00000,3.6,0.00004,1,,,,,0.00022,0.00000,3.7,0.00005
4589,1,,,,,0.00022,0.00000,3.7,0.00004,1,,,,,0.00022,0.00000,3.7,0.00005
4590,1,,,,,0.00022,0.00000,3.7,0.00005,1,,,,,0.00022,0.00000,3.7,0.00005
4591,1,,,,,0.00022,0.00000,3.7,0.00004,1,,,,,0.00022,0.00000,3.7,0.00004
4592,1,,,,,0.00022,0.00000,3.7,0.00005,1,,,,,0.00022,0.00000,3.7,0.00004
4593,1,,,,,0.00022,0.00000,3.7,0.00005,1,,,,,0.00022,0.00000,3.7,0.00005
4594,1,,,,,0.00022,0.00000,3.7,0.00004,1,,,,,0.00022,0.00000,3.6,0.00004
4595,1,,,,,0.00022,0.00000,3.6,0.00004,1,,,,,0.00022,0.00001,3.5,0.00004
4596,1,,,,,0.00022,0.00000,3.5,0.00004,1,,,,,0.00022,0.00000,3.5,0.00004
4597,1,,,,,0.00022,0.00000,3.6,0.00004,1,,,,,0.00022,0.00001,3.6,0.00004
4598,1,,,,,0.00022,0.00000,3.7,0.00004,1,,,,,0.00022,0.00000,3.6,0.00004
4599,1,,,,,0.00022,0.00000,3.6,0.00004,1,,,,,0.00022,0.00000,3.6,0.00004
4600,1,,,,,0.00022,0.00001,3.6,0.00004,1,,,,,0.00022,0.00000,3.5,0.00004
4601,1,,,,,0.00022,0.00000,3.6,0.00004,1,,,,,0.00022,0.00000,3.5,0.00004
4602,1,,,,,0.00022,0.00001,3.5,0.00004,1,,,,,0.00022,0.00001,3.6,0.00004
4603,1,,,,,0.00022,0.00000,3.6,0.00004,1,,,,,0.00022,0.00000,3.6,0.00004
4604,1,,,,,0.00022,0.00000,3.6,0.00004,1,,,,,0.00022,0.00001,3.6,0.00004
4605,1,,,,,0.00022,0.00000,3.6,0.00004,1,,,,,0.00022,0.00000,3.6,0.00004
4606,1,,,,,0.00022,0.00000,3.6,0.00004,1,,,,,0.00022,0.00000,3.6,0.00004
4607,1,,,,,0.00022,0.00001,3.6,0.00004,1,,,,,0.00022,0.00000,3.6,0.00004
4608,1,,,,,0.00022,0.00000,3.6,0.00004,1,,,,,0.00022,0.00000,3.5,0.00004
4609,1,,,,,0.00022,0.00001,3.6,0.00004,1,,,,,0.00022,0.00000,3.5,0.00004
4610,1,,,,,0.00022,0.00000,3.6,0.00004,1,,,,,0.00022,0.00000,3.6,0.00004
4611,1,,,,,0.00022,0.00000,3.5,0.00004,1,,,,,0.00022,0.00000,3.5,0.00004
4612,1,,,,,0.00022,0.00001,3.6,0.00004,1,,,,,0.00022,0.00000,3.6,0.00004
4613,1,,,,,0.00022,0.00000,3.5,0.00004,1,,,,,0.00022,0.00000,3.5,0.00004
4614,1,,,,,0.00022,0.00000,3.6,0.00004,1,,,,,0.00022,0.00001,3.7,0.00004
4615,1,,,,,0.00022,0.00000,3.6,0.00004,1,,,,,0.00022,0.00001,3.6,0.00004
4616,1,,,,,0.00022,0.00001,3.7,0.00004,1,,,,,0.00022,0.00000,3.6,0.00004
4617,1,,,,,0.00022,0.00001,3.7,0.00004,1,,,,,0.00022,0.00000,3.7,0.00004
4618,1,,,,,0.00022,0.00001,3.7,0.00004,1,,,,,0.00022,0.00000,3.7,0.00004
4619,1,,,,,0.00022,0.00000,3.7,0.00004,1,,,,,0.00022,0.00000,3.7,0.00004
4620,1,,,,,0.00022,0.00000,3.7,0.00004,1,,,,,0.00022,0.00001,3.7,0.00004
4621,1,,,,,0.00022,0.00000,3.7,0.00004,1,,,,,0.00022,0.00000,3.6,0.00004
4622,1,,,,,0.00022,0.00000,3.7,0.00004,1,,,,,0.00022,0.00000,3.6,0.00004
4623,1,,,,,0.00022,0.00000,3.7,0.00004,1,,,,,0.00022,0.00000,3.7,0.00004
4624,1,,,,,0.00022,0.00000,3.8,0.00004,1,,,,,0.00022,0.00000,3.7,0.00004
4625,1,,,,,0.00022,0.00000,3.7,0.00004,1,,,,,0.00022,0.00000,3.7,0.00004
4626,1,,,,,0.00022,0.00001,3.7,0.00004,1,,,,,0.00022,0.00000,3.7,0.00005
4627,1,,,,,0.00022,0.00000,3.7,0.00004,1,,,,,0.00022,0.00001,3.7,0.00004
4628,1,,,,,0.00022,0.00000,3.7,0.00004,1,,,,,0.00022,0.00000,3.7,0.00004
4629,1,,,,,0.00022,0.00000,3.7,0.00004,1,,,,,0.00022,0.00001,3.7,0.00004
4630,1,,,,,0.00022,0.00001,3.7,0.00004,1,,,,,0.00022,0.00001,3.7,0.00004
4631,1,,,,,0.00022,0.00000,3.6,0.00004,1,,,,,0.00022,0.00000,3.6,0.00004
4632,1,,,,,0.00022,0.00001,3.6,0.00004,1,,,,,0.00022,0.00001,3.6,0.00004
4633,1,,,,,0.00022,0.00000,3.6,0.00004,1,,,,,0.00022,0.00000,3.5,0.00004
4634,1,,,,,0.00022,0.00000,3.6,0.00004,1,,,,,0.00022,0.00000,3.5,0.00004
4635,1,,,,,0.00022,0.00000,3.6,0.00004,1,,,,,0.00022,0.00001,3.6,0.00004
4636,1,,,,,0.00022,0.00000,3.6,0.00004,1,,,,,0.00022,0.00000,3.6,0.00004
4637,1,,,,,0.00022,0.00000,3.6,0.00004,1,,,,,0.00022,0.00001,3.5,0.00004
4638,1,,,,,0.00022,0.00001,3.6,0.00004,1,,,,,0.00022,0.00000,3.6,0.00004
4639,1,,,,,0.00022,0.00000,3.6,0.00004,1,,,,,0.00022,0.00000,3.6,0.00004
4640,1,,,,,0.00022,0.00000,3.6,0.00004,1,,,,,0.00022,0.00000,3.6,0.00004
4641,1,,,,,0.00022,0.00000,3.6,0.00004,1,,,,,0.00022,0.00001,3.7,0.00004
4642,1,,,,,0.00022,0.00000,3.7,0.00004,1,,,,,0.00022,0.00000,3.6,0.00004
4643,1,,,,,0.00022,0.00000,3.6,0.00004,1,,,,,0.00022,0.00000,3.6,0.00004
4644,1,,,,,0.00022,0.00001,3.6,0.00004,1,,,,,0.00022,0.00000,3.6,0.00003
4645,1,,,,,0.00022,0.00000,3.7,0.00004,1,,,,,0.00022,0.00000,3.6,0.00004
4646,1,,,,,0.00022,0.00000,3.6,0.00004,1,,,,,0.00022,0.00000,3.7,0.00004
4647,1,,,,,0.00022,0.00000,3.5,0.00004,1,,,,,0.00022,0.00000,3.7,0.00004
4648,1,,,,,0.00022,0.00001,3.6,0.00004,1,,,,,0.00022,0.00000,3.8,0.00004
4649,1,,,,,0.00022,0.00001,3.7,0.00004,1,,,,,0.00022,0.00000,3.8,0.00004
4650,1,,,,,0.00022,0.00000,3.6,0.00004,1,,,,,0.00022,0.00000,3.8,0.00004
4651,1,,,,,0.00022,0.00000,3.6,0.00004,1,,,,,0.00022,0.00000,3.7,0.00004
4652,1,,,,,0.00022,0.00000,3.6,0.00004,1,,,,,0.00022,0.00000,3.7,0.00004
4653,1,,,,,0.00022,0.00000,3.5,0.00004,1,,,,,0.00022,0.00000,3.7,0.00005
4654,1,,,,,0.00022,0.00000,3.6,0.00004,1,,,,,0.00022,0.00000,3.8,0.00004
4655,1,,,,,0.00022,0.00000,3.6,0.00004,1,,,,,0.00022,0.00000,3.7,0.00005
4656,1,,,,,0.00022,0.00000,3.7,0.00004,1,,,,,0.00022,0.00000,3.7,0.00004
4657,1,,,,,0.00022,0.00000,3.6,0.00004,1,,,,,0.00022,0.00000,3.7,0.00004
4658,1,,,,,0.00022,0.00000,3.6,0.00004,1,,,,,0.00022,0.00000,3.7,0.00005
4659,1,,,,,0.00022,0.00000,3.6,0.00004,1,,,,,0.00022,0.00000,3.7,0.00004
4660,1,,,,,0.00022,0.00000,3.6,0.00004,1,,,,,0.00022,0.00000,3.7,0.00004
4661,1,,,,,0.00022,0.00001,3.7,0.00004,1,,,,,0.00022,0.00001,3.7,0.00004
4662,1,,,,,0.00022,0.00001,3.8,0.00004,1,,,,,0.00022,0.00001,3.7,0.00004
4663,1,,,,,0.00022,0.00000,3.7,0.00004,1,,,,,0.00022,0.00000,3.8,0.00005
4664,1,,,,,0.00022,0.00001,3.7,0.00004,1,,,,,0.00022,0.00000,3.8,0.00004
4665,1,,,,,0.00022,0.00000,3.7,0.00004,1,,,,,0.00022,0.00000,3.8,0.00005
4666,1,,,,,0.00022,0.00000,3.7,0.00004,1,,,,,0.00022,0.00000,3.7,0.00005
4667,1,,,,,0.00022,0.00000,3.6,0.00004,1,,,,,0.00022,0.00001,3.7,0.00005
4668,1,,,,,0.00022,0.00001,3.7,0.00004,1,,,,,0.00022,0.00001,3.8,0.00005
4669,1,,,,,0.00022,0.00000,3.7,0.00004,1,,,,,0.00022,0.00000,3.7,0.00004
4670,1,,,,,0.00022,0.00000,3.7,0.00005,1,,,,,0.00022,0.00000,3.5,0.00004
4671,1,,,,,0.00022,0.00000,3.7,0.00004,1,,,,,0.00022,0.00000,3.6,0.00004
4672,1,,,,,0.00022,0.00000,3.8,0.00005,1,,,,,0.00022,0.00001,3.5,0.00004
4673,1,,,,,0.00022,0.00000,3.6,0.00004,1,,,,,0.00022,0.00000,3.5,0.00004
4674,1,,,,,0.00022,0.00000,3.6,0.00005,1,,,,,0.00022,0.00001,3.6,0.00004
4675,1,,,,,0.00022,0.00001,3.6,0.00004,1,,,,,0.00022,0.00000,3.6,0.00004
4676,1,,,,,0.00022,0.00001,3.6,0.00004,1,,,,,0.00022,0.00000,3.5,0.00004
4677,1,,,,,0.00022,0.00000,3.6,0.00004,1,,,,,0.00022,0.00000,3.5,0.00004
4678,1,,,,,0.00022,0.00001,3.6,0.00004,1,,,,,0.00022,0.00000,3.5,0.00004
4679,1,,,,,0.00022,0.00000,3.6,0.00004,1,,,,,0.00022,0.00000,3.6,0.00004
4680,1,,,,,0.00022,0.00000,3.6,0.00004,1,,,,,0.00022,0.00000,3.6,0.00004
4681,1,,,,,0.00022,0.00000,3.7,0.00004,1,,,,,0.00022,0.00000,3.6,0.00004
4682,1,,,,,0.00022,0.00000,3.6,0.00004,1,,,,,0.00022,0.00000,3.5,0.00004
4683,1,,,,,0.00022,0.00001,3.6,0.00004,1,,,,,0.00022,0.00000,3.6,0.00004
4684,1,,,,,0.00022,0.00000,3.7,0.00004,1,,,,,0.00022,0.00000,3.6,0.00004
4685,1,,,,,0.00022,0.00000,3.6,0.00004,1,,,,,0.00022,0.00001,3.6,0.00004
4686,1,,,,,0.00022,0.00000,3.6,0.00004,1,,,,,0.00022,0.00000,3.5,0.00004
4687,1,,,,,0.00022,0.00000,3.7,0.00004,1,,,,,0.00022,0.00001,3.5,0.00004
4688,1,,,,,0.00022,0.00000,3.6,0.00004,1,,,,,0.00022,0.00000,3.5,0.00004
4689,1,,,,,0.00022,0.00000,3.8,0.00004,1,,,,,0.00022,0.00000,3.6,0.00004
4690,1,,,,,0.00022,0.00000,3.7,0.00004,1,,,,,0.00022,0.00000,3.7,0.00004
4691,1,,,,,0.00022,0.00000,3.7,0.00004,1,,,,,0.00022,0.00001,3.6,0.00004
4692,1,,,,,0.00022,0.00000,3.7,0.00004,1,,,,,0.00022,0.00001,3.6,0.00004
4693,1,,,,,0.00022,0.00001,3.7,0.00004,1,,,,,0.00022,0.00000,3.6,0.00004
4694,1,,,,,0.00022,0.00000,3.7,0.00004,1,,,,,0.00022,0.00001,3.6,0.00004
4695,1,,,,,0.00022,0.00001,3.7,0.00004,1,,,,,0.00022,0.00000,3.6,0.00004
4696,1,,,,,0.00022,0.00000,3.7,0.00004,1,,,,,0.00022,0.00001,3.6,0.00004
4697,1,,,,,0.00022,0.00001,3.7,0.00004,1,,,,,0.00022,0.00000,3.6,0.00004
4698,1,,,,,0.00022,0.00000,3.7,0.00004,1,,,,,0.00022,0.00000,3.7,0.00004
4699,1,,,,,0.00022,0.00000,3.7,0.00004,1,,,,,0.00022,0.00000,3.6,0.00004
4700,1,,,,,0.00022,0.00000,3.7,0.00004,1,,,,,0.00022,0.00000,3.6,0.00004
4701,1,,,,,0.00022,0.00000,3.7,0.00004,1,,,,,0.00022,0.00000,3.7,0.00005
4702,1,,,,,0.00022,0.00000,3.8,0.00004,1,,,,,0.00022,0.00000,3.7,0.00005
4703,1,,,,,0.00022,0.00000,3.8,0.00004,1,,,,,0.00022,0.00000,3.7,0.00004
4704,1,,,,,0.00022,0.00001,3.7,0.00004,1,,,,,0.00022,0.00000,3.6,0.00004
4705,1,,,,,0.00022,0.00000,3.8,0.00005,1,,,,,0.00022,0.00000,3.6,0.00004
4706,1,,,,,0.00022,0.00000,3.7,0.00004,1,,,,,0.00022,0.00001,3.6,0.00004
4707,1,,,,,0.00022,0.00000,3.7,0.00004,1,,,,,0.00022,0.00000,3.6,0.00004
4708,1,,,,,0.00022,0.00001,3.7,0.00004,1,,,,,0.00022,0.00001,3.6,0.00004
4709,1,,,,,0.00022,0.00000,3.6,0.00004,1,,,,,0.00022,0.00000,3.6,0.00004
4710,1,,,,,0.00022,0.00000,3.6,0.00004,1,,,,,0.00022,0.00000,3.5,0.00004
4711,1,,,,,0.00022,0.00000,3.6,0.00004,1,,,,,0.00022,0.00000,3.6,0.00004
4712,1,,,,,0.00022,0.00001,3.6,0.00004,1,,,,,0.00022,0.00001,3.6,0.00004
4713,1,,,,,0.00022,0.00000,3.6,0.00004,1,,,,,0.00022,0.00000,3.6,0.00004
4714,1,,,,,0.00022,0.00001,3.8,0.00004,1,,,,,0.00022,0.00000,3.7,0.00004
4715,1,,,,,0.00022,0.00000,3.8,0.00004,1,,,,,0.00022,0.00000,3.8,0.00004
4716,1,,,,,0.00022,0.00000,3.6,0.00004,1,,,,,0.00022,0.00000,3.6,0.00004
4717,1,,,,,0.00022,0.00000,3.6,0.00004,1,,,,,0.00022,0.00001,3.5,0.00004
4718,1,,,,,0.00022,0.00000,3.6,0.00004,1,,,,,0.00022,0.00000,3.6,0.00004
4719,1,,,,,0.00022,0.00000,3.7,0.00004,1,,,,,0.00022,0.00000,3.6,0.00004
4720,1,,,,,0.00022,0.00000,3.6,0.00004,1,,,,,0.00022,0.00000,3.6,0.00004
4721,1,,,,,0.00022,0.00000,3.6,0.00004,1,,,,,0.00022,0.00000,3.5,0.00004
4722,1,,,,,0.00022,0.00001,3.6,0.00004,1,,,,,0.00022,0.00000,3.6,0.00004
4723,1,,,,,0.00022,0.00001,3.6,0.00004,1,,,,,0.00022,0.00001,3.6,0.00004
4724,1,,,,,0.00022,0.00001,3.7,0.00005,1,,,,,0.00022,0.00000,3.6,0.00004
4725,1,,,,,0.00022,0.00000,3.7,0.00004,1,,,,,0.00022,0.00000,3.6,0.00004
4726,1,,,,,0.00022,0.00000,3.6,0.00004,1,,,,,0.00022,0.00000,3.6,0.00004
4727,1,,,,,0.00022,0.00000,3.6,0.00004,1,,,,,0.00022,0.00000,3.6,0.00004
4728,1,,,,,0.00022,0.00000,3.6,0.00004,1,,,,,0.00022,0.00000,3.7,0.00004
4729,1,,,,,0.00022,0.00000,3.7,0.00004,1,,,,,0.00022,0.00001,3.7,0.00004
4730,1,,,,,0.00022,0.00000,3.6,0.00004,1,,,,,0.00022,0.00000,3.7,0.00004
4731,1,,,,,0.00022,0.00000,3.6,0.00004,1,,,,,0.00022,0.00000,3.7,0.00004
4732,1,,,,,0.00022,0.00000,3.6,0.00004,1,,,,,0.00022,0.00001,3.7,0.00004
4733,1,,,,,0.00022,0.00000,3.6,0.00004,1,,,,,0.00022,0.00000,3.7,0.00004
4734,1,,,,,0.00022,0.00000,3.6,0.00004,1,,,,,0.00022,0.00001,3.7,0.00004
4735,1,,,,,0.00022,0.00001,3.6,0.00004,1,,,,,0.00022,0.00000,3.7,0.00004
4736,1,,,,,0.00022,0.00000,3.6,0.00004,1,,,,,0.00022,0.00000,3.7,0.00004
4737,1,,,,,0.00022,0.00000,3.6,0.00004,1,,,,,0.00022,0.00000,3.7,0.00004
4738,1,,,,,0.00022,0.00000,3.6,0.00004,1,,,,,0.00022,0.00001,3.7,0.00005
4739,1,,,,,0.00022,0.00000,3.7,0.00004,1,,,,,0.00022,0.00000,3.8,0.00005
4740,1,,,,,0.00022,0.00001,3.8,0.00005,1,,,,,0.00022,0.00001,3.8,0.00004
4741,1,,,,,0.00022,0.00001,3.6,0.00004,1,,,,,0.00022,0.00000,3.8,0.00004
4742,1,,,,,0.00022,0.00001,3.7,0.00004,1,,,,,0.00022,0.00000,3.7,0.00005
4743,1,,,,,0.00022,0.00000,3.8,0.00004,1,,,,,0.00022,0.00000,3.7,0.00004
4744,1,,,,,0.00022,0.00000,3.5,0.00004,1,,,,,0.00022,0.00000,3.7,0.00005
4745,1,,,,,0.00022,0.00000,3.5,0.00004,1,,,,,0.00022,0.00000,3.7,0.00004
4746,1,,,,,0.00022,0.00000,3.5,0.00004,1,,,,,0.00022,0.00000,3.5,0.00004
4747,1,,,,,0.00022,0.00001,3.6,0.00004,1,,,,,0.00022,0.00000,3.5,0.00005
4748,1,,,,,0.00022,0.00000,3.6,0.00004,1,,,,,0.00022,0.00000,3.6,0.00004
4749,1,,,,,0.00022,0.00000,3.6,0.00004,1,,,,,0.00022,0.00000,3.6,0.00004
4750,1,,,,,0.00022,0.00000,3.6,0.00004,1,,,,,0.00022,0.00000,3.5,0.00004
4751,1,,,,,0.00022,0.00000,3.6,0.00004,1,,,,,0.00022,0.00000,3.6,0.00004
4752,1,,,,,0.00022,0.00000,3.6,0.00004,1,,,,,0.00022,0.00000,3.5,0.00004
4753,1,,,,,0.00022,0.00000,3.6,0.00004,1,,,,,0.00022,0.00000,3.6,0.00004
4754,1,,,,,0.00022,0.00000,3.7,0.00004,1,,,,,0.00022,0.00001,3.6,0.00004
4755,1,,,,,0.00022,0.00000,3.6,0.00004,1,,,,,0.00022,0.00000,3.6,0.00004
4756,1,,,,,0.00022,0.00000,3.6,0.00004,1,,,,,0.00022,0.00000,3.5,0.00004
4757,1,,,,,0.00022,0.00000,3.6,0.00004,1,,,,,0.00022,0.00000,3.6,0.00004
4758,1,,,,,0.00022,0.00000,3.6,0.00004,1,,,,,0.00022,0.00000,3.6,0.00004
4759,1,,,,,0.00022,0.00000,3.6,0.00004,1,,,,,0.00022,0.00000,3.6,0.00004
4760,1,,,,,0.00022,0.00000,3.6,0.00004,1,,,,,0.00022,0.00000,3.5,0.00004
4761,1,,,,,0.00022,0.00001,3.6,0.00004,1,,,,,0.00022,0.00000,3.6,0.00004
4762,1,,,,,0.00022,0.00000,3.6,0.00004,1,,,,,0.00022,0.00000,3.6,0.00004
4763,1,,,,,0.00022,0.00001,3.7,0.00004,1,,,,,0.00022,0.00000,3.6,0.00004
4764,1,,,,,0.00022,0.00000,3.6,0.00004,1,,,,,0.00022,0.00000,3.6,0.00004
4765,1,,,,,0.00022,0.00000,3.6,0.00004,1,,,,,0.00022,0.00000,3.6,0.00004
4766,1,,,,,0.00022,0.00000,3.6,0.00004,1,,,,,0.00022,0.00000,3.6,0.00004
4767,1,,,,,0.00022,0.00001,3.7,0.00004,1,,,,,0.00022,0.00000,3.6,0.00004
4768,1,,,,,0.00022,0.00000,3.7,0.00004,1,,,,,0.00022,0.00000,3.7,0.00004
4769,1,,,,,0.00022,0.00000,3.6,0.00004,1,,,,,0.00022,0.00000,3.7,0.00004
4770,1,,,,,0.00022,0.00000,3.6,0.00004,1,,,,,0.00022,0.00000,3.7,0.00004
4771,1,,,,,0.00022,0.00000,3.6,0.00004,1,,,,,0.00022,0.00001,3.7,0.00005
4772,1,,,,,0.00022,0.00000,3.6,0.00004,1,,,,,0.00022,0.00000,3.7,0.00004
4773,1,,,,,0.00022,0.00000,3.7,0.00004,1,,,,,0.00022,0.00001,3.7,0.00004
4774,1,,,,,0.00022,0.00000,3.6,0.00004,1,,,,,0.00022,0.00001,3.7,0.00005
4775,1,,,,,0.00022,0.00001,3.6,0.00004,1,,,,,0.00022,0.00000,3.7,0.00004
4776,1,,,,,0.00022,0.00000,3.6,0.00004,1,,,,,0.00022,0.00000,3.7,0.00004
4777,1,,,,,0.00022,0.00000,3.8,0.00004,1,,,,,0.00022,0.00001,3.7,0.00005
4778,1,,,,,0.00022,0.00000,3.7,0.00004,1,,,,,0.00022,0.00000,3.7,0.00005
4779,1,,,,,0.00022,0.00000,3.7,0.00004,1,,,,,0.00022,0.00000,3.7,0.00004
4780,1,,,,,0.00022,0.00000,3.7,0.00004,1,,,,,0.00022,0.00001,3.7,0.00004
4781,1,,,,,0.00022,0.00000,3.7,0.00004,1,,,,,0.00022,0.00001,3.7,0.00005
4782,1,,,,,0.00022,0.00000,3.7,0.00004,1,,,,,0.00022,0.00001,3.7,0.00004
4783,1,,,,,0.00022,0.00000,3.7,0.00004,1,,,,,0.00022,0.00000,3.7,0.00004
4784,1,,,,,0.00022,0.00000,3.7,0.00004,1,,,,,0.00022,0.00000,3.7,0.00004
4785,1,,,,,0.00022,0.00000,3.6,0.00004,1,,,,,0.00022,0.00000,3.7,0.00004
4786,1,,,,,0.00022,0.00000,3.6,0.00004,1,,,,,0.00022,0.00000,3.7,0.00004
4787,1,,,,,0.00022,0.00000,3.6,0.00004,1,,,,,0.00022,0.00000,3.7,0.00004
4788,1,,,,,0.00022,0.00000,3.7,0.00004,1,,,,,0.00022,0.00000,3.7,0.00004
4789,1,,,,,0.00022,0.00000,3.6,0.00004,1,,,,,0.00022,0.00000,3.7,0.00004
4790,1,,,,,0.00022,0.00000,3.6,0.00004,1,,,,,0.00022,0.00000,3.8,0.00004
4791,1,,,,,0.00022,0.00000,3.7,0.00004,1,,,,,0.00022,0.00000,3.6,0.00004
4792,1,,,,,0.00022,0.00000,3.6,0.00004,1,,,,,0.00022,0.00000,3.6,0.00004
4793,1,,,,,0.00022,0.00000,3.7,0.00004,1,,,,,0.00022,0.00000,3.6,0.00004
4794,1,,,,,0.00022,0.00001,3.6,0.00004,1,,,,,0.00022,0.00000,3.6,0.00004
4795,1,,,,,0.00022,0.00000,3.7,0.00004,1,,,,,0.00022,0.00000,3.6,0.00004
4796,1,,,,,0.00022,0.00001,3.6,0.00004,1,,,,,0.00022,0.00000,3.6,0.00004
4797,1,,,,,0.00022,0.00000,3.8,0.00004,1,,,,,0.00022,0.00001,3.7,0.00004
4798,1,,,,,0.00022,0.00000,3.8,0.00004,1,,,,,0.00022,0.00000,3.7,0.00004
4799,1,,,,,0.00022,0.00000,3.8,0.00004,1,,,,,0.00022,0.00001,3.7,0.00004
4800,1,,,,,0.00022,0.00001,3.8,0.00004,1,,,,,0.00022,0.00000,3.7,0.00004
4801,1,,,,,0.00022,0.00000,3.7,0.00004,1,,,,,0.00022,0.00000,3.7,0.00004
4802,1,,,,,0.00022,0.00000,3.7,0.00005,1,,,,,0.00022,0.00000,3.7,0.00005
4803,1,,,,,0.00022,0.00000,3.7,0.00004,1,,,,,0.00022,0.00001,3.7,0.00004
4804,1,,,,,0.00022,0.00000,3.7,0.00004,1,,,,,0.00022,0.00001,3.8,0.00005
4805,1,,,,,0.00022,0.00000,3.7,0.00004,1,,,,,0.00022,0.00001,3.8,0.00004
4806,1,,,,,0.00022,0.00000,3.7,0.00004,1,,,,,0.00022,0.00000,3.8,0.00004
4807,1,,,,,0.00022,0.00001,3.7,0.00004,1,,,,,0.00022,0.00000,3.8,0.00005
4808,1,,,,,0.00022,0.00000,3.8,0.00004,1,,,,,0.00022,0.00001,3.8,0.00004
4809,1,,,,,0.00022,0.00000,3.7,0.00004,1,,,,,0.00022,0.00000,3.7,0.00004
4810,1,,,,,0.00022,0.00000,3.8,0.00004,1,,,,,0.00022,0.00000,3.7,0.00004
4811,1,,,,,0.00022,0.00000,3.8,0.00005,1,,,,,0.00022,0.00000,3.7,0.00004
4812,1,,,,,0.00022,0.00001,3.7,0.00005,1,,,,,0.00022,0.00000,3.7,0.00005
4813,1,,,,,0.00022,0.00000,3.7,0.00004,1,,,,,0.00022,0.00000,3.7,0.00005
4814,1,,,,,0.00022,0.00000,3.7,0.00004,1,,,,,0.00022,0.00000,3.7,0.00004
4815,1,,,,,0.00022,0.00000,3.8,0.00005,1,,,,,0.00022,0.00000,3.7,0.00005
4816,1,,,,,0.00022,0.00000,3.7,0.00004,1,,,,,0.00022,0.00001,3.8,0.00005
4817,1,,,,,0.00022,0.00000,3.7,0.00004,1,,,,,0.00022,0.00000,3.7,0.00004
4818,1,,,,,0.00022,0.00000,3.7,0.00004,1,,,,,0.00022,0.00000,3.7,0.00004
4819,1,,,,,0.00022,0.00000,3.7,0.00004,1,,,,,0.00022,0.00000,3.7,0.00004
4820,1,,,,,0.00022,0.00000,3.7,0.00004,1,,,,,0.00022,0.00001,3.7,0.00005
4821,1,,,,,0.00022,0.00000,3.6,0.00004,1,,,,,0.00022,0.00000,3.7,0.00004
4822,1,,,,,0.00022,0.00001,3.6,0.00004,1,,,,,0.00022,0.00001,3.7,0.00004
4823,1,,,,,0.00022,0.00000,3.6,0.00004,1,,,,,0.00022,0.00000,3.7,0.00004
4824,1,,,,,0.00022,0.00000,3.7,0.00004,1,,,,,0.00022,0.00000,3.6,0.00004
4825,1,,,,,0.00022,0.00001,3.6,0.00004,1,,,,,0.00022,0.00000,3.6,0.00004
4826,1,,,,,0.00022,0.00000,3.6,0.00004,1,,,,,0.00022,0.00000,3.5,0.00004
4827,1,,,,,0.00022,0.00000,3.6,0.00004,1,,,,,0.00022,0.00001,3.6,0.00004
4828,1,,,,,0.00022,0.00001,3.6,0.00004,1,,,,,0.00022,0.00000,3.6,0.00004
4829,1,,,,,0.00022,0.00001,3.6,0.00004,1,,,,,0.00022,0.00000,3.6,0.00004
4830,1,,,,,0.00022,0.00000,3.6,0.00004,1,,,,,0.00022,0.00000,3.5,0.00004
4831,1,,,,,0.00022,0.00000,3.6,0.00004,1,,,,,0.00022,0.00000,3.6,0.00004
4832,1,,,,,0.00022,0.00000,3.6,0.00004,1,,,,,0.00022,0.00000,3.6,0.00004
4833,1,,,,,0.00022,0.00000,3.6,0.00004,1,,,,,0.00022,0.00000,3.5,0.00004
4834,1,,,,,0.00022,0.00000,3.6,0.00004,1,,,,,0.00022,0.00000,3.6,0.00004
4835,1,,,,,0.00022,0.00001,3.6,0.00004,1,,,,,0.00022,0.00000,3.6,0.00004
4836,1,,,,,0.00022,0.00000,3.7,0.00004,1,,,,,0.00022,0.00000,3.6,0.00004
4837,1,,,,,0.00022,0.00001,3.6,0.00004,1,,,,,0.00022,0.00000,3.6,0.00004
4838,1,,,,,0.00022,0.00000,3.7,0.00004,1,,,,,0.00022,0.00000,3.6,0.00004
4839,1,,,,,0.00022,0.00000,3.8,0.00004,1,,,,,0.00022,0.00000,3.6,0.00004
4840,1,,,,,0.00022,0.00001,3.8,0.00004,1,,,,,0.00022,0.00000,3.7,0.00004
4841,1,,,,,0.00022,0.00000,3.7,0.00004,1,,,,,0.00022,0.00001,3.7,0.00004
4842,1,,,,,0.00022,0.00000,3.7,0.00004,1,,,,,0.00022,0.00000,3.7,0.00004
4843,1,,,,,0.00022,0.00000,3.8,0.00004,1,,,,,0.00022,0.00000,3.7,0.00004
4844,1,,,,,0.00022,0.00001,3.8,0.00004,1,,,,,0.00022,0.00000,3.6,0.00004
4845,1,,,,,0.00022,0.00000,3.8,0.00004,1,,,,,0.00022,0.00000,3.6,0.00004
4846,1,,,,,0.00022,0.00000,3.8,0.00004,1,,,,,0.00022,0.00001,3.6,0.00004
4847,1,,,,,0.00022,0.00000,3.8,0.00004,1,,,,,0.00022,0.00000,3.7,0.00004
4848,1,,,,,0.00022,0.00000,3.8,0.00005,1,,,,,0.00022,0.00000,3.7,0.00004
4849,1,,,,,0.00022,0.00001,3.8,0.00005,1,,,,,0.00022,0.00000,3.7,0.00005
4850,1,,,,,0.00022,0.00000,3.8,0.00004,1,,,,,0.00022,0.00000,3.6,0.00004
4851,1,,,,,0.00022,0.00001,3.8,0.00004,1,,,,,0.00022,0.00000,3.7,0.00005
4852,1,,,,,0.00022,0.00001,3.8,0.00004,1,,,,,0.00022,0.00001,3.7,0.00004
4853,1,,,,,0.00022,0.00001,3.8,0.00004,1,,,,,0.00022,0.00001,3.7,0.00005
4854,1,,,,,0.00022,0.00000,3.7,0.00004,1,,,,,0.00022,0.00000,3.7,0.00005
4855,1,,,,,0.00022,0.00000,3.5,0.00004,1,,,,,0.00022,0.00001,3.7,0.00005
4856,1,,,,,0.00022,0.00000,3.6,0.00004,1,,,,,0.00022,0.00001,3.8,0.00005
4857,1,,,,,0.00022,0.00000,3.6,0.00004,1,,,,,0.00022,0.00000,3.7,0.00004
4858,1,,,,,0.00022,0.00000,3.7,0.00004,1,,,,,0.00022,0.00000,3.7,0.00004
4859,1,,,,,0.00022,0.00000,3.6,0.00004,1,,,,,0.00022,0.00000,3.6,0.00004
4860,1,,,,,0.00022,0.00000,3.5,0.00004,1,,,,,0.00022,0.00001,3.5,0.00004
4861,1,,,,,0.00022,0.00000,3.6,0.00004,1,,,,,0.00022,0.00000,3.6,0.00004
4862,1,,,,,0.00022,0.00000,3.6,0.00004,1,,,,,0.00022,0.00000,3.6,0.00005
4863,1,,,,,0.00022,0.00000,3.6,0.00004,1,,,,,0.00022,0.00000,3.6,0.00004
4864,1,,,,,0.00022,0.00000,3.6,0.00004,1,,,,,0.00022,0.00001,3.5,0.00004
4865,1,,,,,0.00022,0.00000,3.6,0.00004,1,,,,,0.00022,0.00001,3.5,0.00004
4866,1,,,,,0.00022,0.00000,3.6,0.00004,1,,,,,0.00022,0.00000,3.5,0.00004
4867,1,,,,,0.00022,0.00000,3.6,0.00004,1,,,,,0.00022,0.00001,3.6,0.00004
4868,1,,,,,0.00022,0.00000,3.6,0.00004,1,,,,,0.00022,0.00000,3.5,0.00004
4869,1,,,,,0.00022,0.00001,3.6,0.00004,1,,,,,0.00022,0.00000,3.5,0.00004
4870,1,,,,,0.00022,0.00000,3.6,0.00005,1,,,,,0.00022,0.00000,3.6,0.00004
4871,1,,,,,0.00022,0.00000,3.6,0.00004,1,,,,,0.00022,0.00000,3.6,0.00004
4872,1,,,,,0.00022,0.00001,3.7,0.00004,1,,,,,0.00022,0.00000,3.5,0.00004
4873,1,,,,,0.00022,0.00000,3.7,0.00004,1,,,,,0.00022,0.00000,3.6,0.00004
4874,1,,,,,0.00022,0.00000,3.8,0.00005,1,,,,,0.00022,0.00000,3.5,0.00004
4875,1,,,,,0.00022,0.00000,3.8,0.00004,1,,,,,0.00022,0.00000,3.6,0.00004
4876,1,,,,,0.00022,0.00000,3.6,0.00004,1,,,,,0.00022,0.00000,3.5,0.00004
4877,1,,,,,0.00022,0.00000,3.6,0.00004,1,,,,,0.00022,0.00000,3.7,0.00004
4878,1,,,,,0.00022,0.00000,3.7,0.00004,1,,,,,0.00022,0.00000,3.7,0.00004
4879,1,,,,,0.00022,0.00001,3.7,0.00004,1,,,,,0.00022,0.00000,3.6,0.00004
4880,1,,,,,0.00022,0.00000,3.7,0.00004,1,,,,,0.00022,0.00000,3.7,0.00005
4881,1,,,,,0.00022,0.00000,3.7,0.00004,1,,,,,0.00022,0.00000,3.7,0.00005
4882,1,,,,,0.00022,0.00000,3.7,0.00004,1,,,,,0.00022,0.00001,3.7,0.00004
4883,1,,,,,0.00022,0.00000,3.8,0.00005,1,,,,,0.00022,0.00000,3.7,0.00005
4884,1,,,,,0.00022,0.00001,3.8,0.00004,1,,,,,0.00022,0.00000,3.7,0.00004
4885,1,,,,,0.00022,0.00000,3.7,0.00004,1,,,,,0.00022,0.00000,3.7,0.00005
4886,1,,,,,0.00022,0.00000,3.8,0.00004,1,,,,,0.00022,0.00000,3.7,0.00004
4887,1,,,,,0.00022,0.00000,3.7,0.00005,1,,,,,0.00022,0.00001,3.7,0.00004
4888,1,,,,,0.00022,0.00000,3.7,0.00004,1,,,,,0.00022,0.00000,3.7,0.00004
4889,1,,,,,0.00022,0.00000,3.8,0.00004,1,,,,,0.00022,0.00000,3.6,0.00004
4890,1,,,,,0.00022,0.00000,3.7,0.00004,1,,,,,0.00022,0.00000,3.7,0.00005
4891,1,,,,,0.00022,0.00000,3.7,0.00004,1,,,,,0.00022,0.00000,3.7,0.00005
4892,1,,,,,0.00022,0.00000,3.7,0.00004,1,,,,,0.00022,0.00000,3.7,0.00005
4893,1,,,,,0.00022,0.00000,3.7,0.00004,1,,,,,0.00022,0.00000,3.7,0.00005
4894,1,,,,,0.00022,0.00000,3.7,0.00005,1,,,,,0.00022,0.00000,3.6,0.00004
4895,1,,,,,0.00022,0.00000,3.6,0.00004,1,,,,,0.00022,0.00000,3.6,0.00004
4896,1,,,,,0.00022,0.00001,3.6,0.00004,1,,,,,0.00022,0.00000,3.6,0.00004
4897,1,,,,,0.00022,0.00001,3.6,0.00004,1,,,,,0.00022,0.00000,3.5,0.00004
4898,1,,,,,0.00022,0.00000,3.5,0.00004,1,,,,,0.00022,0.00000,3.6,0.00004
4899,1,,,,,0.00022,0.00000,3.5,0.00004,1,,,,,0.00022,0.00001,3.5,0.00004
4900,1,,,,,0.00022,0.00000,3.6,0.00004,1,,,,,0.00022,0.00001,3.6,0.00004
4901,1,,,,,0.00022,0.00000,3.5,0.00005,1,,,,,0.00022,0.00001,3.6,0.00004
4902,1,,,,,0.00022,0.00000,3.6,0.00004,1,,,,,0.00022,0.00001,3.5,0.00004
4903,1,,,,,0.00022,0.00000,3.6,0.00004,1,,,,,0.00022,0.00001,3.6,0.00004
4904,1,,,,,0.00022,0.00000,3.6,0.00004,1,,,,,0.00022,0.00001,3.5,0.00004
4905,1,,,,,0.00022,0.00000,3.5,0.00004,1,,,,,0.00022,0.00000,3.6,0.00004
4906,1,,,,,0.00022,0.00000,3.6,0.00004,1,,,,,0.00022,0.00001,3.5,0.00004
4907,1,,,,,0.00022,0.00000,3.6,0.00004,1,,,,,0.00022,0.00001,3.6,0.00004
4908,1,,,,,0.00022,0.00000,3.6,0.00004,1,,,,,0.00022,0.00001,3.5,0.00004
4909,1,,,,,0.00022,0.00000,3.6,0.00004,1,,,,,0.00022,0.00000,3.5,0.00004
4910,1,,,,,0.00022,0.00000,3.5,0.00004,1,,,,,0.00022,0.00000,3.5,0.00004
4911,1,,,,,0.00022,0.00001,3.5,0.00004,1,,,,,0.00022,0.00000,3.6,0.00004
4912,1,,,,,0.00022,0.00000,3.6,0.00004,1,,,,,0.00022,0.00000,3.6,0.00004
4913,1,,,,,0.00022,0.00000,3.6,0.00004,1,,,,,0.00022,0.00000,3.5,0.00004
4914,1,,,,,0.00022,0.00000,3.7,0.00004,1,,,,,0.00022,0.00000,3.6,0.00004
4915,1,,,,,0.00022,0.00001,3.7,0.00004,1,,,,,0.00022,0.00001,3.5,0.00004
4916,1,,,,,0.00022,0.00000,3.7,0.00004,1,,,,,0.00022,0.00000,3.6,0.00004
4917,1,,,,,0.00022,0.00000,3.7,0.00004,1,,,,,0.00022,0.00001,3.6,0.00004
4918,1,,,,,0.00022,0.00000,3.7,0.00004,1,,,,,0.00022,0.00000,3.5,0.00004
4919,1,,,,,0.00022,0.00001,3.7,0.00004,1,,,,,0.00022,0.00000,3.5,0.00004
4920,1,,,,,0.00022,0.00000,3.7,0.00004,1,,,,,0.00022,0.00000,3.7,0.00004
4921,1,,,,,0.00022,0.00000,3.7,0.00004,1,,,,,0.00022,0.00000,3.7,0.00004
4922,1,,,,,0.00022,0.00000,3.7,0.00004,1,,,,,0.00022,0.00001,3.7,0.00004
4923,1,,,,,0.00022,0.00000,3.7,0.00004,1,,,,,0.00022,0.00000,3.7,0.00005
4924,1,,,,,0.00022,0.00000,3.7,0.00004,1,,,,,0.00022,0.00000,3.7,0.00004
4925,1,,,,,0.00022,0.00000,3.7,0.00004,1,,,,,0.00022,0.00001,3.7,0.00005
4926,1,,,,,0.00022,0.00000,3.7,0.00004,1,,,,,0.00022,0.00001,3.8,0.00004
4927,1,,,,,0.00022,0.00000,3.7,0.00004,1,,,,,0.00022,0.00000,3.7,0.00004
4928,1,,,,,0.00022,0.00001,3.8,0.00004,1,,,,,0.00022,0.00000,3.7,0.00005
4929,1,,,,,0.00022,0.00001,3.7,0.00004,1,,,,,0.00022,0.00000,3.7,0.00004
4930,1,,,,,0.00022,0.00000,3.7,0.00004,1,,,,,0.00022,0.00001,3.7,0.00004
4931,1,,,,,0.00022,0.00001,3.7,0.00004,1,,,,,0.00022,0.00001,3.7,0.00004
4932,1,,,,,0.00022,0.00000,3.7,0.00005,1,,,,,0.00022,0.00000,3.7,0.00005
4933,1,,,,,0.00022,0.00001,3.7,0.00004,1,,,,,0.00022,0.00000,3.7,0.00004
4934,1,,,,,0.00022,0.00001,3.5,0.00004,1,,,,,0.00022,0.00001,3.6,0.00004
4935,1,,,,,0.00022,0.00000,3.5,0.00004,1,,,,,0.00022,0.00000,3.5,0.00004
4936,1,,,,,0.00022,0.00000,3.6,0.00004,1,,,,,0.00022,0.00000,3.6,0.00004
4937,1,,,,,0.00022,0.00000,3.5,0.00004,1,,,,,0.00022,0.00000,3.6,0.00004
4938,1,,,,,0.00022,0.00000,3.7,0.00004,1,,,,,0.00022,0.00000,3.7,0.00004
4939,1,,,,,0.00022,0.00000,3.8,0.00004,1,,,,,0.00022,0.00001,3.7,0.00004
4940,1,,,,,0.00022,0.00001,3.7,0.00004,1,,,,,0.00022,0.00000,3.7,0.00004
4941,1,,,,,0.00022,0.00001,3.7,0.00004,1,,,,,0.00022,0.00000,3.6,0.00005
4942,1,,,,,0.00022,0.00000,3.6,0.00004,1,,,,,0.00022,0.00000,3.5,0.00004
4943,1,,,,,0.00022,0.00000,3.6,0.00004,1,,,,,0.00022,0.00000,3.6,0.00004
4944,1,,,,,0.00022,0.00000,3.5,0.00004,1,,,,,0.00022,0.00000,3.6,0.00004
4945,1,,,,,0.00022,0.00000,3.6,0.00004,1,,,,,0.00022,0.00000,3.6,0.00004
4946,1,,,,,0.00022,0.00000,3.7,0.00004,1,,,,,0.00022,0.00000,3.7,0.00004
4947,1,,,,,0.00022,0.00000,3.7,0.00004,1,,,,,0.00022,0.00001,3.7,0.00004
4948,1,,,,,0.00022,0.00001,3.7,0.00005,1,,,,,0.00022,0.00000,3.7,0.00004
4949,1,,,,,0.00022,0.00000,3.7,0.00005,1,,,,,0.00022,0.00000,3.8,0.00004
4950,1,,,,,0.00022,0.00000,3.8,0.00004,1,,,,,0.00022,0.00001,3.7,0.00004
4951,1,,,,,0.00022,0.00000,3.7,0.00004,1,,,,,0.00022,0.00001,3.6,0.00004
4952,1,,,,,0.00022,0.00000,3.7,0.00004,1,,,,,0.00022,0.00000,3.5,0.00004
4953,1,,,,,0.00022,0.00000,3.7,0.00004,1,,,,,0.00022,0.00000,3.8,0.00005
4954,1,,,,,0.00022,0.00000,3.7,0.00004,1,,,,,0.00022,0.00000,3.8,0.00004
4955,1,,,,,0.00022,0.00000,3.7,0.00004,1,,,,,0.00022,0.00000,3.7,0.00004
4956,1,,,,,0.00022,0.00000,3.7,0.00005,1,,,,,0.00022,0.00001,3.7,0.00005
4957,1,,,,,0.00022,0.00000,3.7,0.00004,1,,,,,0.00022,0.00000,3.7,0.00004
4958,1,,,,,0.00022,0.00001,3.7,0.00005,1,,,,,0.00022,0.00000,3.7,0.00005
4959,1,,,,,0.00022,0.00000,3.8,0.00005,1,,,,,0.00022,0.00000,3.7,0.00004
4960,1,,,,,0.00022,0.00000,3.7,0.00004,1,,,,,0.00022,0.00000,3.7,0.00004
4961,1,,,,,0.00022,0.00000,3.7,0.00005,1,,,,,0.00022,0.00000,3.7,0.00004
4962,1,,,,,0.00022,0.00000,3.8,0.00004,1,,,,,0.00022,0.00000,3.7,0.00004
4963,1,,,,,0.00022,0.00000,3.7,0.00004,1,,,,,0.00022,0.00000,3.8,0.00005
4964,1,,,,,0.00022,0.00000,3.7,0.00005,1,,,,,0.00022,0.00001,3.7,0.00004
4965,1,,,,,0.00022,0.00000,3.7,0.00004,1,,,,,0.00022,0.00000,3.7,0.00005
4966,1,,,,,0.00022,0.00000,3.7,0.00004,1,,,,,0.00022,0.00001,3.7,0.00004
4967,1,,,,,0.00022,0.00000,3.7,0.00004,1,,,,,0.00022,0.00000,3.7,0.00004
4968,1,,,,,0.00022,0.00000,3.7,0.00004,1,,,,,0.00022,0.00000,3.7,0.00005
4969,1,,,,,0.00022,0.00000,3.7,0.00004,1,,,,,0.00022,0.00000,3.7,0.00004
4970,1,,,,,0.00022,0.00001,3.6,0.00004,1,,,,,0.00022,0.00000,3.6,0.00004
4971,1,,,,,0.00022,0.00000,3.6,0.00004,1,,,,,0.00022,0.00000,3.5,0.00004
4972,1,,,,,0.00022,0.00000,3.6,0.00004,1,,,,,0.00022,0.00000,3.6,0.00004
4973,1,,,,,0.00022,0.00000,3.5,0.00004,1,,,,,0.00022,0.00000,3.6,0.00004
4974,1,,,,,0.00022,0.00000,3.6,0.00004,1,,,,,0.00022,0.00000,3.6,0.00004
4975,1,,,,,0.00022,0.00001,3.5,0.00004,1,,,,,0.00022,0.00000,3.6,0.00004
4976,1,,,,,0.00022,0.00001,3.5,0.00004,1,,,,,0.00022,0.00001,3.6,0.00005
4977,1,,,,,0.00022,0.00000,3.5,0.00004,1,,,,,0.00022,0.00000,3.6,0.00004
4978,1,,,,,0.00022,0.00001,3.6,0.00004,1,,,,,0.00022,0.00000,3.6,0.00004
4979,1,,,,,0.00022,0.00000,3.6,0.00004,1,,,,,0.00022,0.00000,3.6,0.00004
4980,1,,,,,0.00022,0.00000,3.6,0.00004,1,,,,,0.00022,0.00001,3.6,0.00004
4981,1,,,,,0.00022,0.00000,3.6,0.00004,1,,,,,0.00022,0.00000,3.6,0.00004
4982,1,,,,,0.00022,0.00000,3.6,0.00004,1,,,,,0.00022,0.00000,3.6,0.00004
4983,1,,,,,0.00022,0.00001,3.6,0.00004,1,,,,,0.00022,0.00000,3.5,0.00004
4984,1,,,,,0.00022,0.00000,3.6,0.00004,1,,,,,0.00022,0.00001,3.6,0.00004
4985,1,,,,,0.00022,0.00000,3.5,0.00004,1,,,,,0.00022,0.00001,3.6,0.00004
4986,1,,,,,0.00022,0.00000,3.5,0.00004,1,,,,,0.00022,0.00001,3.6,0.00004
4987,1,,,,,0.00022,0.00000,3.5,0.00004,1,,,,,0.00022,0.00000,3.6,0.00004
4988,1,,,,,0.00022,0.00000,3.6,0.00004,1,,,,,0.00022,0.00000,3.5,0.00004
4989,1,,,,,0.00022,0.00000,3.6,0.00004,1,,,,,0.00022,0.00000,3.6,0.00004
4990,1,,,,,0.00022,0.00000,3.6,0.00004,1,,,,,0.00022,0.00000,3.7,0.00004
4991,1,,,,,0.00022,0.00000,3.6,0.00004,1,,,,,0.00022,0.00000,3.6,0.00004
4992,1,,,,,0.00022,0.00000,3.6,0.00004,1,,,,,0.00022,0.00000,3.6,0.00004
4993,1,,,,,0.00022,0.00000,3.6,0.00004,1,,,,,0.00022,0.00000,3.6,0.00004
4994,1,,,,,0.00022,0.00000,3.6,0.00004,1,,,,,0.00022,0.00000,3.6,0.00004
4995,1,,,,,0.00022,0.00001,3.7,0.00004,1,,,,,0.00022,0.00000,3.6,0.00004
4996,1,,,,,0.00022,0.00001,3.5,0.00004,1,,,,,0.00022,0.00000,3.6,0.00004
4997,1,,,,,0.00022,0.00000,3.5,0.00004,1,,,,,0.00022,0.00000,3.7,0.00004
4998,1,,,,,0.00022,0.00000,3.5,0.00004,1,,,,,0.00022,0.00001,3.6,0.00004
4999,1,,,,,0.00022,0.00000,3.7,0.00004,1,,,,,0.00022,0.00000,3.7,0.00004
