frame,fp8_diverged,fp8_text_l2,fp8_text_maxabs,fp8_audio_l2,fp8_audio_maxabs,fp8_rms,fp8_click,fp8_centroid_hz,fp8_flatness,w8a16_diverged,w8a16_text_l2,w8a16_text_maxabs,w8a16_audio_l2,w8a16_audio_maxabs,w8a16_rms,w8a16_click,w8a16_centroid_hz,w8a16_flatness
0,,,,,,,,,,,,,,,,,,
1,,,,,,,,,,,,,,,,,,
2,1,55.5987,1.4531,139.8085,5.7500,0.00072,0.01130,103.2,0.00094,1,73.9631,1.3750,279.7880,14.5859,0.00071,0.01130,79.8,0.00075
3,1,,,,,0.00022,0.00000,3.9,0.00009,1,,,,,0.00022,0.00000,4.1,0.00009
4,1,,,,,0.00022,0.00000,20.8,0.00121,1,,,,,0.00022,0.00000,21.0,0.00128
5,1,,,,,0.00022,0.00000,9.9,0.00055,1,,,,,0.00022,0.00000,10.0,0.00054
6,1,,,,,0.00022,0.00000,9.0,0.00050,1,,,,,0.00022,0.00000,3.2,0.00005
7,1,,,,,0.00022,0.00000,3.1,0.00005,1,,,,,0.00022,0.00000,3.1,0.00004
8,1,,,,,0.00100,0.00000,814.8,0.00167,1,,,,,0.00022,0.00000,3.2,0.00004
9,1,,,,,0.05792,0.00075,832.0,0.00003,1,,,,,0.00022,0.00000,3.1,0.00004
10,1,,,,,0.08165,0.03384,505.9,0.00003,1,,,,,0.00022,0.00000,3.2,0.00004
11,1,,,,,0.03433,0.00390,266.7,0.00000,1,,,,,0.00022,0.00000,3.1,0.00004
12,1,,,,,0.05136,0.00218,554.2,0.00007,1,,,,,0.04142,0.00000,542.8,0.00002
13,1,,,,,0.04729,0.00577,906.3,0.00003,1,,,,,0.08931,0.00780,502.9,0.00002
14,1,,,,,0.02902,0.00340,798.0,0.00001,1,,,,,0.10930,0.03683,514.3,0.00003
15,1,,,,,0.00948,0.01027,438.6,0.00002,1,,,,,0.06538,0.00643,450.0,0.00001
16,1,,,,,0.00050,0.00061,316.8,0.00024,1,,,,,0.01462,0.00186,271.6,0.00000
17,1,,,,,0.00059,0.00000,277.4,0.00164,1,,,,,0.00901,0.00067,303.6,0.00002
18,1,,,,,0.05626,0.00137,726.0,0.00002,1,,,,,0.01659,0.00023,367.4,0.00014
19,1,,,,,0.03769,0.03745,461.7,0.00000,1,,,,,0.02870,0.00258,380.8,0.00001
20,1,,,,,0.04178,0.00011,489.6,0.00001,1,,,,,0.02912,0.00223,307.3,0.00000
21,1,,,,,0.06373,0.00123,388.8,0.00000,1,,,,,0.01849,0.00680,401.7,0.00189
22,1,,,,,0.06953,0.00842,439.4,0.00007,1,,,,,0.05009,0.00040,478.1,0.00001
23,1,,,,,0.05003,0.00116,348.4,0.00002,1,,,,,0.04823,0.00214,439.0,0.00001
24,1,,,,,0.08717,0.01222,566.9,0.00000,1,,,,,0.01623,0.00152,234.2,0.00011
25,1,,,,,0.00415,0.00249,225.4,0.00039,1,,,,,0.02493,0.00095,398.4,0.00000
26,1,,,,,0.02025,0.00001,256.3,0.00001,1,,,,,0.02548,0.00120,374.9,0.00000
27,1,,,,,0.02112,0.00331,341.0,0.00001,1,,,,,0.00997,0.00113,200.5,0.00002
28,1,,,,,0.00616,0.00011,233.0,0.00000,1,,,,,0.02252,0.00010,474.6,0.00001
29,1,,,,,0.00129,0.00004,189.5,0.00009,1,,,,,0.02382,0.01762,430.3,0.00000
30,1,,,,,0.00022,0.00000,3.9,0.00011,1,,,,,0.03097,0.00004,463.8,0.00001
31,1,,,,,0.00022,0.00000,3.1,0.00005,1,,,,,0.03466,0.00139,488.8,0.00002
32,1,,,,,0.00022,0.00000,3.0,0.00004,1,,,,,0.01870,0.01197,356.4,0.00032
33,1,,,,,0.00022,0.00000,3.1,0.00004,1,,,,,0.03426,0.00022,523.3,0.00000
34,1,,,,,0.00022,0.00001,3.1,0.00004,1,,,,,0.00062,0.00015,259.0,0.00198
35,1,,,,,0.00022,0.00000,3.0,0.00003,1,,,,,0.01255,0.00020,318.3,0.00002
36,1,,,,,0.00022,0.00000,3.1,0.00004,1,,,,,0.01334,0.00088,325.6,0.00001
37,1,,,,,0.00022,0.00000,3.1,0.00004,1,,,,,0.00150,0.00048,267.0,0.00023
38,1,,,,,0.00022,0.00000,3.0,0.00004,1,,,,,0.00022,0.00000,3.0,0.00004
39,1,,,,,0.00022,0.00000,3.0,0.00004,1,,,,,0.00022,0.00000,3.1,0.00004
40,1,,,,,0.00022,0.00000,3.1,0.00004,1,,,,,0.00022,0.00000,3.2,0.00004
41,1,,,,,0.00022,0.00000,3.0,0.00004,1,,,,,0.00022,0.00000,3.1,0.00004
42,1,,,,,0.00022,0.00000,3.1,0.00004,1,,,,,0.00022,0.00000,3.1,0.00004
43,1,,,,,0.00022,0.00000,3.0,0.00003,1,,,,,0.00022,0.00000,3.0,0.00003
44,1,,,,,0.00022,0.00000,3.1,0.00004,1,,,,,0.00022,0.00000,3.1,0.00004
45,1,,,,,0.00022,0.00000,3.1,0.00004,1,,,,,0.00022,0.00001,3.1,0.00004
46,1,,,,,0.00022,0.00000,3.1,0.00004,1,,,,,0.00022,0.00000,3.1,0.00004
47,1,,,,,0.00022,0.00000,3.0,0.00003,1,,,,,0.00022,0.00000,3.0,0.00004
48,1,,,,,0.00022,0.00000,3.1,0.00004,1,,,,,0.00022,0.00000,3.1,0.00004
49,1,,,,,0.00022,0.00000,3.1,0.00004,1,,,,,0.00022,0.00000,3.1,0.00004
50,1,,,,,0.00022,0.00000,3.1,0.00004,1,,,,,0.00022,0.00000,3.2,0.00004
51,1,,,,,0.00022,0.00000,3.1,0.00004,1,,,,,0.00022,0.00000,3.1,0.00004
52,1,,,,,0.00022,0.00000,3.1,0.00004,1,,,,,0.00022,0.00000,3.1,0.00004
53,1,,,,,0.00022,0.00000,3.0,0.00004,1,,,,,0.00022,0.00000,3.1,0.00004
54,1,,,,,0.00022,0.00000,3.1,0.00004,1,,,,,0.00022,0.00000,3.1,0.00004
55,1,,,,,0.00022,0.00000,3.1,0.00004,1,,,,,0.00022,0.00000,3.1,0.00003
56,1,,,,,0.00022,0.00001,3.1,0.00004,1,,,,,0.00022,0.00000,3.1,0.00004
57,1,,,,,0.00022,0.00000,3.1,0.00003,1,,,,,0.00022,0.00000,3.1,0.00004
58,1,,,,,0.00022,0.00000,3.1,0.00004,1,,,,,0.00022,0.00001,3.1,0.00003
59,1,,,,,0.00022,0.00001,3.0,0.00004,1,,,,,0.00022,0.00000,3.1,0.00004
60,1,,,,,0.00022,0.00000,3.1,0.00004,1,,,,,0.00022,0.00000,3.1,0.00004
61,1,,,,,0.00022,0.00000,3.1,0.00004,1,,,,,0.00022,0.00000,3.1,0.00004
62,1,,,,,0.00022,0.00000,3.2,0.00004,1,,,,,0.05864,0.00000,528.4,0.00000
63,1,,,,,0.00022,0.00000,3.1,0.00004,1,,,,,0.01051,0.00042,455.1,0.00171
64,1,,,,,0.00022,0.00000,3.2,0.00004,1,,,,,0.05997,0.00062,526.6,0.00001
65,1,,,,,0.00022,0.00000,3.1,0.00004,1,,,,,0.03002,0.01035,445.4,0.00004
66,1,,,,,0.00022,0.00000,3.2,0.00004,1,,,,,0.00299,0.00069,153.4,0.00005
67,1,,,,,0.00022,0.00000,3.1,0.00004,1,,,,,0.00396,0.00000,152.6,0.00003
68,1,,,,,0.00022,0.00000,3.2,0.00004,1,,,,,0.03569,0.00012,319.1,0.00000
69,1,,,,,0.00022,0.00000,3.1,0.00004,1,,,,,0.06007,0.00065,496.5,0.00000
70,1,,,,,0.00022,0.00000,3.2,0.00004,1,,,,,0.00079,0.00032,471.5,0.00037
71,1,,,,,0.00022,0.00000,3.1,0.00004,1,,,,,0.13514,0.00002,670.0,0.00000
72,1,,,,,0.00022,0.00000,3.2,0.00004,1,,,,,0.12030,0.02743,695.6,0.00000
73,1,,,,,0.00022,0.00000,3.1,0.00004,1,,,,,0.04358,0.00027,414.9,0.00000
74,1,,,,,0.00022,0.00000,3.1,0.00004,1,,,,,0.03168,0.00469,480.4,0.00000
75,1,,,,,0.00022,0.00000,3.0,0.00004,1,,,,,0.00441,0.00021,153.9,0.00000
76,1,,,,,0.00022,0.00000,3.1,0.00004,1,,,,,0.00021,0.00001,3.2,0.00005
77,1,,,,,0.00022,0.00000,3.1,0.00004,1,,,,,0.00312,0.00000,5447.7,0.02532
78,1,,,,,0.00022,0.00000,3.1,0.00003,1,,,,,0.00715,0.00462,5592.7,0.03039
79,1,,,,,0.00022,0.00000,3.1,0.00004,1,,,,,0.05962,0.00116,476.8,0.00000
80,1,,,,,0.00022,0.00001,3.1,0.00004,1,,,,,0.03920,0.00388,394.7,0.00000
81,1,,,,,0.00022,0.00000,3.1,0.00004,1,,,,,0.05206,0.00524,440.9,0.00000
82,1,,,,,0.00022,0.00000,3.1,0.00003,1,,,,,0.00927,0.00003,2816.0,0.04677
83,1,,,,,0.00022,0.00001,3.1,0.00004,1,,,,,0.02685,0.00072,310.0,0.00002
84,1,,,,,0.00022,0.00000,3.1,0.00004,1,,,,,0.04033,0.00010,439.8,0.00004
85,1,,,,,0.00022,0.00001,3.1,0.00004,1,,,,,0.05017,0.00030,491.7,0.00003
86,1,,,,,0.00022,0.00000,3.1,0.00004,1,,,,,0.00727,0.00002,334.7,0.00003
87,1,,,,,0.00022,0.00000,3.1,0.00004,1,,,,,0.00175,0.00002,2152.1,0.00127
88,1,,,,,0.00022,0.00000,3.1,0.00004,1,,,,,0.00021,0.00002,3.4,0.00006
89,1,,,,,0.00022,0.00000,3.1,0.00004,1,,,,,0.00022,0.00000,3.1,0.00004
90,1,,,,,0.00022,0.00000,3.1,0.00004,1,,,,,0.00022,0.00000,3.1,0.00004
91,1,,,,,0.00022,0.00000,3.1,0.00004,1,,,,,0.00022,0.00000,3.1,0.00004
92,1,,,,,0.00022,0.00000,3.1,0.00004,1,,,,,0.00022,0.00000,3.2,0.00004
93,1,,,,,0.00022,0.00000,3.1,0.00004,1,,,,,0.00022,0.00000,3.2,0.00004
94,1,,,,,0.00022,0.00000,3.2,0.00004,1,,,,,0.00022,0.00000,3.2,0.00004
95,1,,,,,0.00022,0.00000,3.1,0.00003,1,,,,,0.00022,0.00000,3.1,0.00004
96,1,,,,,0.00022,0.00000,3.1,0.00004,1,,,,,0.00022,0.00000,3.2,0.00004
97,1,,,,,0.00022,0.00000,3.1,0.00004,1,,,,,0.00022,0.00001,3.1,0.00004
98,1,,,,,0.00022,0.00000,3.2,0.00004,1,,,,,0.00022,0.00000,3.1,0.00004
99,1,,,,,0.00022,0.00000,3.1,0.00004,1,,,,,0.00022,0.00000,3.1,0.00003
100,1,,,,,0.00022,0.00000,3.1,0.00004,1,,,,,0.00022,0.00000,3.2,0.00004
101,1,,,,,0.00022,0.00000,3.1,0.00004,1,,,,,0.00023,0.00000,3.1,0.00004
102,1,,,,,0.00022,0.00000,3.1,0.00004,1,,,,,0.01563,0.00001,2184.4,0.09032
103,1,,,,,0.00022,0.00001,3.1,0.00004,1,,,,,0.08307,0.00035,420.8,0.00000
104,1,,,,,0.00022,0.00000,3.1,0.00004,1,,,,,0.11056,0.00708,501.6,0.00000
105,1,,,,,0.00022,0.00000,3.1,0.00004,1,,,,,0.03878,0.00119,485.8,0.00000
106,1,,,,,0.00022,0.00000,3.2,0.00004,1,,,,,0.09892,0.00619,477.8,0.00000
107,1,,,,,0.00022,0.00000,3.1,0.00004,1,,,,,0.06987,0.00897,425.2,0.00001
108,1,,,,,0.00022,0.00000,3.1,0.00004,1,,,,,0.05004,0.00011,542.1,0.00002
109,1,,,,,0.00022,0.00001,3.1,0.00004,1,,,,,0.03089,0.00521,335.5,0.00000
110,1,,,,,0.00022,0.00000,3.2,0.00004,1,,,,,0.02963,0.00011,307.4,0.00001
111,1,,,,,0.00022,0.00000,3.1,0.00004,1,,,,,0.05456,0.00270,450.0,0.00000
112,1,,,,,0.00022,0.00001,3.1,0.00004,1,,,,,0.02711,0.00016,407.5,0.00000
113,1,,,,,0.00022,0.00000,3.0,0.00004,1,,,,,0.02870,0.01018,453.7,0.00001
114,1,,,,,0.00022,0.00000,3.2,0.00004,1,,,,,0.02888,0.00035,390.3,0.00000
115,1,,,,,0.00022,0.00000,3.1,0.00004,1,,,,,0.00201,0.00151,122.4,0.00032
116,1,,,,,0.00022,0.00000,3.1,0.00004,1,,,,,0.01169,0.00001,466.5,0.00002
117,1,,,,,0.00022,0.00000,3.1,0.00003,1,,,,,0.00800,0.00076,415.8,0.00001
118,1,,,,,0.00022,0.00000,3.1,0.00004,1,,,,,0.00387,0.00013,224.4,0.00001
119,1,,,,,0.00022,0.00000,3.1,0.00004,1,,,,,0.00223,0.00002,177.9,0.00001
120,1,,,,,0.00022,0.00001,3.1,0.00004,1,,,,,0.00021,0.00001,3.1,0.00004
121,1,,,,,0.00022,0.00000,3.1,0.00004,1,,,,,0.00022,0.00000,3.2,0.00004
122,1,,,,,0.00022,0.00000,3.2,0.00004,1,,,,,0.00022,0.00000,3.2,0.00004
123,1,,,,,0.00022,0.00000,3.1,0.00004,1,,,,,0.00022,0.00000,3.1,0.00004
124,1,,,,,0.00022,0.00000,3.1,0.00004,1,,,,,0.00022,0.00000,3.2,0.00005
125,1,,,,,0.00022,0.00000,3.1,0.00004,1,,,,,0.00022,0.00000,3.1,0.00004
126,1,,,,,0.00022,0.00000,3.1,0.00004,1,,,,,0.00022,0.00000,3.1,0.00004
127,1,,,,,0.00022,0.00001,3.1,0.00004,1,,,,,0.00022,0.00000,3.1,0.00004
128,1,,,,,0.00022,0.00000,3.1,0.00004,1,,,,,0.00022,0.00000,3.1,0.00004
129,1,,,,,0.00022,0.00000,3.1,0.00004,1,,,,,0.00022,0.00000,3.1,0.00004
130,1,,,,,0.00022,0.00000,3.2,0.00004,1,,,,,0.00022,0.00000,3.2,0.00004
131,1,,,,,0.00022,0.00001,3.1,0.00004,1,,,,,0.00022,0.00000,3.1,0.00004
132,1,,,,,0.00022,0.00000,3.1,0.00003,1,,,,,0.00022,0.00000,3.1,0.00004
133,1,,,,,0.00022,0.00000,3.1,0.00003,1,,,,,0.00022,0.00000,3.1,0.00003
134,1,,,,,0.00022,0.00000,3.1,0.00004,1,,,,,0.00022,0.00000,3.1,0.00004
135,1,,,,,0.00022,0.00000,3.2,0.00004,1,,,,,0.00022,0.00000,3.1,0.00004
136,1,,,,,0.00022,0.00000,3.2,0.00004,1,,,,,0.00022,0.00000,3.1,0.00004
137,1,,,,,0.00022,0.00000,3.2,0.00004,1,,,,,0.00022,0.00000,3.1,0.00004
138,1,,,,,0.00022,0.00000,3.2,0.00004,1,,,,,0.00022,0.00000,3.2,0.00004
139,1,,,,,0.00022,0.00000,3.1,0.00004,1,,,,,0.00022,0.00000,3.1,0.00004
140,1,,,,,0.00022,0.00001,3.2,0.00004,1,,,,,0.00022,0.00000,4.2,0.00012
141,1,,,,,0.00022,0.00000,3.1,0.00004,1,,,,,0.09405,0.00002,462.4,0.00000
142,1,,,,,0.00022,0.00000,3.2,0.00004,1,,,,,0.00314,0.00059,8444.6,0.16379
143,1,,,,,0.00022,0.00000,3.2,0.00004,1,,,,,0.16528,0.02318,583.9,0.00005
144,1,,,,,0.00022,0.00000,3.2,0.00004,1,,,,,0.07146,0.02150,395.0,0.00002
145,1,,,,,0.00022,0.00000,3.1,0.00004,1,,,,,0.06123,0.00011,433.9,0.00002
146,1,,,,,0.00022,0.00000,3.1,0.00004,1,,,,,0.13678,0.01768,608.0,0.00002
147,1,,,,,0.00022,0.00000,3.1,0.00004,1,,,,,0.00355,0.00341,2245.2,0.05058
148,1,,,,,0.00022,0.00000,3.2,0.00004,1,,,,,0.00263,0.00233,8430.0,0.17642
149,1,,,,,0.00022,0.00000,3.3,0.00004,1,,,,,0.07755,0.00075,402.4,0.00001
150,1,,,,,0.00022,0.00000,3.3,0.00004,1,,,,,0.08183,0.01292,393.7,0.00000
151,1,,,,,0.00022,0.00000,3.4,0.00004,1,,,,,0.06340,0.00490,392.6,0.00000
152,1,,,,,0.00022,0.00000,3.5,0.00004,1,,,,,0.05724,0.00090,381.2,0.00000
153,1,,,,,0.00022,0.00000,3.5,0.00004,1,,,,,0.04340,0.00028,298.6,0.00000
154,1,,,,,0.00022,0.00000,3.5,0.00004,1,,,,,0.05627,0.00788,363.6,0.00000
155,1,,,,,0.00022,0.00000,3.4,0.00004,1,,,,,0.01808,0.00350,214.4,0.00001
156,1,,,,,0.00022,0.00000,3.5,0.00004,1,,,,,0.03505,0.00025,297.9,0.00000
157,1,,,,,0.00022,0.00000,3.4,0.00004,1,,,,,0.02014,0.00406,366.6,0.00000
158,1,,,,,0.00022,0.00000,3.5,0.00004,1,,,,,0.02409,0.00554,372.4,0.00000
159,1,,,,,0.00022,0.00000,3.4,0.00004,1,,,,,0.02750,0.00005,311.6,0.00000
160,1,,,,,0.00022,0.00000,3.5,0.00004,1,,,,,0.00313,0.00018,2320.3,0.01790
161,1,,,,,0.00022,0.00000,3.5,0.00004,1,,,,,0.05101,0.00304,426.8,0.00001
162,1,,,,,0.00022,0.00001,3.5,0.00004,1,,,,,0.08360,0.00204,510.3,0.00000
163,1,,,,,0.00022,0.00000,3.4,0.00004,1,,,,,0.01183,0.00426,237.6,0.00001
164,1,,,,,0.00022,0.00000,3.5,0.00004,1,,,,,0.03640,0.00001,435.9,0.00009
165,1,,,,,0.00022,0.00000,3.5,0.00004,1,,,,,0.02023,0.00977,205.2,0.00022
166,1,,,,,0.00022,0.00000,3.5,0.00004,1,,,,,0.08288,0.00833,561.6,0.00000
167,1,,,,,0.00022,0.00000,3.5,0.00004,1,,,,,0.01933,0.00683,3138.6,0.05036
168,1,,,,,0.00022,0.00000,3.5,0.00004,1,,,,,0.01956,0.00026,449.6,0.00247
169,1,,,,,0.00022,0.00000,3.5,0.00004,1,,,,,0.02220,0.00094,257.5,0.00000
170,1,,,,,0.00022,0.00001,3.5,0.00004,1,,,,,0.02705,0.00005,368.3,0.00007
171,1,,,,,0.00022,0.00000,3.5,0.00004,1,,,,,0.02906,0.00191,307.1,0.00000
172,1,,,,,0.00022,0.00001,3.5,0.00004,1,,,,,0.01466,0.00166,453.8,0.00001
173,1,,,,,0.00023,0.00000,3.5,0.00004,1,,,,,0.00367,0.00003,7666.2,0.04963
174,1,,,,,0.00022,0.00000,3.5,0.00004,1,,,,,0.02491,0.00253,336.0,0.00009
175,1,,,,,0.00022,0.00000,3.6,0.00004,1,,,,,0.01993,0.00199,297.9,0.00000
176,1,,,,,0.00022,0.00001,3.6,0.00004,1,,,,,0.01597,0.00008,403.0,0.00021
177,1,,,,,0.00022,0.00000,3.5,0.00004,1,,,,,0.02163,0.00113,564.0,0.00001
178,1,,,,,0.00022,0.00001,3.6,0.00005,1,,,,,0.00584,0.00003,380.5,0.00001
179,1,,,,,0.00022,0.00000,3.6,0.00004,1,,,,,0.00073,0.00000,2451.3,0.00853
180,1,,,,,0.00022,0.00000,3.7,0.00004,1,,,,,0.02757,0.00044,450.6,0.00001
181,1,,,,,0.00022,0.00000,3.6,0.00004,1,,,,,0.04760,0.00253,553.3,0.00000
182,1,,,,,0.00022,0.00000,3.6,0.00004,1,,,,,0.02107,0.00234,434.1,0.00000
183,1,,,,,0.00022,0.00000,3.6,0.00004,1,,,,,0.00452,0.00000,2101.1,0.00559
184,1,,,,,0.00022,0.00000,3.6,0.00004,1,,,,,0.01200,0.00190,500.0,0.00000
185,1,,,,,0.00022,0.00001,3.6,0.00004,1,,,,,0.00289,0.00035,439.6,0.00003
186,1,,,,,0.00022,0.00000,3.6,0.00004,1,,,,,0.00021,0.00005,3.7,0.00006
187,1,,,,,0.00022,0.00000,3.6,0.00004,1,,,,,0.00022,0.00001,3.2,0.00004
188,1,,,,,0.00022,0.00000,3.6,0.00004,1,,,,,0.00022,0.00000,3.2,0.00004
189,1,,,,,0.00022,0.00000,3.6,0.00004,1,,,,,0.00022,0.00000,3.1,0.00004
190,1,,,,,0.00022,0.00000,3.6,0.00004,1,,,,,0.00022,0.00001,3.1,0.00004
191,1,,,,,0.00022,0.00000,3.6,0.00004,1,,,,,0.00022,0.00000,3.1,0.00004
192,1,,,,,0.00022,0.00000,3.7,0.00005,1,,,,,0.00022,0.00000,3.2,0.00004
193,1,,,,,0.00022,0.00000,3.6,0.00004,1,,,,,0.00022,0.00000,3.2,0.00004
194,1,,,,,0.00022,0.00000,3.7,0.00004,1,,,,,0.00022,0.00000,3.2,0.00004
195,1,,,,,0.00022,0.00000,3.6,0.00004,1,,,,,0.00022,0.00000,3.1,0.00004
196,1,,,,,0.00022,0.00001,3.6,0.00004,1,,,,,0.00022,0.00000,3.1,0.00004
197,1,,,,,0.00022,0.00000,3.6,0.00004,1,,,,,0.00022,0.00000,3.1,0.00004
198,1,,,,,0.00022,0.00000,3.6,0.00004,1,,,,,0.00022,0.00000,3.1,0.00004
199,1,,,,,0.00022,0.00001,3.6,0.00004,1,,,,,0.00022,0.00000,3.1,0.00003
200,1,,,,,0.00022,0.00000,3.6,0.00004,1,,,,,0.00022,0.00000,3.1,0.00004
201,1,,,,,0.00022,0.00000,3.5,0.00004,1,,,,,0.00022,0.00000,3.1,0.00003
202,1,,,,,0.00022,0.00000,3.6,0.00004,1,,,,,0.00022,0.00000,3.1,0.00004
203,1,,,,,0.00022,0.00000,3.6,0.00004,1,,,,,0.00022,0.00000,3.1,0.00004
204,1,,,,,0.00022,0.00000,3.6,0.00004,1,,,,,0.00022,0.00000,3.1,0.00004
205,1,,,,,0.00022,0.00000,3.5,0.00004,1,,,,,0.00022,0.00000,3.2,0.00004
206,1,,,,,0.00022,0.00000,3.5,0.00004,1,,,,,0.00022,0.00000,3.1,0.00004
207,1,,,,,0.00022,0.00000,3.5,0.00004,1,,,,,0.00022,0.00000,3.1,0.00004
208,1,,,,,0.00022,0.00000,3.6,0.00004,1,,,,,0.00022,0.00001,3.2,0.00004
209,1,,,,,0.00022,0.00000,3.6,0.00004,1,,,,,0.00022,0.00000,3.1,0.00004
210,1,,,,,0.00022,0.00000,3.6,0.00004,1,,,,,0.00022,0.00000,3.1,0.00004
211,1,,,,,0.00022,0.00000,3.5,0.00004,1,,,,,0.04977,0.00000,389.8,0.00004
212,1,,,,,0.00022,0.00000,3.6,0.00004,1,,,,,0.13823,0.01768,619.1,0.00005
213,1,,,,,0.00022,0.00000,3.6,0.00004,1,,,,,0.08048,0.01585,606.8,0.00008
214,1,,,,,0.00022,0.00000,3.7,0.00004,1,,,,,0.03850,0.00470,409.5,0.00001
215,1,,,,,0.00022,0.00000,3.6,0.00004,1,,,,,0.05713,0.00085,386.7,0.00000
216,1,,,,,0.00022,0.00000,3.7,0.00004,1,,,,,0.06423,0.00240,403.7,0.00000
217,1,,,,,0.00022,0.00000,3.6,0.00004,1,,,,,0.07091,0.00139,331.4,0.00001
218,1,,,,,0.00022,0.00000,3.7,0.00004,1,,,,,0.07569,0.00046,400.6,0.00002
219,1,,,,,0.00022,0.00000,3.6,0.00004,1,,,,,0.04593,0.00091,337.4,0.00006
220,1,,,,,0.00022,0.00001,3.6,0.00004,1,,,,,0.06395,0.00489,599.2,0.00003
221,1,,,,,0.00022,0.00000,3.7,0.00004,1,,,,,0.08065,0.00485,464.9,0.00000
222,1,,,,,0.00022,0.00001,3.7,0.00005,1,,,,,0.00739,0.00089,1358.6,0.03524
223,1,,,,,0.00022,0.00000,3.7,0.00004,1,,,,,0.04757,0.00079,469.9,0.00001
224,1,,,,,0.00022,0.00000,3.7,0.00004,1,,,,,0.04882,0.00841,358.1,0.00000
225,1,,,,,0.00022,0.00000,3.7,0.00004,1,,,,,0.06766,0.00227,505.4,0.00000
226,1,,,,,0.00022,0.00001,3.6,0.00004,1,,,,,0.06025,0.00025,513.3,0.00000
227,1,,,,,0.00022,0.00001,3.6,0.00004,1,,,,,0.06562,0.01670,728.0,0.00001
228,1,,,,,0.00022,0.00000,3.6,0.00004,1,,,,,0.04185,0.01037,399.0,0.00001
229,1,,,,,0.00022,0.00000,3.7,0.00004,1,,,,,0.03911,0.01552,418.0,0.00000
230,1,,,,,0.00022,0.00000,3.7,0.00004,1,,,,,0.03707,0.00026,453.6,0.00000
231,1,,,,,0.00022,0.00000,3.7,0.00004,1,,,,,0.00763,0.00044,5469.9,0.03597
232,1,,,,,0.00022,0.00000,3.6,0.00004,1,,,,,0.03406,0.00027,420.6,0.00000
233,1,,,,,0.00022,0.00001,3.6,0.00004,1,,,,,0.01133,0.00075,269.9,0.00009
234,1,,,,,0.00022,0.00000,3.7,0.00004,1,,,,,0.02525,0.00365,350.4,0.00000
235,1,,,,,0.00022,0.00001,3.7,0.00004,1,,,,,0.02489,0.00085,373.4,0.00000
236,1,,,,,0.00022,0.00000,3.7,0.00004,1,,,,,0.06127,0.00138,400.6,0.00000
237,1,,,,,0.00022,0.00000,3.7,0.00004,1,,,,,0.11918,0.01141,465.4,0.00000
238,1,,,,,0.00022,0.00001,3.7,0.00004,1,,,,,0.03362,0.00637,283.0,0.00006
239,1,,,,,0.00022,0.00000,3.8,0.00004,1,,,,,0.03891,0.00015,429.9,0.00004
240,1,,,,,0.00022,0.00000,3.7,0.00004,1,,,,,0.06884,0.01284,743.0,0.00004
241,1,,,,,0.00022,0.00000,3.6,0.00004,1,,,,,0.00472,0.00006,197.7,0.00278
242,1,,,,,0.00022,0.00001,3.7,0.00004,1,,,,,0.01886,0.00364,470.6,0.00002
243,1,,,,,0.00022,0.00000,3.7,0.00004,1,,,,,0.01053,0.00030,249.8,0.00000
244,1,,,,,0.00022,0.00000,3.7,0.00004,1,,,,,0.00162,0.00011,3220.0,0.01076
245,1,,,,,0.00022,0.00000,3.7,0.00004,1,,,,,0.00021,0.00001,3.1,0.00004
246,1,,,,,0.00022,0.00000,3.7,0.00004,1,,,,,0.00389,0.00000,476.1,0.00003
247,1,,,,,0.00022,0.00000,3.7,0.00004,1,,,,,0.02959,0.00160,427.7,0.00000
248,1,,,,,0.00022,0.00000,3.7,0.00004,1,,,,,0.05056,0.00013,359.8,0.00000
249,1,,,,,0.00022,0.00000,3.7,0.00004,1,,,,,0.11010,0.00766,464.2,0.00000
250,1,,,,,0.00022,0.00000,3.7,0.00004,1,,,,,0.08123,0.00377,444.4,0.00000
251,1,,,,,0.00022,0.00001,3.7,0.00004,1,,,,,0.00530,0.00641,1053.3,0.03253
252,1,,,,,0.00022,0.00000,3.8,0.00004,1,,,,,0.05240,0.00060,435.2,0.00001
253,1,,,,,0.00022,0.00001,3.8,0.00004,1,,,,,0.04623,0.00741,343.4,0.00000
254,1,,,,,0.00022,0.00000,3.7,0.00004,1,,,,,0.02438,0.00322,344.7,0.00000
255,1,,,,,0.00022,0.00000,3.7,0.00004,1,,,,,0.02580,0.00006,474.2,0.00003
256,1,,,,,0.00022,0.00000,3.9,0.00004,1,,,,,0.03095,0.00456,678.3,0.00002
257,1,,,,,0.00022,0.00000,3.8,0.00004,1,,,,,0.01508,0.00057,723.0,0.00001
258,1,,,,,0.00022,0.00000,3.8,0.00005,1,,,,,0.00254,0.00034,230.6,0.00021
259,1,,,,,0.00022,0.00000,3.8,0.00004,1,,,,,0.00022,0.00001,3.1,0.00004
260,1,,,,,0.00022,0.00000,3.8,0.00004,1,,,,,0.00022,0.00000,3.2,0.00004
261,1,,,,,0.00022,0.00001,3.9,0.00004,1,,,,,0.00022,0.00001,3.1,0.00004
262,1,,,,,0.00022,0.00000,3.9,0.00004,1,,,,,0.00022,0.00000,3.1,0.00004
263,1,,,,,0.00022,0.00000,3.8,0.00004,1,,,,,0.00022,0.00000,3.1,0.00004
264,1,,,,,0.00022,0.00000,3.8,0.00004,1,,,,,0.00022,0.00000,3.1,0.00004
265,1,,,,,0.00022,0.00001,3.8,0.00004,1,,,,,0.00022,0.00000,3.1,0.00004
266,1,,,,,0.00022,0.00000,3.9,0.00004,1,,,,,0.00022,0.00001,3.1,0.00004
267,1,,,,,0.00022,0.00001,3.9,0.00004,1,,,,,0.00022,0.00000,3.1,0.00004
268,1,,,,,0.00022,0.00000,3.9,0.00004,1,,,,,0.00022,0.00000,3.1,0.00003
269,1,,,,,0.00022,0.00000,3.8,0.00004,1,,,,,0.00022,0.00000,3.1,0.00004
270,1,,,,,0.00022,0.00000,3.9,0.00004,1,,,,,0.00022,0.00000,3.1,0.00004
271,1,,,,,0.00022,0.00000,3.9,0.00004,1,,,,,0.00022,0.00000,3.1,0.00004
272,1,,,,,0.00022,0.00000,3.9,0.00004,1,,,,,0.00022,0.00000,3.1,0.00004
273,1,,,,,0.00022,0.00001,3.8,0.00004,1,,,,,0.00022,0.00000,3.1,0.00004
274,1,,,,,0.00022,0.00000,3.8,0.00004,1,,,,,0.00022,0.00000,3.1,0.00004
275,1,,,,,0.00022,0.00000,3.9,0.00004,1,,,,,0.00022,0.00000,3.2,0.00004
276,1,,,,,0.00022,0.00000,3.8,0.00004,1,,,,,0.00022,0.00001,3.2,0.00004
277,1,,,,,0.00022,0.00000,3.8,0.00004,1,,,,,0.00022,0.00000,3.1,0.00004
278,1,,,,,0.00022,0.00000,3.9,0.00005,1,,,,,0.00022,0.00000,3.1,0.00004
279,1,,,,,0.00022,0.00000,3.8,0.00004,1,,,,,0.00022,0.00000,3.1,0.00004
280,1,,,,,0.00022,0.00000,3.6,0.00004,1,,,,,0.00022,0.00000,3.1,0.00003
281,1,,,,,0.00022,0.00000,3.5,0.00004,1,,,,,0.00022,0.00001,3.1,0.00004
282,1,,,,,0.00022,0.00000,3.6,0.00004,1,,,,,0.00022,0.00001,3.2,0.00004
283,1,,,,,0.00022,0.00001,3.6,0.00004,1,,,,,0.00022,0.00000,3.2,0.00004
284,1,,,,,0.00022,0.00000,3.6,0.00004,1,,,,,0.00022,0.00000,3.2,0.00004
285,1,,,,,0.00022,0.00001,3.8,0.00004,1,,,,,0.00022,0.00000,3.2,0.00004
286,1,,,,,0.00022,0.00000,3.6,0.00004,1,,,,,0.05127,0.00000,452.6,0.00001
287,1,,,,,0.00022,0.00000,3.5,0.00004,1,,,,,0.08134,0.01087,541.2,0.00000
288,1,,,,,0.00022,0.00001,3.9,0.00004,1,,,,,0.10093,0.00919,469.5,0.00000
289,1,,,,,0.00022,0.00000,3.9,0.00004,1,,,,,0.01170,0.00456,1029.0,0.02101
290,1,,,,,0.00022,0.00001,3.6,0.00004,1,,,,,0.00336,0.01276,5238.7,0.05654
291,1,,,,,0.00022,0.00000,3.5,0.00004,1,,,,,0.03910,0.00001,578.3,0.00001
292,1,,,,,0.00022,0.00000,3.5,0.00004,1,,,,,0.04614,0.00297,534.9,0.00003
293,1,,,,,0.00022,0.00000,3.6,0.00004,1,,,,,0.02965,0.00102,452.2,0.00003
294,1,,,,,0.00022,0.00000,3.6,0.00004,1,,,,,0.01809,0.00351,312.2,0.00000
295,1,,,,,0.00022,0.00001,3.6,0.00004,1,,,,,0.00560,0.00168,177.6,0.00001
296,1,,,,,0.00022,0.00000,3.6,0.00004,1,,,,,0.00702,0.00001,213.9,0.00007
297,1,,,,,0.00022,0.00000,3.6,0.00004,1,,,,,0.03411,0.00054,353.0,0.00000
298,1,,,,,0.00022,0.00001,3.6,0.00004,1,,,,,0.06121,0.00070,503.7,0.00000
299,1,,,,,0.00022,0.00000,3.6,0.00004,1,,,,,0.02458,0.00439,258.2,0.00003
300,1,,,,,0.00022,0.00000,3.6,0.00004,1,,,,,0.03788,0.00108,615.0,0.00002
301,1,,,,,0.00022,0.00000,3.6,0.00004,1,,,,,0.00620,0.00975,239.3,0.00007
302,1,,,,,0.00022,0.00000,3.9,0.00004,1,,,,,0.00926,0.00001,1742.3,0.02075
303,1,,,,,0.00022,0.00000,3.9,0.00004,1,,,,,0.05097,0.00005,445.3,0.00001
304,1,,,,,0.00022,0.00000,3.9,0.00004,1,,,,,0.06840,0.01129,529.9,0.00000
305,1,,,,,0.00022,0.00001,3.9,0.00005,1,,,,,0.06267,0.00550,568.8,0.00001
306,1,,,,,0.00022,0.00000,3.8,0.00004,1,,,,,0.03248,0.00046,442.2,0.00001
307,1,,,,,0.00022,0.00000,3.9,0.00004,1,,,,,0.04297,0.00334,420.0,0.00001
308,1,,,,,0.00022,0.00000,3.8,0.00004,1,,,,,0.01298,0.00002,362.7,0.00130
309,1,,,,,0.00022,0.00000,3.9,0.00004,1,,,,,0.02994,0.00774,507.7,0.00001
310,1,,,,,0.00022,0.00000,3.8,0.00004,1,,,,,0.01067,0.00079,324.5,0.00001
311,1,,,,,0.00022,0.00001,3.8,0.00004,1,,,,,0.00259,0.00024,154.1,0.00001
312,1,,,,,0.00022,0.00000,3.8,0.00004,1,,,,,0.00122,0.00000,566.1,0.00008
313,1,,,,,0.00022,0.00000,3.9,0.00004,1,,,,,0.02781,0.00010,462.6,0.00000
314,1,,,,,0.00022,0.00000,3.9,0.00004,1,,,,,0.02787,0.00013,801.4,0.00916
315,1,,,,,0.00022,0.00000,3.9,0.00004,1,,,,,0.03381,0.00995,1754.8,0.00940
316,1,,,,,0.00022,0.00000,3.9,0.00005,1,,,,,0.00096,0.00273,348.5,0.00755
317,1,,,,,0.00022,0.00000,3.8,0.00005,1,,,,,0.05223,0.00027,593.7,0.00000
318,1,,,,,0.00022,0.00000,3.9,0.00004,1,,,,,0.05709,0.00076,669.0,0.00001
319,1,,,,,0.00022,0.00001,3.7,0.00004,1,,,,,0.05985,0.00021,643.5,0.00000
320,1,,,,,0.00022,0.00000,3.7,0.00004,1,,,,,0.04595,0.00676,480.7,0.00000
321,1,,,,,0.00022,0.00000,3.7,0.00004,1,,,,,0.04488,0.00394,512.3,0.00000
322,1,,,,,0.00022,0.00000,3.8,0.00004,1,,,,,0.01477,0.00049,377.5,0.00073
323,1,,,,,0.00022,0.00000,3.9,0.00005,1,,,,,0.01679,0.00234,256.0,0.00000
324,1,,,,,0.00022,0.00000,3.7,0.00004,1,,,,,0.03125,0.00000,487.8,0.00000
325,1,,,,,0.00022,0.00000,3.6,0.00004,1,,,,,0.02849,0.00238,432.6,0.00000
326,1,,,,,0.00022,0.00001,3.8,0.00004,1,,,,,0.02668,0.00217,405.0,0.00000
327,1,,,,,0.00022,0.00000,3.8,0.00004,1,,,,,0.01434,0.00015,204.7,0.00002
328,1,,,,,0.00022,0.00000,3.7,0.00004,1,,,,,0.02099,0.00110,306.5,0.00000
329,1,,,,,0.00022,0.00001,3.8,0.00004,1,,,,,0.03260,0.00232,358.7,0.00001
330,1,,,,,0.00022,0.00000,3.8,0.00005,1,,,,,0.03747,0.00990,368.2,0.00000
331,1,,,,,0.00022,0.00001,3.8,0.00005,1,,,,,0.01875,0.00017,383.9,0.00000
332,1,,,,,0.00022,0.00000,3.8,0.00004,1,,,,,0.01221,0.00155,279.4,0.00000
333,1,,,,,0.00022,0.00001,3.8,0.00004,1,,,,,0.00622,0.00100,318.5,0.00409
334,1,,,,,0.00022,0.00000,3.8,0.00004,1,,,,,0.00124,0.00101,6354.3,0.08735
335,1,,,,,0.00022,0.00001,3.7,0.00004,1,,,,,0.04198,0.00003,511.2,0.00001
336,1,,,,,0.00022,0.00001,3.8,0.00004,1,,,,,0.02516,0.00353,429.0,0.00001
337,1,,,,,0.00022,0.00001,3.8,0.00004,1,,,,,0.00191,0.00195,173.2,0.00020
338,1,,,,,0.00022,0.00000,3.7,0.00005,1,,,,,0.00022,0.00000,3.1,0.00004
339,1,,,,,0.00022,0.00000,3.7,0.00004,1,,,,,0.00022,0.00000,3.2,0.00004
340,1,,,,,0.00022,0.00000,3.7,0.00004,1,,,,,0.00022,0.00000,3.2,0.00004
341,1,,,,,0.00022,0.00000,3.8,0.00005,1,,,,,0.00022,0.00000,3.1,0.00003
342,1,,,,,0.00022,0.00000,3.8,0.00004,1,,,,,0.00022,0.00000,3.2,0.00004
343,1,,,,,0.00022,0.00000,3.9,0.00005,1,,,,,0.00022,0.00000,3.1,0.00004
344,1,,,,,0.00022,0.00000,3.8,0.00004,1,,,,,0.00022,0.00000,3.1,0.00004
345,1,,,,,0.00022,0.00001,3.7,0.00004,1,,,,,0.00022,0.00000,3.2,0.00004
346,1,,,,,0.00022,0.00000,3.7,0.00004,1,,,,,0.00022,0.00000,3.2,0.00004
347,1,,,,,0.00022,0.00000,3.7,0.00004,1,,,,,0.00022,0.00000,3.2,0.00004
348,1,,,,,0.00022,0.00000,3.7,0.00004,1,,,,,0.00022,0.00000,3.1,0.00004
349,1,,,,,0.00022,0.00000,3.8,0.00004,1,,,,,0.00022,0.00000,3.1,0.00004
350,1,,,,,0.00022,0.00000,3.8,0.00004,1,,,,,0.00022,0.00000,3.1,0.00004
351,1,,,,,0.00022,0.00000,3.7,0.00004,1,,,,,0.00022,0.00000,3.1,0.00004
352,1,,,,,0.00022,0.00000,3.8,0.00004,1,,,,,0.00022,0.00000,3.1,0.00004
353,1,,,,,0.00022,0.00000,3.7,0.00004,1,,,,,0.00022,0.00000,3.1,0.00004
354,1,,,,,0.00022,0.00000,3.7,0.00004,1,,,,,0.00022,0.00001,3.1,0.00004
355,1,,,,,0.00022,0.00000,3.7,0.00004,1,,,,,0.00022,0.00000,3.1,0.00004
356,1,,,,,0.00022,0.00001,3.5,0.00004,1,,,,,0.00022,0.00000,3.1,0.00004
357,1,,,,,0.00022,0.00000,3.5,0.00004,1,,,,,0.00022,0.00000,3.1,0.00004
358,1,,,,,0.00022,0.00000,3.5,0.00004,1,,,,,0.00022,0.00001,3.2,0.00004
359,1,,,,,0.00022,0.00000,3.4,0.00004,1,,,,,0.00022,0.00000,3.2,0.00004
360,1,,,,,0.00022,0.00001,3.4,0.00004,1,,,,,0.00022,0.00000,3.1,0.00003
361,1,,,,,0.00022,0.00000,3.4,0.00004,1,,,,,0.00022,0.00000,3.1,0.00004
362,1,,,,,0.00022,0.00000,3.4,0.00004,1,,,,,0.00022,0.00000,3.1,0.00004
363,1,,,,,0.00022,0.00001,3.4,0.00004,1,,,,,0.00022,0.00000,3.1,0.00004
364,1,,,,,0.00022,0.00000,3.5,0.00004,1,,,,,0.00022,0.00000,3.2,0.00004
365,1,,,,,0.00022,0.00000,3.4,0.00004,1,,,,,0.00164,0.00000,599.6,0.00021
366,1,,,,,0.00022,0.00000,3.4,0.00004,1,,,,,0.01647,0.00017,725.2,0.00004
367,1,,,,,0.00022,0.00000,3.4,0.00004,1,,,,,0.05569,0.00292,445.3,0.00000
368,1,,,,,0.00022,0.00000,3.4,0.00004,1,,,,,0.07091,0.00457,497.4,0.00001
369,1,,,,,0.00022,0.00001,3.5,0.00004,1,,,,,0.07254,0.00788,551.7,0.00000
370,1,,,,,0.00022,0.00001,3.5,0.00004,1,,,,,0.05460,0.00807,448.2,0.00000
371,1,,,,,0.00022,0.00000,3.5,0.00004,1,,,,,0.06590,0.00114,619.4,0.00000
372,1,,,,,0.00022,0.00000,3.4,0.00004,1,,,,,0.08369,0.00063,664.6,0.00002
373,1,,,,,0.00022,0.00000,3.5,0.00004,1,,,,,0.03641,0.00161,407.3,0.00001
374,1,,,,,0.00022,0.00000,3.4,0.00004,1,,,,,0.00487,0.00141,419.2,0.00011
375,1,,,,,0.00022,0.00000,3.4,0.00004,1,,,,,0.00834,0.00107,6218.5,0.09333
376,1,,,,,0.00022,0.00000,3.4,0.00004,1,,,,,0.02880,0.00584,388.9,0.00000
377,1,,,,,0.00022,0.00000,3.6,0.00004,1,,,,,0.01776,0.00489,678.7,0.01165
378,1,,,,,0.00022,0.00000,3.6,0.00004,1,,,,,0.04517,0.00770,554.2,0.00001
379,1,,,,,0.00022,0.00000,3.7,0.00004,1,,,,,0.03155,0.00238,310.4,0.00010
380,1,,,,,0.00022,0.00000,3.6,0.00005,1,,,,,0.06165,0.00205,464.6,0.00000
381,1,,,,,0.00022,0.00001,3.6,0.00004,1,,,,,0.02454,0.00224,759.2,0.00135
382,1,,,,,0.00022,0.00000,3.6,0.00004,1,,,,,0.00171,0.00110,4768.9,0.08679
383,1,,,,,0.00022,0.00000,3.7,0.00005,1,,,,,0.02520,0.00044,444.4,0.00002
384,1,,,,,0.00022,0.00000,3.6,0.00004,1,,,,,0.04699,0.00071,371.3,0.00000
385,1,,,,,0.00022,0.00000,3.6,0.00004,1,,,,,0.04209,0.00423,363.2,0.00000
386,1,,,,,0.00022,0.00000,3.7,0.00005,1,,,,,0.02710,0.00010,343.8,0.00001
387,1,,,,,0.00022,0.00000,3.6,0.00004,1,,,,,0.02228,0.00420,362.3,0.00002
388,1,,,,,0.00022,0.00001,3.6,0.00004,1,,,,,0.05745,0.00223,463.4,0.00000
389,1,,,,,0.00022,0.00000,3.7,0.00004,1,,,,,0.06227,0.00191,486.2,0.00000
390,1,,,,,0.00022,0.00000,3.6,0.00004,1,,,,,0.00155,0.00086,5743.2,0.07925
391,1,,,,,0.00022,0.00000,3.4,0.00004,1,,,,,0.02414,0.00001,309.2,0.00000
392,1,,,,,0.00022,0.00000,3.4,0.00004,1,,,,,0.01311,0.00144,3318.9,0.01474
393,1,,,,,0.00022,0.00000,3.4,0.00004,1,,,,,0.03527,0.00047,374.6,0.00002
394,1,,,,,0.00022,0.00001,3.4,0.00004,1,,,,,0.03207,0.00975,290.2,0.00000
395,1,,,,,0.00022,0.00000,3.4,0.00004,1,,,,,0.04149,0.00050,476.7,0.00007
396,1,,,,,0.00022,0.00000,3.4,0.00004,1,,,,,0.03685,0.00354,482.9,0.00000
397,1,,,,,0.00022,0.00000,3.4,0.00004,1,,,,,0.08534,0.00006,438.4,0.00000
398,1,,,,,0.00022,0.00000,3.4,0.00004,1,,,,,0.00653,0.00371,226.3,0.00004
399,1,,,,,0.00022,0.00000,3.7,0.00005,1,,,,,0.01136,0.00200,390.4,0.00001
400,1,,,,,0.00022,0.00000,3.7,0.00004,1,,,,,0.00300,0.00116,261.8,0.00001
401,1,,,,,0.00022,0.00000,3.7,0.00004,1,,,,,0.02768,0.00002,628.1,0.00004
402,1,,,,,0.00022,0.00000,3.8,0.00004,1,,,,,0.07228,0.00420,312.0,0.00000
403,1,,,,,0.00022,0.00000,3.7,0.00004,1,,,,,0.07999,0.02417,399.3,0.00000
404,1,,,,,0.00022,0.00000,3.7,0.00004,1,,,,,0.05562,0.00522,471.5,0.00000
405,1,,,,,0.00022,0.00001,3.7,0.00004,1,,,,,0.04381,0.00165,424.1,0.00000
406,1,,,,,0.00022,0.00001,3.7,0.00005,1,,,,,0.05999,0.00183,542.0,0.00000
407,1,,,,,0.00022,0.00001,3.6,0.00004,1,,,,,0.08714,0.01389,633.6,0.00000
408,1,,,,,0.00022,0.00000,3.6,0.00004,1,,,,,0.03027,0.01852,657.2,0.00207
409,1,,,,,0.00022,0.00000,3.7,0.00004,1,,,,,0.00339,0.00453,4996.7,0.01945
410,1,,,,,0.00022,0.00001,3.7,0.00005,1,,,,,0.03650,0.00006,369.7,0.00001
411,1,,,,,0.00022,0.00000,3.7,0.00004,1,,,,,0.03140,0.00484,486.8,0.00000
412,1,,,,,0.00022,0.00000,3.7,0.00005,1,,,,,0.02484,0.00042,309.6,0.00000
413,1,,,,,0.00022,0.00000,3.6,0.00004,1,,,,,0.01485,0.00230,357.3,0.00002
414,1,,,,,0.00022,0.00000,3.6,0.00004,1,,,,,0.02513,0.00088,459.1,0.00001
415,1,,,,,0.00022,0.00000,3.6,0.00004,1,,,,,0.01882,0.00615,493.1,0.00001
416,1,,,,,0.00022,0.00000,3.7,0.00004,1,,,,,0.01344,0.00002,438.9,0.00001
417,1,,,,,0.00022,0.00000,3.7,0.00005,1,,,,,0.01646,0.00027,597.1,0.00001
418,1,,,,,0.00022,0.00000,3.7,0.00004,1,,,,,0.01147,0.00035,729.4,0.00004
419,1,,,,,0.00022,0.00000,3.7,0.00005,1,,,,,0.00486,0.00005,597.5,0.00002
420,1,,,,,0.00022,0.00000,3.7,0.00004,1,,,,,0.00021,0.00004,3.2,0.00005
421,1,,,,,0.00022,0.00001,3.7,0.00005,1,,,,,0.00022,0.00000,3.2,0.00003
422,1,,,,,0.00022,0.00001,3.7,0.00004,1,,,,,0.00022,0.00000,3.1,0.00004
423,1,,,,,0.00022,0.00000,3.7,0.00004,1,,,,,0.00022,0.00000,3.1,0.00004
424,1,,,,,0.00022,0.00001,3.6,0.00005,1,,,,,0.00022,0.00000,3.1,0.00004
425,1,,,,,0.00022,0.00000,3.6,0.00004,1,,,,,0.00022,0.00000,3.1,0.00004
426,1,,,,,0.00022,0.00000,3.7,0.00005,1,,,,,0.00022,0.00000,3.1,0.00004
427,1,,,,,0.00022,0.00001,3.7,0.00005,1,,,,,0.00022,0.00000,3.2,0.00004
428,1,,,,,0.00022,0.00000,3.7,0.00005,1,,,,,0.00022,0.00000,3.1,0.00004
429,1,,,,,0.00022,0.00000,3.7,0.00004,1,,,,,0.00022,0.00000,3.1,0.00003
430,1,,,,,0.00022,0.00000,3.7,0.00004,1,,,,,0.00022,0.00000,3.1,0.00004
431,1,,,,,0.00022,0.00000,3.5,0.00004,1,,,,,0.00022,0.00000,3.2,0.00004
432,1,,,,,0.00022,0.00001,3.4,0.00004,1,,,,,0.00022,0.00000,3.1,0.00003
433,1,,,,,0.00022,0.00000,3.6,0.00004,1,,,,,0.00022,0.00000,3.2,0.00004
434,1,,,,,0.00022,0.00001,3.7,0.00005,1,,,,,0.00022,0.00000,3.1,0.00003
435,1,,,,,0.00022,0.00000,3.4,0.00004,1,,,,,0.00022,0.00000,3.1,0.00004
436,1,,,,,0.00022,0.00000,3.4,0.00004,1,,,,,0.00022,0.00000,3.1,0.00004
437,1,,,,,0.00022,0.00000,3.4,0.00004,1,,,,,0.00022,0.00000,3.1,0.00004
438,1,,,,,0.00022,0.00001,3.4,0.00004,1,,,,,0.00022,0.00000,3.1,0.00004
439,1,,,,,0.00022,0.00000,3.4,0.00004,1,,,,,0.00022,0.00000,3.1,0.00004
440,1,,,,,0.00022,0.00000,3.6,0.00004,1,,,,,0.00022,0.00000,3.1,0.00004
441,1,,,,,0.00022,0.00000,3.7,0.00004,1,,,,,0.00022,0.00000,6.2,0.00026
442,1,,,,,0.00022,0.00000,3.7,0.00005,1,,,,,0.00072,0.00002,433.3,0.00439
443,1,,,,,0.00022,0.00001,3.8,0.00005,1,,,,,0.04738,0.00002,684.8,0.00003
444,1,,,,,0.00022,0.00000,3.7,0.00004,1,,,,,0.09660,0.00219,683.1,0.00000
445,1,,,,,0.00022,0.00000,3.7,0.00004,1,,,,,0.09897,0.00543,652.7,0.00004
446,1,,,,,0.00022,0.00000,3.7,0.00004,1,,,,,0.04174,0.00572,445.3,0.00007
447,1,,,,,0.00022,0.00000,3.7,0.00004,1,,,,,0.01550,0.00090,357.3,0.00001
448,1,,,,,0.00022,0.00000,3.8,0.00004,1,,,,,0.03833,0.00212,430.3,0.00000
449,1,,,,,0.00022,0.00000,3.7,0.00004,1,,,,,0.00231,0.00012,279.8,0.00041
450,1,,,,,0.00022,0.00000,3.7,0.00004,1,,,,,0.05070,0.00004,420.9,0.00000
451,1,,,,,0.00022,0.00000,3.7,0.00005,1,,,,,0.02162,0.00061,297.5,0.00001
452,1,,,,,0.00022,0.00000,3.7,0.00004,1,,,,,0.08320,0.00116,665.1,0.00003
453,1,,,,,0.00022,0.00001,3.7,0.00004,1,,,,,0.00152,0.00021,606.1,0.00019
454,1,,,,,0.00022,0.00000,3.7,0.00004,1,,,,,0.04098,0.00032,428.0,0.00000
455,1,,,,,0.00022,0.00000,3.6,0.00004,1,,,,,0.06596,0.00037,523.7,0.00000
456,1,,,,,0.00022,0.00000,3.6,0.00004,1,,,,,0.02087,0.00591,238.5,0.00001
457,1,,,,,0.00022,0.00000,3.7,0.00004,1,,,,,0.03335,0.00110,343.6,0.00001
458,1,,,,,0.00022,0.00001,3.7,0.00005,1,,,,,0.02156,0.00001,407.5,0.00000
459,1,,,,,0.00022,0.00000,3.7,0.00004,1,,,,,0.03524,0.00117,418.1,0.00001
460,1,,,,,0.00022,0.00001,3.7,0.00005,1,,,,,0.02221,0.00241,249.8,0.00001
461,1,,,,,0.00022,0.00000,3.7,0.00004,1,,,,,0.02537,0.00100,413.4,0.00003
462,1,,,,,0.00022,0.00000,3.7,0.00004,1,,,,,0.02502,0.00263,372.3,0.00004
463,1,,,,,0.00022,0.00000,3.7,0.00004,1,,,,,0.01353,0.01159,207.8,0.00001
464,1,,,,,0.00022,0.00000,3.8,0.00004,1,,,,,0.04734,0.00006,504.8,0.00000
465,1,,,,,0.00022,0.00000,3.8,0.00004,1,,,,,0.04724,0.00193,396.5,0.00000
466,1,,,,,0.00022,0.00000,3.7,0.00004,1,,,,,0.00220,0.00002,2379.1,0.01088
467,1,,,,,0.00022,0.00000,3.5,0.00004,1,,,,,0.04600,0.00005,536.2,0.00001
468,1,,,,,0.00022,0.00000,3.4,0.00004,1,,,,,0.01478,0.00348,547.0,0.00003
469,1,,,,,0.00022,0.00000,3.4,0.00004,1,,,,,0.00144,0.00038,161.8,0.00008
470,1,,,,,0.00022,0.00000,3.5,0.00004,1,,,,,0.00022,0.00001,3.1,0.00004
471,1,,,,,0.00022,0.00000,3.4,0.00004,1,,,,,0.00022,0.00000,3.2,0.00004
472,1,,,,,0.00022,0.00000,3.4,0.00004,1,,,,,0.00022,0.00000,3.1,0.00004
473,1,,,,,0.00022,0.00001,3.5,0.00004,1,,,,,0.00022,0.00000,3.1,0.00004
474,1,,,,,0.00022,0.00000,3.5,0.00004,1,,,,,0.00022,0.00000,3.1,0.00004
475,1,,,,,0.00022,0.00000,3.6,0.00004,1,,,,,0.00022,0.00000,3.1,0.00003
476,1,,,,,0.00022,0.00000,3.7,0.00004,1,,,,,0.00022,0.00000,3.1,0.00004
477,1,,,,,0.00022,0.00001,3.6,0.00004,1,,,,,0.00022,0.00000,3.1,0.00003
478,1,,,,,0.00022,0.00000,3.6,0.00004,1,,,,,0.00022,0.00000,3.1,0.00004
479,1,,,,,0.00022,0.00000,3.6,0.00004,1,,,,,0.00022,0.00000,3.1,0.00004
480,1,,,,,0.00022,0.00000,3.6,0.00004,1,,,,,0.00022,0.00000,3.1,0.00004
481,1,,,,,0.00022,0.00000,3.6,0.00004,1,,,,,0.00022,0.00000,3.1,0.00004
482,1,,,,,0.00022,0.00000,3.7,0.00004,1,,,,,0.00022,0.00000,3.1,0.00004
483,1,,,,,0.00022,0.00000,3.6,0.00004,1,,,,,0.00022,0.00000,3.1,0.00004
484,1,,,,,0.00022,0.00000,3.5,0.00004,1,,,,,0.00022,0.00000,3.1,0.00003
485,1,,,,,0.00022,0.00000,3.6,0.00004,1,,,,,0.00022,0.00000,3.1,0.00003
486,1,,,,,0.00022,0.00001,3.7,0.00004,1,,,,,0.00022,0.00000,3.1,0.00004
487,1,,,,,0.00022,0.00000,3.7,0.00004,1,,,,,0.00022,0.00000,3.1,0.00003
488,1,,,,,0.00022,0.00000,3.6,0.00004,1,,,,,0.00022,0.00000,3.1,0.00004
489,1,,,,,0.00022,0.00001,3.6,0.00004,1,,,,,0.00022,0.00000,3.1,0.00004
490,1,,,,,0.00022,0.00000,3.6,0.00004,1,,,,,0.00022,0.00000,3.1,0.00004
491,1,,,,,0.00022,0.00000,3.7,0.00004,1,,,,,0.00022,0.00000,3.1,0.00004
492,1,,,,,0.00022,0.00000,3.8,0.00004,1,,,,,0.00022,0.00000,3.1,0.00004
493,1,,,,,0.00022,0.00000,3.7,0.00004,1,,,,,0.00022,0.00000,3.1,0.00004
494,1,,,,,0.00022,0.00001,3.7,0.00004,1,,,,,0.00022,0.00000,3.1,0.00004
495,1,,,,,0.00022,0.00000,3.7,0.00004,1,,,,,0.00022,0.00000,3.1,0.00004
496,1,,,,,0.00022,0.00000,3.7,0.00004,1,,,,,0.00022,0.00000,3.1,0.00004
497,1,,,,,0.00022,0.00000,3.6,0.00004,1,,,,,0.00022,0.00000,3.1,0.00004
498,1,,,,,0.00022,0.00001,3.6,0.00004,1,,,,,0.00022,0.00000,3.0,0.00004
499,1,,,,,0.00022,0.00001,3.7,0.00004,1,,,,,0.00022,0.00000,3.1,0.00004
500,1,,,,,0.00022,0.00001,3.7,0.00004,1,,,,,0.00022,0.00001,3.1,0.00004
501,1,,,,,0.00022,0.00000,3.7,0.00005,1,,,,,0.00022,0.00000,3.1,0.00004
502,1,,,,,0.00022,0.00000,3.7,0.00004,1,,,,,0.00022,0.00001,3.1,0.00003
503,1,,,,,0.00022,0.00000,3.7,0.00004,1,,,,,0.00022,0.00000,3.1,0.00004
504,1,,,,,0.00022,0.00000,3.7,0.00004,1,,,,,0.00022,0.00000,3.1,0.00004
505,1,,,,,0.00022,0.00001,3.7,0.00004,1,,,,,0.00022,0.00000,3.1,0.00004
506,1,,,,,0.00022,0.00001,3.7,0.00004,1,,,,,0.00022,0.00000,3.2,0.00004
507,1,,,,,0.00022,0.00000,3.4,0.00004,1,,,,,0.00022,0.00000,3.1,0.00004
508,1,,,,,0.00022,0.00000,3.4,0.00004,1,,,,,0.00022,0.00000,3.1,0.00004
509,1,,,,,0.00022,0.00000,3.4,0.00004,1,,,,,0.00022,0.00000,3.2,0.00004
510,1,,,,,0.00022,0.00000,3.4,0.00004,1,,,,,0.00022,0.00000,3.2,0.00004
511,1,,,,,0.00022,0.00000,3.4,0.00004,1,,,,,0.00022,0.00001,3.1,0.00004
512,1,,,,,0.00022,0.00000,3.5,0.00004,1,,,,,0.00022,0.00000,3.1,0.00004
513,1,,,,,0.00022,0.00000,3.5,0.00004,1,,,,,0.00022,0.00000,3.2,0.00004
514,1,,,,,0.00022,0.00000,3.4,0.00004,1,,,,,0.00022,0.00000,3.2,0.00004
515,1,,,,,0.00022,0.00000,3.4,0.00004,1,,,,,0.00022,0.00000,3.2,0.00004
516,1,,,,,0.00022,0.00000,3.4,0.00004,1,,,,,0.00022,0.00000,3.2,0.00004
517,1,,,,,0.00022,0.00001,3.5,0.00005,1,,,,,0.00022,0.00000,3.1,0.00004
518,1,,,,,0.00022,0.00000,3.5,0.00004,1,,,,,0.00022,0.00000,3.2,0.00003
519,1,,,,,0.00022,0.00000,3.5,0.00004,1,,,,,0.00022,0.00000,3.1,0.00004
520,1,,,,,0.00022,0.00000,3.4,0.00004,1,,,,,0.00022,0.00000,3.2,0.00004
521,1,,,,,0.00022,0.00000,3.5,0.00004,1,,,,,0.00022,0.00000,3.1,0.00004
522,1,,,,,0.00022,0.00000,3.6,0.00004,1,,,,,0.00022,0.00000,3.2,0.00004
523,1,,,,,0.00022,0.00000,3.7,0.00004,1,,,,,0.00022,0.00000,3.2,0.00003
524,1,,,,,0.00022,0.00000,3.4,0.00004,1,,,,,0.00022,0.00000,3.2,0.00004
525,1,,,,,0.00022,0.00000,3.4,0.00004,1,,,,,0.00022,0.00001,3.1,0.00004
526,1,,,,,0.00022,0.00000,3.4,0.00004,1,,,,,0.00022,0.00001,3.2,0.00003
527,1,,,,,0.00022,0.00000,3.4,0.00004,1,,,,,0.00022,0.00000,3.1,0.00003
528,1,,,,,0.00022,0.00000,3.4,0.00004,1,,,,,0.00022,0.00000,3.2,0.00004
529,1,,,,,0.00022,0.00000,3.5,0.00004,1,,,,,0.00022,0.00000,3.2,0.00004
530,1,,,,,0.00022,0.00000,3.5,0.00004,1,,,,,0.00022,0.00000,3.1,0.00004
531,1,,,,,0.00022,0.00000,3.4,0.00004,1,,,,,0.00022,0.00000,3.1,0.00004
532,1,,,,,0.00022,0.00000,3.4,0.00004,1,,,,,0.00022,0.00000,3.1,0.00004
533,1,,,,,0.00022,0.00000,3.4,0.00004,1,,,,,0.00022,0.00000,3.1,0.00003
534,1,,,,,0.00022,0.00000,3.4,0.00004,1,,,,,0.00022,0.00000,3.1,0.00004
535,1,,,,,0.00022,0.00000,3.5,0.00004,1,,,,,0.00022,0.00000,3.2,0.00004
536,1,,,,,0.00022,0.00000,3.4,0.00004,1,,,,,0.00022,0.00000,3.1,0.00004
537,1,,,,,0.00022,0.00000,3.5,0.00004,1,,,,,0.00022,0.00000,3.2,0.00004
538,1,,,,,0.00022,0.00000,3.4,0.00004,1,,,,,0.00022,0.00000,3.1,0.00003
539,1,,,,,0.00022,0.00001,3.4,0.00004,1,,,,,0.00022,0.00000,3.1,0.00004
540,1,,,,,0.00022,0.00000,3.4,0.00004,1,,,,,0.00022,0.00000,3.1,0.00004
541,1,,,,,0.00022,0.00000,3.4,0.00004,1,,,,,0.00022,0.00000,3.1,0.00004
542,1,,,,,0.00022,0.00000,3.5,0.00004,1,,,,,0.00022,0.00000,3.1,0.00004
543,1,,,,,0.00022,0.00000,3.4,0.00004,1,,,,,0.00022,0.00000,3.2,0.00004
544,1,,,,,0.00022,0.00000,3.5,0.00004,1,,,,,0.00022,0.00000,3.2,0.00004
545,1,,,,,0.00022,0.00000,3.5,0.00004,1,,,,,0.00022,0.00000,3.2,0.00004
546,1,,,,,0.00022,0.00000,3.5,0.00004,1,,,,,0.00022,0.00000,3.2,0.00004
547,1,,,,,0.00022,0.00000,3.4,0.00004,1,,,,,0.00022,0.00000,3.1,0.00004
548,1,,,,,0.00022,0.00000,3.5,0.00004,1,,,,,0.00022,0.00000,3.2,0.00004
549,1,,,,,0.00022,0.00000,3.5,0.00004,1,,,,,0.00022,0.00000,3.2,0.00004
550,1,,,,,0.00022,0.00000,3.4,0.00004,1,,,,,0.00022,0.00000,3.2,0.00004
551,1,,,,,0.00022,0.00000,3.5,0.00004,1,,,,,0.00022,0.00000,3.2,0.00004
552,1,,,,,0.00022,0.00000,3.5,0.00004,1,,,,,0.00022,0.00000,3.2,0.00004
553,1,,,,,0.00022,0.00000,3.5,0.00004,1,,,,,0.00022,0.00000,3.1,0.00004
554,1,,,,,0.00022,0.00000,3.4,0.00004,1,,,,,0.00022,0.00000,3.1,0.00004
555,1,,,,,0.00022,0.00000,3.4,0.00004,1,,,,,0.00022,0.00000,3.1,0.00004
556,1,,,,,0.00022,0.00000,3.5,0.00004,1,,,,,0.00022,0.00000,3.2,0.00004
557,1,,,,,0.00022,0.00000,3.7,0.00005,1,,,,,0.00022,0.00000,3.3,0.00004
558,1,,,,,0.00022,0.00000,3.7,0.00004,1,,,,,0.00022,0.00000,3.2,0.00004
559,1,,,,,0.00022,0.00001,3.7,0.00004,1,,,,,0.00022,0.00000,3.2,0.00004
560,1,,,,,0.00022,0.00001,3.7,0.00004,1,,,,,0.00022,0.00000,3.2,0.00004
561,1,,,,,0.00022,0.00000,3.7,0.00005,1,,,,,0.00022,0.00000,3.2,0.00004
562,1,,,,,0.00022,0.00000,3.7,0.00004,1,,,,,0.00022,0.00000,3.2,0.00004
563,1,,,,,0.00022,0.00000,3.7,0.00004,1,,,,,0.00022,0.00000,3.1,0.00003
564,1,,,,,0.00022,0.00000,3.7,0.00004,1,,,,,0.00022,0.00001,3.2,0.00003
565,1,,,,,0.00022,0.00000,3.7,0.00004,1,,,,,0.00022,0.00000,3.1,0.00004
566,1,,,,,0.00022,0.00000,3.7,0.00004,1,,,,,0.00022,0.00000,3.2,0.00004
567,1,,,,,0.00022,0.00000,3.7,0.00004,1,,,,,0.00022,0.00000,3.2,0.00004
568,1,,,,,0.00022,0.00000,3.7,0.00004,1,,,,,0.00022,0.00000,3.2,0.00004
569,1,,,,,0.00022,0.00001,3.8,0.00004,1,,,,,0.00022,0.00000,3.2,0.00004
570,1,,,,,0.00022,0.00000,3.7,0.00004,1,,,,,0.00022,0.00000,3.2,0.00004
571,1,,,,,0.00022,0.00001,3.7,0.00004,1,,,,,0.00022,0.00000,3.2,0.00004
572,1,,,,,0.00022,0.00000,3.7,0.00004,1,,,,,0.00022,0.00001,3.2,0.00004
573,1,,,,,0.00022,0.00000,3.7,0.00004,1,,,,,0.00022,0.00000,3.2,0.00004
574,1,,,,,0.00022,0.00001,3.7,0.00004,1,,,,,0.00022,0.00000,3.2,0.00004
575,1,,,,,0.00022,0.00000,3.7,0.00004,1,,,,,0.00022,0.00000,3.2,0.00004
576,1,,,,,0.00022,0.00000,3.8,0.00004,1,,,,,0.00022,0.00000,3.3,0.00004
577,1,,,,,0.00022,0.00000,3.8,0.00004,1,,,,,0.00022,0.00000,3.3,0.00004
578,1,,,,,0.00022,0.00000,3.8,0.00004,1,,,,,0.00022,0.00000,3.3,0.00004
579,1,,,,,0.00022,0.00000,3.8,0.00005,1,,,,,0.00022,0.00000,3.2,0.00004
580,1,,,,,0.00022,0.00000,3.7,0.00004,1,,,,,0.00022,0.00000,3.2,0.00004
581,1,,,,,0.00022,0.00001,3.5,0.00004,1,,,,,0.00022,0.00000,3.3,0.00004
582,1,,,,,0.00022,0.00000,3.6,0.00004,1,,,,,0.00022,0.00000,3.3,0.00004
583,1,,,,,0.00022,0.00000,3.5,0.00004,1,,,,,0.00022,0.00000,3.3,0.00004
584,1,,,,,0.00022,0.00000,3.5,0.00004,1,,,,,0.00022,0.00000,3.3,0.00004
585,1,,,,,0.00022,0.00000,3.7,0.00004,1,,,,,0.00022,0.00000,3.3,0.00004
586,1,,,,,0.00022,0.00000,3.6,0.00004,1,,,,,0.00022,0.00000,3.3,0.00004
587,1,,,,,0.00022,0.00001,3.5,0.00004,1,,,,,0.00022,0.00000,3.4,0.00004
588,1,,,,,0.00022,0.00000,3.5,0.00004,1,,,,,0.00022,0.00000,3.3,0.00004
589,1,,,,,0.00022,0.00000,3.5,0.00004,1,,,,,0.00022,0.00000,3.3,0.00004
590,1,,,,,0.00022,0.00000,3.5,0.00004,1,,,,,0.00022,0.00000,3.3,0.00004
591,1,,,,,0.00022,0.00000,3.5,0.00004,1,,,,,0.00022,0.00000,3.3,0.00004
592,1,,,,,0.00022,0.00000,3.5,0.00004,1,,,,,0.00022,0.00000,3.5,0.00004
593,1,,,,,0.00022,0.00000,3.5,0.00004,1,,,,,0.00231,0.00000,8.9,0.00008
594,1,,,,,0.00022,0.00000,3.5,0.00004,1,,,,,0.09193,0.00124,404.7,0.00000
595,1,,,,,0.00022,0.00000,3.4,0.00004,1,,,,,0.10525,0.01441,581.7,0.00001
596,1,,,,,0.00022,0.00000,3.5,0.00004,1,,,,,0.05811,0.00166,670.2,0.00001
597,1,,,,,0.00022,0.00000,3.5,0.00004,1,,,,,0.04704,0.00201,587.2,0.00001
598,1,,,,,0.00022,0.00000,3.5,0.00004,1,,,,,0.09749,0.03864,706.7,0.00001
599,1,,,,,0.00022,0.00000,3.5,0.00005,1,,,,,0.00242,0.00032,8254.7,0.11036
600,1,,,,,0.00022,0.00000,3.5,0.00004,1,,,,,0.04844,0.02224,432.4,0.00001
601,1,,,,,0.00022,0.00000,3.5,0.00004,1,,,,,0.00594,0.00184,7304.4,0.05743
602,1,,,,,0.00022,0.00000,3.7,0.00004,1,,,,,0.00159,0.00317,2573.6,0.02678
603,1,,,,,0.00022,0.00000,3.5,0.00004,1,,,,,0.05957,0.00001,386.3,0.00000
604,1,,,,,0.00022,0.00000,3.7,0.00004,1,,,,,0.06319,0.01122,463.3,0.00000
605,1,,,,,0.00022,0.00000,3.7,0.00004,1,,,,,0.04136,0.00719,471.3,0.00000
606,1,,,,,0.00022,0.00000,3.7,0.00004,1,,,,,0.02307,0.00061,425.1,0.00000
607,1,,,,,0.00022,0.00000,3.7,0.00004,1,,,,,0.00751,0.00003,255.2,0.00000
608,1,,,,,0.00022,0.00000,3.8,0.00004,1,,,,,0.03160,0.00053,294.9,0.00000
609,1,,,,,0.00022,0.00000,3.7,0.00004,1,,,,,0.06217,0.00339,371.3,0.00000
610,1,,,,,0.00022,0.00001,3.7,0.00004,1,,,,,0.07003,0.00494,505.3,0.00000
611,1,,,,,0.00022,0.00000,3.7,0.00004,1,,,,,0.06559,0.00072,489.3,0.00000
612,1,,,,,0.00022,0.00000,3.7,0.00004,1,,,,,0.05219,0.00078,400.6,0.00000
613,1,,,,,0.00022,0.00000,3.7,0.00004,1,,,,,0.06322,0.00680,458.7,0.00000
614,1,,,,,0.00022,0.00000,3.7,0.00004,1,,,,,0.04458,0.00577,432.7,0.00000
615,1,,,,,0.00022,0.00001,3.8,0.00004,1,,,,,0.00332,0.00001,6287.3,0.06098
616,1,,,,,0.00022,0.00001,3.5,0.00004,1,,,,,0.03217,0.00004,448.4,0.00001
617,1,,,,,0.00022,0.00000,3.5,0.00004,1,,,,,0.02541,0.00072,428.0,0.00001
618,1,,,,,0.00022,0.00000,3.5,0.00004,1,,,,,0.01353,0.00021,227.1,0.00017
619,1,,,,,0.00022,0.00001,3.7,0.00004,1,,,,,0.02562,0.00296,633.5,0.00001
620,1,,,,,0.00022,0.00000,3.8,0.00004,1,,,,,0.00687,0.00023,215.8,0.00015
621,1,,,,,0.00022,0.00000,3.5,0.00004,1,,,,,0.01691,0.00151,268.8,0.00000
622,1,,,,,0.00022,0.00000,3.5,0.00004,1,,,,,0.02294,0.00036,337.3,0.00000
623,1,,,,,0.00022,0.00000,3.4,0.00004,1,,,,,0.01334,0.00195,557.9,0.00001
624,1,,,,,0.00022,0.00000,3.5,0.00004,1,,,,,0.00139,0.00018,1440.3,0.00298
625,1,,,,,0.00022,0.00000,3.4,0.00004,1,,,,,0.00521,0.00007,6535.6,0.05310
626,1,,,,,0.00022,0.00000,3.5,0.00004,1,,,,,0.02065,0.00099,343.0,0.00005
627,1,,,,,0.00022,0.00000,3.5,0.00004,1,,,,,0.01884,0.00197,294.7,0.00000
628,1,,,,,0.00022,0.00000,3.5,0.00004,1,,,,,0.00611,0.00011,164.7,0.00000
629,1,,,,,0.00022,0.00000,3.5,0.00004,1,,,,,0.08153,0.00002,575.9,0.00000
630,1,,,,,0.00022,0.00000,3.6,0.00004,1,,,,,0.07476,0.01350,439.6,0.00000
631,1,,,,,0.00022,0.00000,3.5,0.00004,1,,,,,0.04706,0.00111,355.4,0.00000
632,1,,,,,0.00022,0.00000,3.6,0.00004,1,,,,,0.03263,0.00041,337.0,0.00000
633,1,,,,,0.00022,0.00001,3.5,0.00004,1,,,,,0.02482,0.00432,325.6,0.00000
634,1,,,,,0.00022,0.00000,3.7,0.00004,1,,,,,0.05322,0.00297,533.0,0.00000
635,1,,,,,0.00022,0.00000,3.8,0.00004,1,,,,,0.02927,0.00208,323.5,0.00001
636,1,,,,,0.00022,0.00000,3.8,0.00004,1,,,,,0.01029,0.00250,231.4,0.00000
637,1,,,,,0.00022,0.00000,3.7,0.00004,1,,,,,0.01337,0.00001,426.5,0.00000
638,1,,,,,0.00022,0.00000,3.7,0.00004,1,,,,,0.01296,0.00254,468.3,0.00001
639,1,,,,,0.00022,0.00001,3.7,0.00004,1,,,,,0.02210,0.00520,317.5,0.00000
640,1,,,,,0.00022,0.00001,3.7,0.00004,1,,,,,0.01758,0.00039,337.9,0.00000
641,1,,,,,0.00022,0.00000,3.7,0.00004,1,,,,,0.00031,0.00001,7.3,0.00011
642,1,,,,,0.00022,0.00000,3.7,0.00004,1,,,,,0.00703,0.00001,459.3,0.00001
643,1,,,,,0.00022,0.00000,3.7,0.00004,1,,,,,0.00364,0.00015,209.3,0.00001
644,1,,,,,0.00022,0.00000,3.6,0.00004,1,,,,,0.00263,0.00006,172.0,0.00000
645,1,,,,,0.00022,0.00001,3.7,0.00004,1,,,,,0.00022,0.00000,3.3,0.00004
646,1,,,,,0.00022,0.00000,3.7,0.00004,1,,,,,0.00022,0.00000,3.2,0.00004
647,1,,,,,0.00022,0.00001,3.6,0.00004,1,,,,,0.00022,0.00000,3.1,0.00004
648,1,,,,,0.00022,0.00001,3.7,0.00004,1,,,,,0.00022,0.00000,3.1,0.00004
649,1,,,,,0.00022,0.00000,3.7,0.00004,1,,,,,0.00022,0.00000,3.2,0.00004
650,1,,,,,0.00022,0.00001,3.7,0.00004,1,,,,,0.00022,0.00000,3.2,0.00004
651,1,,,,,0.00022,0.00000,3.8,0.00004,1,,,,,0.00022,0.00000,3.2,0.00004
652,1,,,,,0.00022,0.00000,3.8,0.00004,1,,,,,0.00022,0.00001,3.2,0.00004
653,1,,,,,0.00022,0.00001,3.7,0.00004,1,,,,,0.00022,0.00000,3.2,0.00004
654,1,,,,,0.00022,0.00000,3.7,0.00004,1,,,,,0.00022,0.00000,3.2,0.00004
655,1,,,,,0.00022,0.00000,3.7,0.00004,1,,,,,0.00022,0.00000,3.2,0.00004
656,1,,,,,0.00022,0.00000,3.7,0.00004,1,,,,,0.00022,0.00000,3.2,0.00004
657,1,,,,,0.00022,0.00000,3.8,0.00004,1,,,,,0.00022,0.00000,3.2,0.00004
658,1,,,,,0.00022,0.00001,3.6,0.00004,1,,,,,0.00022,0.00000,3.2,0.00004
659,1,,,,,0.00022,0.00000,3.6,0.00004,1,,,,,0.00022,0.00000,3.1,0.00004
660,1,,,,,0.00022,0.00000,3.6,0.00004,1,,,,,0.00022,0.00000,3.1,0.00004
661,1,,,,,0.00022,0.00000,3.6,0.00004,1,,,,,0.00022,0.00000,3.2,0.00004
662,1,,,,,0.00022,0.00000,3.6,0.00004,1,,,,,0.00022,0.00000,3.2,0.00004
663,1,,,,,0.00022,0.00000,3.6,0.00004,1,,,,,0.00022,0.00000,3.2,0.00004
664,1,,,,,0.00022,0.00001,3.6,0.00004,1,,,,,0.00022,0.00000,3.2,0.00004
665,1,,,,,0.00022,0.00000,3.6,0.00004,1,,,,,0.00022,0.00000,3.2,0.00004
666,1,,,,,0.00022,0.00001,3.6,0.00004,1,,,,,0.00022,0.00000,3.2,0.00004
667,1,,,,,0.00022,0.00000,3.6,0.00004,1,,,,,0.00022,0.00000,3.2,0.00004
668,1,,,,,0.00022,0.00000,3.7,0.00004,1,,,,,0.00022,0.00000,3.1,0.00003
669,1,,,,,0.00022,0.00001,3.6,0.00004,1,,,,,0.00022,0.00000,3.2,0.00004
670,1,,,,,0.00022,0.00000,3.7,0.00005,1,,,,,0.00022,0.00000,3.2,0.00004
671,1,,,,,0.00022,0.00001,3.7,0.00005,1,,,,,0.00022,0.00000,3.2,0.00004
672,1,,,,,0.00022,0.00000,3.7,0.00005,1,,,,,0.00022,0.00000,3.2,0.00004
673,1,,,,,0.00022,0.00000,3.7,0.00004,1,,,,,0.00022,0.00000,3.2,0.00004
674,1,,,,,0.00022,0.00001,3.7,0.00004,1,,,,,0.00022,0.00000,3.2,0.00004
675,1,,,,,0.00022,0.00000,3.7,0.00004,1,,,,,0.00022,0.00000,3.2,0.00003
676,1,,,,,0.00022,0.00000,3.7,0.00004,1,,,,,0.00022,0.00001,3.2,0.00004
677,1,,,,,0.00022,0.00000,3.7,0.00004,1,,,,,0.00022,0.00000,3.2,0.00004
678,1,,,,,0.00022,0.00000,3.7,0.00004,1,,,,,0.08039,0.00001,447.2,0.00000
679,1,,,,,0.00022,0.00000,3.7,0.00005,1,,,,,0.10825,0.02983,560.1,0.00000
680,1,,,,,0.00022,0.00000,3.7,0.00004,1,,,,,0.04734,0.00206,528.2,0.00000
681,1,,,,,0.00022,0.00000,3.7,0.00004,1,,,,,0.10249,0.00880,523.1,0.00000
682,1,,,,,0.00022,0.00000,3.7,0.00004,1,,,,,0.07782,0.00579,569.4,0.00000
683,1,,,,,0.00022,0.00001,3.6,0.00004,1,,,,,0.08789,0.00329,401.3,0.00000
684,1,,,,,0.00022,0.00001,3.7,0.00004,1,,,,,0.04938,0.00764,382.3,0.00013
685,1,,,,,0.00022,0.00000,3.6,0.00004,1,,,,,0.01516,0.00767,408.9,0.00084
686,1,,,,,0.00022,0.00001,3.7,0.00004,1,,,,,0.05250,0.00514,534.5,0.00000
687,1,,,,,0.00022,0.00000,3.7,0.00005,1,,,,,0.06930,0.00572,440.2,0.00000
688,1,,,,,0.00022,0.00000,3.7,0.00004,1,,,,,0.03932,0.00084,444.8,0.00000
689,1,,,,,0.00022,0.00000,3.7,0.00004,1,,,,,0.03598,0.00385,482.7,0.00000
690,1,,,,,0.00022,0.00000,3.7,0.00004,1,,,,,0.01915,0.00498,402.1,0.00000
691,1,,,,,0.00022,0.00001,3.7,0.00005,1,,,,,0.00864,0.00082,329.8,0.00000
692,1,,,,,0.00022,0.00000,3.7,0.00004,1,,,,,0.00213,0.00010,4301.5,0.01203
693,1,,,,,0.00022,0.00000,3.7,0.00004,1,,,,,0.02174,0.00002,2449.0,0.00140
694,1,,,,,0.00022,0.00001,3.6,0.00004,1,,,,,0.03518,0.01209,2531.4,0.00624
695,1,,,,,0.00022,0.00000,3.5,0.00004,1,,,,,0.00118,0.00413,2996.2,0.01899
696,1,,,,,0.00022,0.00000,3.5,0.00004,1,,,,,0.04813,0.00107,312.5,0.00001
697,1,,,,,0.00022,0.00000,3.4,0.00004,1,,,,,0.00473,0.00078,235.3,0.00004
698,1,,,,,0.00022,0.00000,3.7,0.00004,1,,,,,0.04249,0.00001,424.7,0.00000
699,1,,,,,0.00022,0.00001,3.6,0.00004,1,,,,,0.04824,0.00585,492.5,0.00000
700,1,,,,,0.00022,0.00001,3.5,0.00004,1,,,,,0.03245,0.00379,335.5,0.00000
701,1,,,,,0.00022,0.00000,3.6,0.00004,1,,,,,0.03942,0.00255,454.3,0.00000
702,1,,,,,0.00022,0.00000,3.6,0.00004,1,,,,,0.02793,0.00486,374.1,0.00000
703,1,,,,,0.00022,0.00001,3.6,0.00004,1,,,,,0.01664,0.00000,444.2,0.00027
704,1,,,,,0.00022,0.00001,3.6,0.00004,1,,,,,0.02785,0.00331,368.3,0.00000
705,1,,,,,0.00022,0.00000,3.6,0.00004,1,,,,,0.02255,0.00152,440.7,0.00000
706,1,,,,,0.00022,0.00001,3.7,0.00004,1,,,,,0.00863,0.00023,329.5,0.00002
707,1,,,,,0.00022,0.00000,3.7,0.00004,1,,,,,0.00564,0.00015,183.6,0.00000
708,1,,,,,0.00022,0.00000,3.8,0.00004,1,,,,,0.00083,0.00009,33.3,0.00005
709,1,,,,,0.00022,0.00000,3.7,0.00004,1,,,,,0.04298,0.00001,603.4,0.00000
710,1,,,,,0.00022,0.00001,3.7,0.00005,1,,,,,0.04064,0.02300,510.0,0.00005
711,1,,,,,0.00022,0.00000,3.8,0.00005,1,,,,,0.00354,0.00063,6623.9,0.01701
712,1,,,,,0.00022,0.00001,3.7,0.00004,1,,,,,0.02599,0.00001,344.7,0.00001
713,1,,,,,0.00022,0.00000,3.7,0.00004,1,,,,,0.04221,0.00085,515.5,0.00000
714,1,,,,,0.00022,0.00000,3.6,0.00004,1,,,,,0.04988,0.00142,458.5,0.00001
715,1,,,,,0.00022,0.00000,3.7,0.00005,1,,,,,0.00357,0.00065,5525.5,0.02026
716,1,,,,,0.00022,0.00001,3.7,0.00004,1,,,,,0.04488,0.00005,421.7,0.00000
717,1,,,,,0.00022,0.00001,3.6,0.00004,1,,,,,0.04599,0.00687,378.5,0.00000
718,1,,,,,0.00022,0.00000,3.6,0.00004,1,,,,,0.04061,0.00056,333.4,0.00000
719,1,,,,,0.00022,0.00000,3.6,0.00004,1,,,,,0.02069,0.00003,385.0,0.00002
720,1,,,,,0.00022,0.00001,3.7,0.00005,1,,,,,0.01618,0.00135,433.6,0.00000
721,1,,,,,0.00022,0.00000,3.6,0.00004,1,,,,,0.00368,0.00013,545.2,0.00002
722,1,,,,,0.00022,0.00000,3.7,0.00004,1,,,,,0.00021,0.00003,4.1,0.00006
723,1,,,,,0.00022,0.00000,3.6,0.00005,1,,,,,0.00022,0.00000,3.2,0.00004
724,1,,,,,0.00022,0.00000,3.6,0.00004,1,,,,,0.00022,0.00000,3.1,0.00004
725,1,,,,,0.00022,0.00001,3.7,0.00004,1,,,,,0.00022,0.00000,3.1,0.00004
726,1,,,,,0.00022,0.00000,3.6,0.00004,1,,,,,0.00022,0.00000,3.2,0.00004
727,1,,,,,0.00022,0.00000,3.4,0.00004,1,,,,,0.00022,0.00000,3.2,0.00004
728,1,,,,,0.00022,0.00000,3.4,0.00004,1,,,,,0.00022,0.00000,3.2,0.00004
729,1,,,,,0.00022,0.00000,3.5,0.00004,1,,,,,0.00022,0.00000,3.1,0.00004
730,1,,,,,0.00022,0.00000,3.4,0.00004,1,,,,,0.00022,0.00000,3.1,0.00004
731,1,,,,,0.00022,0.00001,3.4,0.00004,1,,,,,0.00022,0.00001,3.1,0.00004
732,1,,,,,0.00022,0.00000,3.5,0.00004,1,,,,,0.00022,0.00000,3.1,0.00004
733,1,,,,,0.00022,0.00000,3.4,0.00004,1,,,,,0.00022,0.00000,3.1,0.00004
734,1,,,,,0.00022,0.00000,3.4,0.00004,1,,,,,0.00022,0.00000,3.1,0.00004
735,1,,,,,0.00022,0.00000,3.5,0.00004,1,,,,,0.00022,0.00000,3.2,0.00004
736,1,,,,,0.00022,0.00000,3.5,0.00004,1,,,,,0.00022,0.00000,3.2,0.00004
737,1,,,,,0.00022,0.00000,3.5,0.00004,1,,,,,0.00022,0.00000,3.2,0.00004
738,1,,,,,0.00022,0.00000,3.4,0.00004,1,,,,,0.00022,0.00000,3.1,0.00003
739,1,,,,,0.00022,0.00000,3.4,0.00004,1,,,,,0.00022,0.00000,3.1,0.00004
740,1,,,,,0.00022,0.00000,3.4,0.00004,1,,,,,0.00022,0.00000,3.1,0.00003
741,1,,,,,0.00022,0.00000,3.4,0.00004,1,,,,,0.00022,0.00000,3.1,0.00003
742,1,,,,,0.00022,0.00000,3.5,0.00004,1,,,,,0.00022,0.00000,3.1,0.00004
743,1,,,,,0.00022,0.00000,3.5,0.00004,1,,,,,0.00022,0.00000,3.1,0.00004
744,1,,,,,0.00022,0.00000,3.5,0.00004,1,,,,,0.00022,0.00000,3.1,0.00004
745,1,,,,,0.00022,0.00000,3.4,0.00004,1,,,,,0.00022,0.00001,3.1,0.00004
746,1,,,,,0.00022,0.00000,3.7,0.00004,1,,,,,0.00022,0.00000,3.1,0.00004
747,1,,,,,0.00022,0.00000,3.5,0.00004,1,,,,,0.00022,0.00000,3.1,0.00004
748,1,,,,,0.00022,0.00000,3.4,0.00004,1,,,,,0.00022,0.00001,3.2,0.00004
749,1,,,,,0.00022,0.00000,3.4,0.00004,1,,,,,0.00022,0.00000,3.2,0.00004
750,1,,,,,0.00022,0.00000,3.7,0.00004,1,,,,,0.00022,0.00000,3.1,0.00004
751,1,,,,,0.00022,0.00000,3.7,0.00004,1,,,,,0.00022,0.00000,3.1,0.00003
752,1,,,,,0.00022,0.00001,3.7,0.00004,1,,,,,0.00022,0.00000,3.2,0.00004
753,1,,,,,0.00022,0.00000,3.6,0.00004,1,,,,,0.00301,0.00000,7480.0,0.05406
754,1,,,,,0.00022,0.00000,3.7,0.00004,1,,,,,0.02323,0.00459,520.6,0.00140
755,1,,,,,0.00022,0.00000,3.7,0.00004,1,,,,,0.02618,0.01593,508.2,0.00000
756,1,,,,,0.00022,0.00000,3.6,0.00004,1,,,,,0.03288,0.00351,332.0,0.00000
757,1,,,,,0.00022,0.00000,3.7,0.00004,1,,,,,0.00549,0.00115,5069.9,0.04524
758,1,,,,,0.00022,0.00000,3.7,0.00004,1,,,,,0.04465,0.00002,469.3,0.00001
759,1,,,,,0.00022,0.00001,3.6,0.00004,1,,,,,0.06956,0.00662,599.8,0.00000
760,1,,,,,0.00022,0.00000,3.6,0.00004,1,,,,,0.08407,0.00323,583.1,0.00000
761,1,,,,,0.00022,0.00000,3.7,0.00004,1,,,,,0.04139,0.00370,479.6,0.00000
762,1,,,,,0.00022,0.00000,3.7,0.00004,1,,,,,0.01085,0.00001,278.3,0.00000
763,1,,,,,0.00022,0.00000,3.7,0.00004,1,,,,,0.00021,0.00001,4.8,0.00008
764,1,,,,,0.00022,0.00000,3.6,0.00004,1,,,,,0.00268,0.00001,16.7,0.00007
765,1,,,,,0.00022,0.00000,3.7,0.00004,1,,,,,0.02532,0.00069,471.1,0.00000
766,1,,,,,0.00022,0.00000,3.4,0.00004,1,,,,,0.02979,0.00675,611.0,0.00001
767,1,,,,,0.00022,0.00000,3.7,0.00004,1,,,,,0.03698,0.00128,640.4,0.00000
768,1,,,,,0.00022,0.00000,3.5,0.00004,1,,,,,0.04692,0.00687,640.0,0.00000
769,1,,,,,0.00022,0.00000,3.4,0.00004,1,,,,,0.04071,0.00211,538.3,0.00000
770,1,,,,,0.00022,0.00000,3.4,0.00004,1,,,,,0.04118,0.01358,609.0,0.00000
771,1,,,,,0.00022,0.00001,3.4,0.00004,1,,,,,0.01280,0.00028,176.5,0.00000
772,1,,,,,0.00022,0.00001,3.5,0.00004,1,,,,,0.01737,0.00055,320.5,0.00016
773,1,,,,,0.00022,0.00000,3.5,0.00004,1,,,,,0.00693,0.00032,3573.1,0.00590
774,1,,,,,0.00022,0.00000,3.4,0.00004,1,,,,,0.06513,0.00001,463.0,0.00000
775,1,,,,,0.00022,0.00000,3.5,0.00004,1,,,,,0.06041,0.00408,437.4,0.00000
776,1,,,,,0.00022,0.00000,3.6,0.00004,1,,,,,0.06006,0.00273,421.6,0.00000
777,1,,,,,0.00022,0.00000,3.5,0.00004,1,,,,,0.03494,0.00179,408.0,0.00000
778,1,,,,,0.00022,0.00001,3.5,0.00004,1,,,,,0.00783,0.00032,3859.8,0.00103
779,1,,,,,0.00022,0.00000,3.7,0.00004,1,,,,,0.06329,0.00335,582.5,0.00000
780,1,,,,,0.00022,0.00000,3.7,0.00004,1,,,,,0.05366,0.01024,640.8,0.00000
781,1,,,,,0.00022,0.00000,3.7,0.00004,1,,,,,0.03861,0.00258,417.3,0.00000
782,1,,,,,0.00022,0.00000,3.7,0.00004,1,,,,,0.00244,0.00031,217.0,0.00025
783,1,,,,,0.00022,0.00000,3.7,0.00004,1,,,,,0.02055,0.00029,498.6,0.00000
784,1,,,,,0.00022,0.00001,3.7,0.00004,1,,,,,0.01996,0.00030,343.0,0.00000
785,1,,,,,0.00022,0.00001,3.8,0.00004,1,,,,,0.02302,0.00403,335.3,0.00000
786,1,,,,,0.00022,0.00000,3.7,0.00004,1,,,,,0.02986,0.00050,430.6,0.00000
787,1,,,,,0.00022,0.00000,3.7,0.00004,1,,,,,0.02475,0.00021,332.2,0.00000
788,1,,,,,0.00022,0.00000,3.7,0.00004,1,,,,,0.03042,0.00210,355.0,0.00000
789,1,,,,,0.00022,0.00001,3.6,0.00004,1,,,,,0.02482,0.00048,497.2,0.00000
790,1,,,,,0.00022,0.00000,3.7,0.00004,1,,,,,0.01689,0.00199,215.8,0.00001
791,1,,,,,0.00022,0.00000,3.7,0.00005,1,,,,,0.05330,0.00151,601.5,0.00000
792,1,,,,,0.00022,0.00000,3.7,0.00004,1,,,,,0.02877,0.01045,509.5,0.00000
793,1,,,,,0.00022,0.00001,3.7,0.00004,1,,,,,0.00022,0.00003,4.0,0.00006
794,1,,,,,0.00022,0.00000,3.7,0.00004,1,,,,,0.00022,0.00000,3.2,0.00004
795,1,,,,,0.00022,0.00000,3.7,0.00004,1,,,,,0.00344,0.00001,837.2,0.00067
796,1,,,,,0.00022,0.00001,3.7,0.00004,1,,,,,0.03430,0.00014,677.6,0.00002
797,1,,,,,0.00022,0.00000,3.7,0.00004,1,,,,,0.01728,0.00019,389.4,0.00000
798,1,,,,,0.00022,0.00001,3.7,0.00004,1,,,,,0.02179,0.00045,451.9,0.00001
799,1,,,,,0.00022,0.00000,3.8,0.00004,1,,,,,0.09941,0.01506,508.3,0.00000
800,1,,,,,0.00022,0.00001,3.7,0.00004,1,,,,,0.01840,0.00962,230.4,0.00000
801,1,,,,,0.00022,0.00001,3.7,0.00004,1,,,,,0.05009,0.00001,438.4,0.00000
802,1,,,,,0.00022,0.00001,3.7,0.00004,1,,,,,0.03381,0.00479,508.4,0.00001
803,1,,,,,0.00022,0.00000,3.7,0.00004,1,,,,,0.00817,0.00022,439.4,0.00001
804,1,,,,,0.00022,0.00000,3.7,0.00004,1,,,,,0.00255,0.00004,126.7,0.00000
805,1,,,,,0.00022,0.00000,3.7,0.00004,1,,,,,0.00023,0.00002,3.2,0.00004
806,1,,,,,0.00022,0.00000,3.5,0.00004,1,,,,,0.00022,0.00000,3.2,0.00004
807,1,,,,,0.00022,0.00001,3.5,0.00004,1,,,,,0.00022,0.00000,3.1,0.00004
808,1,,,,,0.00022,0.00000,3.4,0.00004,1,,,,,0.00022,0.00000,3.1,0.00004
809,1,,,,,0.00022,0.00001,3.4,0.00004,1,,,,,0.00022,0.00000,3.2,0.00003
810,1,,,,,0.00022,0.00000,3.4,0.00004,1,,,,,0.00022,0.00000,3.1,0.00004
811,1,,,,,0.00022,0.00000,3.4,0.00004,1,,,,,0.00022,0.00000,3.1,0.00004
812,1,,,,,0.00022,0.00000,3.4,0.00004,1,,,,,0.00022,0.00000,3.1,0.00004
813,1,,,,,0.00022,0.00000,3.5,0.00004,1,,,,,0.00022,0.00000,3.1,0.00003
814,1,,,,,0.00022,0.00000,3.5,0.00004,1,,,,,0.00022,0.00000,3.2,0.00004
815,1,,,,,0.00022,0.00000,3.5,0.00004,1,,,,,0.00022,0.00000,3.1,0.00003
816,1,,,,,0.00022,0.00000,3.5,0.00004,1,,,,,0.00022,0.00000,3.1,0.00004
817,1,,,,,0.00022,0.00000,3.5,0.00004,1,,,,,0.00022,0.00000,3.1,0.00004
818,1,,,,,0.00022,0.00000,3.5,0.00004,1,,,,,0.00022,0.00000,3.1,0.00003
819,1,,,,,0.00022,0.00000,3.5,0.00004,1,,,,,0.00022,0.00000,3.1,0.00003
820,1,,,,,0.00022,0.00000,3.5,0.00004,1,,,,,0.00022,0.00000,3.1,0.00004
821,1,,,,,0.00022,0.00000,3.4,0.00004,1,,,,,0.00022,0.00000,3.1,0.00004
822,1,,,,,0.00022,0.00000,3.5,0.00004,1,,,,,0.00022,0.00000,3.1,0.00004
823,1,,,,,0.00022,0.00000,3.5,0.00004,1,,,,,0.00022,0.00000,3.1,0.00003
824,1,,,,,0.00022,0.00000,3.4,0.00004,1,,,,,0.00022,0.00000,3.1,0.00004
825,1,,,,,0.00022,0.00000,3.4,0.00004,1,,,,,0.00022,0.00001,3.2,0.00004
826,1,,,,,0.00022,0.00000,3.5,0.00004,1,,,,,0.00022,0.00000,3.1,0.00004
827,1,,,,,0.00022,0.00000,3.7,0.00004,1,,,,,0.00022,0.00001,3.2,0.00004
828,1,,,,,0.00022,0.00000,3.7,0.00004,1,,,,,0.00022,0.00000,3.2,0.00004
829,1,,,,,0.00022,0.00000,3.7,0.00004,1,,,,,0.00022,0.00000,3.1,0.00003
830,1,,,,,0.00022,0.00001,3.7,0.00004,1,,,,,0.00022,0.00000,3.1,0.00004
831,1,,,,,0.00022,0.00000,3.7,0.00004,1,,,,,0.00022,0.00000,3.2,0.00004
832,1,,,,,0.00022,0.00000,3.7,0.00004,1,,,,,0.00022,0.00000,3.1,0.00004
833,1,,,,,0.00022,0.00000,3.7,0.00004,1,,,,,0.00022,0.00000,3.1,0.00004
834,1,,,,,0.00022,0.00000,3.8,0.00004,1,,,,,0.00022,0.00001,3.2,0.00004
835,1,,,,,0.00022,0.00000,3.7,0.00004,1,,,,,0.00022,0.00001,3.1,0.00004
836,1,,,,,0.00022,0.00000,3.7,0.00004,1,,,,,0.00022,0.00000,3.0,0.00004
837,1,,,,,0.00022,0.00000,3.7,0.00004,1,,,,,0.00022,0.00000,3.1,0.00003
838,1,,,,,0.00022,0.00000,3.7,0.00004,1,,,,,0.00022,0.00000,3.1,0.00004
839,1,,,,,0.00022,0.00000,3.7,0.00004,1,,,,,0.00022,0.00001,3.1,0.00004
840,1,,,,,0.00022,0.00001,3.7,0.00004,1,,,,,0.00022,0.00000,3.2,0.00004
841,1,,,,,0.00022,0.00000,3.7,0.00004,1,,,,,0.00022,0.00000,3.2,0.00004
842,1,,,,,0.00022,0.00001,3.7,0.00004,1,,,,,0.00022,0.00000,3.1,0.00004
843,1,,,,,0.00022,0.00001,3.8,0.00005,1,,,,,0.00022,0.00000,3.1,0.00004
844,1,,,,,0.00022,0.00000,3.6,0.00005,1,,,,,0.00022,0.00000,3.2,0.00004
845,1,,,,,0.00022,0.00000,3.6,0.00004,1,,,,,0.00022,0.00000,3.1,0.00004
846,1,,,,,0.00022,0.00000,3.6,0.00004,1,,,,,0.00022,0.00000,3.1,0.00004
847,1,,,,,0.00022,0.00000,3.5,0.00004,1,,,,,0.00022,0.00000,3.1,0.00004
848,1,,,,,0.00022,0.00001,3.7,0.00004,1,,,,,0.00022,0.00000,3.1,0.00003
849,1,,,,,0.00022,0.00001,3.8,0.00004,1,,,,,0.00022,0.00000,3.2,0.00004
850,1,,,,,0.00022,0.00000,3.6,0.00004,1,,,,,0.00022,0.00000,3.1,0.00004
851,1,,,,,0.00022,0.00000,3.6,0.00004,1,,,,,0.00022,0.00000,3.1,0.00004
852,1,,,,,0.00022,0.00000,3.6,0.00004,1,,,,,0.00022,0.00000,3.1,0.00004
853,1,,,,,0.00022,0.00000,3.6,0.00004,1,,,,,0.00022,0.00000,3.1,0.00004
854,1,,,,,0.00022,0.00000,3.6,0.00004,1,,,,,0.00022,0.00001,3.2,0.00004
855,1,,,,,0.00022,0.00000,3.6,0.00004,1,,,,,0.02721,0.00000,624.2,0.00001
856,1,,,,,0.00022,0.00000,3.6,0.00004,1,,,,,0.07579,0.00218,497.3,0.00000
857,1,,,,,0.00022,0.00000,3.5,0.00004,1,,,,,0.00177,0.00001,2275.2,0.01382
858,1,,,,,0.00022,0.00001,3.6,0.00004,1,,,,,0.08263,0.00029,531.4,0.00001
859,1,,,,,0.00022,0.00000,3.7,0.00004,1,,,,,0.08697,0.01265,515.5,0.00000
860,1,,,,,0.00022,0.00000,3.6,0.00004,1,,,,,0.05551,0.01272,320.2,0.00000
861,1,,,,,0.00022,0.00000,3.7,0.00004,1,,,,,0.06977,0.00478,545.9,0.00000
862,1,,,,,0.00022,0.00001,3.8,0.00004,1,,,,,0.07378,0.01560,475.9,0.00000
863,1,,,,,0.00022,0.00000,3.7,0.00004,1,,,,,0.00700,0.00001,221.5,0.00020
864,1,,,,,0.00022,0.00000,3.6,0.00004,1,,,,,0.08785,0.00961,634.6,0.00001
865,1,,,,,0.00022,0.00000,3.7,0.00004,1,,,,,0.06080,0.01287,667.2,0.00001
866,1,,,,,0.00022,0.00000,3.7,0.00004,1,,,,,0.03168,0.00026,412.8,0.00002
867,1,,,,,0.00022,0.00000,3.7,0.00004,1,,,,,0.05061,0.00033,480.4,0.00000
868,1,,,,,0.00022,0.00000,3.7,0.00004,1,,,,,0.02086,0.00005,218.5,0.00005
869,1,,,,,0.00022,0.00000,3.7,0.00004,1,,,,,0.03016,0.00052,632.8,0.00001
870,1,,,,,0.00022,0.00000,3.7,0.00004,1,,,,,0.02388,0.00009,428.3,0.00001
871,1,,,,,0.00022,0.00000,3.7,0.00004,1,,,,,0.00861,0.00237,334.0,0.00007
872,1,,,,,0.00022,0.00001,3.7,0.00004,1,,,,,0.06215,0.00041,528.3,0.00000
873,1,,,,,0.00022,0.00000,3.7,0.00004,1,,,,,0.04916,0.00751,408.8,0.00000
874,1,,,,,0.00022,0.00000,3.7,0.00004,1,,,,,0.00034,0.00004,11.5,0.00020
875,1,,,,,0.00022,0.00000,3.7,0.00004,1,,,,,0.04735,0.00029,506.2,0.00001
876,1,,,,,0.00022,0.00000,3.7,0.00005,1,,,,,0.02679,0.00199,534.6,0.00002
877,1,,,,,0.00022,0.00000,3.7,0.00004,1,,,,,0.00823,0.00013,458.3,0.00002
878,1,,,,,0.00022,0.00000,3.8,0.00004,1,,,,,0.00144,0.00017,140.7,0.00003
879,1,,,,,0.00022,0.00000,3.6,0.00004,1,,,,,0.00022,0.00000,3.2,0.00004
880,1,,,,,0.00022,0.00000,3.7,0.00004,1,,,,,0.00022,0.00000,3.1,0.00004
881,1,,,,,0.00022,0.00000,3.7,0.00004,1,,,,,0.00022,0.00000,3.2,0.00004
882,1,,,,,0.00022,0.00000,3.7,0.00004,1,,,,,0.00022,0.00000,3.1,0.00004
883,1,,,,,0.00022,0.00000,3.7,0.00004,1,,,,,0.00022,0.00000,3.2,0.00004
884,1,,,,,0.00022,0.00000,3.6,0.00004,1,,,,,0.00022,0.00000,3.2,0.00004
885,1,,,,,0.00022,0.00001,3.6,0.00004,1,,,,,0.00022,0.00000,3.1,0.00004
886,1,,,,,0.00022,0.00001,3.6,0.00004,1,,,,,0.00022,0.00000,3.1,0.00004
887,1,,,,,0.00022,0.00000,3.5,0.00004,1,,,,,0.00022,0.00001,3.1,0.00004
888,1,,,,,0.00022,0.00000,3.6,0.00004,1,,,,,0.00022,0.00000,3.1,0.00004
889,1,,,,,0.00022,0.00001,3.6,0.00004,1,,,,,0.00022,0.00000,3.1,0.00004
890,1,,,,,0.00022,0.00001,3.6,0.00004,1,,,,,0.00022,0.00000,3.1,0.00004
891,1,,,,,0.00022,0.00001,3.6,0.00004,1,,,,,0.00022,0.00001,3.1,0.00004
892,1,,,,,0.00022,0.00000,3.5,0.00004,1,,,,,0.00022,0.00000,3.1,0.00004
893,1,,,,,0.00022,0.00001,3.6,0.00004,1,,,,,0.00022,0.00000,3.1,0.00004
894,1,,,,,0.00022,0.00001,3.6,0.00004,1,,,,,0.00022,0.00000,3.1,0.00003
895,1,,,,,0.00022,0.00000,3.6,0.00004,1,,,,,0.00022,0.00000,3.1,0.00004
896,1,,,,,0.00022,0.00000,3.6,0.00004,1,,,,,0.00022,0.00000,3.1,0.00004
897,1,,,,,0.00022,0.00000,3.6,0.00004,1,,,,,0.00022,0.00000,3.1,0.00004
898,1,,,,,0.00022,0.00001,3.7,0.00004,1,,,,,0.00022,0.00000,3.1,0.00004
899,1,,,,,0.00022,0.00000,3.7,0.00004,1,,,,,0.00022,0.00000,3.1,0.00004
900,1,,,,,0.00022,0.00000,3.7,0.00004,1,,,,,0.00022,0.00000,3.1,0.00004
901,1,,,,,0.00022,0.00000,3.7,0.00004,1,,,,,0.00022,0.00000,3.1,0.00004
902,1,,,,,0.00022,0.00000,3.7,0.00004,1,,,,,0.00022,0.00001,3.2,0.00004
903,1,,,,,0.00022,0.00000,3.7,0.00004,1,,,,,0.00022,0.00000,3.1,0.00004
904,1,,,,,0.00022,0.00000,3.7,0.00004,1,,,,,0.00022,0.00000,3.2,0.00004
905,1,,,,,0.00022,0.00000,3.7,0.00004,1,,,,,0.00022,0.00000,3.2,0.00004
906,1,,,,,0.00022,0.00000,3.7,0.00004,1,,,,,0.00022,0.00000,3.2,0.00004
907,1,,,,,0.00022,0.00000,3.7,0.00005,1,,,,,0.00022,0.00000,3.2,0.00004
908,1,,,,,0.00022,0.00000,3.6,0.00004,1,,,,,0.00022,0.00001,3.1,0.00003
909,1,,,,,0.00022,0.00000,3.6,0.00004,1,,,,,0.00022,0.00001,3.2,0.00004
910,1,,,,,0.00022,0.00000,3.5,0.00004,1,,,,,0.00022,0.00000,3.1,0.00004
911,1,,,,,0.00022,0.00001,3.6,0.00004,1,,,,,0.00022,0.00000,3.1,0.00004
912,1,,,,,0.00022,0.00000,3.5,0.00004,1,,,,,0.00022,0.00000,3.1,0.00004
913,1,,,,,0.00022,0.00000,3.6,0.00004,1,,,,,0.00022,0.00000,3.1,0.00004
914,1,,,,,0.00022,0.00001,3.7,0.00004,1,,,,,0.00022,0.00000,3.1,0.00003
915,1,,,,,0.00022,0.00001,3.6,0.00004,1,,,,,0.00022,0.00000,3.1,0.00004
916,1,,,,,0.00022,0.00000,3.7,0.00004,1,,,,,0.00022,0.00001,3.1,0.00004
917,1,,,,,0.00022,0.00001,3.7,0.00004,1,,,,,0.00022,0.00000,3.1,0.00004
918,1,,,,,0.00022,0.00000,3.4,0.00004,1,,,,,0.00022,0.00000,3.1,0.00004
919,1,,,,,0.00022,0.00000,3.4,0.00004,1,,,,,0.00022,0.00000,3.2,0.00004
920,1,,,,,0.00022,0.00000,3.5,0.00004,1,,,,,0.00022,0.00000,3.1,0.00004
921,1,,,,,0.00022,0.00000,3.5,0.00004,1,,,,,0.00022,0.00000,3.1,0.00003
922,1,,,,,0.00022,0.00000,3.4,0.00004,1,,,,,0.00022,0.00000,3.2,0.00004
923,1,,,,,0.00022,0.00000,3.4,0.00004,1,,,,,0.00022,0.00000,3.1,0.00003
924,1,,,,,0.00022,0.00001,3.5,0.00004,1,,,,,0.00022,0.00000,3.1,0.00004
925,1,,,,,0.00022,0.00000,3.4,0.00004,1,,,,,0.00022,0.00000,3.1,0.00004
926,1,,,,,0.00022,0.00000,3.5,0.00004,1,,,,,0.00022,0.00000,3.1,0.00003
927,1,,,,,0.00022,0.00000,3.5,0.00004,1,,,,,0.00022,0.00000,3.1,0.00003
928,1,,,,,0.00022,0.00001,3.4,0.00004,1,,,,,0.00022,0.00001,3.1,0.00003
929,1,,,,,0.00022,0.00000,3.5,0.00004,1,,,,,0.00022,0.00000,3.2,0.00004
930,1,,,,,0.00022,0.00000,3.5,0.00004,1,,,,,0.00022,0.00000,3.2,0.00004
931,1,,,,,0.00022,0.00000,3.5,0.00004,1,,,,,0.00022,0.00000,3.1,0.00004
932,1,,,,,0.00022,0.00000,3.5,0.00004,1,,,,,0.00022,0.00000,3.1,0.00004
933,1,,,,,0.00022,0.00000,3.7,0.00005,1,,,,,0.00022,0.00000,3.1,0.00003
934,1,,,,,0.00022,0.00000,3.5,0.00004,1,,,,,0.00022,0.00000,3.2,0.00004
935,1,,,,,0.00022,0.00000,3.7,0.00004,1,,,,,0.00022,0.00000,3.2,0.00004
936,1,,,,,0.00022,0.00001,3.7,0.00004,1,,,,,0.00022,0.00000,3.1,0.00004
937,1,,,,,0.00022,0.00001,3.7,0.00004,1,,,,,0.00022,0.00000,3.1,0.00003
938,1,,,,,0.00022,0.00000,3.7,0.00004,1,,,,,0.00022,0.00000,3.2,0.00003
939,1,,,,,0.00022,0.00000,3.6,0.00004,1,,,,,0.00022,0.00001,3.1,0.00003
940,1,,,,,0.00022,0.00001,3.6,0.00004,1,,,,,0.00022,0.00000,3.1,0.00003
941,1,,,,,0.00022,0.00000,3.7,0.00004,1,,,,,0.00022,0.00000,3.1,0.00003
942,1,,,,,0.00022,0.00000,3.6,0.00004,1,,,,,0.00022,0.00000,3.2,0.00004
943,1,,,,,0.00022,0.00001,3.6,0.00004,1,,,,,0.00022,0.00000,3.1,0.00004
944,1,,,,,0.00022,0.00000,3.6,0.00004,1,,,,,0.00022,0.00000,3.2,0.00004
945,1,,,,,0.00022,0.00000,3.6,0.00005,1,,,,,0.00022,0.00000,3.1,0.00003
946,1,,,,,0.00022,0.00001,3.6,0.00004,1,,,,,0.00022,0.00000,3.1,0.00004
947,1,,,,,0.00022,0.00000,3.6,0.00005,1,,,,,0.00022,0.00000,3.1,0.00004
948,1,,,,,0.00022,0.00000,3.6,0.00004,1,,,,,0.00022,0.00001,3.1,0.00004
949,1,,,,,0.00022,0.00000,3.6,0.00004,1,,,,,0.00022,0.00000,3.1,0.00004
950,1,,,,,0.00022,0.00000,3.6,0.00005,1,,,,,0.00022,0.00000,3.1,0.00003
951,1,,,,,0.00022,0.00001,3.7,0.00004,1,,,,,0.00022,0.00000,3.1,0.00004
952,1,,,,,0.00022,0.00000,3.5,0.00004,1,,,,,0.00022,0.00000,3.1,0.00004
953,1,,,,,0.00022,0.00000,3.5,0.00004,1,,,,,0.00022,0.00000,3.1,0.00004
954,1,,,,,0.00022,0.00000,3.7,0.00004,1,,,,,0.00022,0.00000,3.2,0.00004
955,1,,,,,0.00022,0.00000,3.4,0.00004,1,,,,,0.00022,0.00000,3.1,0.00004
956,1,,,,,0.00022,0.00000,3.4,0.00004,1,,,,,0.00022,0.00000,3.2,0.00004
957,1,,,,,0.00022,0.00000,3.4,0.00004,1,,,,,0.00022,0.00000,3.1,0.00004
958,1,,,,,0.00022,0.00000,3.4,0.00004,1,,,,,0.00022,0.00000,3.1,0.00004
959,1,,,,,0.00022,0.00000,3.4,0.00004,1,,,,,0.00022,0.00000,3.1,0.00004
960,1,,,,,0.00022,0.00000,3.5,0.00004,1,,,,,0.00022,0.00000,3.2,0.00004
961,1,,,,,0.00022,0.00000,3.5,0.00004,1,,,,,0.00022,0.00000,3.1,0.00004
962,1,,,,,0.00022,0.00001,3.4,0.00004,1,,,,,0.00022,0.00000,3.1,0.00004
963,1,,,,,0.00022,0.00000,3.5,0.00004,1,,,,,0.00022,0.00000,3.2,0.00004
964,1,,,,,0.00022,0.00000,3.4,0.00004,1,,,,,0.00022,0.00000,3.2,0.00004
965,1,,,,,0.00022,0.00000,3.5,0.00004,1,,,,,0.00022,0.00000,3.2,0.00004
966,1,,,,,0.00022,0.00000,3.4,0.00004,1,,,,,0.00022,0.00000,3.2,0.00004
967,1,,,,,0.00022,0.00000,3.4,0.00005,1,,,,,0.00022,0.00000,3.1,0.00004
968,1,,,,,0.00022,0.00000,3.4,0.00004,1,,,,,0.00022,0.00000,3.1,0.00004
969,1,,,,,0.00022,0.00000,3.4,0.00004,1,,,,,0.00022,0.00000,3.2,0.00004
970,1,,,,,0.00022,0.00000,3.7,0.00004,1,,,,,0.00022,0.00000,3.2,0.00004
971,1,,,,,0.00022,0.00000,3.7,0.00004,1,,,,,0.00022,0.00000,3.2,0.00003
972,1,,,,,0.00022,0.00001,3.7,0.00004,1,,,,,0.00022,0.00001,3.2,0.00003
973,1,,,,,0.00022,0.00001,3.6,0.00004,1,,,,,0.00022,0.00000,3.2,0.00004
974,1,,,,,0.00022,0.00000,3.8,0.00004,1,,,,,0.00022,0.00001,3.2,0.00003
975,1,,,,,0.00022,0.00000,3.7,0.00004,1,,,,,0.00022,0.00000,3.2,0.00004
976,1,,,,,0.00022,0.00000,3.8,0.00005,1,,,,,0.00022,0.00000,3.2,0.00004
977,1,,,,,0.00022,0.00000,3.7,0.00004,1,,,,,0.00022,0.00000,3.1,0.00004
978,1,,,,,0.00022,0.00001,3.7,0.00004,1,,,,,0.00022,0.00000,3.1,0.00004
979,1,,,,,0.00022,0.00001,3.7,0.00004,1,,,,,0.00022,0.00000,3.1,0.00003
980,1,,,,,0.00022,0.00000,3.7,0.00004,1,,,,,0.00022,0.00000,3.1,0.00004
981,1,,,,,0.00022,0.00001,3.7,0.00004,1,,,,,0.00022,0.00001,3.1,0.00004
982,1,,,,,0.00022,0.00000,3.7,0.00004,1,,,,,0.00022,0.00000,3.2,0.00004
983,1,,,,,0.00022,0.00001,3.7,0.00004,1,,,,,0.00022,0.00000,3.2,0.00004
984,1,,,,,0.00022,0.00001,3.7,0.00005,1,,,,,0.00022,0.00001,3.2,0.00004
985,1,,,,,0.00022,0.00000,3.6,0.00004,1,,,,,0.00022,0.00000,3.2,0.00004
986,1,,,,,0.00022,0.00001,3.7,0.00004,1,,,,,0.00022,0.00000,3.2,0.00004
987,1,,,,,0.00022,0.00000,3.7,0.00004,1,,,,,0.00022,0.00000,3.2,0.00004
988,1,,,,,0.00022,0.00000,3.7,0.00005,1,,,,,0.00022,0.00000,3.2,0.00004
989,1,,,,,0.00022,0.00000,3.7,0.00004,1,,,,,0.00022,0.00000,3.2,0.00004
990,1,,,,,0.00022,0.00000,3.7,0.00004,1,,,,,0.00022,0.00000,3.3,0.00004
991,1,,,,,0.00022,0.00000,3.7,0.00004,1,,,,,0.00022,0.00000,3.4,0.00004
992,1,,,,,0.00022,0.00000,3.7,0.00004,1,,,,,0.00022,0.00000,3.3,0.00004
993,1,,,,,0.00022,0.00000,3.7,0.00004,1,,,,,0.00022,0.00001,3.3,0.00004
994,1,,,,,0.00022,0.00000,3.7,0.00004,1,,,,,0.00022,0.00000,3.4,0.00004
995,1,,,,,0.00022,0.00000,3.7,0.00004,1,,,,,0.00022,0.00000,3.2,0.00004
996,1,,,,,0.00022,0.00000,3.7,0.00004,1,,,,,0.00022,0.00000,3.3,0.00004
997,1,,,,,0.00022,0.00000,3.7,0.00004,1,,,,,0.00022,0.00000,3.3,0.00003
998,1,,,,,0.00022,0.00001,3.7,0.00004,1,,,,,0.00022,0.00000,3.3,0.00004
999,1,,,,,0.00022,0.00000,3.5,0.00004,1,,,,,0.00022,0.00000,3.3,0.00004
1000,1,,,,,0.00022,0.00001,3.6,0.00004,1,,,,,0.00022,0.00000,3.3,0.00004
1001,1,,,,,0.00022,0.00001,3.6,0.00004,1,,,,,0.00022,0.00000,3.6,0.00004
1002,1,,,,,0.00022,0.00000,3.6,0.00004,1,,,,,0.00022,0.00001,3.6,0.00004
1003,1,,,,,0.00022,0.00000,3.6,0.00004,1,,,,,0.00022,0.00001,3.5,0.00004
1004,1,,,,,0.00022,0.00001,3.6,0.00004,1,,,,,0.00022,0.00000,3.4,0.00004
1005,1,,,,,0.00022,0.00000,3.6,0.00004,1,,,,,0.00022,0.00000,3.4,0.00004
1006,1,,,,,0.00022,0.00000,3.6,0.00004,1,,,,,0.00022,0.00001,3.4,0.00004
1007,1,,,,,0.00022,0.00000,3.7,0.00004,1,,,,,0.00022,0.00001,3.5,0.00005
1008,1,,,,,0.00022,0.00000,3.6,0.00004,1,,,,,0.00022,0.00000,3.4,0.00004
1009,1,,,,,0.00022,0.00000,3.6,0.00004,1,,,,,0.00022,0.00000,3.4,0.00004
1010,1,,,,,0.00022,0.00000,3.7,0.00004,1,,,,,0.00022,0.00000,3.5,0.00004
1011,1,,,,,0.00022,0.00000,3.6,0.00004,1,,,,,0.00022,0.00000,3.4,0.00004
1012,1,,,,,0.00022,0.00000,3.6,0.00004,1,,,,,0.00022,0.00000,3.5,0.00004
1013,1,,,,,0.00022,0.00000,3.7,0.00004,1,,,,,0.00022,0.00000,3.5,0.00004
1014,1,,,,,0.00022,0.00001,3.6,0.00004,1,,,,,0.00022,0.00000,3.5,0.00004
1015,1,,,,,0.00022,0.00000,3.6,0.00004,1,,,,,0.00022,0.00000,3.5,0.00004
1016,1,,,,,0.00022,0.00000,3.7,0.00004,1,,,,,0.00022,0.00000,3.4,0.00004
1017,1,,,,,0.00022,0.00000,3.7,0.00004,1,,,,,0.00022,0.00001,3.5,0.00004
1018,1,,,,,0.00022,0.00000,3.7,0.00004,1,,,,,0.00022,0.00000,3.5,0.00004
1019,1,,,,,0.00022,0.00000,3.7,0.00004,1,,,,,0.00022,0.00000,3.5,0.00004
1020,1,,,,,0.00022,0.00001,3.7,0.00004,1,,,,,0.00022,0.00000,3.5,0.00004
1021,1,,,,,0.00022,0.00000,3.6,0.00004,1,,,,,0.00022,0.00001,3.5,0.00005
1022,1,,,,,0.00022,0.00000,3.7,0.00004,1,,,,,0.00022,0.00000,3.5,0.00004
1023,1,,,,,0.00022,0.00001,3.7,0.00004,1,,,,,0.00022,0.00000,3.5,0.00004
1024,1,,,,,0.00022,0.00000,3.7,0.00004,1,,,,,0.00022,0.00000,3.5,0.00004
1025,1,,,,,0.00022,0.00000,3.7,0.00004,1,,,,,0.00022,0.00000,3.5,0.00004
1026,1,,,,,0.00022,0.00000,3.6,0.00004,1,,,,,0.00022,0.00000,3.5,0.00004
1027,1,,,,,0.00022,0.00000,3.4,0.00004,1,,,,,0.00022,0.00000,3.5,0.00004
1028,1,,,,,0.00022,0.00000,3.5,0.00004,1,,,,,0.00022,0.00000,3.5,0.00004
1029,1,,,,,0.00022,0.00000,3.5,0.00004,1,,,,,0.00022,0.00001,3.5,0.00004
1030,1,,,,,0.00022,0.00000,3.5,0.00004,1,,,,,0.00022,0.00000,3.5,0.00004
1031,1,,,,,0.00022,0.00001,3.5,0.00004,1,,,,,0.00022,0.00000,3.5,0.00004
1032,1,,,,,0.00022,0.00001,3.5,0.00004,1,,,,,0.00022,0.00001,3.5,0.00004
1033,1,,,,,0.00022,0.00000,3.5,0.00004,1,,,,,0.00022,0.00001,3.6,0.00004
1034,1,,,,,0.00022,0.00000,3.4,0.00004,1,,,,,0.00022,0.00000,3.5,0.00004
1035,1,,,,,0.00022,0.00000,3.5,0.00004,1,,,,,0.00022,0.00001,3.6,0.00004
1036,1,,,,,0.00022,0.00000,3.5,0.00004,1,,,,,0.00022,0.00000,3.6,0.00004
1037,1,,,,,0.00022,0.00000,3.5,0.00004,1,,,,,0.00022,0.00000,3.6,0.00004
1038,1,,,,,0.00022,0.00000,3.5,0.00004,1,,,,,0.00022,0.00001,3.6,0.00004
1039,1,,,,,0.00022,0.00001,3.4,0.00004,1,,,,,0.00022,0.00000,3.6,0.00004
1040,1,,,,,0.00022,0.00000,3.5,0.00004,1,,,,,0.00022,0.00000,3.6,0.00004
1041,1,,,,,0.00022,0.00000,3.5,0.00004,1,,,,,0.00022,0.00001,3.5,0.00004
1042,1,,,,,0.00022,0.00001,3.5,0.00004,1,,,,,0.00022,0.00000,3.5,0.00004
1043,1,,,,,0.00022,0.00000,3.5,0.00004,1,,,,,0.00022,0.00001,3.5,0.00004
1044,1,,,,,0.00022,0.00000,3.5,0.00004,1,,,,,0.00022,0.00000,3.5,0.00004
1045,1,,,,,0.00022,0.00000,3.5,0.00004,1,,,,,0.00022,0.00000,3.5,0.00003
1046,1,,,,,0.00022,0.00000,3.5,0.00004,1,,,,,0.00022,0.00000,3.5,0.00004
1047,1,,,,,0.00022,0.00000,3.8,0.00004,1,,,,,0.00022,0.00001,3.5,0.00004
1048,1,,,,,0.00022,0.00001,3.8,0.00004,1,,,,,0.00022,0.00000,3.5,0.00004
1049,1,,,,,0.00022,0.00000,3.5,0.00004,1,,,,,0.00022,0.00000,3.5,0.00004
1050,1,,,,,0.00022,0.00000,3.5,0.00004,1,,,,,0.00022,0.00000,3.6,0.00003
1051,1,,,,,0.00022,0.00000,3.5,0.00004,1,,,,,0.00022,0.00000,3.5,0.00004
1052,1,,,,,0.00022,0.00000,3.6,0.00004,1,,,,,0.00022,0.00000,3.6,0.00004
1053,1,,,,,0.00022,0.00000,3.7,0.00004,1,,,,,0.00022,0.00000,3.6,0.00004
1054,1,,,,,0.00022,0.00000,3.8,0.00005,1,,,,,0.00022,0.00001,3.6,0.00004
1055,1,,,,,0.00022,0.00000,3.7,0.00004,1,,,,,0.00022,0.00000,3.6,0.00004
1056,1,,,,,0.00022,0.00001,3.7,0.00004,1,,,,,0.00022,0.00000,3.6,0.00004
1057,1,,,,,0.00022,0.00000,3.7,0.00004,1,,,,,0.00022,0.00001,3.6,0.00004
1058,1,,,,,0.00022,0.00000,3.6,0.00004,1,,,,,0.00022,0.00000,3.6,0.00004
1059,1,,,,,0.00022,0.00000,3.7,0.00004,1,,,,,0.00022,0.00000,3.6,0.00004
1060,1,,,,,0.00022,0.00000,3.7,0.00004,1,,,,,0.00022,0.00000,3.6,0.00004
1061,1,,,,,0.00022,0.00000,3.7,0.00005,1,,,,,0.00022,0.00001,3.6,0.00004
1062,1,,,,,0.00022,0.00000,3.7,0.00004,1,,,,,0.00022,0.00000,3.6,0.00004
1063,1,,,,,0.00022,0.00000,3.7,0.00005,1,,,,,0.00022,0.00000,3.6,0.00004
1064,1,,,,,0.00022,0.00000,3.7,0.00004,1,,,,,0.00022,0.00000,3.6,0.00004
1065,1,,,,,0.00022,0.00000,3.7,0.00004,1,,,,,0.00022,0.00001,3.6,0.00004
1066,1,,,,,0.00022,0.00001,3.8,0.00004,1,,,,,0.00022,0.00000,3.6,0.00004
1067,1,,,,,0.00022,0.00000,3.8,0.00004,1,,,,,0.00022,0.00001,3.6,0.00004
1068,1,,,,,0.00022,0.00000,3.7,0.00004,1,,,,,0.00022,0.00000,3.6,0.00004
1069,1,,,,,0.00022,0.00000,3.6,0.00004,1,,,,,0.00022,0.00000,3.6,0.00004
1070,1,,,,,0.00022,0.00000,3.6,0.00004,1,,,,,0.00022,0.00000,3.6,0.00004
1071,1,,,,,0.00022,0.00001,3.6,0.00004,1,,,,,0.00022,0.00001,3.6,0.00004
1072,1,,,,,0.00022,0.00001,3.6,0.00004,1,,,,,0.00022,0.00000,3.6,0.00004
1073,1,,,,,0.00022,0.00000,3.6,0.00004,1,,,,,0.00022,0.00000,3.6,0.00004
1074,1,,,,,0.00022,0.00000,3.6,0.00004,1,,,,,0.00022,0.00000,3.6,0.00004
1075,1,,,,,0.00022,0.00000,3.6,0.00004,1,,,,,0.00022,0.00001,3.6,0.00004
1076,1,,,,,0.00022,0.00000,3.6,0.00004,1,,,,,0.00022,0.00000,3.6,0.00005
1077,1,,,,,0.00022,0.00000,3.6,0.00004,1,,,,,0.00022,0.00000,3.6,0.00004
1078,1,,,,,0.00022,0.00000,3.6,0.00004,1,,,,,0.00022,0.00000,3.7,0.00004
1079,1,,,,,0.00022,0.00001,3.7,0.00005,1,,,,,0.00022,0.00001,3.7,0.00004
1080,1,,,,,0.00022,0.00000,3.7,0.00004,1,,,,,0.00022,0.00000,3.6,0.00004
1081,1,,,,,0.00022,0.00000,3.8,0.00005,1,,,,,0.00100,0.00001,6750.2,0.06196
1082,1,,,,,0.00022,0.00000,3.7,0.00004,1,,,,,0.01289,0.00145,2352.5,0.06540
1083,1,,,,,0.00022,0.00000,3.7,0.00004,1,,,,,0.02866,0.00012,654.0,0.00001
1084,1,,,,,0.00022,0.00000,3.7,0.00004,1,,,,,0.02976,0.00351,388.0,0.00000
1085,1,,,,,0.00022,0.00000,3.7,0.00004,1,,,,,0.01478,0.00085,266.3,0.00009
1086,1,,,,,0.00022,0.00001,3.7,0.00005,1,,,,,0.00212,0.00353,2806.7,0.02275
1087,1,,,,,0.00022,0.00000,3.5,0.00004,1,,,,,0.04973,0.00000,369.6,0.00002
1088,1,,,,,0.00022,0.00000,3.6,0.00004,1,,,,,0.08193,0.01656,463.4,0.00001
1089,1,,,,,0.00022,0.00001,3.7,0.00004,1,,,,,0.06063,0.01214,589.8,0.00002
1090,1,,,,,0.00022,0.00001,3.7,0.00004,1,,,,,0.04053,0.00422,473.2,0.00000
1091,1,,,,,0.00022,0.00000,3.7,0.00004,1,,,,,0.00231,0.00004,165.0,0.00001
1092,1,,,,,0.00022,0.00000,3.7,0.00004,1,,,,,0.00257,0.00006,1628.3,0.00026
1093,1,,,,,0.00022,0.00001,3.7,0.00004,1,,,,,0.02658,0.00031,600.5,0.00001
1094,1,,,,,0.00022,0.00000,3.7,0.00004,1,,,,,0.02338,0.00239,382.1,0.00000
1095,1,,,,,0.00022,0.00001,3.7,0.00004,1,,,,,0.01876,0.00211,323.2,0.00001
1096,1,,,,,0.00022,0.00000,3.6,0.00004,1,,,,,0.07797,0.00021,497.5,0.00000
1097,1,,,,,0.00022,0.00000,3.7,0.00004,1,,,,,0.06028,0.01092,407.9,0.00000
1098,1,,,,,0.00022,0.00000,3.7,0.00005,1,,,,,0.00433,0.00024,1623.2,0.01060
1099,1,,,,,0.00022,0.00000,3.7,0.00004,1,,,,,0.07951,0.00443,543.9,0.00001
1100,1,,,,,0.00022,0.00000,3.7,0.00004,1,,,,,0.07585,0.01997,615.2,0.00001
1101,1,,,,,0.00022,0.00000,3.7,0.00004,1,,,,,0.05149,0.00350,531.5,0.00001
1102,1,,,,,0.00022,0.00001,3.7,0.00005,1,,,,,0.01223,0.00081,394.6,0.00000
1103,1,,,,,0.00022,0.00000,3.7,0.00004,1,,,,,0.00303,0.00004,177.9,0.00001
1104,1,,,,,0.00022,0.00001,3.7,0.00005,1,,,,,0.00022,0.00000,3.4,0.00004
1105,1,,,,,0.00022,0.00000,3.6,0.00004,1,,,,,0.00022,0.00000,3.4,0.00004
1106,1,,,,,0.00022,0.00000,3.6,0.00004,1,,,,,0.00022,0.00000,3.3,0.00004
1107,1,,,,,0.00022,0.00000,3.8,0.00004,1,,,,,0.00022,0.00000,3.3,0.00003
1108,1,,,,,0.00022,0.00001,3.7,0.00005,1,,,,,0.00022,0.00000,3.3,0.00004
1109,1,,,,,0.00022,0.00000,3.5,0.00004,1,,,,,0.00022,0.00000,3.3,0.00004
1110,1,,,,,0.00022,0.00000,3.7,0.00004,1,,,,,0.00022,0.00000,3.3,0.00004
1111,1,,,,,0.00022,0.00001,3.7,0.00005,1,,,,,0.00022,0.00000,3.4,0.00004
1112,1,,,,,0.00022,0.00000,3.7,0.00004,1,,,,,0.00022,0.00001,3.4,0.00004
1113,1,,,,,0.00022,0.00001,3.7,0.00004,1,,,,,0.00022,0.00000,3.3,0.00004
1114,1,,,,,0.00022,0.00000,3.7,0.00004,1,,,,,0.00022,0.00000,3.3,0.00004
1115,1,,,,,0.00022,0.00000,3.6,0.00004,1,,,,,0.00022,0.00000,3.3,0.00004
1116,1,,,,,0.00022,0.00000,3.6,0.00004,1,,,,,0.00022,0.00000,3.4,0.00004
1117,1,,,,,0.00022,0.00000,3.6,0.00004,1,,,,,0.00022,0.00001,3.3,0.00004
1118,1,,,,,0.00022,0.00000,3.6,0.00004,1,,,,,0.00022,0.00000,3.4,0.00004
1119,1,,,,,0.00022,0.00000,3.7,0.00004,1,,,,,0.00022,0.00000,3.3,0.00003
1120,1,,,,,0.00022,0.00000,3.7,0.00004,1,,,,,0.00022,0.00000,3.3,0.00004
1121,1,,,,,0.00022,0.00000,3.7,0.00004,1,,,,,0.00022,0.00001,3.3,0.00004
1122,1,,,,,0.00022,0.00000,3.8,0.00004,1,,,,,0.00022,0.00000,3.3,0.00004
1123,1,,,,,0.00022,0.00001,3.8,0.00004,1,,,,,0.00022,0.00000,3.2,0.00004
1124,1,,,,,0.00022,0.00001,3.8,0.00004,1,,,,,0.00022,0.00000,3.2,0.00004
1125,1,,,,,0.00022,0.00000,3.7,0.00004,1,,,,,0.00022,0.00000,3.3,0.00004
1126,1,,,,,0.00022,0.00000,3.8,0.00004,1,,,,,0.00022,0.00000,3.3,0.00004
1127,1,,,,,0.00022,0.00000,3.8,0.00004,1,,,,,0.00022,0.00000,3.3,0.00004
1128,1,,,,,0.00022,0.00000,3.7,0.00004,1,,,,,0.00022,0.00000,3.3,0.00004
1129,1,,,,,0.00022,0.00000,3.7,0.00004,1,,,,,0.00022,0.00000,3.3,0.00004
1130,1,,,,,0.00022,0.00000,3.8,0.00005,1,,,,,0.00022,0.00000,3.3,0.00004
1131,1,,,,,0.00022,0.00000,3.7,0.00004,1,,,,,0.00022,0.00000,3.3,0.00004
1132,1,,,,,0.00022,0.00000,3.7,0.00004,1,,,,,0.00022,0.00000,3.3,0.00004
1133,1,,,,,0.00022,0.00000,3.7,0.00004,1,,,,,0.00022,0.00000,3.2,0.00003
1134,1,,,,,0.00022,0.00001,3.7,0.00004,1,,,,,0.00022,0.00000,3.2,0.00004
1135,1,,,,,0.00022,0.00000,3.7,0.00004,1,,,,,0.00022,0.00000,3.2,0.00004
1136,1,,,,,0.00022,0.00000,3.7,0.00004,1,,,,,0.00022,0.00000,3.2,0.00004
1137,1,,,,,0.00022,0.00000,3.8,0.00005,1,,,,,0.00022,0.00000,3.2,0.00004
1138,1,,,,,0.00022,0.00000,3.7,0.00004,1,,,,,0.00022,0.00000,3.2,0.00004
1139,1,,,,,0.00022,0.00000,3.7,0.00004,1,,,,,0.00022,0.00000,3.2,0.00004
1140,1,,,,,0.00022,0.00000,3.8,0.00004,1,,,,,0.00022,0.00000,3.2,0.00004
1141,1,,,,,0.00022,0.00000,3.7,0.00004,1,,,,,0.00022,0.00000,3.2,0.00004
1142,1,,,,,0.00022,0.00000,3.5,0.00004,1,,,,,0.00022,0.00000,3.2,0.00004
1143,1,,,,,0.00022,0.00000,3.4,0.00004,1,,,,,0.00022,0.00000,3.2,0.00004
1144,1,,,,,0.00022,0.00000,3.5,0.00004,1,,,,,0.00022,0.00000,3.2,0.00003
1145,1,,,,,0.00022,0.00000,3.5,0.00004,1,,,,,0.00022,0.00000,3.2,0.00004
1146,1,,,,,0.00022,0.00000,3.5,0.00004,1,,,,,0.00022,0.00000,3.2,0.00004
1147,1,,,,,0.00022,0.00000,3.4,0.00004,1,,,,,0.00022,0.00000,3.2,0.00004
1148,1,,,,,0.00022,0.00000,3.4,0.00004,1,,,,,0.00022,0.00000,3.2,0.00004
1149,1,,,,,0.00022,0.00000,3.4,0.00004,1,,,,,0.00022,0.00000,3.2,0.00003
1150,1,,,,,0.00022,0.00000,3.6,0.00004,1,,,,,0.00022,0.00000,3.2,0.00004
1151,1,,,,,0.00022,0.00000,3.5,0.00004,1,,,,,0.00022,0.00000,3.2,0.00003
1152,1,,,,,0.00022,0.00000,3.4,0.00004,1,,,,,0.00022,0.00000,3.2,0.00004
1153,1,,,,,0.00022,0.00000,3.4,0.00004,1,,,,,0.00022,0.00000,3.2,0.00004
1154,1,,,,,0.00022,0.00000,3.4,0.00004,1,,,,,0.00022,0.00000,3.2,0.00004
1155,1,,,,,0.00022,0.00000,3.4,0.00004,1,,,,,0.00022,0.00000,3.2,0.00004
1156,1,,,,,0.00022,0.00000,3.4,0.00004,1,,,,,0.00022,0.00000,3.2,0.00004
1157,1,,,,,0.00022,0.00001,3.4,0.00004,1,,,,,0.00022,0.00000,3.2,0.00004
1158,1,,,,,0.00022,0.00001,3.4,0.00004,1,,,,,0.00022,0.00000,3.2,0.00003
1159,1,,,,,0.00022,0.00000,3.4,0.00004,1,,,,,0.00022,0.00000,3.3,0.00004
1160,1,,,,,0.00022,0.00000,3.4,0.00004,1,,,,,0.00022,0.00000,3.2,0.00004
1161,1,,,,,0.00022,0.00001,3.4,0.00004,1,,,,,0.00022,0.00000,3.2,0.00004
1162,1,,,,,0.00022,0.00000,3.4,0.00004,1,,,,,0.00022,0.00000,3.3,0.00004
1163,1,,,,,0.00022,0.00001,3.7,0.00004,1,,,,,0.00022,0.00000,3.3,0.00004
1164,1,,,,,0.00022,0.00000,3.7,0.00004,1,,,,,0.00022,0.00001,3.2,0.00004
1165,1,,,,,0.00022,0.00000,3.7,0.00005,1,,,,,0.00022,0.00000,3.2,0.00004
1166,1,,,,,0.00022,0.00000,3.6,0.00004,1,,,,,0.00022,0.00000,3.2,0.00004
1167,1,,,,,0.00022,0.00000,3.7,0.00004,1,,,,,0.00022,0.00000,3.2,0.00003
1168,1,,,,,0.00022,0.00000,3.7,0.00004,1,,,,,0.00022,0.00000,3.2,0.00004
1169,1,,,,,0.00022,0.00001,3.7,0.00004,1,,,,,0.00022,0.00000,3.2,0.00004
1170,1,,,,,0.00022,0.00000,3.6,0.00004,1,,,,,0.00022,0.00000,3.3,0.00004
1171,1,,,,,0.00022,0.00000,3.6,0.00005,1,,,,,0.00022,0.00000,3.2,0.00004
1172,1,,,,,0.00022,0.00000,3.7,0.00005,1,,,,,0.00022,0.00000,3.3,0.00004
1173,1,,,,,0.00022,0.00000,3.7,0.00005,1,,,,,0.00022,0.00000,3.2,0.00003
1174,1,,,,,0.00022,0.00000,3.6,0.00004,1,,,,,0.00022,0.00000,3.2,0.00004
1175,1,,,,,0.00022,0.00000,3.7,0.00004,1,,,,,0.00022,0.00000,3.2,0.00004
1176,1,,,,,0.00022,0.00000,3.7,0.00004,1,,,,,0.00022,0.00000,3.2,0.00004
1177,1,,,,,0.00022,0.00001,3.7,0.00005,1,,,,,0.00022,0.00000,3.3,0.00004
1178,1,,,,,0.00022,0.00000,3.4,0.00004,1,,,,,0.00022,0.00000,3.3,0.00004
1179,1,,,,,0.00022,0.00000,3.4,0.00004,1,,,,,0.00022,0.00001,3.3,0.00003
1180,1,,,,,0.00022,0.00000,3.4,0.00004,1,,,,,0.00022,0.00000,3.3,0.00004
1181,1,,,,,0.00022,0.00000,3.4,0.00004,1,,,,,0.00022,0.00000,3.3,0.00003
1182,1,,,,,0.00022,0.00000,3.4,0.00004,1,,,,,0.00022,0.00000,3.3,0.00004
1183,1,,,,,0.00022,0.00000,3.4,0.00004,1,,,,,0.00022,0.00000,3.3,0.00004
1184,1,,,,,0.00022,0.00000,3.4,0.00004,1,,,,,0.00022,0.00000,3.3,0.00004
1185,1,,,,,0.00022,0.00000,3.4,0.00004,1,,,,,0.00022,0.00000,3.2,0.00004
1186,1,,,,,0.00022,0.00000,3.4,0.00004,1,,,,,0.00022,0.00000,3.2,0.00004
1187,1,,,,,0.00022,0.00000,3.5,0.00004,1,,,,,0.00022,0.00000,3.2,0.00004
1188,1,,,,,0.00022,0.00000,3.4,0.00004,1,,,,,0.00022,0.00000,3.3,0.00004
1189,1,,,,,0.00022,0.00000,3.4,0.00004,1,,,,,0.00022,0.00000,3.2,0.00004
1190,1,,,,,0.00022,0.00000,3.4,0.00004,1,,,,,0.00022,0.00001,3.2,0.00003
1191,1,,,,,0.00022,0.00000,3.5,0.00004,1,,,,,0.00022,0.00000,3.2,0.00004
1192,1,,,,,0.00022,0.00000,3.5,0.00004,1,,,,,0.00022,0.00000,3.2,0.00005
1193,1,,,,,0.00022,0.00000,3.4,0.00004,1,,,,,0.00022,0.00000,3.2,0.00004
1194,1,,,,,0.00022,0.00000,3.4,0.00004,1,,,,,0.00022,0.00001,3.2,0.00004
1195,1,,,,,0.00022,0.00000,3.3,0.00004,1,,,,,0.00022,0.00001,3.2,0.00004
1196,1,,,,,0.00022,0.00000,3.4,0.00004,1,,,,,0.00022,0.00000,3.2,0.00004
1197,1,,,,,0.00022,0.00000,3.4,0.00004,1,,,,,0.00022,0.00001,3.2,0.00004
1198,1,,,,,0.00022,0.00000,3.6,0.00004,1,,,,,0.00022,0.00000,3.2,0.00004
1199,1,,,,,0.00022,0.00000,3.6,0.00005,1,,,,,0.00022,0.00000,3.2,0.00004
1200,1,,,,,0.00022,0.00000,3.5,0.00004,1,,,,,0.00022,0.00000,3.2,0.00004
1201,1,,,,,0.00022,0.00000,3.6,0.00004,1,,,,,0.00022,0.00000,3.2,0.00003
1202,1,,,,,0.00022,0.00000,3.7,0.00004,1,,,,,0.00022,0.00001,3.2,0.00003
1203,1,,,,,0.00022,0.00000,3.6,0.00004,1,,,,,0.00022,0.00000,3.2,0.00004
1204,1,,,,,0.00022,0.00000,3.6,0.00005,1,,,,,0.00022,0.00000,3.2,0.00004
1205,1,,,,,0.00022,0.00000,3.7,0.00004,1,,,,,0.00022,0.00000,3.2,0.00003
1206,1,,,,,0.00022,0.00000,3.7,0.00005,1,,,,,0.00022,0.00000,3.2,0.00004
1207,1,,,,,0.00022,0.00000,3.7,0.00005,1,,,,,0.00022,0.00000,3.2,0.00004
1208,1,,,,,0.00022,0.00000,3.6,0.00004,1,,,,,0.00022,0.00000,3.2,0.00004
1209,1,,,,,0.00022,0.00000,3.7,0.00005,1,,,,,0.00022,0.00000,3.2,0.00004
1210,1,,,,,0.00022,0.00000,3.6,0.00004,1,,,,,0.00022,0.00000,3.1,0.00003
1211,1,,,,,0.00022,0.00000,3.7,0.00004,1,,,,,0.00022,0.00001,3.1,0.00004
1212,1,,,,,0.00022,0.00001,3.6,0.00004,1,,,,,0.00022,0.00000,3.1,0.00003
1213,1,,,,,0.00022,0.00001,3.7,0.00005,1,,,,,0.00022,0.00000,3.1,0.00004
1214,1,,,,,0.00022,0.00000,3.7,0.00004,1,,,,,0.00022,0.00000,3.2,0.00004
1215,1,,,,,0.00022,0.00000,3.7,0.00004,1,,,,,0.00022,0.00000,3.1,0.00004
1216,1,,,,,0.00022,0.00001,3.7,0.00005,1,,,,,0.00022,0.00000,3.1,0.00004
1217,1,,,,,0.00022,0.00001,3.7,0.00004,1,,,,,0.00022,0.00000,3.2,0.00004
1218,1,,,,,0.00022,0.00001,3.7,0.00004,1,,,,,0.00022,0.00000,3.2,0.00003
1219,1,,,,,0.00022,0.00001,3.7,0.00004,1,,,,,0.00022,0.00000,3.2,0.00004
1220,1,,,,,0.00022,0.00001,3.6,0.00004,1,,,,,0.00022,0.00000,3.3,0.00004
1221,1,,,,,0.00022,0.00000,3.7,0.00004,1,,,,,0.00022,0.00000,3.2,0.00004
1222,1,,,,,0.00022,0.00000,3.7,0.00004,1,,,,,0.00022,0.00000,3.2,0.00004
1223,1,,,,,0.00022,0.00000,3.6,0.00005,1,,,,,0.00022,0.00000,3.2,0.00004
1224,1,,,,,0.00022,0.00000,3.6,0.00004,1,,,,,0.00022,0.00001,3.3,0.00004
1225,1,,,,,0.00022,0.00000,3.6,0.00004,1,,,,,0.00022,0.00000,3.5,0.00004
1226,1,,,,,0.00022,0.00000,3.6,0.00004,1,,,,,0.00022,0.00000,3.6,0.00004
1227,1,,,,,0.00022,0.00000,3.5,0.00004,1,,,,,0.00022,0.00000,3.6,0.00004
1228,1,,,,,0.00022,0.00000,3.6,0.00004,1,,,,,0.00022,0.00000,3.6,0.00004
1229,1,,,,,0.00022,0.00000,3.6,0.00004,1,,,,,0.00022,0.00001,3.7,0.00004
1230,1,,,,,0.00022,0.00000,3.6,0.00004,1,,,,,0.00022,0.00000,3.6,0.00004
1231,1,,,,,0.00022,0.00000,3.6,0.00004,1,,,,,0.00022,0.00000,3.6,0.00004
1232,1,,,,,0.00022,0.00000,3.6,0.00004,1,,,,,0.00022,0.00000,3.6,0.00004
1233,1,,,,,0.00022,0.00000,3.6,0.00004,1,,,,,0.00022,0.00001,3.6,0.00004
1234,1,,,,,0.00022,0.00000,3.6,0.00004,1,,,,,0.00022,0.00001,3.6,0.00004
1235,1,,,,,0.00022,0.00000,3.6,0.00004,1,,,,,0.00022,0.00000,3.6,0.00004
1236,1,,,,,0.00022,0.00000,3.5,0.00004,1,,,,,0.00022,0.00000,3.5,0.00004
1237,1,,,,,0.00022,0.00001,3.7,0.00004,1,,,,,0.00022,0.00001,3.6,0.00004
1238,1,,,,,0.00022,0.00000,3.7,0.00004,1,,,,,0.00022,0.00000,3.5,0.00004
1239,1,,,,,0.00022,0.00001,3.7,0.00004,1,,,,,0.00022,0.00001,3.5,0.00004
1240,1,,,,,0.00022,0.00001,3.7,0.00004,1,,,,,0.00022,0.00000,3.5,0.00005
1241,1,,,,,0.00022,0.00000,3.6,0.00004,1,,,,,0.00022,0.00000,3.4,0.00004
1242,1,,,,,0.00022,0.00001,3.7,0.00004,1,,,,,0.00022,0.00000,3.5,0.00004
1243,1,,,,,0.00022,0.00001,3.7,0.00004,1,,,,,0.00022,0.00001,3.5,0.00004
1244,1,,,,,0.00022,0.00001,3.7,0.00004,1,,,,,0.00022,0.00001,3.5,0.00004
1245,1,,,,,0.00022,0.00001,3.7,0.00004,1,,,,,0.00022,0.00001,3.5,0.00004
1246,1,,,,,0.00022,0.00000,3.7,0.00004,1,,,,,0.00022,0.00000,3.5,0.00004
1247,1,,,,,0.00022,0.00000,3.7,0.00004,1,,,,,0.00022,0.00000,3.5,0.00004
1248,1,,,,,0.00022,0.00000,3.7,0.00004,1,,,,,0.00022,0.00000,3.5,0.00004
1249,1,,,,,0.00022,0.00001,3.7,0.00004,1,,,,,0.00022,0.00000,3.5,0.00005
1250,1,,,,,0.00022,0.00000,3.7,0.00004,1,,,,,0.00022,0.00001,3.5,0.00004
1251,1,,,,,0.00022,0.00001,3.7,0.00004,1,,,,,0.00022,0.00001,3.6,0.00005
1252,1,,,,,0.00022,0.00000,3.8,0.00004,1,,,,,0.00022,0.00000,3.6,0.00005
1253,1,,,,,0.00022,0.00000,3.8,0.00004,1,,,,,0.00022,0.00000,3.5,0.00004
1254,1,,,,,0.00022,0.00001,3.7,0.00004,1,,,,,0.00022,0.00001,3.6,0.00004
1255,1,,,,,0.00022,0.00000,3.7,0.00004,1,,,,,0.00022,0.00000,3.6,0.00004
1256,1,,,,,0.00022,0.00000,3.8,0.00004,1,,,,,0.00022,0.00000,3.6,0.00004
1257,1,,,,,0.00022,0.00000,3.8,0.00004,1,,,,,0.00022,0.00000,3.6,0.00004
1258,1,,,,,0.00022,0.00000,3.8,0.00004,1,,,,,0.00022,0.00000,3.6,0.00004
1259,1,,,,,0.00022,0.00000,3.6,0.00004,1,,,,,0.00022,0.00000,3.6,0.00004
1260,1,,,,,0.00022,0.00000,3.5,0.00004,1,,,,,0.00022,0.00000,3.6,0.00004
1261,1,,,,,0.00022,0.00000,3.6,0.00004,1,,,,,0.00022,0.00000,3.6,0.00004
1262,1,,,,,0.00022,0.00001,3.7,0.00004,1,,,,,0.00022,0.00000,3.5,0.00004
1263,1,,,,,0.00022,0.00001,3.8,0.00004,1,,,,,0.00022,0.00000,3.6,0.00004
1264,1,,,,,0.00022,0.00000,3.8,0.00004,1,,,,,0.00022,0.00000,3.5,0.00004
1265,1,,,,,0.00022,0.00000,3.6,0.00004,1,,,,,0.00022,0.00000,3.5,0.00004
1266,1,,,,,0.00022,0.00000,3.6,0.00004,1,,,,,0.00022,0.00000,3.5,0.00004
1267,1,,,,,0.00022,0.00000,3.6,0.00004,1,,,,,0.00022,0.00000,3.5,0.00004
1268,1,,,,,0.00022,0.00000,3.6,0.00004,1,,,,,0.00499,0.00000,130.4,0.00001
1269,1,,,,,0.00022,0.00000,3.7,0.00004,1,,,,,0.02813,0.00016,450.5,0.00001
1270,1,,,,,0.00022,0.00000,3.7,0.00004,1,,,,,0.12370,0.00602,523.5,0.00000
1271,1,,,,,0.00022,0.00000,3.7,0.00004,1,,,,,0.08963,0.02145,444.2,0.00000
1272,1,,,,,0.00022,0.00001,3.8,0.00004,1,,,,,0.00783,0.00169,249.8,0.00003
1273,1,,,,,0.00022,0.00001,3.7,0.00004,1,,,,,0.00859,0.00001,237.1,0.00001
1274,1,,,,,0.00022,0.00000,3.8,0.00004,1,,,,,0.10930,0.00208,536.5,0.00000
1275,1,,,,,0.00022,0.00000,3.7,0.00004,1,,,,,0.08776,0.01832,478.9,0.00000
1276,1,,,,,0.00022,0.00000,3.8,0.00004,1,,,,,0.06942,0.00178,499.7,0.00000
1277,1,,,,,0.00022,0.00000,3.7,0.00004,1,,,,,0.03242,0.00952,489.7,0.00000
1278,1,,,,,0.00022,0.00000,3.7,0.00004,1,,,,,0.02745,0.00402,390.1,0.00000
1279,1,,,,,0.00022,0.00000,3.7,0.00004,1,,,,,0.02160,0.00380,304.9,0.00000
1280,1,,,,,0.00022,0.00000,3.7,0.00004,1,,,,,0.00884,0.00072,5715.2,0.00092
1281,1,,,,,0.00022,0.00001,3.7,0.00004,1,,,,,0.01402,0.00017,3978.9,0.00151
1282,1,,,,,0.00022,0.00000,3.7,0.00004,1,,,,,0.05291,0.00145,426.8,0.00049
1283,1,,,,,0.00022,0.00001,3.7,0.00004,1,,,,,0.00648,0.01812,5784.9,0.03874
1284,1,,,,,0.00022,0.00000,3.7,0.00004,1,,,,,0.05548,0.00140,300.3,0.00001
1285,1,,,,,0.00022,0.00000,3.7,0.00004,1,,,,,0.04294,0.00804,267.1,0.00000
1286,1,,,,,0.00022,0.00001,3.7,0.00004,1,,,,,0.03019,0.00089,424.4,0.00013
1287,1,,,,,0.00022,0.00000,3.7,0.00004,1,,,,,0.09825,0.00431,447.4,0.00000
1288,1,,,,,0.00022,0.00000,3.7,0.00004,1,,,,,0.06253,0.01146,396.6,0.00000
1289,1,,,,,0.00022,0.00000,3.7,0.00004,1,,,,,0.05244,0.00219,385.2,0.00000
1290,1,,,,,0.00022,0.00000,3.7,0.00004,1,,,,,0.04122,0.00647,378.2,0.00000
1291,1,,,,,0.00022,0.00001,3.7,0.00004,1,,,,,0.04450,0.00032,382.6,0.00000
1292,1,,,,,0.00022,0.00000,3.7,0.00004,1,,,,,0.01447,0.00166,185.1,0.00000
1293,1,,,,,0.00022,0.00000,3.8,0.00004,1,,,,,0.03188,0.00234,338.9,0.00000
1294,1,,,,,0.00022,0.00000,3.7,0.00004,1,,,,,0.02456,0.00140,355.4,0.00000
1295,1,,,,,0.00022,0.00000,3.7,0.00004,1,,,,,0.01622,0.00072,353.9,0.00000
1296,1,,,,,0.00022,0.00000,3.6,0.00004,1,,,,,0.01301,0.00002,257.4,0.00000
1297,1,,,,,0.00022,0.00000,3.6,0.00004,1,,,,,0.01213,0.00119,234.0,0.00000
1298,1,,,,,0.00022,0.00001,3.6,0.00004,1,,,,,0.03289,0.00011,491.1,0.00000
1299,1,,,,,0.00022,0.00000,3.6,0.00004,1,,,,,0.04567,0.00569,586.1,0.00001
1300,1,,,,,0.00022,0.00000,3.6,0.00004,1,,,,,0.04000,0.00008,439.6,0.00000
1301,1,,,,,0.00022,0.00001,3.6,0.00004,1,,,,,0.02744,0.00026,3333.3,0.01733
1302,1,,,,,0.00022,0.00001,3.6,0.00004,1,,,,,0.02406,0.00708,459.5,0.00006
1303,1,,,,,0.00022,0.00000,3.6,0.00004,1,,,,,0.05502,0.00024,477.3,0.00000
1304,1,,,,,0.00022,0.00000,3.7,0.00004,1,,,,,0.00859,0.00738,308.9,0.00303
1305,1,,,,,0.00022,0.00000,3.6,0.00004,1,,,,,0.04399,0.00031,403.9,0.00000
1306,1,,,,,0.00022,0.00000,3.6,0.00004,1,,,,,0.02972,0.00489,281.6,0.00000
1307,1,,,,,0.00022,0.00000,3.6,0.00004,1,,,,,0.00298,0.00001,12.1,0.00013
1308,1,,,,,0.00022,0.00000,3.6,0.00004,1,,,,,0.03855,0.00239,376.8,0.00000
1309,1,,,,,0.00022,0.00000,3.6,0.00004,1,,,,,0.03120,0.00025,347.7,0.00000
1310,1,,,,,0.00022,0.00000,3.6,0.00004,1,,,,,0.03330,0.00544,445.9,0.00000
1311,1,,,,,0.00022,0.00000,3.6,0.00004,1,,,,,0.02620,0.01264,696.0,0.00001
1312,1,,,,,0.00022,0.00001,3.6,0.00004,1,,,,,0.00445,0.00069,667.8,0.00001
1313,1,,,,,0.00022,0.00001,3.6,0.00004,1,,,,,0.00051,0.00013,36.5,0.00009
1314,1,,,,,0.00022,0.00000,3.7,0.00004,1,,,,,0.00464,0.00000,573.2,0.00008
1315,1,,,,,0.00022,0.00000,3.7,0.00004,1,,,,,0.03851,0.00045,693.6,0.00000
1316,1,,,,,0.00022,0.00000,3.7,0.00004,1,,,,,0.05242,0.00027,442.4,0.00000
1317,1,,,,,0.00022,0.00001,3.7,0.00005,1,,,,,0.07484,0.00024,482.5,0.00000
1318,1,,,,,0.00022,0.00000,3.7,0.00005,1,,,,,0.08822,0.02214,492.0,0.00000
1319,1,,,,,0.00022,0.00000,3.7,0.00004,1,,,,,0.00872,0.00066,226.8,0.00002
1320,1,,,,,0.00022,0.00000,3.6,0.00004,1,,,,,0.09787,0.00058,540.3,0.00000
1321,1,,,,,0.00022,0.00000,3.7,0.00004,1,,,,,0.03880,0.00237,505.4,0.00001
1322,1,,,,,0.00022,0.00000,3.7,0.00005,1,,,,,0.01271,0.00078,314.7,0.00001
1323,1,,,,,0.00022,0.00000,3.6,0.00004,1,,,,,0.00021,0.00002,4.4,0.00006
1324,1,,,,,0.00022,0.00000,3.7,0.00004,1,,,,,0.00022,0.00000,3.2,0.00004
1325,1,,,,,0.00022,0.00000,3.7,0.00005,1,,,,,0.00022,0.00000,3.2,0.00004
1326,1,,,,,0.00022,0.00000,3.7,0.00004,1,,,,,0.00022,0.00000,3.2,0.00004
1327,1,,,,,0.00022,0.00000,3.7,0.00004,1,,,,,0.00022,0.00000,3.3,0.00004
1328,1,,,,,0.00022,0.00000,3.7,0.00005,1,,,,,0.00022,0.00000,3.2,0.00004
1329,1,,,,,0.00022,0.00000,3.8,0.00005,1,,,,,0.00022,0.00000,3.3,0.00004
1330,1,,,,,0.00022,0.00000,3.7,0.00004,1,,,,,0.00022,0.00000,3.2,0.00004
1331,1,,,,,0.00022,0.00001,3.7,0.00005,1,,,,,0.00022,0.00000,3.2,0.00004
1332,1,,,,,0.00022,0.00000,3.7,0.00005,1,,,,,0.00022,0.00000,3.2,0.00004
1333,1,,,,,0.00022,0.00000,3.7,0.00004,1,,,,,0.00022,0.00000,3.2,0.00004
1334,1,,,,,0.00022,0.00000,3.7,0.00005,1,,,,,0.00022,0.00000,3.2,0.00003
1335,1,,,,,0.00022,0.00000,3.7,0.00005,1,,,,,0.00022,0.00000,3.2,0.00004
1336,1,,,,,0.00022,0.00000,3.4,0.00004,1,,,,,0.00022,0.00000,3.1,0.00003
1337,1,,,,,0.00022,0.00000,3.4,0.00004,1,,,,,0.00022,0.00000,3.2,0.00004
1338,1,,,,,0.00022,0.00000,3.4,0.00004,1,,,,,0.00022,0.00000,3.2,0.00004
1339,1,,,,,0.00022,0.00000,3.4,0.00004,1,,,,,0.00022,0.00000,3.2,0.00003
1340,1,,,,,0.00022,0.00001,3.4,0.00004,1,,,,,0.00022,0.00000,3.2,0.00004
1341,1,,,,,0.00022,0.00000,3.4,0.00004,1,,,,,0.00022,0.00000,3.2,0.00004
1342,1,,,,,0.00022,0.00000,3.4,0.00004,1,,,,,0.00022,0.00000,3.2,0.00004
1343,1,,,,,0.00022,0.00000,3.7,0.00004,1,,,,,0.00022,0.00000,3.3,0.00004
1344,1,,,,,0.00022,0.00000,3.7,0.00004,1,,,,,0.00022,0.00000,3.2,0.00004
1345,1,,,,,0.00022,0.00001,3.6,0.00004,1,,,,,0.00022,0.00000,3.2,0.00004
1346,1,,,,,0.00022,0.00001,3.7,0.00004,1,,,,,0.00022,0.00000,3.2,0.00003
1347,1,,,,,0.00022,0.00001,3.7,0.00005,1,,,,,0.00022,0.00000,3.2,0.00004
1348,1,,,,,0.00022,0.00000,3.7,0.00004,1,,,,,0.00022,0.00001,3.2,0.00004
1349,1,,,,,0.00022,0.00000,3.7,0.00004,1,,,,,0.00022,0.00000,3.3,0.00004
1350,1,,,,,0.00022,0.00000,3.7,0.00004,1,,,,,0.00022,0.00000,3.2,0.00004
1351,1,,,,,0.00022,0.00000,3.7,0.00004,1,,,,,0.00022,0.00000,3.2,0.00004
1352,1,,,,,0.00022,0.00000,3.7,0.00005,1,,,,,0.00022,0.00000,3.3,0.00004
1353,1,,,,,0.00022,0.00001,3.7,0.00004,1,,,,,0.00022,0.00000,3.2,0.00004
1354,1,,,,,0.00022,0.00000,3.7,0.00004,1,,,,,0.00022,0.00000,3.2,0.00004
1355,1,,,,,0.00022,0.00000,3.7,0.00004,1,,,,,0.00022,0.00000,3.2,0.00004
1356,1,,,,,0.00022,0.00000,3.7,0.00004,1,,,,,0.00022,0.00000,3.2,0.00004
1357,1,,,,,0.00022,0.00000,3.7,0.00005,1,,,,,0.00022,0.00001,3.2,0.00004
1358,1,,,,,0.00022,0.00000,3.7,0.00004,1,,,,,0.00022,0.00000,3.1,0.00004
1359,1,,,,,0.00022,0.00000,3.6,0.00004,1,,,,,0.00022,0.00000,3.2,0.00004
1360,1,,,,,0.00022,0.00000,3.7,0.00005,1,,,,,0.00022,0.00000,3.2,0.00003
1361,1,,,,,0.00022,0.00001,3.7,0.00005,1,,,,,0.00022,0.00000,3.2,0.00004
1362,1,,,,,0.00022,0.00001,3.7,0.00004,1,,,,,0.00022,0.00001,3.2,0.00004
1363,1,,,,,0.00022,0.00000,3.7,0.00005,1,,,,,0.00022,0.00000,3.2,0.00004
1364,1,,,,,0.00022,0.00000,3.7,0.00005,1,,,,,0.00022,0.00001,3.2,0.00004
1365,1,,,,,0.00022,0.00000,3.8,0.00005,1,,,,,0.00022,0.00001,3.2,0.00003
1366,1,,,,,0.00022,0.00000,3.7,0.00005,1,,,,,0.00022,0.00000,3.2,0.00004
1367,1,,,,,0.00022,0.00000,3.8,0.00005,1,,,,,0.00022,0.00000,3.2,0.00003
1368,1,,,,,0.00022,0.00001,3.8,0.00005,1,,,,,0.00022,0.00000,3.2,0.00004
1369,1,,,,,0.00022,0.00001,3.5,0.00004,1,,,,,0.00022,0.00000,3.2,0.00004
1370,1,,,,,0.00022,0.00000,3.5,0.00004,1,,,,,0.00022,0.00000,3.2,0.00004
1371,1,,,,,0.00022,0.00000,3.5,0.00004,1,,,,,0.00022,0.00000,3.1,0.00003
1372,1,,,,,0.00022,0.00001,3.7,0.00004,1,,,,,0.00022,0.00000,3.2,0.00003
1373,1,,,,,0.00022,0.00000,3.6,0.00004,1,,,,,0.00022,0.00000,3.2,0.00003
1374,1,,,,,0.00022,0.00000,3.5,0.00004,1,,,,,0.00022,0.00000,3.2,0.00004
1375,1,,,,,0.00022,0.00000,3.6,0.00004,1,,,,,0.00022,0.00000,3.1,0.00004
1376,1,,,,,0.00022,0.00000,3.5,0.00004,1,,,,,0.00022,0.00000,3.1,0.00004
1377,1,,,,,0.00022,0.00000,3.6,0.00005,1,,,,,0.00022,0.00000,3.2,0.00004
1378,1,,,,,0.00022,0.00000,3.5,0.00004,1,,,,,0.00022,0.00000,3.2,0.00004
1379,1,,,,,0.00022,0.00000,3.6,0.00004,1,,,,,0.00022,0.00000,3.2,0.00004
1380,1,,,,,0.00022,0.00000,3.6,0.00004,1,,,,,0.00022,0.00000,3.2,0.00004
1381,1,,,,,0.00022,0.00000,3.7,0.00004,1,,,,,0.00022,0.00000,3.1,0.00004
1382,1,,,,,0.00022,0.00001,3.7,0.00004,1,,,,,0.00022,0.00000,3.2,0.00004
1383,1,,,,,0.00022,0.00000,3.7,0.00004,1,,,,,0.00022,0.00000,3.2,0.00004
1384,1,,,,,0.00022,0.00000,3.7,0.00004,1,,,,,0.00022,0.00000,3.2,0.00004
1385,1,,,,,0.00022,0.00000,3.7,0.00004,1,,,,,0.00022,0.00001,3.1,0.00004
1386,1,,,,,0.00022,0.00001,3.7,0.00004,1,,,,,0.00022,0.00000,3.1,0.00004
1387,1,,,,,0.00022,0.00000,3.7,0.00005,1,,,,,0.00022,0.00000,3.1,0.00004
1388,1,,,,,0.00022,0.00000,3.7,0.00004,1,,,,,0.00022,0.00000,3.1,0.00004
1389,1,,,,,0.00022,0.00001,3.7,0.00005,1,,,,,0.00022,0.00000,3.1,0.00004
1390,1,,,,,0.00022,0.00000,3.7,0.00004,1,,,,,0.00022,0.00000,3.1,0.00004
1391,1,,,,,0.00022,0.00000,3.7,0.00005,1,,,,,0.00022,0.00000,3.1,0.00004
1392,1,,,,,0.00022,0.00000,3.8,0.00004,1,,,,,0.00022,0.00000,3.1,0.00004
1393,1,,,,,0.00022,0.00000,3.8,0.00004,1,,,,,0.00022,0.00000,3.1,0.00004
1394,1,,,,,0.00022,0.00000,3.7,0.00004,1,,,,,0.00022,0.00000,3.2,0.00004
1395,1,,,,,0.00022,0.00001,3.7,0.00004,1,,,,,0.00022,0.00000,3.1,0.00004
1396,1,,,,,0.00022,0.00000,3.7,0.00004,1,,,,,0.00022,0.00000,3.1,0.00004
1397,1,,,,,0.00022,0.00000,3.7,0.00004,1,,,,,0.00022,0.00001,3.1,0.00004
1398,1,,,,,0.00022,0.00000,3.7,0.00004,1,,,,,0.00022,0.00000,3.1,0.00003
1399,1,,,,,0.00022,0.00000,3.7,0.00004,1,,,,,0.00022,0.00000,3.1,0.00004
1400,1,,,,,0.00022,0.00000,3.7,0.00005,1,,,,,0.00022,0.00000,3.2,0.00004
1401,1,,,,,0.00022,0.00001,3.7,0.00005,1,,,,,0.00022,0.00000,3.1,0.00004
1402,1,,,,,0.00022,0.00000,3.8,0.00005,1,,,,,0.00022,0.00000,3.1,0.00003
1403,1,,,,,0.00022,0.00000,3.7,0.00004,1,,,,,0.00022,0.00000,3.1,0.00004
1404,1,,,,,0.00022,0.00000,3.5,0.00004,1,,,,,0.00022,0.00000,3.1,0.00004
1405,1,,,,,0.00022,0.00000,3.4,0.00004,1,,,,,0.00022,0.00000,3.2,0.00004
1406,1,,,,,0.00022,0.00000,3.5,0.00004,1,,,,,0.00022,0.00000,3.2,0.00004
1407,1,,,,,0.00022,0.00000,3.4,0.00004,1,,,,,0.00022,0.00000,3.2,0.00004
1408,1,,,,,0.00022,0.00000,3.4,0.00004,1,,,,,0.00022,0.00000,3.2,0.00004
1409,1,,,,,0.00022,0.00000,3.7,0.00004,1,,,,,0.00022,0.00000,3.2,0.00004
1410,1,,,,,0.00022,0.00000,3.5,0.00004,1,,,,,0.00022,0.00000,3.2,0.00004
1411,1,,,,,0.00022,0.00000,3.4,0.00004,1,,,,,0.00022,0.00000,3.2,0.00003
1412,1,,,,,0.00022,0.00000,3.4,0.00004,1,,,,,0.00619,0.00000,258.2,0.00000
1413,1,,,,,0.00022,0.00000,3.4,0.00004,1,,,,,0.08843,0.00102,562.3,0.00000
1414,1,,,,,0.00022,0.00000,3.4,0.00004,1,,,,,0.12576,0.01563,586.0,0.00000
1415,1,,,,,0.00022,0.00000,3.4,0.00004,1,,,,,0.09105,0.00788,413.8,0.00000
1416,1,,,,,0.00022,0.00000,3.4,0.00004,1,,,,,0.08941,0.00274,410.5,0.00000
1417,1,,,,,0.00022,0.00000,3.5,0.00004,1,,,,,0.06652,0.00774,376.0,0.00000
1418,1,,,,,0.00022,0.00000,3.5,0.00004,1,,,,,0.01702,0.00328,342.0,0.00096
1419,1,,,,,0.00022,0.00000,3.5,0.00004,1,,,,,0.03925,0.00012,465.2,0.00001
1420,1,,,,,0.00022,0.00000,3.5,0.00004,1,,,,,0.05205,0.00104,595.7,0.00000
1421,1,,,,,0.00022,0.00001,3.4,0.00004,1,,,,,0.03795,0.00136,617.6,0.00000
1422,1,,,,,0.00022,0.00000,3.4,0.00004,1,,,,,0.03212,0.00395,581.7,0.00000
1423,1,,,,,0.00022,0.00000,3.5,0.00004,1,,,,,0.01158,0.00482,248.9,0.00000
1424,1,,,,,0.00022,0.00000,3.5,0.00004,1,,,,,0.00862,0.00004,170.2,0.00001
1425,1,,,,,0.00022,0.00000,3.5,0.00004,1,,,,,0.03125,0.00032,595.6,0.00002
1426,1,,,,,0.00022,0.00000,3.5,0.00004,1,,,,,0.01980,0.00050,382.3,0.00001
1427,1,,,,,0.00022,0.00000,3.6,0.00004,1,,,,,0.01255,0.00081,762.4,0.00001
1428,1,,,,,0.00022,0.00000,3.5,0.00004,1,,,,,0.07926,0.00480,474.1,0.00000
1429,1,,,,,0.00022,0.00000,3.5,0.00004,1,,,,,0.07204,0.01540,411.2,0.00000
1430,1,,,,,0.00022,0.00000,3.4,0.00004,1,,,,,0.00389,0.00009,1178.2,0.02442
1431,1,,,,,0.00022,0.00000,3.5,0.00004,1,,,,,0.11147,0.00436,494.2,0.00000
1432,1,,,,,0.00022,0.00001,3.4,0.00004,1,,,,,0.07532,0.00502,563.9,0.00001
1433,1,,,,,0.00022,0.00000,3.4,0.00004,1,,,,,0.02330,0.00064,424.8,0.00000
1434,1,,,,,0.00022,0.00000,3.5,0.00004,1,,,,,0.00671,0.00004,176.5,0.00000
1435,1,,,,,0.00022,0.00000,3.4,0.00004,1,,,,,0.00308,0.00015,182.6,0.00000
1436,1,,,,,0.00022,0.00000,3.4,0.00004,1,,,,,0.00021,0.00000,3.3,0.00004
1437,1,,,,,0.00022,0.00000,3.5,0.00004,1,,,,,0.00022,0.00000,3.2,0.00004
1438,1,,,,,0.00022,0.00000,3.4,0.00004,1,,,,,0.00022,0.00000,3.2,0.00004
1439,1,,,,,0.00022,0.00001,3.4,0.00004,1,,,,,0.00022,0.00000,3.2,0.00004
1440,1,,,,,0.00022,0.00000,3.4,0.00004,1,,,,,0.00022,0.00000,3.2,0.00004
1441,1,,,,,0.00022,0.00000,3.4,0.00004,1,,,,,0.00022,0.00000,3.3,0.00004
1442,1,,,,,0.00022,0.00000,3.4,0.00004,1,,,,,0.00022,0.00000,3.2,0.00003
1443,1,,,,,0.00022,0.00000,3.4,0.00004,1,,,,,0.00022,0.00000,3.2,0.00004
1444,1,,,,,0.00022,0.00000,3.4,0.00004,1,,,,,0.00022,0.00001,3.2,0.00003
1445,1,,,,,0.00022,0.00000,3.4,0.00004,1,,,,,0.00022,0.00001,3.2,0.00004
1446,1,,,,,0.00022,0.00000,3.4,0.00004,1,,,,,0.00022,0.00000,3.2,0.00004
1447,1,,,,,0.00022,0.00000,3.7,0.00004,1,,,,,0.00022,0.00000,3.2,0.00003
1448,1,,,,,0.00022,0.00000,3.7,0.00004,1,,,,,0.00022,0.00000,3.3,0.00003
1449,1,,,,,0.00022,0.00000,3.6,0.00005,1,,,,,0.00022,0.00000,3.2,0.00004
1450,1,,,,,0.00022,0.00000,3.5,0.00004,1,,,,,0.00022,0.00000,3.2,0.00004
1451,1,,,,,0.00022,0.00000,3.6,0.00004,1,,,,,0.00022,0.00000,3.3,0.00004
1452,1,,,,,0.00022,0.00001,3.6,0.00004,1,,,,,0.00022,0.00000,3.0,0.00003
1453,1,,,,,0.00022,0.00001,3.5,0.00004,1,,,,,0.00022,0.00000,3.1,0.00004
1454,1,,,,,0.00022,0.00000,3.6,0.00004,1,,,,,0.00022,0.00000,3.1,0.00004
1455,1,,,,,0.00022,0.00001,3.5,0.00004,1,,,,,0.00022,0.00000,3.2,0.00004
1456,1,,,,,0.00022,0.00001,3.7,0.00004,1,,,,,0.00022,0.00000,3.2,0.00003
1457,1,,,,,0.00022,0.00001,3.7,0.00004,1,,,,,0.00022,0.00000,3.2,0.00003
1458,1,,,,,0.00022,0.00000,3.7,0.00004,1,,,,,0.00022,0.00000,3.2,0.00003
1459,1,,,,,0.00022,0.00000,3.7,0.00004,1,,,,,0.00022,0.00000,3.2,0.00004
1460,1,,,,,0.00022,0.00001,3.8,0.00005,1,,,,,0.00022,0.00000,3.2,0.00004
1461,1,,,,,0.00022,0.00001,3.6,0.00004,1,,,,,0.00022,0.00000,3.2,0.00003
1462,1,,,,,0.00022,0.00000,3.8,0.00004,1,,,,,0.00022,0.00000,3.2,0.00004
1463,1,,,,,0.00022,0.00000,3.8,0.00005,1,,,,,0.00022,0.00000,3.2,0.00004
1464,1,,,,,0.00022,0.00001,3.7,0.00004,1,,,,,0.00022,0.00000,3.2,0.00003
1465,1,,,,,0.00022,0.00001,3.7,0.00004,1,,,,,0.00022,0.00000,3.2,0.00004
1466,1,,,,,0.00022,0.00001,3.7,0.00005,1,,,,,0.00022,0.00000,3.2,0.00004
1467,1,,,,,0.00022,0.00001,3.6,0.00004,1,,,,,0.00022,0.00000,3.2,0.00004
1468,1,,,,,0.00022,0.00000,3.6,0.00004,1,,,,,0.00022,0.00000,3.1,0.00003
1469,1,,,,,0.00022,0.00000,3.7,0.00004,1,,,,,0.00022,0.00000,3.2,0.00004
1470,1,,,,,0.00022,0.00000,3.8,0.00005,1,,,,,0.00022,0.00001,3.2,0.00004
1471,1,,,,,0.00022,0.00000,3.8,0.00004,1,,,,,0.00022,0.00000,3.2,0.00004
1472,1,,,,,0.00022,0.00000,3.7,0.00005,1,,,,,0.00022,0.00000,3.2,0.00004
1473,1,,,,,0.00022,0.00000,3.7,0.00005,1,,,,,0.00022,0.00000,3.2,0.00004
1474,1,,,,,0.00022,0.00000,3.8,0.00005,1,,,,,0.00022,0.00000,3.2,0.00004
1475,1,,,,,0.00022,0.00000,3.7,0.00004,1,,,,,0.00022,0.00000,3.2,0.00004
1476,1,,,,,0.00022,0.00001,3.7,0.00004,1,,,,,0.00022,0.00000,3.2,0.00004
1477,1,,,,,0.00022,0.00000,3.7,0.00004,1,,,,,0.00022,0.00000,3.2,0.00003
1478,1,,,,,0.00022,0.00000,3.7,0.00004,1,,,,,0.00022,0.00000,3.2,0.00003
1479,1,,,,,0.00022,0.00000,3.7,0.00005,1,,,,,0.00022,0.00000,3.2,0.00004
1480,1,,,,,0.00022,0.00000,3.6,0.00004,1,,,,,0.00022,0.00000,3.2,0.00004
1481,1,,,,,0.00022,0.00000,3.6,0.00004,1,,,,,0.00022,0.00000,3.2,0.00004
1482,1,,,,,0.00022,0.00000,3.7,0.00004,1,,,,,0.00022,0.00000,3.2,0.00004
1483,1,,,,,0.00022,0.00000,3.7,0.00004,1,,,,,0.00022,0.00001,3.3,0.00003
1484,1,,,,,0.00022,0.00000,3.7,0.00004,1,,,,,0.00022,0.00000,3.2,0.00004
1485,1,,,,,0.00022,0.00000,3.7,0.00004,1,,,,,0.00022,0.00000,3.1,0.00004
1486,1,,,,,0.00022,0.00001,3.6,0.00004,1,,,,,0.00022,0.00000,3.2,0.00004
1487,1,,,,,0.00022,0.00000,3.7,0.00004,1,,,,,0.00022,0.00000,3.2,0.00004
1488,1,,,,,0.00022,0.00000,3.7,0.00005,1,,,,,0.00022,0.00000,3.2,0.00004
1489,1,,,,,0.00022,0.00000,3.6,0.00004,1,,,,,0.00022,0.00000,3.2,0.00003
1490,1,,,,,0.00022,0.00000,3.6,0.00004,1,,,,,0.00022,0.00000,3.2,0.00004
1491,1,,,,,0.00022,0.00000,3.6,0.00004,1,,,,,0.00022,0.00000,3.1,0.00003
1492,1,,,,,0.00022,0.00000,3.5,0.00004,1,,,,,0.00022,0.00000,3.2,0.00004
1493,1,,,,,0.00022,0.00001,3.6,0.00004,1,,,,,0.00022,0.00000,3.1,0.00004
1494,1,,,,,0.00022,0.00000,3.6,0.00004,1,,,,,0.00022,0.00000,3.2,0.00004
1495,1,,,,,0.00022,0.00000,3.5,0.00004,1,,,,,0.00022,0.00000,3.1,0.00003
1496,1,,,,,0.00022,0.00000,3.7,0.00004,1,,,,,0.00022,0.00000,3.1,0.00004
1497,1,,,,,0.00022,0.00000,3.8,0.00004,1,,,,,0.00022,0.00000,3.1,0.00004
1498,1,,,,,0.00022,0.00000,3.7,0.00004,1,,,,,0.00022,0.00001,3.1,0.00004
1499,1,,,,,0.00022,0.00000,3.7,0.00005,1,,,,,0.00022,0.00000,3.1,0.00004
1500,1,,,,,0.00022,0.00000,3.7,0.00004,1,,,,,0.00022,0.00000,3.1,0.00004
1501,1,,,,,0.00022,0.00000,3.7,0.00004,1,,,,,0.00022,0.00001,3.1,0.00004
1502,1,,,,,0.00022,0.00001,3.7,0.00004,1,,,,,0.00022,0.00000,3.2,0.00004
1503,1,,,,,0.00022,0.00000,3.7,0.00004,1,,,,,0.00047,0.00001,3.3,0.00005
1504,1,,,,,0.00022,0.00000,3.7,0.00004,1,,,,,0.07383,0.00028,514.7,0.00000
1505,1,,,,,0.00022,0.00000,3.7,0.00004,1,,,,,0.00650,0.00595,657.6,0.00029
1506,1,,,,,0.00022,0.00000,3.6,0.00004,1,,,,,0.04860,0.00001,497.4,0.00000
1507,1,,,,,0.00022,0.00000,3.7,0.00004,1,,,,,0.07274,0.01057,523.6,0.00000
1508,1,,,,,0.00022,0.00000,3.7,0.00004,1,,,,,0.04226,0.00901,480.8,0.00000
1509,1,,,,,0.00022,0.00000,3.7,0.00004,1,,,,,0.07788,0.00003,604.1,0.00001
1510,1,,,,,0.00022,0.00000,3.7,0.00004,1,,,,,0.03970,0.01612,489.5,0.00000
1511,1,,,,,0.00022,0.00000,3.8,0.00005,1,,,,,0.03061,0.00001,1633.7,0.01503
1512,1,,,,,0.00022,0.00000,3.7,0.00004,1,,,,,0.08910,0.00145,658.1,0.00000
1513,1,,,,,0.00022,0.00000,3.7,0.00004,1,,,,,0.05960,0.02822,587.2,0.00000
1514,1,,,,,0.00022,0.00001,3.7,0.00004,1,,,,,0.00534,0.00005,231.3,0.00016
1515,1,,,,,0.00022,0.00000,3.7,0.00004,1,,,,,0.03518,0.00194,382.5,0.00000
1516,1,,,,,0.00022,0.00000,3.8,0.00004,1,,,,,0.02823,0.00239,217.3,0.00000
1517,1,,,,,0.00022,0.00000,3.6,0.00005,1,,,,,0.06648,0.00104,360.3,0.00000
1518,1,,,,,0.00022,0.00000,3.7,0.00004,1,,,,,0.05339,0.00872,460.1,0.00000
1519,1,,,,,0.00022,0.00001,3.8,0.00004,1,,,,,0.02607,0.01171,495.7,0.00000
1520,1,,,,,0.00022,0.00000,3.7,0.00004,1,,,,,0.01049,0.00076,324.3,0.00000
1521,1,,,,,0.00022,0.00000,3.7,0.00004,1,,,,,0.01998,0.00027,334.3,0.00001
1522,1,,,,,0.00022,0.00001,3.6,0.00004,1,,,,,0.02546,0.00289,263.1,0.00000
1523,1,,,,,0.00022,0.00001,3.5,0.00004,1,,,,,0.03364,0.00705,358.9,0.00000
1524,1,,,,,0.00022,0.00000,3.4,0.00004,1,,,,,0.02771,0.00005,370.4,0.00000
1525,1,,,,,0.00022,0.00000,3.5,0.00004,1,,,,,0.07161,0.00708,425.2,0.00000
1526,1,,,,,0.00022,0.00000,3.5,0.00004,1,,,,,0.00603,0.00102,220.4,0.00001
1527,1,,,,,0.00022,0.00000,3.5,0.00004,1,,,,,0.07769,0.00001,443.5,0.00000
1528,1,,,,,0.00022,0.00000,3.5,0.00004,1,,,,,0.10773,0.01477,460.5,0.00000
1529,1,,,,,0.00022,0.00000,3.5,0.00004,1,,,,,0.06047,0.01079,435.9,0.00000
1530,1,,,,,0.00022,0.00000,3.5,0.00004,1,,,,,0.02917,0.00139,284.9,0.00000
1531,1,,,,,0.00022,0.00000,3.5,0.00004,1,,,,,0.00253,0.00001,6634.7,0.05456
1532,1,,,,,0.00022,0.00000,3.5,0.00004,1,,,,,0.03527,0.00014,427.5,0.00072
1533,1,,,,,0.00022,0.00000,3.5,0.00004,1,,,,,0.07659,0.00172,412.0,0.00000
1534,1,,,,,0.00022,0.00000,3.5,0.00004,1,,,,,0.00472,0.00119,7512.1,0.11926
1535,1,,,,,0.00022,0.00001,3.5,0.00004,1,,,,,0.07019,0.00077,464.5,0.00004
1536,1,,,,,0.00022,0.00000,3.5,0.00004,1,,,,,0.05980,0.00333,425.5,0.00001
1537,1,,,,,0.00022,0.00000,3.5,0.00004,1,,,,,0.01268,0.00201,360.8,0.00001
1538,1,,,,,0.00022,0.00000,3.6,0.00004,1,,,,,0.00021,0.00001,5.7,0.00015
1539,1,,,,,0.00022,0.00000,3.8,0.00004,1,,,,,0.00022,0.00000,3.1,0.00004
1540,1,,,,,0.00022,0.00000,3.7,0.00005,1,,,,,0.00022,0.00000,3.1,0.00004
1541,1,,,,,0.00022,0.00000,3.7,0.00004,1,,,,,0.00022,0.00000,3.2,0.00004
1542,1,,,,,0.00022,0.00000,3.7,0.00004,1,,,,,0.00022,0.00000,3.2,0.00004
1543,1,,,,,0.00022,0.00001,3.7,0.00004,1,,,,,0.00022,0.00000,3.1,0.00004
1544,1,,,,,0.00022,0.00000,3.7,0.00005,1,,,,,0.00022,0.00000,3.2,0.00004
1545,1,,,,,0.00022,0.00000,3.7,0.00004,1,,,,,0.00022,0.00000,3.1,0.00004
1546,1,,,,,0.00022,0.00000,3.6,0.00004,1,,,,,0.00022,0.00000,3.1,0.00004
1547,1,,,,,0.00022,0.00000,3.6,0.00004,1,,,,,0.00022,0.00000,3.2,0.00004
1548,1,,,,,0.00022,0.00000,3.6,0.00004,1,,,,,0.00022,0.00000,3.1,0.00003
1549,1,,,,,0.00022,0.00000,3.7,0.00004,1,,,,,0.00022,0.00000,3.2,0.00004
1550,1,,,,,0.00022,0.00000,3.7,0.00005,1,,,,,0.00022,0.00000,3.1,0.00004
1551,1,,,,,0.00022,0.00001,3.7,0.00004,1,,,,,0.00022,0.00000,3.1,0.00004
1552,1,,,,,0.00022,0.00000,3.8,0.00004,1,,,,,0.00022,0.00000,3.1,0.00004
1553,1,,,,,0.00022,0.00000,3.7,0.00004,1,,,,,0.00022,0.00000,3.1,0.00004
1554,1,,,,,0.00022,0.00000,3.7,0.00004,1,,,,,0.00022,0.00000,3.1,0.00004
1555,1,,,,,0.00022,0.00000,3.7,0.00004,1,,,,,0.00022,0.00001,3.1,0.00004
1556,1,,,,,0.00022,0.00001,3.7,0.00004,1,,,,,0.00022,0.00001,3.1,0.00004
1557,1,,,,,0.00022,0.00000,3.5,0.00004,1,,,,,0.00022,0.00000,3.0,0.00003
1558,1,,,,,0.00022,0.00000,3.5,0.00004,1,,,,,0.00022,0.00000,3.1,0.00004
1559,1,,,,,0.00022,0.00000,3.4,0.00004,1,,,,,0.00022,0.00000,3.1,0.00004
1560,1,,,,,0.00022,0.00000,3.4,0.00004,1,,,,,0.00022,0.00000,3.1,0.00004
1561,1,,,,,0.00022,0.00000,3.4,0.00004,1,,,,,0.00022,0.00000,3.1,0.00004
1562,1,,,,,0.00022,0.00000,3.5,0.00004,1,,,,,0.00022,0.00000,3.1,0.00004
1563,1,,,,,0.00022,0.00000,3.4,0.00004,1,,,,,0.00022,0.00000,3.1,0.00004
1564,1,,,,,0.00022,0.00000,3.5,0.00004,1,,,,,0.00022,0.00001,3.1,0.00004
1565,1,,,,,0.00022,0.00000,3.4,0.00004,1,,,,,0.00022,0.00000,3.1,0.00004
1566,1,,,,,0.00022,0.00000,3.4,0.00004,1,,,,,0.00022,0.00000,3.1,0.00004
1567,1,,,,,0.00022,0.00000,3.4,0.00004,1,,,,,0.00022,0.00001,3.1,0.00004
1568,1,,,,,0.00022,0.00001,3.4,0.00004,1,,,,,0.00022,0.00000,3.1,0.00004
1569,1,,,,,0.00022,0.00000,3.4,0.00004,1,,,,,0.00022,0.00000,3.1,0.00004
1570,1,,,,,0.00022,0.00000,3.4,0.00004,1,,,,,0.00022,0.00000,3.1,0.00004
1571,1,,,,,0.00022,0.00000,3.4,0.00004,1,,,,,0.00022,0.00000,3.1,0.00004
1572,1,,,,,0.00022,0.00000,3.4,0.00004,1,,,,,0.00022,0.00000,3.1,0.00004
1573,1,,,,,0.00022,0.00000,3.5,0.00004,1,,,,,0.00022,0.00000,3.1,0.00004
1574,1,,,,,0.00022,0.00000,3.4,0.00004,1,,,,,0.00022,0.00000,3.1,0.00004
1575,1,,,,,0.00022,0.00000,3.4,0.00004,1,,,,,0.00022,0.00000,3.1,0.00004
1576,1,,,,,0.00022,0.00000,3.4,0.00004,1,,,,,0.00022,0.00000,3.1,0.00004
1577,1,,,,,0.00022,0.00000,3.6,0.00004,1,,,,,0.00022,0.00000,3.1,0.00004
1578,1,,,,,0.00022,0.00000,3.6,0.00004,1,,,,,0.00022,0.00000,3.1,0.00004
1579,1,,,,,0.00022,0.00000,3.7,0.00005,1,,,,,0.00022,0.00000,3.1,0.00004
1580,1,,,,,0.00022,0.00000,3.7,0.00004,1,,,,,0.00022,0.00000,3.1,0.00004
1581,1,,,,,0.00022,0.00000,3.6,0.00004,1,,,,,0.00022,0.00000,3.1,0.00004
1582,1,,,,,0.00022,0.00000,3.6,0.00004,1,,,,,0.00022,0.00000,3.1,0.00004
1583,1,,,,,0.00022,0.00000,3.6,0.00004,1,,,,,0.00022,0.00000,3.1,0.00004
1584,1,,,,,0.00022,0.00000,3.7,0.00005,1,,,,,0.00022,0.00000,3.1,0.00004
1585,1,,,,,0.00022,0.00000,3.7,0.00005,1,,,,,0.00022,0.00000,3.1,0.00004
1586,1,,,,,0.00022,0.00000,3.7,0.00004,1,,,,,0.00022,0.00001,3.1,0.00004
1587,1,,,,,0.00022,0.00000,3.6,0.00004,1,,,,,0.00022,0.00000,3.1,0.00003
1588,1,,,,,0.00022,0.00000,3.7,0.00004,1,,,,,0.00022,0.00001,3.1,0.00004
1589,1,,,,,0.00022,0.00000,3.7,0.00004,1,,,,,0.00022,0.00000,3.1,0.00004
1590,1,,,,,0.00022,0.00000,3.7,0.00004,1,,,,,0.00022,0.00000,3.1,0.00004
1591,1,,,,,0.00022,0.00000,3.7,0.00005,1,,,,,0.00022,0.00000,3.1,0.00004
1592,1,,,,,0.00022,0.00000,3.7,0.00005,1,,,,,0.00022,0.00001,3.1,0.00004
1593,1,,,,,0.00022,0.00000,3.7,0.00005,1,,,,,0.00022,0.00000,3.1,0.00003
1594,1,,,,,0.00022,0.00000,3.6,0.00004,1,,,,,0.00022,0.00001,3.2,0.00004
1595,1,,,,,0.00022,0.00000,3.5,0.00004,1,,,,,0.00022,0.00000,3.1,0.00004
1596,1,,,,,0.00022,0.00000,3.5,0.00004,1,,,,,0.00022,0.00000,3.1,0.00003
1597,1,,,,,0.00022,0.00000,3.6,0.00004,1,,,,,0.00022,0.00000,3.1,0.00004
1598,1,,,,,0.00030,0.00001,13.9,0.00018,1,,,,,0.00022,0.00000,3.1,0.00004
1599,1,,,,,0.00878,0.00026,3973.0,0.02773,1,,,,,0.07555,0.00001,704.3,0.00002
1600,1,,,,,0.06077,0.00364,502.1,0.00154,1,,,,,0.11771,0.03509,637.9,0.00000
1601,1,,,,,0.12700,0.00265,772.5,0.00001,1,,,,,0.05873,0.00056,505.5,0.00000
1602,1,,,,,0.08527,0.03274,731.1,0.00000,1,,,,,0.03955,0.00868,566.0,0.00001
1603,1,,,,,0.02018,0.00318,406.9,0.00000,1,,,,,0.01750,0.00256,411.4,0.00000
1604,1,,,,,0.00026,0.00010,30.9,0.00014,1,,,,,0.00567,0.00003,262.1,0.00001
1605,1,,,,,0.00543,0.00005,1932.9,0.00053,1,,,,,0.02879,0.00087,421.7,0.00000
1606,1,,,,,0.08048,0.00687,735.7,0.00000,1,,,,,0.03818,0.00569,416.7,0.00000
1607,1,,,,,0.02636,0.00039,300.9,0.00000,1,,,,,0.00045,0.00001,164.7,0.00053
1608,1,,,,,0.02429,0.00954,242.0,0.00000,1,,,,,0.04767,0.00012,661.3,0.00000
1609,1,,,,,0.03298,0.00001,243.4,0.00001,1,,,,,0.03318,0.01578,638.0,0.00000
1610,1,,,,,0.03052,0.00016,478.6,0.00071,1,,,,,0.01585,0.00002,406.3,0.00000
1611,1,,,,,0.10681,0.00177,730.2,0.00001,1,,,,,0.01694,0.00412,369.8,0.00000
1612,1,,,,,0.07029,0.00629,654.2,0.00000,1,,,,,0.01020,0.00050,200.6,0.00000
1613,1,,,,,0.00510,0.00112,179.0,0.00001,1,,,,,0.00192,0.00045,133.7,0.00006
1614,1,,,,,0.00023,0.00001,23.5,0.00018,1,,,,,0.00504,0.00000,212.3,0.00026
1615,1,,,,,0.05565,0.00001,418.7,0.00000,1,,,,,0.04141,0.00115,661.7,0.00001
1616,1,,,,,0.04227,0.00002,339.9,0.00001,1,,,,,0.03943,0.00001,418.2,0.00000
1617,1,,,,,0.05128,0.00749,321.1,0.00000,1,,,,,0.01000,0.00130,1035.4,0.00076
1618,1,,,,,0.06333,0.00453,261.2,0.00000,1,,,,,0.10930,0.00291,437.1,0.00000
1619,1,,,,,0.07041,0.00786,301.0,0.00009,1,,,,,0.05099,0.00618,402.3,0.00000
1620,1,,,,,0.06025,0.01043,334.6,0.00012,1,,,,,0.00556,0.00002,5243.3,0.04874
1621,1,,,,,0.03182,0.00522,386.0,0.00006,1,,,,,0.03716,0.00092,458.7,0.00000
1622,1,,,,,0.00193,0.00010,826.4,0.00180,1,,,,,0.01221,0.00455,524.5,0.00003
1623,1,,,,,0.00021,0.00000,3.5,0.00005,1,,,,,0.00547,0.00007,313.8,0.00001
1624,1,,,,,0.00022,0.00000,3.3,0.00004,1,,,,,0.00214,0.00006,165.4,0.00001
1625,1,,,,,0.00022,0.00001,3.2,0.00004,1,,,,,0.00021,0.00000,3.2,0.00004
1626,1,,,,,0.00022,0.00000,3.2,0.00003,1,,,,,0.00022,0.00000,3.1,0.00003
1627,1,,,,,0.00022,0.00000,3.2,0.00004,1,,,,,0.00022,0.00000,3.1,0.00004
1628,1,,,,,0.00022,0.00000,3.2,0.00004,1,,,,,0.00022,0.00000,3.1,0.00004
1629,1,,,,,0.00022,0.00000,3.3,0.00004,1,,,,,0.00022,0.00001,3.1,0.00004
1630,1,,,,,0.00022,0.00000,3.2,0.00004,1,,,,,0.00022,0.00000,3.1,0.00004
1631,1,,,,,0.00022,0.00000,3.2,0.00003,1,,,,,0.00022,0.00000,3.1,0.00004
1632,1,,,,,0.00022,0.00000,3.2,0.00004,1,,,,,0.00022,0.00001,3.1,0.00004
1633,1,,,,,0.00022,0.00000,3.2,0.00004,1,,,,,0.00022,0.00000,3.0,0.00004
1634,1,,,,,0.00022,0.00000,3.2,0.00004,1,,,,,0.00022,0.00000,3.1,0.00004
1635,1,,,,,0.00022,0.00000,3.2,0.00004,1,,,,,0.00022,0.00000,3.1,0.00004
1636,1,,,,,0.00022,0.00000,3.2,0.00004,1,,,,,0.00022,0.00000,3.1,0.00004
1637,1,,,,,0.00022,0.00000,3.3,0.00004,1,,,,,0.00022,0.00001,3.1,0.00004
1638,1,,,,,0.00022,0.00001,3.2,0.00004,1,,,,,0.00022,0.00000,3.2,0.00004
1639,1,,,,,0.00022,0.00000,3.3,0.00004,1,,,,,0.00022,0.00000,3.1,0.00003
1640,1,,,,,0.00022,0.00000,3.2,0.00004,1,,,,,0.00022,0.00000,3.1,0.00003
1641,1,,,,,0.00022,0.00000,3.1,0.00004,1,,,,,0.00022,0.00000,3.1,0.00004
1642,1,,,,,0.00022,0.00000,3.2,0.00004,1,,,,,0.00022,0.00000,3.1,0.00004
1643,1,,,,,0.00022,0.00000,3.2,0.00004,1,,,,,0.00022,0.00000,3.1,0.00004
1644,1,,,,,0.00022,0.00000,3.1,0.00004,1,,,,,0.00022,0.00000,3.1,0.00003
1645,1,,,,,0.00022,0.00001,3.1,0.00004,1,,,,,0.00022,0.00000,3.1,0.00004
1646,1,,,,,0.00022,0.00001,3.2,0.00004,1,,,,,0.00022,0.00000,3.1,0.00004
1647,1,,,,,0.00022,0.00000,3.2,0.00004,1,,,,,0.00022,0.00000,3.1,0.00004
1648,1,,,,,0.00022,0.00000,3.2,0.00004,1,,,,,0.00022,0.00000,3.1,0.00004
1649,1,,,,,0.00022,0.00000,3.2,0.00004,1,,,,,0.00022,0.00001,3.1,0.00004
1650,1,,,,,0.00022,0.00000,3.2,0.00004,1,,,,,0.00022,0.00001,3.1,0.00003
1651,1,,,,,0.00022,0.00000,3.2,0.00004,1,,,,,0.00022,0.00000,3.1,0.00004
1652,1,,,,,0.00022,0.00000,3.2,0.00004,1,,,,,0.00022,0.00000,3.2,0.00004
1653,1,,,,,0.00022,0.00000,3.2,0.00004,1,,,,,0.00022,0.00000,3.1,0.00004
1654,1,,,,,0.00022,0.00000,3.3,0.00004,1,,,,,0.00022,0.00000,3.1,0.00004
1655,1,,,,,0.00022,0.00000,3.2,0.00003,1,,,,,0.00022,0.00000,3.1,0.00004
1656,1,,,,,0.00022,0.00000,3.2,0.00004,1,,,,,0.00022,0.00000,3.0,0.00004
1657,1,,,,,0.00022,0.00000,3.2,0.00004,1,,,,,0.00022,0.00001,3.1,0.00004
1658,1,,,,,0.00022,0.00000,3.3,0.00004,1,,,,,0.00022,0.00000,3.0,0.00003
1659,1,,,,,0.00022,0.00000,3.2,0.00004,1,,,,,0.00022,0.00001,3.0,0.00004
1660,1,,,,,0.00022,0.00000,3.2,0.00004,1,,,,,0.00022,0.00000,3.1,0.00004
1661,1,,,,,0.00022,0.00001,3.2,0.00004,1,,,,,0.00022,0.00000,3.1,0.00004
1662,1,,,,,0.00022,0.00000,3.2,0.00004,1,,,,,0.00022,0.00000,3.1,0.00004
1663,1,,,,,0.00022,0.00000,3.2,0.00004,1,,,,,0.00022,0.00000,3.1,0.00004
1664,1,,,,,0.00022,0.00001,3.2,0.00004,1,,,,,0.00022,0.00000,3.2,0.00004
1665,1,,,,,0.00022,0.00000,3.2,0.00004,1,,,,,0.00022,0.00000,3.2,0.00004
1666,1,,,,,0.00022,0.00001,3.2,0.00003,1,,,,,0.00022,0.00000,3.1,0.00004
1667,1,,,,,0.00022,0.00000,3.2,0.00004,1,,,,,0.00022,0.00000,3.1,0.00003
1668,1,,,,,0.00022,0.00000,3.3,0.00004,1,,,,,0.00022,0.00001,3.1,0.00004
1669,1,,,,,0.00022,0.00000,3.2,0.00004,1,,,,,0.00022,0.00000,3.2,0.00004
1670,1,,,,,0.00022,0.00000,3.2,0.00004,1,,,,,0.00022,0.00000,3.1,0.00004
1671,1,,,,,0.00022,0.00000,3.2,0.00004,1,,,,,0.00022,0.00000,3.1,0.00004
1672,1,,,,,0.00022,0.00000,3.2,0.00003,1,,,,,0.00022,0.00000,3.1,0.00004
1673,1,,,,,0.00022,0.00000,3.2,0.00004,1,,,,,0.00022,0.00001,3.2,0.00004
1674,1,,,,,0.00022,0.00000,3.1,0.00004,1,,,,,0.00022,0.00000,3.1,0.00004
1675,1,,,,,0.00022,0.00001,3.2,0.00004,1,,,,,0.00022,0.00000,3.1,0.00004
1676,1,,,,,0.00022,0.00000,3.1,0.00003,1,,,,,0.00022,0.00000,3.2,0.00004
1677,1,,,,,0.00022,0.00000,3.2,0.00004,1,,,,,0.00022,0.00000,3.1,0.00004
1678,1,,,,,0.00022,0.00000,3.2,0.00004,1,,,,,0.00022,0.00000,3.1,0.00004
1679,1,,,,,0.00022,0.00000,3.1,0.00004,1,,,,,0.00022,0.00000,3.1,0.00004
1680,1,,,,,0.00022,0.00000,3.2,0.00003,1,,,,,0.00022,0.00000,3.1,0.00004
1681,1,,,,,0.00022,0.00000,3.2,0.00004,1,,,,,0.00022,0.00000,3.1,0.00004
1682,1,,,,,0.00022,0.00000,3.2,0.00004,1,,,,,0.00022,0.00000,3.1,0.00004
1683,1,,,,,0.00022,0.00000,3.2,0.00004,1,,,,,0.00022,0.00000,3.1,0.00004
1684,1,,,,,0.00022,0.00000,3.2,0.00004,1,,,,,0.00022,0.00000,3.0,0.00004
1685,1,,,,,0.00022,0.00000,3.3,0.00004,1,,,,,0.00022,0.00000,3.1,0.00004
1686,1,,,,,0.00022,0.00000,3.2,0.00004,1,,,,,0.00022,0.00000,3.0,0.00004
1687,1,,,,,0.00022,0.00000,3.1,0.00003,1,,,,,0.00022,0.00000,3.1,0.00004
1688,1,,,,,0.00022,0.00000,3.1,0.00004,1,,,,,0.00022,0.00000,3.1,0.00004
1689,1,,,,,0.00022,0.00000,3.1,0.00003,1,,,,,0.00022,0.00000,3.1,0.00004
1690,1,,,,,0.00022,0.00000,3.2,0.00004,1,,,,,0.00022,0.00000,3.1,0.00004
1691,1,,,,,0.00022,0.00000,3.2,0.00003,1,,,,,0.00022,0.00000,3.1,0.00004
1692,1,,,,,0.00022,0.00000,3.1,0.00004,1,,,,,0.00022,0.00000,3.1,0.00004
1693,1,,,,,0.00022,0.00000,3.2,0.00004,1,,,,,0.00022,0.00000,3.1,0.00004
1694,1,,,,,0.00022,0.00000,3.2,0.00004,1,,,,,0.00022,0.00000,3.1,0.00004
1695,1,,,,,0.00022,0.00000,3.2,0.00004,1,,,,,0.00022,0.00000,3.1,0.00004
1696,1,,,,,0.00022,0.00000,3.2,0.00004,1,,,,,0.00022,0.00001,3.1,0.00004
1697,1,,,,,0.00022,0.00000,3.2,0.00004,1,,,,,0.00022,0.00001,3.1,0.00004
1698,1,,,,,0.00022,0.00000,3.2,0.00004,1,,,,,0.00022,0.00000,3.1,0.00004
1699,1,,,,,0.00022,0.00000,3.2,0.00004,1,,,,,0.00022,0.00000,3.1,0.00004
1700,1,,,,,0.00022,0.00000,3.2,0.00004,1,,,,,0.00022,0.00000,3.1,0.00004
1701,1,,,,,0.00022,0.00000,3.2,0.00003,1,,,,,0.00022,0.00000,3.1,0.00004
1702,1,,,,,0.00022,0.00000,3.1,0.00004,1,,,,,0.00022,0.00000,3.1,0.00004
1703,1,,,,,0.00022,0.00001,3.1,0.00003,1,,,,,0.00022,0.00000,3.1,0.00004
1704,1,,,,,0.00022,0.00001,3.2,0.00003,1,,,,,0.00022,0.00000,3.1,0.00004
1705,1,,,,,0.00022,0.00000,3.2,0.00004,1,,,,,0.00022,0.00000,3.1,0.00004
1706,1,,,,,0.00022,0.00000,3.2,0.00004,1,,,,,0.00022,0.00001,3.2,0.00004
1707,1,,,,,0.00022,0.00000,3.2,0.00004,1,,,,,0.00022,0.00000,3.2,0.00004
1708,1,,,,,0.00022,0.00000,3.2,0.00003,1,,,,,0.00022,0.00000,3.1,0.00004
1709,1,,,,,0.00022,0.00000,3.2,0.00004,1,,,,,0.00022,0.00000,3.1,0.00004
1710,1,,,,,0.00022,0.00000,3.1,0.00004,1,,,,,0.00022,0.00000,3.2,0.00004
1711,1,,,,,0.00022,0.00000,3.2,0.00004,1,,,,,0.00022,0.00000,3.2,0.00004
1712,1,,,,,0.00022,0.00000,3.2,0.00004,1,,,,,0.00022,0.00000,3.1,0.00003
1713,1,,,,,0.00022,0.00000,3.2,0.00004,1,,,,,0.00022,0.00000,3.2,0.00004
1714,1,,,,,0.00022,0.00000,3.2,0.00004,1,,,,,0.00022,0.00000,3.1,0.00004
1715,1,,,,,0.00022,0.00000,3.3,0.00004,1,,,,,0.00022,0.00000,3.1,0.00004
1716,1,,,,,0.00022,0.00000,3.2,0.00004,1,,,,,0.00022,0.00000,3.1,0.00004
1717,1,,,,,0.00022,0.00000,3.2,0.00004,1,,,,,0.00022,0.00000,3.1,0.00004
1718,1,,,,,0.00022,0.00000,3.2,0.00004,1,,,,,0.00022,0.00000,3.1,0.00004
1719,1,,,,,0.00022,0.00000,3.1,0.00004,1,,,,,0.00022,0.00000,3.1,0.00004
1720,1,,,,,0.00022,0.00000,3.2,0.00004,1,,,,,0.00022,0.00000,3.1,0.00003
1721,1,,,,,0.00022,0.00000,3.2,0.00004,1,,,,,0.00022,0.00000,3.1,0.00003
1722,1,,,,,0.00022,0.00001,3.2,0.00004,1,,,,,0.00022,0.00000,3.1,0.00003
1723,1,,,,,0.00022,0.00000,3.2,0.00004,1,,,,,0.00022,0.00000,3.1,0.00004
1724,1,,,,,0.00022,0.00000,3.2,0.00004,1,,,,,0.00022,0.00000,3.1,0.00004
1725,1,,,,,0.00022,0.00000,3.2,0.00003,1,,,,,0.00022,0.00000,3.1,0.00004
1726,1,,,,,0.00022,0.00000,3.2,0.00003,1,,,,,0.00022,0.00000,3.2,0.00004
1727,1,,,,,0.00022,0.00000,3.2,0.00003,1,,,,,0.00022,0.00000,3.1,0.00004
1728,1,,,,,0.00022,0.00000,3.1,0.00004,1,,,,,0.00022,0.00000,3.0,0.00004
1729,1,,,,,0.00022,0.00000,3.1,0.00004,1,,,,,0.00022,0.00000,3.1,0.00004
1730,1,,,,,0.00022,0.00000,3.1,0.00003,1,,,,,0.00022,0.00000,3.1,0.00004
1731,1,,,,,0.00022,0.00000,3.1,0.00004,1,,,,,0.00022,0.00000,3.1,0.00004
1732,1,,,,,0.00022,0.00000,3.1,0.00004,1,,,,,0.00022,0.00000,3.1,0.00004
1733,1,,,,,0.00022,0.00000,3.2,0.00004,1,,,,,0.00022,0.00000,3.0,0.00003
1734,1,,,,,0.00022,0.00000,3.3,0.00004,1,,,,,0.00022,0.00001,3.1,0.00004
1735,1,,,,,0.00022,0.00000,3.2,0.00004,1,,,,,0.00022,0.00001,3.1,0.00004
1736,1,,,,,0.00022,0.00000,3.3,0.00004,1,,,,,0.00022,0.00000,3.1,0.00004
1737,1,,,,,0.00022,0.00000,3.2,0.00004,1,,,,,0.00022,0.00001,3.1,0.00004
1738,1,,,,,0.00022,0.00000,3.2,0.00004,1,,,,,0.00022,0.00000,3.1,0.00004
1739,1,,,,,0.00022,0.00000,3.3,0.00004,1,,,,,0.00022,0.00000,3.3,0.00004
1740,1,,,,,0.00022,0.00000,3.3,0.00004,1,,,,,0.00022,0.00000,3.3,0.00004
1741,1,,,,,0.00022,0.00000,3.3,0.00004,1,,,,,0.00022,0.00000,3.3,0.00004
1742,1,,,,,0.00022,0.00000,3.4,0.00004,1,,,,,0.00022,0.00000,3.3,0.00004
1743,1,,,,,0.00022,0.00000,3.4,0.00004,1,,,,,0.00022,0.00000,3.2,0.00004
1744,1,,,,,0.00022,0.00000,3.4,0.00004,1,,,,,0.00022,0.00001,3.2,0.00004
1745,1,,,,,0.00022,0.00000,3.6,0.00004,1,,,,,0.00022,0.00000,3.3,0.00004
1746,1,,,,,0.00022,0.00000,3.7,0.00004,1,,,,,0.00022,0.00000,3.3,0.00004
1747,1,,,,,0.00022,0.00000,3.6,0.00004,1,,,,,0.00022,0.00001,3.4,0.00004
1748,1,,,,,0.00022,0.00001,3.6,0.00004,1,,,,,0.00022,0.00000,3.5,0.00004
1749,1,,,,,0.00022,0.00000,3.6,0.00004,1,,,,,0.00022,0.00000,3.5,0.00004
1750,1,,,,,0.00022,0.00000,3.6,0.00004,1,,,,,0.00022,0.00000,3.5,0.00004
1751,1,,,,,0.00022,0.00000,3.6,0.00004,1,,,,,0.00022,0.00000,3.5,0.00004
1752,1,,,,,0.00022,0.00000,3.6,0.00004,1,,,,,0.00022,0.00000,3.5,0.00004
1753,1,,,,,0.00022,0.00001,3.5,0.00004,1,,,,,0.00022,0.00000,3.5,0.00004
1754,1,,,,,0.00022,0.00000,3.5,0.00004,1,,,,,0.00022,0.00000,3.4,0.00004
1755,1,,,,,0.00022,0.00000,3.5,0.00004,1,,,,,0.00058,0.00001,254.5,0.00332
1756,1,,,,,0.00022,0.00001,3.5,0.00004,1,,,,,0.01173,0.00091,527.1,0.00133
1757,1,,,,,0.00022,0.00000,3.6,0.00004,1,,,,,0.01992,0.00367,526.1,0.00001
1758,1,,,,,0.00022,0.00000,3.6,0.00004,1,,,,,0.02425,0.00411,239.9,0.00000
1759,1,,,,,0.00022,0.00000,3.6,0.00004,1,,,,,0.00755,0.00036,5047.9,0.00842
1760,1,,,,,0.00022,0.00000,3.6,0.00004,1,,,,,0.04231,0.00001,461.1,0.00000
1761,1,,,,,0.00022,0.00000,3.6,0.00004,1,,,,,0.10708,0.00513,592.7,0.00001
1762,1,,,,,0.00022,0.00000,3.6,0.00004,1,,,,,0.06971,0.00321,545.9,0.00001
1763,1,,,,,0.00022,0.00000,3.6,0.00004,1,,,,,0.01577,0.00540,181.0,0.00000
1764,1,,,,,0.00022,0.00000,3.6,0.00004,1,,,,,0.00387,0.00027,152.5,0.00000
1765,1,,,,,0.00022,0.00000,3.7,0.00004,1,,,,,0.01527,0.00010,364.6,0.00001
1766,1,,,,,0.00022,0.00000,3.6,0.00004,1,,,,,0.02184,0.00188,368.4,0.00000
1767,1,,,,,0.00022,0.00000,3.6,0.00004,1,,,,,0.01292,0.00230,246.1,0.00000
1768,1,,,,,0.00022,0.00000,3.6,0.00004,1,,,,,0.06871,0.00040,437.1,0.00000
1769,1,,,,,0.00022,0.00000,3.6,0.00004,1,,,,,0.07450,0.00914,416.6,0.00000
1770,1,,,,,0.00022,0.00000,3.6,0.00004,1,,,,,0.00439,0.00035,193.9,0.00000
1771,1,,,,,0.00022,0.00000,3.6,0.00004,1,,,,,0.10066,0.00000,558.4,0.00001
1772,1,,,,,0.00022,0.00000,3.6,0.00004,1,,,,,0.09799,0.00645,565.3,0.00002
1773,1,,,,,0.00022,0.00000,3.6,0.00004,1,,,,,0.02472,0.00598,445.7,0.00001
1774,1,,,,,0.00022,0.00001,3.6,0.00004,1,,,,,0.00421,0.00198,145.3,0.00000
1775,1,,,,,0.00022,0.00000,3.5,0.00004,1,,,,,0.00042,0.00013,5.3,0.00005
1776,1,,,,,0.00022,0.00000,3.6,0.00004,1,,,,,0.00022,0.00000,3.3,0.00004
1777,1,,,,,0.00022,0.00000,3.6,0.00004,1,,,,,0.00022,0.00000,3.3,0.00004
1778,1,,,,,0.00022,0.00001,3.6,0.00004,1,,,,,0.00022,0.00000,3.2,0.00004
1779,1,,,,,0.00022,0.00000,3.6,0.00004,1,,,,,0.00022,0.00000,3.2,0.00004
1780,1,,,,,0.00022,0.00000,3.6,0.00004,1,,,,,0.00022,0.00000,3.2,0.00004
1781,1,,,,,0.00022,0.00000,3.6,0.00004,1,,,,,0.00022,0.00000,3.3,0.00004
1782,1,,,,,0.00022,0.00000,3.6,0.00004,1,,,,,0.00022,0.00000,3.3,0.00004
1783,1,,,,,0.00022,0.00000,3.6,0.00004,1,,,,,0.00022,0.00000,3.2,0.00004
1784,1,,,,,0.00022,0.00000,3.6,0.00004,1,,,,,0.00022,0.00000,3.3,0.00004
1785,1,,,,,0.00022,0.00000,3.6,0.00004,1,,,,,0.00022,0.00001,3.3,0.00004
1786,1,,,,,0.00022,0.00000,3.5,0.00004,1,,,,,0.00022,0.00000,3.3,0.00004
1787,1,,,,,0.00022,0.00000,3.6,0.00004,1,,,,,0.00022,0.00000,3.3,0.00004
1788,1,,,,,0.00022,0.00000,3.6,0.00004,1,,,,,0.00022,0.00000,3.3,0.00004
1789,1,,,,,0.00022,0.00001,3.6,0.00004,1,,,,,0.00022,0.00000,3.2,0.00004
1790,1,,,,,0.00022,0.00000,3.7,0.00004,1,,,,,0.00022,0.00000,3.2,0.00004
1791,1,,,,,0.00022,0.00000,3.8,0.00004,1,,,,,0.00022,0.00000,3.2,0.00004
1792,1,,,,,0.00022,0.00000,3.7,0.00004,1,,,,,0.00022,0.00000,3.2,0.00003
1793,1,,,,,0.00022,0.00000,3.7,0.00005,1,,,,,0.00022,0.00000,3.3,0.00004
1794,1,,,,,0.00022,0.00000,3.7,0.00004,1,,,,,0.00022,0.00000,3.2,0.00004
1795,1,,,,,0.00022,0.00000,3.7,0.00004,1,,,,,0.00022,0.00000,3.2,0.00004
1796,1,,,,,0.00022,0.00000,3.7,0.00004,1,,,,,0.00022,0.00001,3.2,0.00004
1797,1,,,,,0.00022,0.00000,3.7,0.00004,1,,,,,0.00022,0.00000,3.2,0.00004
1798,1,,,,,0.00022,0.00000,3.6,0.00004,1,,,,,0.00022,0.00000,3.2,0.00004
1799,1,,,,,0.00022,0.00000,3.6,0.00004,1,,,,,0.00022,0.00000,3.2,0.00004
1800,1,,,,,0.00022,0.00000,3.7,0.00004,1,,,,,0.00022,0.00000,3.2,0.00004
1801,1,,,,,0.00022,0.00000,3.7,0.00004,1,,,,,0.00022,0.00000,3.2,0.00003
1802,1,,,,,0.00022,0.00000,3.9,0.00004,1,,,,,0.00022,0.00000,3.2,0.00004
1803,1,,,,,0.00022,0.00001,3.6,0.00004,1,,,,,0.00022,0.00000,3.2,0.00004
1804,1,,,,,0.00022,0.00000,3.6,0.00004,1,,,,,0.00022,0.00000,3.2,0.00004
1805,1,,,,,0.00022,0.00000,3.7,0.00004,1,,,,,0.00022,0.00000,3.2,0.00004
1806,1,,,,,0.00022,0.00000,3.7,0.00004,1,,,,,0.00022,0.00000,3.2,0.00004
1807,1,,,,,0.00022,0.00001,3.7,0.00004,1,,,,,0.00022,0.00000,3.2,0.00004
1808,1,,,,,0.00022,0.00000,3.6,0.00004,1,,,,,0.00022,0.00000,3.2,0.00004
1809,1,,,,,0.00022,0.00001,3.7,0.00004,1,,,,,0.00022,0.00000,3.2,0.00004
1810,1,,,,,0.00022,0.00000,3.7,0.00004,1,,,,,0.00022,0.00000,3.2,0.00004
1811,1,,,,,0.00022,0.00000,3.7,0.00004,1,,,,,0.00022,0.00001,3.2,0.00004
1812,1,,,,,0.00022,0.00000,3.7,0.00004,1,,,,,0.00022,0.00000,3.2,0.00004
1813,1,,,,,0.00022,0.00000,3.6,0.00004,1,,,,,0.00022,0.00000,3.2,0.00004
1814,1,,,,,0.00022,0.00000,3.7,0.00004,1,,,,,0.00022,0.00000,3.2,0.00004
1815,1,,,,,0.00022,0.00000,3.6,0.00004,1,,,,,0.00022,0.00000,3.2,0.00004
1816,1,,,,,0.00022,0.00000,3.7,0.00004,1,,,,,0.00022,0.00000,3.2,0.00004
1817,1,,,,,0.00022,0.00000,3.6,0.00004,1,,,,,0.00022,0.00000,3.2,0.00004
1818,1,,,,,0.00022,0.00000,3.6,0.00004,1,,,,,0.00022,0.00000,3.2,0.00004
1819,1,,,,,0.00022,0.00000,3.6,0.00004,1,,,,,0.00022,0.00000,3.2,0.00003
1820,1,,,,,0.00022,0.00001,3.7,0.00004,1,,,,,0.00022,0.00000,3.2,0.00004
1821,1,,,,,0.00022,0.00000,3.6,0.00004,1,,,,,0.00022,0.00000,3.2,0.00004
1822,1,,,,,0.00022,0.00000,3.7,0.00004,1,,,,,0.00022,0.00000,3.2,0.00004
1823,1,,,,,0.00022,0.00000,3.6,0.00004,1,,,,,0.00022,0.00000,3.2,0.00004
1824,1,,,,,0.00022,0.00000,3.6,0.00004,1,,,,,0.00022,0.00000,3.3,0.00004
1825,1,,,,,0.00022,0.00000,3.5,0.00004,1,,,,,0.00022,0.00000,3.2,0.00004
1826,1,,,,,0.00022,0.00000,3.5,0.00004,1,,,,,0.00022,0.00000,3.2,0.00004
1827,1,,,,,0.00022,0.00000,3.6,0.00004,1,,,,,0.00022,0.00000,3.2,0.00004
1828,1,,,,,0.00022,0.00000,3.7,0.00004,1,,,,,0.00022,0.00000,3.3,0.00004
1829,1,,,,,0.00022,0.00000,3.6,0.00004,1,,,,,0.00022,0.00000,3.3,0.00004
1830,1,,,,,0.00022,0.00000,3.6,0.00004,1,,,,,0.00022,0.00000,3.2,0.00004
1831,1,,,,,0.00022,0.00000,3.6,0.00004,1,,,,,0.00022,0.00000,3.2,0.00004
1832,1,,,,,0.00022,0.00000,3.6,0.00004,1,,,,,0.00022,0.00000,3.2,0.00004
1833,1,,,,,0.00022,0.00000,3.7,0.00004,1,,,,,0.00022,0.00000,3.2,0.00004
1834,1,,,,,0.00022,0.00000,3.7,0.00004,1,,,,,0.00022,0.00000,3.3,0.00003
1835,1,,,,,0.00022,0.00000,3.7,0.00004,1,,,,,0.00022,0.00001,3.2,0.00004
1836,1,,,,,0.00022,0.00000,3.6,0.00004,1,,,,,0.00022,0.00001,3.2,0.00003
1837,1,,,,,0.00022,0.00000,3.6,0.00004,1,,,,,0.00022,0.00000,3.2,0.00004
1838,1,,,,,0.00022,0.00001,3.7,0.00004,1,,,,,0.00022,0.00000,3.2,0.00004
1839,1,,,,,0.00022,0.00000,3.6,0.00004,1,,,,,0.00022,0.00000,3.3,0.00004
1840,1,,,,,0.00022,0.00000,3.6,0.00004,1,,,,,0.00022,0.00001,3.2,0.00004
1841,1,,,,,0.00022,0.00000,3.6,0.00004,1,,,,,0.00022,0.00000,3.3,0.00004
1842,1,,,,,0.00022,0.00001,3.6,0.00004,1,,,,,0.00022,0.00000,3.3,0.00004
1843,1,,,,,0.00022,0.00001,3.6,0.00004,1,,,,,0.00022,0.00000,3.3,0.00004
1844,1,,,,,0.00022,0.00000,3.6,0.00004,1,,,,,0.00022,0.00000,3.2,0.00004
1845,1,,,,,0.00022,0.00000,3.6,0.00004,1,,,,,0.00022,0.00000,3.2,0.00004
1846,1,,,,,0.00022,0.00000,3.6,0.00004,1,,,,,0.00022,0.00000,3.2,0.00004
1847,1,,,,,0.00022,0.00000,3.6,0.00004,1,,,,,0.00022,0.00000,3.3,0.00004
1848,1,,,,,0.00022,0.00000,3.6,0.00004,1,,,,,0.00022,0.00000,3.2,0.00004
1849,1,,,,,0.00022,0.00000,3.6,0.00004,1,,,,,0.00022,0.00000,3.2,0.00004
1850,1,,,,,0.00022,0.00000,3.6,0.00004,1,,,,,0.00022,0.00000,3.2,0.00004
1851,1,,,,,0.00022,0.00000,3.6,0.00004,1,,,,,0.00022,0.00000,3.2,0.00004
1852,1,,,,,0.00022,0.00000,3.7,0.00004,1,,,,,0.00022,0.00001,3.3,0.00004
1853,1,,,,,0.00022,0.00000,3.8,0.00004,1,,,,,0.00022,0.00000,3.2,0.00004
1854,1,,,,,0.00022,0.00001,3.6,0.00004,1,,,,,0.00022,0.00001,3.2,0.00004
1855,1,,,,,0.00022,0.00000,3.6,0.00004,1,,,,,0.00022,0.00000,3.2,0.00004
1856,1,,,,,0.00022,0.00000,3.6,0.00004,1,,,,,0.00022,0.00000,3.3,0.00004
1857,1,,,,,0.00022,0.00000,3.7,0.00004,1,,,,,0.00022,0.00000,3.2,0.00004
1858,1,,,,,0.00022,0.00000,3.8,0.00004,1,,,,,0.00022,0.00000,3.2,0.00003
1859,1,,,,,0.00022,0.00000,3.7,0.00004,1,,,,,0.00022,0.00000,3.3,0.00004
1860,1,,,,,0.00022,0.00000,3.6,0.00004,1,,,,,0.00022,0.00000,3.3,0.00004
1861,1,,,,,0.00022,0.00000,3.6,0.00004,1,,,,,0.00022,0.00000,3.3,0.00004
1862,1,,,,,0.00022,0.00000,3.7,0.00004,1,,,,,0.00022,0.00000,3.3,0.00004
1863,1,,,,,0.00022,0.00000,3.6,0.00004,1,,,,,0.00022,0.00000,3.3,0.00004
1864,1,,,,,0.00022,0.00000,3.6,0.00004,1,,,,,0.00022,0.00000,3.2,0.00003
1865,1,,,,,0.00022,0.00000,3.7,0.00004,1,,,,,0.00022,0.00000,3.2,0.00004
1866,1,,,,,0.00022,0.00000,3.6,0.00004,1,,,,,0.00022,0.00000,3.3,0.00004
1867,1,,,,,0.00022,0.00000,3.6,0.00004,1,,,,,0.00022,0.00000,3.2,0.00004
1868,1,,,,,0.00022,0.00000,3.6,0.00004,1,,,,,0.00022,0.00000,3.2,0.00004
1869,1,,,,,0.00022,0.00000,3.6,0.00004,1,,,,,0.00022,0.00000,3.2,0.00004
1870,1,,,,,0.00022,0.00000,3.7,0.00004,1,,,,,0.00022,0.00000,3.2,0.00004
1871,1,,,,,0.00022,0.00000,3.6,0.00004,1,,,,,0.00022,0.00000,3.2,0.00004
1872,1,,,,,0.00022,0.00000,3.7,0.00004,1,,,,,0.00022,0.00000,3.2,0.00004
1873,1,,,,,0.00022,0.00000,3.8,0.00004,1,,,,,0.00022,0.00000,3.2,0.00004
1874,1,,,,,0.00022,0.00000,3.7,0.00004,1,,,,,0.00022,0.00000,3.2,0.00004
1875,1,,,,,0.00022,0.00000,3.7,0.00004,1,,,,,0.00022,0.00000,3.2,0.00004
1876,1,,,,,0.00022,0.00001,3.7,0.00004,1,,,,,0.00022,0.00000,3.2,0.00004
1877,1,,,,,0.00022,0.00000,3.6,0.00004,1,,,,,0.00022,0.00000,3.2,0.00004
1878,1,,,,,0.00022,0.00000,3.6,0.00004,1,,,,,0.00022,0.00000,3.2,0.00004
1879,1,,,,,0.00022,0.00000,3.6,0.00004,1,,,,,0.00022,0.00000,3.2,0.00003
1880,1,,,,,0.00022,0.00000,3.7,0.00004,1,,,,,0.00022,0.00000,3.2,0.00004
1881,1,,,,,0.00022,0.00000,3.5,0.00004,1,,,,,0.00022,0.00000,3.2,0.00004
1882,1,,,,,0.00022,0.00000,3.5,0.00004,1,,,,,0.00022,0.00000,3.1,0.00003
1883,1,,,,,0.00022,0.00000,3.6,0.00004,1,,,,,0.00022,0.00000,3.2,0.00004
1884,1,,,,,0.00022,0.00000,3.6,0.00004,1,,,,,0.00022,0.00000,3.2,0.00004
1885,1,,,,,0.00022,0.00000,3.5,0.00004,1,,,,,0.00022,0.00000,3.2,0.00004
1886,1,,,,,0.00022,0.00000,3.6,0.00004,1,,,,,0.00022,0.00000,3.2,0.00004
1887,1,,,,,0.00022,0.00000,3.6,0.00004,1,,,,,0.00022,0.00000,3.2,0.00004
1888,1,,,,,0.00022,0.00001,3.6,0.00004,1,,,,,0.00022,0.00000,3.2,0.00004
1889,1,,,,,0.00022,0.00000,3.7,0.00004,1,,,,,0.00022,0.00000,3.1,0.00003
1890,1,,,,,0.00022,0.00001,3.8,0.00004,1,,,,,0.00022,0.00000,3.2,0.00004
1891,1,,,,,0.00022,0.00000,3.8,0.00004,1,,,,,0.00022,0.00000,3.2,0.00004
1892,1,,,,,0.00022,0.00000,3.7,0.00004,1,,,,,0.00022,0.00000,3.3,0.00004
1893,1,,,,,0.00022,0.00000,3.8,0.00004,1,,,,,0.00022,0.00000,3.3,0.00004
1894,1,,,,,0.00022,0.00000,3.6,0.00004,1,,,,,0.00022,0.00000,3.3,0.00004
1895,1,,,,,0.00022,0.00000,3.6,0.00004,1,,,,,0.00022,0.00000,3.2,0.00004
1896,1,,,,,0.00022,0.00001,3.6,0.00004,1,,,,,0.00022,0.00000,3.3,0.00004
1897,1,,,,,0.00022,0.00000,3.7,0.00004,1,,,,,0.00022,0.00000,3.5,0.00004
1898,1,,,,,0.00022,0.00001,3.6,0.00004,1,,,,,0.00022,0.00000,3.6,0.00004
1899,1,,,,,0.00022,0.00000,3.7,0.00004,1,,,,,0.00022,0.00001,3.5,0.00004
1900,1,,,,,0.00022,0.00000,3.6,0.00004,1,,,,,0.00022,0.00000,3.4,0.00004
1901,1,,,,,0.00022,0.00000,3.7,0.00004,1,,,,,0.00022,0.00000,3.4,0.00004
1902,1,,,,,0.00022,0.00000,3.6,0.00004,1,,,,,0.00022,0.00000,3.5,0.00004
1903,1,,,,,0.00022,0.00000,3.7,0.00004,1,,,,,0.00022,0.00000,3.5,0.00004
1904,1,,,,,0.00022,0.00000,3.7,0.00004,1,,,,,0.00022,0.00000,3.5,0.00004
1905,1,,,,,0.00022,0.00000,3.7,0.00004,1,,,,,0.00022,0.00000,3.4,0.00004
1906,1,,,,,0.00022,0.00000,3.8,0.00004,1,,,,,0.00022,0.00000,3.4,0.00004
1907,1,,,,,0.00022,0.00000,3.8,0.00004,1,,,,,0.00022,0.00001,3.5,0.00004
1908,1,,,,,0.00022,0.00000,3.9,0.00004,1,,,,,0.00022,0.00000,3.5,0.00004
1909,1,,,,,0.00022,0.00000,3.8,0.00004,1,,,,,0.00022,0.00000,3.5,0.00004
1910,1,,,,,0.00022,0.00000,3.9,0.00004,1,,,,,0.00022,0.00000,3.5,0.00004
1911,1,,,,,0.00022,0.00001,3.9,0.00004,1,,,,,0.00022,0.00000,3.5,0.00004
1912,1,,,,,0.00022,0.00000,3.9,0.00005,1,,,,,0.00022,0.00000,3.5,0.00005
1913,1,,,,,0.00022,0.00000,3.8,0.00004,1,,,,,0.00022,0.00000,3.5,0.00004
1914,1,,,,,0.00022,0.00000,3.9,0.00004,1,,,,,0.00022,0.00000,3.4,0.00004
1915,1,,,,,0.00022,0.00000,3.8,0.00004,1,,,,,0.00022,0.00000,3.4,0.00004
1916,1,,,,,0.00022,0.00001,3.9,0.00004,1,,,,,0.00022,0.00000,3.5,0.00004
1917,1,,,,,0.00022,0.00001,3.9,0.00004,1,,,,,0.00022,0.00000,3.4,0.00004
1918,1,,,,,0.00022,0.00001,3.8,0.00004,1,,,,,0.00022,0.00000,3.5,0.00004
1919,1,,,,,0.00022,0.00000,3.9,0.00004,1,,,,,0.00022,0.00000,3.4,0.00004
1920,1,,,,,0.00022,0.00000,3.8,0.00004,1,,,,,0.00022,0.00000,3.5,0.00004
1921,1,,,,,0.00022,0.00000,3.8,0.00004,1,,,,,0.00022,0.00000,3.5,0.00004
1922,1,,,,,0.00022,0.00000,3.9,0.00004,1,,,,,0.00022,0.00000,3.5,0.00004
1923,1,,,,,0.00022,0.00000,3.9,0.00004,1,,,,,0.00022,0.00001,3.5,0.00004
1924,1,,,,,0.00022,0.00001,3.8,0.00004,1,,,,,0.00022,0.00001,3.5,0.00004
1925,1,,,,,0.00022,0.00001,3.8,0.00004,1,,,,,0.00022,0.00001,3.5,0.00004
1926,1,,,,,0.00022,0.00000,3.7,0.00005,1,,,,,0.00022,0.00001,3.5,0.00004
1927,1,,,,,0.00022,0.00001,3.8,0.00004,1,,,,,0.00022,0.00000,3.5,0.00004
1928,1,,,,,0.00022,0.00001,3.8,0.00004,1,,,,,0.00022,0.00000,3.5,0.00004
1929,1,,,,,0.00022,0.00000,3.8,0.00004,1,,,,,0.00022,0.00000,3.4,0.00004
1930,1,,,,,0.00022,0.00000,3.7,0.00004,1,,,,,0.00022,0.00000,3.6,0.00005
1931,1,,,,,0.00022,0.00000,3.6,0.00004,1,,,,,0.00022,0.00000,3.5,0.00004
1932,1,,,,,0.00022,0.00001,3.7,0.00004,1,,,,,0.00022,0.00001,3.5,0.00004
1933,1,,,,,0.00022,0.00000,3.6,0.00004,1,,,,,0.00022,0.00000,3.6,0.00004
1934,1,,,,,0.00022,0.00001,3.7,0.00004,1,,,,,0.00022,0.00000,3.6,0.00004
1935,1,,,,,0.00022,0.00000,3.6,0.00004,1,,,,,0.00022,0.00001,3.6,0.00004
1936,1,,,,,0.00022,0.00000,3.6,0.00004,1,,,,,0.00022,0.00000,3.5,0.00004
1937,1,,,,,0.00022,0.00001,3.9,0.00005,1,,,,,0.00022,0.00000,3.5,0.00004
1938,1,,,,,0.00022,0.00000,3.8,0.00004,1,,,,,0.00022,0.00000,3.6,0.00004
1939,1,,,,,0.00022,0.00000,3.8,0.00005,1,,,,,0.00022,0.00000,3.6,0.00004
1940,1,,,,,0.00022,0.00000,3.8,0.00004,1,,,,,0.00022,0.00001,3.6,0.00004
1941,1,,,,,0.00022,0.00000,3.8,0.00004,1,,,,,0.00022,0.00000,3.5,0.00004
1942,1,,,,,0.00022,0.00000,3.8,0.00004,1,,,,,0.00022,0.00000,3.5,0.00004
1943,1,,,,,0.00022,0.00000,3.8,0.00004,1,,,,,0.00022,0.00000,3.5,0.00004
1944,1,,,,,0.00022,0.00000,3.8,0.00004,1,,,,,0.00022,0.00000,3.6,0.00004
1945,1,,,,,0.00022,0.00000,3.8,0.00004,1,,,,,0.00022,0.00000,3.6,0.00004
1946,1,,,,,0.00022,0.00000,3.8,0.00004,1,,,,,0.00022,0.00000,3.5,0.00004
1947,1,,,,,0.00022,0.00000,3.7,0.00004,1,,,,,0.00022,0.00000,3.6,0.00004
1948,1,,,,,0.00022,0.00000,3.8,0.00005,1,,,,,0.00022,0.00000,3.6,0.00004
1949,1,,,,,0.00022,0.00000,3.8,0.00004,1,,,,,0.00022,0.00000,3.5,0.00004
1950,1,,,,,0.00022,0.00000,3.7,0.00005,1,,,,,0.00022,0.00000,3.6,0.00004
1951,1,,,,,0.00022,0.00000,3.7,0.00004,1,,,,,0.00022,0.00000,3.5,0.00004
1952,1,,,,,0.00022,0.00000,3.7,0.00004,1,,,,,0.00022,0.00000,3.5,0.00004
1953,1,,,,,0.00022,0.00000,3.7,0.00004,1,,,,,0.00022,0.00000,3.5,0.00004
1954,1,,,,,0.00022,0.00001,3.7,0.00005,1,,,,,0.00022,0.00000,3.5,0.00004
1955,1,,,,,0.00022,0.00000,3.7,0.00004,1,,,,,0.00022,0.00001,3.6,0.00004
1956,1,,,,,0.00022,0.00000,3.7,0.00004,1,,,,,0.00022,0.00000,3.6,0.00004
1957,1,,,,,0.00022,0.00001,3.7,0.00004,1,,,,,0.00022,0.00000,3.6,0.00004
1958,1,,,,,0.00022,0.00001,3.8,0.00004,1,,,,,0.00022,0.00001,3.5,0.00004
1959,1,,,,,0.00022,0.00000,3.7,0.00004,1,,,,,0.00022,0.00000,3.6,0.00004
1960,1,,,,,0.00022,0.00000,3.8,0.00005,1,,,,,0.00022,0.00000,3.5,0.00004
1961,1,,,,,0.00022,0.00000,3.7,0.00004,1,,,,,0.00022,0.00000,3.5,0.00004
1962,1,,,,,0.00022,0.00001,3.7,0.00004,1,,,,,0.00022,0.00000,3.5,0.00004
1963,1,,,,,0.00022,0.00000,3.6,0.00004,1,,,,,0.00022,0.00000,3.5,0.00004
1964,1,,,,,0.00022,0.00001,3.7,0.00004,1,,,,,0.00022,0.00000,3.6,0.00004
1965,1,,,,,0.00022,0.00000,3.8,0.00005,1,,,,,0.00022,0.00000,3.6,0.00004
1966,1,,,,,0.00022,0.00001,3.7,0.00004,1,,,,,0.00022,0.00001,3.5,0.00004
1967,1,,,,,0.00022,0.00000,3.4,0.00004,1,,,,,0.00022,0.00000,3.5,0.00004
1968,1,,,,,0.00022,0.00000,3.4,0.00004,1,,,,,0.00022,0.00001,3.6,0.00004
1969,1,,,,,0.00022,0.00000,3.4,0.00004,1,,,,,0.00022,0.00000,3.6,0.00004
1970,1,,,,,0.00022,0.00000,3.4,0.00004,1,,,,,0.00022,0.00001,3.6,0.00004
1971,1,,,,,0.00022,0.00000,3.4,0.00004,1,,,,,0.00022,0.00001,3.5,0.00004
1972,1,,,,,0.00022,0.00000,3.4,0.00004,1,,,,,0.00022,0.00000,3.6,0.00004
1973,1,,,,,0.00022,0.00000,3.4,0.00004,1,,,,,0.00022,0.00000,3.6,0.00004
1974,1,,,,,0.00022,0.00000,3.4,0.00005,1,,,,,0.00022,0.00000,3.6,0.00004
1975,1,,,,,0.00022,0.00000,3.4,0.00004,1,,,,,0.00022,0.00000,3.6,0.00004
1976,1,,,,,0.00022,0.00000,3.4,0.00004,1,,,,,0.00022,0.00001,3.6,0.00004
1977,1,,,,,0.00022,0.00000,3.4,0.00004,1,,,,,0.00022,0.00001,3.5,0.00004
1978,1,,,,,0.00022,0.00000,3.4,0.00004,1,,,,,0.00022,0.00000,3.5,0.00004
1979,1,,,,,0.00022,0.00000,3.4,0.00004,1,,,,,0.00022,0.00000,3.6,0.00004
1980,1,,,,,0.00022,0.00000,3.4,0.00004,1,,,,,0.00022,0.00000,3.6,0.00004
1981,1,,,,,0.00022,0.00000,3.4,0.00004,1,,,,,0.00022,0.00000,3.6,0.00004
1982,1,,,,,0.00022,0.00000,3.4,0.00004,1,,,,,0.00022,0.00000,3.6,0.00004
1983,1,,,,,0.00022,0.00000,3.4,0.00004,1,,,,,0.00022,0.00000,3.6,0.00004
1984,1,,,,,0.00022,0.00000,3.4,0.00004,1,,,,,0.00022,0.00000,3.6,0.00004
1985,1,,,,,0.00022,0.00000,3.5,0.00004,1,,,,,0.00022,0.00000,3.6,0.00004
1986,1,,,,,0.00022,0.00000,3.4,0.00004,1,,,,,0.00022,0.00000,3.7,0.00005
1987,1,,,,,0.00022,0.00000,3.6,0.00004,1,,,,,0.00022,0.00000,3.6,0.00004
1988,1,,,,,0.00022,0.00000,3.6,0.00005,1,,,,,0.00022,0.00000,3.7,0.00004
1989,1,,,,,0.00022,0.00001,3.6,0.00004,1,,,,,0.00022,0.00000,3.5,0.00004
1990,1,,,,,0.00022,0.00000,3.6,0.00004,1,,,,,0.00022,0.00000,3.5,0.00004
1991,1,,,,,0.00022,0.00000,3.6,0.00004,1,,,,,0.00022,0.00000,3.4,0.00004
1992,1,,,,,0.00022,0.00000,3.7,0.00004,1,,,,,0.00022,0.00000,3.5,0.00004
1993,1,,,,,0.00022,0.00000,3.7,0.00005,1,,,,,0.00022,0.00000,3.5,0.00004
1994,1,,,,,0.00022,0.00000,3.7,0.00005,1,,,,,0.00022,0.00000,3.5,0.00004
1995,1,,,,,0.00022,0.00001,3.7,0.00005,1,,,,,0.00022,0.00000,3.5,0.00004
1996,1,,,,,0.00022,0.00001,3.6,0.00004,1,,,,,0.00022,0.00000,3.5,0.00004
1997,1,,,,,0.00022,0.00000,3.7,0.00005,1,,,,,0.00022,0.00000,3.5,0.00004
1998,1,,,,,0.00022,0.00000,3.7,0.00005,1,,,,,0.00022,0.00000,3.5,0.00004
1999,1,,,,,0.00022,0.00001,3.7,0.00004,1,,,,,0.00022,0.00000,3.5,0.00004
2000,1,,,,,0.00022,0.00000,3.7,0.00004,1,,,,,0.00022,0.00000,3.5,0.00004
2001,1,,,,,0.00022,0.00000,3.7,0.00004,1,,,,,0.00022,0.00000,3.5,0.00004
2002,1,,,,,0.00022,0.00000,3.7,0.00004,1,,,,,0.00022,0.00001,3.5,0.00004
2003,1,,,,,0.00022,0.00000,3.7,0.00004,1,,,,,0.00022,0.00000,3.5,0.00004
2004,1,,,,,0.00022,0.00001,3.7,0.00004,1,,,,,0.00022,0.00000,3.5,0.00004
2005,1,,,,,0.00022,0.00000,3.7,0.00005,1,,,,,0.00022,0.00000,3.5,0.00005
2006,1,,,,,0.00022,0.00000,3.7,0.00005,1,,,,,0.00022,0.00000,3.6,0.00004
2007,1,,,,,0.00022,0.00000,3.4,0.00004,1,,,,,0.00022,0.00000,3.6,0.00004
2008,1,,,,,0.00022,0.00000,3.3,0.00004,1,,,,,0.00022,0.00000,3.5,0.00004
2009,1,,,,,0.00022,0.00000,3.4,0.00004,1,,,,,0.00022,0.00001,3.6,0.00004
2010,1,,,,,0.00022,0.00001,3.3,0.00004,1,,,,,0.00022,0.00000,3.5,0.00004
2011,1,,,,,0.00022,0.00001,3.4,0.00004,1,,,,,0.00022,0.00000,3.5,0.00004
2012,1,,,,,0.00022,0.00000,3.4,0.00004,1,,,,,0.00022,0.00000,3.5,0.00004
2013,1,,,,,0.00022,0.00001,3.6,0.00004,1,,,,,0.00022,0.00000,3.6,0.00004
2014,1,,,,,0.00022,0.00001,3.6,0.00004,1,,,,,0.00022,0.00000,3.6,0.00004
2015,1,,,,,0.00022,0.00000,3.5,0.00004,1,,,,,0.00022,0.00000,3.6,0.00004
2016,1,,,,,0.00022,0.00000,3.5,0.00004,1,,,,,0.00022,0.00001,3.5,0.00003
2017,1,,,,,0.00022,0.00000,3.6,0.00004,1,,,,,0.00022,0.00000,3.5,0.00004
2018,1,,,,,0.00022,0.00001,3.6,0.00004,1,,,,,0.00022,0.00000,3.6,0.00004
2019,1,,,,,0.00022,0.00001,3.5,0.00004,1,,,,,0.00022,0.00000,3.5,0.00004
2020,1,,,,,0.00022,0.00001,3.5,0.00004,1,,,,,0.00022,0.00000,3.5,0.00004
2021,1,,,,,0.00022,0.00000,3.5,0.00004,1,,,,,0.00022,0.00000,3.5,0.00004
2022,1,,,,,0.00022,0.00000,3.5,0.00004,1,,,,,0.00022,0.00000,3.5,0.00004
2023,1,,,,,0.00022,0.00000,3.6,0.00004,1,,,,,0.00022,0.00000,3.6,0.00004
2024,1,,,,,0.00022,0.00000,3.6,0.00004,1,,,,,0.00022,0.00000,3.5,0.00004
2025,1,,,,,0.00022,0.00000,3.6,0.00004,1,,,,,0.00022,0.00000,3.5,0.00004
2026,1,,,,,0.00022,0.00000,3.6,0.00004,1,,,,,0.00022,0.00000,3.5,0.00004
2027,1,,,,,0.00022,0.00000,3.6,0.00005,1,,,,,0.00022,0.00000,3.8,0.00004
2028,1,,,,,0.00022,0.00000,3.7,0.00005,1,,,,,0.00022,0.00000,3.8,0.00004
2029,1,,,,,0.00022,0.00000,3.6,0.00005,1,,,,,0.00022,0.00000,3.8,0.00004
2030,1,,,,,0.00022,0.00000,3.7,0.00005,1,,,,,0.00022,0.00001,3.8,0.00004
2031,1,,,,,0.00022,0.00000,3.7,0.00005,1,,,,,0.00022,0.00001,3.8,0.00004
2032,1,,,,,0.00022,0.00001,3.7,0.00004,1,,,,,0.00022,0.00000,3.8,0.00004
2033,1,,,,,0.00022,0.00000,3.7,0.00005,1,,,,,0.00022,0.00000,3.8,0.00004
2034,1,,,,,0.00022,0.00001,3.7,0.00004,1,,,,,0.00022,0.00000,3.8,0.00004
2035,1,,,,,0.00022,0.00001,3.7,0.00005,1,,,,,0.00022,0.00000,3.8,0.00004
2036,1,,,,,0.00022,0.00000,3.6,0.00004,1,,,,,0.00022,0.00001,3.8,0.00004
2037,1,,,,,0.00022,0.00001,3.6,0.00004,1,,,,,0.00022,0.00000,3.8,0.00004
2038,1,,,,,0.00022,0.00000,3.6,0.00005,1,,,,,0.00022,0.00001,3.8,0.00004
2039,1,,,,,0.00022,0.00000,3.7,0.00005,1,,,,,0.00022,0.00000,3.8,0.00004
2040,1,,,,,0.00022,0.00000,3.7,0.00004,1,,,,,0.00022,0.00000,3.9,0.00004
2041,1,,,,,0.00022,0.00000,3.6,0.00005,1,,,,,0.00022,0.00000,3.8,0.00004
2042,1,,,,,0.00022,0.00000,3.5,0.00004,1,,,,,0.00022,0.00000,3.5,0.00004
2043,1,,,,,0.00022,0.00000,3.4,0.00004,1,,,,,0.00022,0.00000,3.6,0.00004
2044,1,,,,,0.00022,0.00001,3.4,0.00004,1,,,,,0.00022,0.00000,3.5,0.00004
2045,1,,,,,0.00022,0.00001,3.4,0.00004,1,,,,,0.00022,0.00000,3.5,0.00004
2046,1,,,,,0.00022,0.00000,3.4,0.00004,1,,,,,0.00022,0.00000,3.6,0.00004
2047,1,,,,,0.00022,0.00001,3.4,0.00004,1,,,,,0.00022,0.00000,3.5,0.00004
2048,1,,,,,0.00022,0.00000,3.4,0.00004,1,,,,,0.00022,0.00001,3.6,0.00004
2049,1,,,,,0.00022,0.00000,3.4,0.00004,1,,,,,0.00022,0.00001,3.5,0.00004
2050,1,,,,,0.00022,0.00001,3.5,0.00004,1,,,,,0.00022,0.00000,3.6,0.00004
2051,1,,,,,0.00022,0.00000,3.6,0.00004,1,,,,,0.00022,0.00000,3.6,0.00004
2052,1,,,,,0.00022,0.00000,3.6,0.00004,1,,,,,0.00022,0.00000,3.6,0.00004
2053,1,,,,,0.00022,0.00000,3.6,0.00004,1,,,,,0.00022,0.00000,3.6,0.00004
2054,1,,,,,0.00022,0.00001,3.5,0.00004,1,,,,,0.00022,0.00000,3.6,0.00004
2055,1,,,,,0.00022,0.00001,3.6,0.00004,1,,,,,0.00022,0.00000,3.6,0.00004
2056,1,,,,,0.00022,0.00001,3.6,0.00004,1,,,,,0.00022,0.00000,3.6,0.00004
2057,1,,,,,0.00022,0.00001,3.6,0.00004,1,,,,,0.00022,0.00000,3.6,0.00004
2058,1,,,,,0.00022,0.00000,3.6,0.00004,1,,,,,0.00022,0.00000,3.6,0.00004
2059,1,,,,,0.00022,0.00001,3.7,0.00005,1,,,,,0.00022,0.00000,3.6,0.00004
2060,1,,,,,0.00022,0.00000,3.7,0.00005,1,,,,,0.00022,0.00000,3.6,0.00004
2061,1,,,,,0.00022,0.00000,3.6,0.00004,1,,,,,0.00022,0.00000,3.6,0.00004
2062,1,,,,,0.00022,0.00000,3.6,0.00004,1,,,,,0.00022,0.00000,3.6,0.00004
2063,1,,,,,0.00022,0.00000,3.7,0.00004,1,,,,,0.00022,0.00000,3.9,0.00004
2064,1,,,,,0.00022,0.00000,3.7,0.00005,1,,,,,0.00022,0.00000,3.9,0.00004
2065,1,,,,,0.00022,0.00000,3.7,0.00004,1,,,,,0.00022,0.00000,3.8,0.00004
2066,1,,,,,0.00022,0.00000,3.6,0.00004,1,,,,,0.00022,0.00001,3.8,0.00004
2067,1,,,,,0.00022,0.00000,3.7,0.00004,1,,,,,0.00022,0.00001,3.8,0.00004
2068,1,,,,,0.00022,0.00000,3.7,0.00004,1,,,,,0.00022,0.00000,3.8,0.00004
2069,1,,,,,0.00022,0.00001,3.7,0.00004,1,,,,,0.00022,0.00000,3.8,0.00004
2070,1,,,,,0.00022,0.00000,3.6,0.00004,1,,,,,0.00022,0.00001,3.9,0.00005
2071,1,,,,,0.00022,0.00000,3.7,0.00004,1,,,,,0.00022,0.00000,3.8,0.00004
2072,1,,,,,0.00022,0.00000,3.8,0.00004,1,,,,,0.00022,0.00000,3.9,0.00004
2073,1,,,,,0.00022,0.00000,3.7,0.00004,1,,,,,0.00022,0.00000,3.8,0.00004
2074,1,,,,,0.00022,0.00000,3.6,0.00004,1,,,,,0.00022,0.00000,3.8,0.00005
2075,1,,,,,0.00022,0.00001,3.8,0.00005,1,,,,,0.00022,0.00000,3.8,0.00004
2076,1,,,,,0.00022,0.00000,3.7,0.00004,1,,,,,0.00022,0.00000,3.8,0.00004
2077,1,,,,,0.00022,0.00000,3.7,0.00004,1,,,,,0.00022,0.00001,3.9,0.00004
2078,1,,,,,0.00022,0.00000,3.7,0.00004,1,,,,,0.00022,0.00000,3.6,0.00004
2079,1,,,,,0.00022,0.00000,3.7,0.00004,1,,,,,0.00022,0.00000,3.8,0.00004
2080,1,,,,,0.00022,0.00000,3.7,0.00004,1,,,,,0.00022,0.00001,3.6,0.00004
2081,1,,,,,0.00022,0.00000,3.7,0.00005,1,,,,,0.00022,0.00000,3.5,0.00004
2082,1,,,,,0.00022,0.00000,3.7,0.00005,1,,,,,0.00022,0.00000,3.5,0.00004
2083,1,,,,,0.00022,0.00000,3.6,0.00004,1,,,,,0.00022,0.00000,3.5,0.00004
2084,1,,,,,0.00022,0.00000,3.6,0.00004,1,,,,,0.00022,0.00001,3.5,0.00004
2085,1,,,,,0.00022,0.00001,3.5,0.00004,1,,,,,0.00022,0.00000,3.5,0.00004
2086,1,,,,,0.00022,0.00000,3.6,0.00004,1,,,,,0.00022,0.00001,3.5,0.00004
2087,1,,,,,0.00022,0.00000,3.6,0.00004,1,,,,,0.00022,0.00000,3.5,0.00004
2088,1,,,,,0.00022,0.00000,3.6,0.00004,1,,,,,0.00022,0.00000,3.5,0.00004
2089,1,,,,,0.00022,0.00000,3.6,0.00004,1,,,,,0.00022,0.00000,3.5,0.00004
2090,1,,,,,0.00022,0.00001,3.6,0.00004,1,,,,,0.00022,0.00000,3.5,0.00004
2091,1,,,,,0.00022,0.00000,3.6,0.00004,1,,,,,0.00022,0.00000,3.6,0.00004
2092,1,,,,,0.00022,0.00000,3.6,0.00004,1,,,,,0.00022,0.00000,3.6,0.00004
2093,1,,,,,0.00022,0.00000,3.7,0.00004,1,,,,,0.00022,0.00000,3.6,0.00005
2094,1,,,,,0.00022,0.00000,3.6,0.00004,1,,,,,0.00022,0.00000,3.5,0.00004
2095,1,,,,,0.00022,0.00000,3.7,0.00004,1,,,,,0.00022,0.00000,3.5,0.00004
2096,1,,,,,0.00022,0.00000,3.6,0.00004,1,,,,,0.00022,0.00000,3.5,0.00004
2097,1,,,,,0.00022,0.00000,3.6,0.00004,1,,,,,0.00022,0.00000,3.5,0.00004
2098,1,,,,,0.00022,0.00000,3.6,0.00004,1,,,,,0.00022,0.00000,3.5,0.00004
2099,1,,,,,0.00022,0.00000,3.6,0.00004,1,,,,,0.00022,0.00000,3.5,0.00004
2100,1,,,,,0.00022,0.00000,3.8,0.00004,1,,,,,0.00022,0.00001,3.6,0.00004
2101,1,,,,,0.00022,0.00000,3.7,0.00004,1,,,,,0.00022,0.00000,3.5,0.00004
2102,1,,,,,0.00022,0.00000,3.8,0.00004,1,,,,,0.00022,0.00001,3.8,0.00004
2103,1,,,,,0.00022,0.00001,3.8,0.00004,1,,,,,0.00022,0.00000,3.6,0.00004
2104,1,,,,,0.00022,0.00001,3.7,0.00004,1,,,,,0.00022,0.00000,3.5,0.00004
2105,1,,,,,0.00022,0.00000,3.7,0.00005,1,,,,,0.00022,0.00000,3.5,0.00004
2106,1,,,,,0.00022,0.00000,3.7,0.00004,1,,,,,0.00022,0.00000,3.5,0.00004
2107,1,,,,,0.00022,0.00000,3.7,0.00004,1,,,,,0.00022,0.00000,3.5,0.00004
2108,1,,,,,0.00022,0.00000,3.7,0.00004,1,,,,,0.00022,0.00000,3.6,0.00004
2109,1,,,,,0.00022,0.00000,3.7,0.00004,1,,,,,0.00022,0.00000,3.5,0.00004
2110,1,,,,,0.00022,0.00000,3.7,0.00004,1,,,,,0.00022,0.00000,3.5,0.00004
2111,1,,,,,0.00022,0.00000,3.7,0.00004,1,,,,,0.00022,0.00000,3.5,0.00004
2112,1,,,,,0.00022,0.00000,3.7,0.00005,1,,,,,0.00022,0.00000,3.5,0.00004
2113,1,,,,,0.00022,0.00001,3.7,0.00005,1,,,,,0.00022,0.00000,3.5,0.00004
2114,1,,,,,0.00022,0.00000,3.7,0.00004,1,,,,,0.00022,0.00000,3.5,0.00004
2115,1,,,,,0.00022,0.00000,3.7,0.00004,1,,,,,0.00022,0.00000,3.5,0.00004
2116,1,,,,,0.00022,0.00000,3.7,0.00005,1,,,,,0.00022,0.00000,3.5,0.00004
2117,1,,,,,0.00022,0.00000,3.7,0.00004,1,,,,,0.00022,0.00000,3.4,0.00004
2118,1,,,,,0.00022,0.00001,3.7,0.00004,1,,,,,0.00022,0.00000,3.5,0.00004
2119,1,,,,,0.00022,0.00000,3.6,0.00004,1,,,,,0.00022,0.00000,3.5,0.00004
2120,1,,,,,0.00022,0.00000,3.5,0.00004,1,,,,,0.00022,0.00000,3.5,0.00004
2121,1,,,,,0.00022,0.00000,3.5,0.00004,1,,,,,0.00022,0.00001,3.5,0.00004
2122,1,,,,,0.00022,0.00001,3.5,0.00004,1,,,,,0.00022,0.00000,3.5,0.00004
2123,1,,,,,0.00022,0.00000,3.5,0.00004,1,,,,,0.00022,0.00000,3.5,0.00004
2124,1,,,,,0.00022,0.00000,3.6,0.00005,1,,,,,0.00022,0.00001,3.6,0.00004
2125,1,,,,,0.00022,0.00001,3.6,0.00004,1,,,,,0.00022,0.00000,3.6,0.00004
2126,1,,,,,0.00022,0.00000,3.5,0.00004,1,,,,,0.00022,0.00001,3.5,0.00004
2127,1,,,,,0.00022,0.00000,3.6,0.00004,1,,,,,0.00022,0.00000,3.5,0.00004
2128,1,,,,,0.00022,0.00000,3.6,0.00004,1,,,,,0.00022,0.00000,3.5,0.00004
2129,1,,,,,0.00022,0.00000,3.6,0.00004,1,,,,,0.00022,0.00000,3.5,0.00004
2130,1,,,,,0.00022,0.00001,3.6,0.00004,1,,,,,0.00022,0.00000,3.5,0.00004
2131,1,,,,,0.00022,0.00000,3.6,0.00004,1,,,,,0.00022,0.00000,3.5,0.00004
2132,1,,,,,0.00022,0.00000,3.6,0.00004,1,,,,,0.00022,0.00000,3.4,0.00004
2133,1,,,,,0.00022,0.00000,3.6,0.00004,1,,,,,0.00022,0.00000,3.4,0.00004
2134,1,,,,,0.00022,0.00000,3.6,0.00004,1,,,,,0.00022,0.00000,3.5,0.00004
2135,1,,,,,0.00022,0.00001,3.7,0.00004,1,,,,,0.00022,0.00000,3.5,0.00004
2136,1,,,,,0.00022,0.00000,3.6,0.00004,1,,,,,0.00022,0.00000,3.4,0.00004
2137,1,,,,,0.00022,0.00000,3.6,0.00004,1,,,,,0.00022,0.00000,3.4,0.00004
2138,1,,,,,0.00022,0.00000,3.7,0.00004,1,,,,,0.00022,0.00000,3.4,0.00004
2139,1,,,,,0.00022,0.00000,3.7,0.00004,1,,,,,0.00022,0.00000,3.5,0.00004
2140,1,,,,,0.00022,0.00000,3.6,0.00004,1,,,,,0.00022,0.00000,3.4,0.00004
2141,1,,,,,0.00022,0.00000,3.7,0.00005,1,,,,,0.00022,0.00000,3.4,0.00004
2142,1,,,,,0.00022,0.00000,3.7,0.00004,1,,,,,0.00022,0.00000,3.4,0.00004
2143,1,,,,,0.00022,0.00000,3.7,0.00005,1,,,,,0.00022,0.00000,3.5,0.00004
2144,1,,,,,0.00022,0.00000,3.6,0.00004,1,,,,,0.00022,0.00000,3.4,0.00004
2145,1,,,,,0.00022,0.00000,3.7,0.00004,1,,,,,0.00022,0.00000,3.5,0.00004
2146,1,,,,,0.00022,0.00001,3.7,0.00004,1,,,,,0.00022,0.00000,3.4,0.00004
2147,1,,,,,0.00022,0.00001,3.8,0.00005,1,,,,,0.00022,0.00000,3.5,0.00004
2148,1,,,,,0.00022,0.00000,3.7,0.00004,1,,,,,0.00022,0.00000,3.4,0.00004
2149,1,,,,,0.00022,0.00000,3.7,0.00004,1,,,,,0.00022,0.00000,3.5,0.00004
2150,1,,,,,0.00022,0.00001,3.7,0.00005,1,,,,,0.00022,0.00000,3.4,0.00004
2151,1,,,,,0.00022,0.00000,3.7,0.00004,1,,,,,0.00022,0.00000,3.5,0.00004
2152,1,,,,,0.00022,0.00000,3.7,0.00004,1,,,,,0.00022,0.00000,3.4,0.00004
2153,1,,,,,0.00022,0.00000,3.7,0.00005,1,,,,,0.00022,0.00000,3.5,0.00004
2154,1,,,,,0.00022,0.00000,3.7,0.00004,1,,,,,0.00022,0.00001,3.5,0.00004
2155,1,,,,,0.00022,0.00000,3.7,0.00005,1,,,,,0.01016,0.00000,204.9,0.00000
2156,1,,,,,0.00022,0.00000,3.7,0.00004,1,,,,,0.09205,0.00296,520.9,0.00000
2157,1,,,,,0.00022,0.00000,3.4,0.00004,1,,,,,0.07738,0.00388,445.9,0.00000
2158,1,,,,,0.00022,0.00000,3.4,0.00004,1,,,,,0.00022,0.00000,4.1,0.00008
2159,1,,,,,0.00022,0.00000,3.4,0.00004,1,,,,,0.01490,0.00000,235.6,0.00000
2160,1,,,,,0.00022,0.00000,3.4,0.00004,1,,,,,0.03300,0.00072,398.0,0.00000
2161,1,,,,,0.00022,0.00000,3.4,0.00004,1,,,,,0.02037,0.00158,283.7,0.00000
2162,1,,,,,0.00022,0.00000,3.5,0.00004,1,,,,,0.02008,0.00001,397.5,0.00001
2163,1,,,,,0.00022,0.00000,3.4,0.00004,1,,,,,0.05102,0.00073,657.8,0.00000
2164,1,,,,,0.00022,0.00000,3.5,0.00004,1,,,,,0.03090,0.01325,607.1,0.00000
2165,1,,,,,0.00022,0.00000,3.5,0.00004,1,,,,,0.01490,0.00000,479.9,0.00000
2166,1,,,,,0.00022,0.00000,3.4,0.00004,1,,,,,0.01348,0.00120,333.9,0.00000
2167,1,,,,,0.00022,0.00000,3.5,0.00004,1,,,,,0.00734,0.00014,251.2,0.00000
2168,1,,,,,0.00022,0.00000,3.5,0.00004,1,,,,,0.02086,0.00001,554.1,0.00004
2169,1,,,,,0.00022,0.00000,3.5,0.00004,1,,,,,0.00713,0.00306,6030.4,0.03275
2170,1,,,,,0.00022,0.00000,3.3,0.00004,1,,,,,0.01037,0.00010,3429.2,0.00135
2171,1,,,,,0.00022,0.00000,3.5,0.00005,1,,,,,0.03474,0.00130,277.2,0.00000
2172,1,,,,,0.00022,0.00000,3.4,0.00004,1,,,,,0.00298,0.00031,754.3,0.00088
2173,1,,,,,0.00022,0.00000,3.5,0.00004,1,,,,,0.04197,0.00941,381.6,0.00000
2174,1,,,,,0.00022,0.00000,3.6,0.00004,1,,,,,0.06088,0.00084,416.2,0.00000
2175,1,,,,,0.00022,0.00000,3.7,0.00004,1,,,,,0.05523,0.00485,378.9,0.00000
2176,1,,,,,0.00022,0.00000,3.4,0.00004,1,,,,,0.04698,0.00709,456.7,0.00000
2177,1,,,,,0.00022,0.00000,3.6,0.00004,1,,,,,0.04519,0.00091,436.1,0.00000
2178,1,,,,,0.00022,0.00001,3.7,0.00005,1,,,,,0.05694,0.00198,386.1,0.00000
2179,1,,,,,0.00022,0.00000,3.8,0.00004,1,,,,,0.05322,0.00007,395.5,0.00001
2180,1,,,,,0.00022,0.00000,3.7,0.00004,1,,,,,0.07584,0.01428,380.6,0.00000
2181,1,,,,,0.00022,0.00000,3.6,0.00004,1,,,,,0.04004,0.00326,425.9,0.00000
2182,1,,,,,0.00022,0.00000,3.7,0.00004,1,,,,,0.01868,0.00689,355.4,0.00000
2183,1,,,,,0.00022,0.00000,3.7,0.00004,1,,,,,0.02273,0.00140,310.3,0.00000
2184,1,,,,,0.00022,0.00001,3.7,0.00005,1,,,,,0.01404,0.00121,216.1,0.00000
2185,1,,,,,0.00022,0.00001,3.7,0.00004,1,,,,,0.06429,0.00000,539.0,0.00001
2186,1,,,,,0.00022,0.00001,3.7,0.00004,1,,,,,0.05211,0.02711,683.0,0.00001
2187,1,,,,,0.00022,0.00000,3.6,0.00004,1,,,,,0.03157,0.00002,432.9,0.00002
2188,1,,,,,0.00022,0.00000,3.7,0.00005,1,,,,,0.05208,0.00954,1157.4,0.00767
2189,1,,,,,0.00022,0.00001,3.7,0.00004,1,,,,,0.02178,0.02706,1361.5,0.03690
2190,1,,,,,0.00022,0.00000,3.8,0.00005,1,,,,,0.06622,0.00756,489.0,0.00000
2191,1,,,,,0.00022,0.00001,3.8,0.00004,1,,,,,0.00078,0.00006,615.0,0.00183
2192,1,,,,,0.00022,0.00000,3.7,0.00004,1,,,,,0.04695,0.00034,443.9,0.00001
2193,1,,,,,0.00022,0.00000,3.7,0.00004,1,,,,,0.03244,0.00534,377.5,0.00000
2194,1,,,,,0.00022,0.00000,3.5,0.00004,1,,,,,0.02401,0.00006,411.8,0.00004
2195,1,,,,,0.00022,0.00000,3.6,0.00004,1,,,,,0.03344,0.01205,377.7,0.00000
2196,1,,,,,0.00022,0.00000,3.5,0.00004,1,,,,,0.05368,0.00002,391.1,0.00000
2197,1,,,,,0.00022,0.00000,3.5,0.00004,1,,,,,0.07585,0.00027,608.0,0.00001
2198,1,,,,,0.00022,0.00001,3.6,0.00004,1,,,,,0.05094,0.00368,739.3,0.00001
2199,1,,,,,0.00022,0.00000,3.6,0.00005,1,,,,,0.01591,0.00005,579.0,0.00000
2200,1,,,,,0.00022,0.00001,3.5,0.00004,1,,,,,0.00025,0.00012,4.9,0.00006
2201,1,,,,,0.00022,0.00000,3.5,0.00004,1,,,,,0.01046,0.00000,620.7,0.00007
2202,1,,,,,0.00022,0.00000,3.5,0.00004,1,,,,,0.02983,0.00288,583.6,0.00000
2203,1,,,,,0.00022,0.00000,3.6,0.00004,1,,,,,0.02415,0.00005,357.1,0.00000
2204,1,,,,,0.00022,0.00000,3.6,0.00004,1,,,,,0.01892,0.00000,398.9,0.00000
2205,1,,,,,0.00022,0.00000,3.6,0.00004,1,,,,,0.05805,0.00151,408.4,0.00000
2206,1,,,,,0.00022,0.00000,3.6,0.00004,1,,,,,0.01392,0.00514,219.7,0.00000
2207,1,,,,,0.00022,0.00000,3.7,0.00004,1,,,,,0.06534,0.00001,448.1,0.00000
2208,1,,,,,0.00022,0.00000,3.7,0.00004,1,,,,,0.06537,0.00649,545.8,0.00001
2209,1,,,,,0.00022,0.00001,3.6,0.00004,1,,,,,0.03196,0.00255,434.6,0.00000
2210,1,,,,,0.00022,0.00000,3.7,0.00004,1,,,,,0.00979,0.00315,181.0,0.00000
2211,1,,,,,0.00022,0.00000,3.7,0.00004,1,,,,,0.00047,0.00016,5.8,0.00006
2212,1,,,,,0.00022,0.00000,3.7,0.00004,1,,,,,0.00022,0.00001,3.3,0.00004
2213,1,,,,,0.00022,0.00000,3.7,0.00004,1,,,,,0.00022,0.00001,3.3,0.00004
2214,1,,,,,0.00022,0.00001,3.7,0.00004,1,,,,,0.00022,0.00000,3.2,0.00004
2215,1,,,,,0.00022,0.00000,3.7,0.00004,1,,,,,0.00022,0.00000,3.2,0.00004
2216,1,,,,,0.00022,0.00000,3.7,0.00004,1,,,,,0.00022,0.00000,3.2,0.00004
2217,1,,,,,0.00022,0.00000,3.7,0.00004,1,,,,,0.00022,0.00000,3.2,0.00004
2218,1,,,,,0.00022,0.00000,3.7,0.00004,1,,,,,0.00022,0.00000,3.2,0.00004
2219,1,,,,,0.00022,0.00000,3.8,0.00004,1,,,,,0.00022,0.00000,3.2,0.00003
2220,1,,,,,0.00022,0.00001,3.7,0.00004,1,,,,,0.00022,0.00000,3.1,0.00003
2221,1,,,,,0.00022,0.00000,3.7,0.00004,1,,,,,0.00022,0.00000,3.2,0.00004
2222,1,,,,,0.00022,0.00000,3.7,0.00004,1,,,,,0.00022,0.00000,3.1,0.00004
2223,1,,,,,0.00022,0.00001,3.7,0.00005,1,,,,,0.00022,0.00000,3.2,0.00004
2224,1,,,,,0.00022,0.00000,3.6,0.00004,1,,,,,0.00022,0.00000,3.2,0.00004
2225,1,,,,,0.00022,0.00000,3.6,0.00004,1,,,,,0.00022,0.00000,3.2,0.00004
2226,1,,,,,0.00022,0.00000,3.6,0.00004,1,,,,,0.00022,0.00000,3.2,0.00004
2227,1,,,,,0.00022,0.00000,3.7,0.00004,1,,,,,0.00022,0.00000,3.1,0.00004
2228,1,,,,,0.00022,0.00000,3.7,0.00004,1,,,,,0.00022,0.00000,3.1,0.00003
2229,1,,,,,0.00022,0.00000,3.7,0.00004,1,,,,,0.00022,0.00001,3.2,0.00004
2230,1,,,,,0.00022,0.00001,3.7,0.00004,1,,,,,0.00022,0.00001,3.1,0.00004
2231,1,,,,,0.00022,0.00000,3.7,0.00005,1,,,,,0.00022,0.00000,3.1,0.00004
2232,1,,,,,0.00022,0.00000,3.8,0.00004,1,,,,,0.00022,0.00000,3.1,0.00004
2233,1,,,,,0.00022,0.00000,3.7,0.00004,1,,,,,0.00022,0.00000,3.1,0.00004
2234,1,,,,,0.00022,0.00000,3.7,0.00004,1,,,,,0.00022,0.00000,3.1,0.00004
2235,1,,,,,0.00022,0.00000,3.7,0.00004,1,,,,,0.00022,0.00001,3.2,0.00004
2236,1,,,,,0.00022,0.00000,3.7,0.00004,1,,,,,0.00022,0.00000,3.2,0.00004
2237,1,,,,,0.00022,0.00000,3.8,0.00005,1,,,,,0.00022,0.00000,3.1,0.00004
2238,1,,,,,0.00022,0.00000,3.8,0.00005,1,,,,,0.00022,0.00000,3.2,0.00004
2239,1,,,,,0.00022,0.00000,3.7,0.00004,1,,,,,0.00022,0.00000,3.1,0.00004
2240,1,,,,,0.00022,0.00000,3.7,0.00004,1,,,,,0.00022,0.00000,3.2,0.00003
2241,1,,,,,0.00022,0.00000,3.7,0.00005,1,,,,,0.00022,0.00000,3.1,0.00004
2242,1,,,,,0.00022,0.00000,3.8,0.00004,1,,,,,0.00022,0.00000,3.1,0.00003
2243,1,,,,,0.00022,0.00000,3.7,0.00004,1,,,,,0.00022,0.00000,3.1,0.00004
2244,1,,,,,0.00022,0.00000,3.8,0.00005,1,,,,,0.00022,0.00000,3.1,0.00004
2245,1,,,,,0.00022,0.00000,3.7,0.00005,1,,,,,0.00022,0.00000,3.2,0.00004
2246,1,,,,,0.00022,0.00000,3.7,0.00004,1,,,,,0.00022,0.00001,3.1,0.00004
2247,1,,,,,0.00022,0.00000,3.7,0.00004,1,,,,,0.00022,0.00000,3.2,0.00004
2248,1,,,,,0.00022,0.00000,3.7,0.00004,1,,,,,0.00022,0.00000,3.1,0.00004
2249,1,,,,,0.00022,0.00000,3.7,0.00004,1,,,,,0.00022,0.00000,3.2,0.00004
2250,1,,,,,0.00022,0.00000,3.7,0.00005,1,,,,,0.00022,0.00000,3.1,0.00003
2251,1,,,,,0.00022,0.00000,3.7,0.00005,1,,,,,0.00022,0.00000,3.2,0.00004
2252,1,,,,,0.00022,0.00000,3.7,0.00004,1,,,,,0.00022,0.00001,3.2,0.00004
2253,1,,,,,0.00022,0.00000,3.7,0.00005,1,,,,,0.00022,0.00000,3.2,0.00004
2254,1,,,,,0.00022,0.00000,3.7,0.00005,1,,,,,0.00022,0.00000,3.2,0.00004
2255,1,,,,,0.00022,0.00000,3.7,0.00004,1,,,,,0.00022,0.00000,3.1,0.00004
2256,1,,,,,0.00022,0.00000,3.7,0.00004,1,,,,,0.00022,0.00000,3.1,0.00004
2257,1,,,,,0.00022,0.00000,3.7,0.00004,1,,,,,0.00022,0.00001,3.1,0.00004
2258,1,,,,,0.00022,0.00000,3.8,0.00004,1,,,,,0.00022,0.00000,3.1,0.00004
2259,1,,,,,0.00022,0.00000,3.7,0.00005,1,,,,,0.00022,0.00000,3.1,0.00004
2260,1,,,,,0.00022,0.00000,3.7,0.00004,1,,,,,0.00022,0.00000,3.1,0.00004
2261,1,,,,,0.00022,0.00000,3.8,0.00004,1,,,,,0.00022,0.00000,3.1,0.00004
2262,1,,,,,0.00022,0.00000,3.8,0.00005,1,,,,,0.00022,0.00001,3.1,0.00004
2263,1,,,,,0.00022,0.00001,3.7,0.00004,1,,,,,0.00022,0.00000,3.1,0.00004
2264,1,,,,,0.00022,0.00001,3.7,0.00004,1,,,,,0.00022,0.00000,3.2,0.00004
2265,1,,,,,0.00022,0.00000,3.7,0.00004,1,,,,,0.00022,0.00000,3.1,0.00004
2266,1,,,,,0.00022,0.00000,3.7,0.00005,1,,,,,0.00022,0.00000,3.1,0.00004
2267,1,,,,,0.00022,0.00001,3.8,0.00005,1,,,,,0.00022,0.00000,3.1,0.00004
2268,1,,,,,0.00022,0.00000,3.8,0.00005,1,,,,,0.00022,0.00000,3.1,0.00004
2269,1,,,,,0.00022,0.00000,3.8,0.00004,1,,,,,0.00022,0.00000,3.1,0.00004
2270,1,,,,,0.00022,0.00001,3.7,0.00005,1,,,,,0.00022,0.00000,3.1,0.00004
2271,1,,,,,0.00022,0.00000,3.5,0.00004,1,,,,,0.00022,0.00000,3.1,0.00004
2272,1,,,,,0.00022,0.00000,3.4,0.00004,1,,,,,0.00022,0.00000,3.1,0.00004
2273,1,,,,,0.00022,0.00000,3.5,0.00004,1,,,,,0.00022,0.00000,3.1,0.00004
2274,1,,,,,0.00022,0.00000,3.7,0.00004,1,,,,,0.00022,0.00000,3.1,0.00004
2275,1,,,,,0.00022,0.00000,3.7,0.00004,1,,,,,0.00022,0.00000,3.1,0.00003
2276,1,,,,,0.00022,0.00000,3.6,0.00004,1,,,,,0.00022,0.00000,3.1,0.00004
2277,1,,,,,0.00022,0.00000,3.6,0.00004,1,,,,,0.00022,0.00000,3.1,0.00004
2278,1,,,,,0.00022,0.00000,3.5,0.00004,1,,,,,0.00022,0.00000,3.1,0.00004
2279,1,,,,,0.00022,0.00000,3.6,0.00005,1,,,,,0.00022,0.00000,3.1,0.00004
2280,1,,,,,0.00022,0.00000,3.6,0.00004,1,,,,,0.00022,0.00001,3.1,0.00004
2281,1,,,,,0.00022,0.00000,3.6,0.00005,1,,,,,0.00022,0.00000,3.1,0.00004
2282,1,,,,,0.00022,0.00000,3.7,0.00004,1,,,,,0.00022,0.00001,3.1,0.00004
2283,1,,,,,0.00022,0.00000,3.8,0.00004,1,,,,,0.00022,0.00000,3.1,0.00004
2284,1,,,,,0.00022,0.00001,3.7,0.00004,1,,,,,0.00022,0.00000,3.1,0.00004
2285,1,,,,,0.00022,0.00001,3.7,0.00004,1,,,,,0.00022,0.00001,3.1,0.00004
2286,1,,,,,0.00022,0.00000,3.7,0.00004,1,,,,,0.00022,0.00000,3.1,0.00004
2287,1,,,,,0.00022,0.00001,3.8,0.00004,1,,,,,0.00022,0.00001,3.1,0.00004
2288,1,,,,,0.00022,0.00001,3.7,0.00004,1,,,,,0.00022,0.00000,3.1,0.00004
2289,1,,,,,0.00022,0.00001,3.7,0.00004,1,,,,,0.00022,0.00000,3.1,0.00004
2290,1,,,,,0.00022,0.00001,3.7,0.00004,1,,,,,0.00022,0.00000,3.1,0.00004
2291,1,,,,,0.00022,0.00001,3.7,0.00005,1,,,,,0.00022,0.00001,3.1,0.00004
2292,1,,,,,0.00022,0.00001,3.8,0.00004,1,,,,,0.00022,0.00000,3.1,0.00004
2293,1,,,,,0.00022,0.00000,3.7,0.00004,1,,,,,0.00022,0.00000,3.1,0.00004
2294,1,,,,,0.00022,0.00000,3.7,0.00004,1,,,,,0.00022,0.00001,3.1,0.00004
2295,1,,,,,0.00022,0.00000,3.7,0.00004,1,,,,,0.00022,0.00000,3.1,0.00004
2296,1,,,,,0.00022,0.00001,3.6,0.00005,1,,,,,0.00022,0.00001,3.1,0.00003
2297,1,,,,,0.00022,0.00000,3.7,0.00005,1,,,,,0.00022,0.00000,3.1,0.00004
2298,1,,,,,0.00022,0.00000,3.6,0.00004,1,,,,,0.00022,0.00000,3.1,0.00004
2299,1,,,,,0.00022,0.00000,3.7,0.00005,1,,,,,0.00022,0.00000,3.1,0.00004
2300,1,,,,,0.00022,0.00000,3.6,0.00004,1,,,,,0.00022,0.00000,3.1,0.00004
2301,1,,,,,0.00022,0.00000,3.7,0.00005,1,,,,,0.00022,0.00000,3.1,0.00004
2302,1,,,,,0.00022,0.00000,3.7,0.00005,1,,,,,0.00022,0.00000,3.1,0.00004
2303,1,,,,,0.00022,0.00001,3.7,0.00005,1,,,,,0.00022,0.00000,3.1,0.00004
2304,1,,,,,0.00022,0.00000,3.7,0.00005,1,,,,,0.00022,0.00001,3.1,0.00004
2305,1,,,,,0.00022,0.00000,3.7,0.00004,1,,,,,0.00022,0.00000,3.1,0.00003
2306,1,,,,,0.00022,0.00000,3.4,0.00004,1,,,,,0.00022,0.00000,3.1,0.00004
2307,1,,,,,0.00022,0.00000,3.5,0.00004,1,,,,,0.00022,0.00000,3.1,0.00004
2308,1,,,,,0.00022,0.00000,3.4,0.00004,1,,,,,0.00022,0.00000,3.2,0.00004
2309,1,,,,,0.00022,0.00000,3.4,0.00004,1,,,,,0.00022,0.00000,3.1,0.00004
2310,1,,,,,0.00022,0.00000,3.4,0.00004,1,,,,,0.00022,0.00001,3.2,0.00004
2311,1,,,,,0.00022,0.00000,3.4,0.00004,1,,,,,0.01701,0.00001,492.6,0.00000
2312,1,,,,,0.00022,0.00000,3.4,0.00004,1,,,,,0.06338,0.00184,567.6,0.00000
2313,1,,,,,0.00022,0.00000,3.4,0.00004,1,,,,,0.08518,0.00678,571.3,0.00001
2314,1,,,,,0.00022,0.00000,3.4,0.00004,1,,,,,0.03714,0.00281,383.9,0.00000
2315,1,,,,,0.00022,0.00001,3.4,0.00004,1,,,,,0.01047,0.00010,269.6,0.00000
2316,1,,,,,0.00022,0.00001,3.4,0.00004,1,,,,,0.05166,0.00007,473.5,0.00000
2317,1,,,,,0.00022,0.00000,3.4,0.00004,1,,,,,0.04698,0.01256,439.6,0.00000
2318,1,,,,,0.00022,0.00000,3.4,0.00004,1,,,,,0.06833,0.00163,521.5,0.00000
2319,1,,,,,0.00022,0.00000,3.4,0.00004,1,,,,,0.05102,0.00621,508.0,0.00000
2320,1,,,,,0.00022,0.00000,3.4,0.00004,1,,,,,0.02440,0.00288,375.9,0.00000
2321,1,,,,,0.00022,0.00000,3.4,0.00004,1,,,,,0.00506,0.00068,6566.7,0.06041
2322,1,,,,,0.00022,0.00000,3.4,0.00004,1,,,,,0.01057,0.00212,309.3,0.00313
2323,1,,,,,0.00022,0.00000,3.5,0.00004,1,,,,,0.02110,0.00092,647.1,0.00002
2324,1,,,,,0.00022,0.00000,3.4,0.00004,1,,,,,0.01818,0.00011,389.0,0.00000
2325,1,,,,,0.00022,0.00000,3.4,0.00004,1,,,,,0.03535,0.00010,386.8,0.00000
2326,1,,,,,0.00022,0.00001,3.4,0.00004,1,,,,,0.08289,0.01142,425.2,0.00001
2327,1,,,,,0.00022,0.00001,3.6,0.00004,1,,,,,0.01582,0.00186,193.2,0.00004
2328,1,,,,,0.00022,0.00000,3.7,0.00004,1,,,,,0.09487,0.00496,473.8,0.00000
2329,1,,,,,0.00022,0.00000,3.6,0.00004,1,,,,,0.05279,0.01094,470.8,0.00000
2330,1,,,,,0.00022,0.00000,3.7,0.00005,1,,,,,0.03238,0.00461,416.3,0.00000
2331,1,,,,,0.00022,0.00000,3.6,0.00004,1,,,,,0.00865,0.00059,172.2,0.00000
2332,1,,,,,0.00022,0.00000,3.7,0.00005,1,,,,,0.00030,0.00006,3.8,0.00005
2333,1,,,,,0.00022,0.00000,3.7,0.00005,1,,,,,0.00022,0.00000,3.2,0.00004
2334,1,,,,,0.00022,0.00000,3.7,0.00005,1,,,,,0.00022,0.00000,3.2,0.00004
2335,1,,,,,0.00022,0.00000,3.7,0.00005,1,,,,,0.00022,0.00001,3.2,0.00004
2336,1,,,,,0.00022,0.00000,3.6,0.00005,1,,,,,0.00022,0.00000,3.3,0.00004
2337,1,,,,,0.00022,0.00001,3.7,0.00005,1,,,,,0.00022,0.00000,3.2,0.00004
2338,1,,,,,0.00022,0.00000,3.6,0.00004,1,,,,,0.00022,0.00000,3.2,0.00004
2339,1,,,,,0.00022,0.00000,3.7,0.00005,1,,,,,0.00022,0.00000,3.1,0.00004
2340,1,,,,,0.00022,0.00000,3.7,0.00005,1,,,,,0.00022,0.00000,3.2,0.00004
2341,1,,,,,0.00022,0.00001,3.7,0.00005,1,,,,,0.00022,0.00000,3.2,0.00004
2342,1,,,,,0.00022,0.00000,3.7,0.00005,1,,,,,0.00022,0.00000,3.2,0.00004
2343,1,,,,,0.00022,0.00001,3.7,0.00005,1,,,,,0.00022,0.00001,3.2,0.00004
2344,1,,,,,0.00022,0.00000,3.6,0.00004,1,,,,,0.00022,0.00000,3.2,0.00004
2345,1,,,,,0.00022,0.00000,3.7,0.00005,1,,,,,0.00022,0.00000,3.2,0.00004
2346,1,,,,,0.00022,0.00001,3.6,0.00005,1,,,,,0.00022,0.00001,3.2,0.00004
2347,1,,,,,0.00022,0.00000,3.5,0.00004,1,,,,,0.00022,0.00000,3.2,0.00004
2348,1,,,,,0.00022,0.00000,3.3,0.00004,1,,,,,0.00022,0.00000,3.2,0.00004
2349,1,,,,,0.00022,0.00000,3.4,0.00004,1,,,,,0.00022,0.00000,3.2,0.00004
2350,1,,,,,0.00022,0.00001,3.5,0.00004,1,,,,,0.00022,0.00000,3.2,0.00003
2351,1,,,,,0.00022,0.00001,3.4,0.00004,1,,,,,0.00022,0.00000,3.2,0.00003
2352,1,,,,,0.00022,0.00000,3.4,0.00004,1,,,,,0.00022,0.00000,3.2,0.00004
2353,1,,,,,0.00022,0.00001,3.4,0.00004,1,,,,,0.00022,0.00000,3.2,0.00004
2354,1,,,,,0.00022,0.00000,3.4,0.00004,1,,,,,0.00022,0.00000,3.2,0.00004
2355,1,,,,,0.00022,0.00000,3.4,0.00004,1,,,,,0.00022,0.00000,3.2,0.00004
2356,1,,,,,0.00022,0.00000,3.4,0.00004,1,,,,,0.00022,0.00000,3.1,0.00003
2357,1,,,,,0.00022,0.00000,3.4,0.00004,1,,,,,0.00022,0.00000,3.2,0.00004
2358,1,,,,,0.00022,0.00000,3.4,0.00004,1,,,,,0.00022,0.00001,3.2,0.00004
2359,1,,,,,0.00022,0.00000,3.4,0.00004,1,,,,,0.00022,0.00000,3.2,0.00004
2360,1,,,,,0.00022,0.00000,3.4,0.00004,1,,,,,0.00022,0.00000,3.2,0.00003
2361,1,,,,,0.00022,0.00001,3.4,0.00004,1,,,,,0.00022,0.00000,3.1,0.00004
2362,1,,,,,0.00022,0.00000,3.4,0.00004,1,,,,,0.00022,0.00000,3.2,0.00004
2363,1,,,,,0.00022,0.00000,3.6,0.00004,1,,,,,0.00022,0.00000,3.2,0.00004
2364,1,,,,,0.00022,0.00001,3.7,0.00004,1,,,,,0.00022,0.00001,3.2,0.00004
2365,1,,,,,0.00022,0.00000,3.6,0.00005,1,,,,,0.00022,0.00000,3.2,0.00004
2366,1,,,,,0.00022,0.00000,3.7,0.00004,1,,,,,0.00022,0.00000,3.2,0.00004
2367,1,,,,,0.00022,0.00000,3.6,0.00004,1,,,,,0.00022,0.00001,3.2,0.00004
2368,1,,,,,0.00022,0.00000,3.7,0.00005,1,,,,,0.00022,0.00000,3.2,0.00004
2369,1,,,,,0.00022,0.00001,3.6,0.00004,1,,,,,0.00022,0.00000,3.2,0.00004
2370,1,,,,,0.00022,0.00000,3.6,0.00004,1,,,,,0.00022,0.00000,3.1,0.00004
2371,1,,,,,0.00022,0.00000,3.7,0.00004,1,,,,,0.00022,0.00000,3.1,0.00004
2372,1,,,,,0.00022,0.00000,3.6,0.00004,1,,,,,0.00022,0.00000,3.2,0.00004
2373,1,,,,,0.00022,0.00000,3.6,0.00004,1,,,,,0.00022,0.00000,3.2,0.00004
2374,1,,,,,0.00022,0.00000,3.7,0.00005,1,,,,,0.00022,0.00000,3.2,0.00004
2375,1,,,,,0.00022,0.00000,3.6,0.00004,1,,,,,0.00022,0.00001,3.2,0.00004
2376,1,,,,,0.00022,0.00000,3.6,0.00004,1,,,,,0.00022,0.00000,3.1,0.00003
2377,1,,,,,0.00022,0.00000,3.5,0.00004,1,,,,,0.00022,0.00000,3.2,0.00004
2378,1,,,,,0.00022,0.00000,3.5,0.00004,1,,,,,0.00022,0.00000,3.2,0.00004
2379,1,,,,,0.00022,0.00000,3.4,0.00004,1,,,,,0.00022,0.00000,3.2,0.00004
2380,1,,,,,0.00022,0.00000,3.4,0.00004,1,,,,,0.00022,0.00001,3.2,0.00004
2381,1,,,,,0.00022,0.00000,3.5,0.00004,1,,,,,0.00022,0.00000,3.2,0.00004
2382,1,,,,,0.00022,0.00000,3.5,0.00004,1,,,,,0.00022,0.00000,3.2,0.00004
2383,1,,,,,0.00022,0.00000,3.5,0.00004,1,,,,,0.00022,0.00000,3.2,0.00004
2384,1,,,,,0.00022,0.00000,3.5,0.00004,1,,,,,0.00022,0.00000,3.2,0.00004
2385,1,,,,,0.00625,0.00000,11.4,0.00011,1,,,,,0.00022,0.00000,3.2,0.00004
2386,1,,,,,0.06608,0.00602,522.3,0.00000,1,,,,,0.00619,0.00001,16.6,0.00007
2387,1,,,,,0.00168,0.00021,2070.0,0.00033,1,,,,,0.07373,0.00299,419.5,0.00000
2388,1,,,,,0.03704,0.00000,502.9,0.00002,1,,,,,0.14363,0.01566,572.5,0.00000
2389,1,,,,,0.06246,0.00617,601.2,0.00002,1,,,,,0.05631,0.02499,414.0,0.00000
2390,1,,,,,0.05705,0.00570,676.8,0.00001,1,,,,,0.00036,0.00004,7.2,0.00006
2391,1,,,,,0.00215,0.00033,182.2,0.00252,1,,,,,0.02821,0.00001,305.7,0.00000
2392,1,,,,,0.02417,0.00045,1298.8,0.00015,1,,,,,0.07983,0.00463,612.5,0.00000
2393,1,,,,,0.09022,0.00734,710.7,0.00010,1,,,,,0.05271,0.00014,455.6,0.00000
2394,1,,,,,0.06984,0.00093,365.5,0.00001,1,,,,,0.06134,0.01057,440.6,0.00000
2395,1,,,,,0.06096,0.00866,316.3,0.00000,1,,,,,0.08010,0.01418,672.2,0.00000
2396,1,,,,,0.05665,0.00180,455.3,0.00000,1,,,,,0.04547,0.02283,669.2,0.00000
2397,1,,,,,0.02520,0.00460,779.0,0.00002,1,,,,,0.00922,0.00029,381.9,0.00001
2398,1,,,,,0.06291,0.00304,522.5,0.00000,1,,,,,0.01423,0.00031,215.7,0.00000
2399,1,,,,,0.06461,0.00107,358.3,0.00000,1,,,,,0.02112,0.00118,484.6,0.00000
2400,1,,,,,0.02177,0.00647,233.7,0.00001,1,,,,,0.03115,0.00310,364.8,0.00000
2401,1,,,,,0.04134,0.00005,468.3,0.00006,1,,,,,0.05677,0.00009,393.4,0.00000
2402,1,,,,,0.07482,0.01963,725.8,0.00001,1,,,,,0.08209,0.00872,405.9,0.00000
2403,1,,,,,0.00155,0.00004,2605.4,0.00101,1,,,,,0.00357,0.00037,398.1,0.00130
2404,1,,,,,0.05263,0.00007,245.7,0.00000,1,,,,,0.07322,0.00046,494.2,0.00000
2405,1,,,,,0.03495,0.00315,283.5,0.00000,1,,,,,0.05831,0.00545,492.5,0.00001
2406,1,,,,,0.04050,0.00006,597.9,0.00002,1,,,,,0.03647,0.00189,438.7,0.00000
2407,1,,,,,0.05127,0.00421,646.6,0.00001,1,,,,,0.01154,0.00015,177.4,0.00000
2408,1,,,,,0.03656,0.00418,571.7,0.00000,1,,,,,0.00071,0.00019,20.7,0.00006
2409,1,,,,,0.00064,0.00007,26.1,0.00009,1,,,,,0.00022,0.00000,3.3,0.00004
2410,1,,,,,0.00025,0.00001,125.1,0.00018,1,,,,,0.00022,0.00000,3.1,0.00003
2411,1,,,,,0.00022,0.00000,3.3,0.00004,1,,,,,0.00022,0.00000,3.1,0.00003
2412,1,,,,,0.00022,0.00000,3.2,0.00003,1,,,,,0.00022,0.00000,3.1,0.00003
2413,1,,,,,0.00022,0.00000,3.2,0.00004,1,,,,,0.00022,0.00000,3.2,0.00004
2414,1,,,,,0.00022,0.00000,3.1,0.00004,1,,,,,0.00022,0.00000,3.2,0.00004
2415,1,,,,,0.00022,0.00000,3.2,0.00004,1,,,,,0.00022,0.00000,3.1,0.00004
2416,1,,,,,0.00022,0.00000,3.2,0.00004,1,,,,,0.00022,0.00000,3.1,0.00003
2417,1,,,,,0.00022,0.00000,3.2,0.00004,1,,,,,0.00022,0.00000,3.1,0.00004
2418,1,,,,,0.00022,0.00000,3.2,0.00003,1,,,,,0.00022,0.00000,3.1,0.00003
2419,1,,,,,0.00022,0.00000,3.2,0.00004,1,,,,,0.00022,0.00000,3.2,0.00004
2420,1,,,,,0.00022,0.00000,3.2,0.00004,1,,,,,0.00022,0.00000,3.2,0.00004
2421,1,,,,,0.00022,0.00000,3.2,0.00003,1,,,,,0.00022,0.00000,3.1,0.00004
2422,1,,,,,0.00022,0.00000,3.2,0.00004,1,,,,,0.00022,0.00000,3.2,0.00004
2423,1,,,,,0.00022,0.00000,3.2,0.00004,1,,,,,0.00022,0.00000,3.2,0.00003
2424,1,,,,,0.00022,0.00000,3.2,0.00004,1,,,,,0.00022,0.00000,3.2,0.00004
2425,1,,,,,0.00022,0.00000,3.2,0.00004,1,,,,,0.00022,0.00000,3.1,0.00003
2426,1,,,,,0.00022,0.00000,3.2,0.00004,1,,,,,0.00022,0.00000,3.2,0.00003
2427,1,,,,,0.00022,0.00000,3.1,0.00003,1,,,,,0.00022,0.00000,3.2,0.00004
2428,1,,,,,0.00022,0.00000,3.1,0.00004,1,,,,,0.00022,0.00000,3.1,0.00003
2429,1,,,,,0.00022,0.00001,3.2,0.00004,1,,,,,0.00022,0.00000,3.2,0.00004
2430,1,,,,,0.00022,0.00000,3.1,0.00004,1,,,,,0.00022,0.00000,3.1,0.00004
2431,1,,,,,0.00022,0.00000,3.1,0.00003,1,,,,,0.00022,0.00000,3.1,0.00004
2432,1,,,,,0.00022,0.00000,3.1,0.00004,1,,,,,0.00022,0.00000,3.2,0.00004
2433,1,,,,,0.00022,0.00000,3.2,0.00004,1,,,,,0.00022,0.00000,3.1,0.00004
2434,1,,,,,0.00022,0.00000,3.2,0.00004,1,,,,,0.00022,0.00000,3.1,0.00004
2435,1,,,,,0.00022,0.00000,3.1,0.00004,1,,,,,0.00022,0.00000,3.1,0.00004
2436,1,,,,,0.00022,0.00000,3.1,0.00004,1,,,,,0.00022,0.00000,3.2,0.00004
2437,1,,,,,0.00022,0.00000,3.1,0.00004,1,,,,,0.00022,0.00000,3.1,0.00004
2438,1,,,,,0.00022,0.00000,3.2,0.00004,1,,,,,0.00022,0.00000,3.2,0.00004
2439,1,,,,,0.00022,0.00000,3.1,0.00004,1,,,,,0.00022,0.00000,3.2,0.00004
2440,1,,,,,0.00022,0.00000,3.1,0.00004,1,,,,,0.00022,0.00000,3.2,0.00004
2441,1,,,,,0.00022,0.00000,3.1,0.00004,1,,,,,0.00022,0.00000,3.2,0.00004
2442,1,,,,,0.00022,0.00000,3.1,0.00003,1,,,,,0.00022,0.00000,3.1,0.00004
2443,1,,,,,0.00022,0.00000,3.1,0.00003,1,,,,,0.00022,0.00000,3.2,0.00004
2444,1,,,,,0.00022,0.00000,3.1,0.00004,1,,,,,0.00022,0.00000,3.2,0.00004
2445,1,,,,,0.00022,0.00000,3.1,0.00004,1,,,,,0.00022,0.00000,3.2,0.00004
2446,1,,,,,0.00022,0.00000,3.1,0.00004,1,,,,,0.00022,0.00000,3.1,0.00004
2447,1,,,,,0.00022,0.00000,3.1,0.00004,1,,,,,0.00022,0.00001,3.1,0.00004
2448,1,,,,,0.00022,0.00000,3.1,0.00004,1,,,,,0.00022,0.00000,3.1,0.00004
2449,1,,,,,0.00022,0.00000,3.2,0.00004,1,,,,,0.00022,0.00000,3.1,0.00004
2450,1,,,,,0.00022,0.00000,3.1,0.00004,1,,,,,0.00022,0.00000,3.1,0.00004
2451,1,,,,,0.00022,0.00000,3.1,0.00004,1,,,,,0.00022,0.00000,3.2,0.00004
2452,1,,,,,0.00022,0.00001,3.1,0.00004,1,,,,,0.00022,0.00000,3.1,0.00004
2453,1,,,,,0.00022,0.00000,3.1,0.00004,1,,,,,0.00022,0.00000,3.1,0.00003
2454,1,,,,,0.00022,0.00000,3.1,0.00004,1,,,,,0.00022,0.00001,3.2,0.00004
2455,1,,,,,0.00022,0.00000,3.1,0.00004,1,,,,,0.00022,0.00001,3.2,0.00003
2456,1,,,,,0.00022,0.00001,3.1,0.00004,1,,,,,0.00022,0.00000,3.2,0.00003
2457,1,,,,,0.00022,0.00000,3.1,0.00004,1,,,,,0.00022,0.00001,3.2,0.00003
2458,1,,,,,0.00022,0.00000,3.1,0.00004,1,,,,,0.00022,0.00001,3.2,0.00004
2459,1,,,,,0.00022,0.00000,3.1,0.00004,1,,,,,0.00022,0.00000,3.3,0.00004
2460,1,,,,,0.00022,0.00000,3.1,0.00004,1,,,,,0.00022,0.00000,3.3,0.00004
2461,1,,,,,0.00022,0.00001,3.1,0.00004,1,,,,,0.00022,0.00001,3.2,0.00004
2462,1,,,,,0.00022,0.00000,3.1,0.00003,1,,,,,0.00022,0.00000,3.2,0.00004
2463,1,,,,,0.00022,0.00000,3.1,0.00004,1,,,,,0.00022,0.00000,3.3,0.00004
2464,1,,,,,0.00022,0.00000,3.1,0.00004,1,,,,,0.00022,0.00000,3.2,0.00004
2465,1,,,,,0.00022,0.00000,3.1,0.00004,1,,,,,0.00022,0.00000,3.3,0.00004
2466,1,,,,,0.00022,0.00000,3.1,0.00004,1,,,,,0.00022,0.00000,3.2,0.00004
2467,1,,,,,0.00022,0.00000,3.1,0.00003,1,,,,,0.00022,0.00000,3.2,0.00004
2468,1,,,,,0.00022,0.00000,3.1,0.00004,1,,,,,0.00022,0.00001,3.2,0.00004
2469,1,,,,,0.00022,0.00000,3.1,0.00004,1,,,,,0.00022,0.00000,3.2,0.00004
2470,1,,,,,0.00022,0.00000,3.1,0.00004,1,,,,,0.00022,0.00000,3.2,0.00004
2471,1,,,,,0.00022,0.00000,3.1,0.00004,1,,,,,0.00022,0.00000,3.2,0.00004
2472,1,,,,,0.00022,0.00000,3.1,0.00004,1,,,,,0.00022,0.00000,3.2,0.00004
2473,1,,,,,0.00022,0.00000,3.2,0.00004,1,,,,,0.00022,0.00000,3.2,0.00004
2474,1,,,,,0.00022,0.00000,3.2,0.00004,1,,,,,0.00022,0.00000,3.2,0.00004
2475,1,,,,,0.00022,0.00001,3.1,0.00004,1,,,,,0.00022,0.00000,3.2,0.00004
2476,1,,,,,0.00022,0.00000,3.1,0.00004,1,,,,,0.00022,0.00000,3.1,0.00004
2477,1,,,,,0.00022,0.00000,3.1,0.00004,1,,,,,0.00022,0.00000,3.1,0.00004
2478,1,,,,,0.00022,0.00000,3.1,0.00004,1,,,,,0.00022,0.00000,3.2,0.00004
2479,1,,,,,0.00022,0.00000,3.1,0.00004,1,,,,,0.00022,0.00000,3.3,0.00004
2480,1,,,,,0.00022,0.00000,3.1,0.00004,1,,,,,0.00022,0.00000,3.3,0.00004
2481,1,,,,,0.00022,0.00000,3.1,0.00004,1,,,,,0.00022,0.00001,3.2,0.00004
2482,1,,,,,0.00022,0.00000,3.1,0.00004,1,,,,,0.00022,0.00001,3.2,0.00004
2483,1,,,,,0.00022,0.00000,3.1,0.00004,1,,,,,0.00022,0.00000,3.2,0.00003
2484,1,,,,,0.00022,0.00000,3.1,0.00004,1,,,,,0.00022,0.00000,3.3,0.00004
2485,1,,,,,0.00022,0.00001,3.1,0.00004,1,,,,,0.00022,0.00000,3.2,0.00004
2486,1,,,,,0.00022,0.00000,3.1,0.00004,1,,,,,0.00022,0.00000,3.3,0.00004
2487,1,,,,,0.00022,0.00000,3.1,0.00004,1,,,,,0.00022,0.00000,3.2,0.00004
2488,1,,,,,0.00022,0.00000,3.1,0.00004,1,,,,,0.00022,0.00000,3.2,0.00004
2489,1,,,,,0.00022,0.00000,3.1,0.00003,1,,,,,0.00022,0.00000,3.2,0.00004
2490,1,,,,,0.00022,0.00000,3.1,0.00004,1,,,,,0.00022,0.00000,3.2,0.00004
2491,1,,,,,0.00022,0.00000,3.1,0.00004,1,,,,,0.00022,0.00000,3.3,0.00004
2492,1,,,,,0.00022,0.00000,3.1,0.00004,1,,,,,0.00022,0.00000,3.2,0.00004
2493,1,,,,,0.00022,0.00000,3.2,0.00004,1,,,,,0.00022,0.00001,3.2,0.00004
2494,1,,,,,0.00022,0.00000,3.2,0.00004,1,,,,,0.00022,0.00000,3.3,0.00004
2495,1,,,,,0.00022,0.00000,3.2,0.00004,1,,,,,0.00022,0.00000,3.3,0.00004
2496,1,,,,,0.00022,0.00000,3.2,0.00004,1,,,,,0.00022,0.00000,3.3,0.00004
2497,1,,,,,0.00022,0.00000,3.1,0.00004,1,,,,,0.00022,0.00000,3.3,0.00004
2498,1,,,,,0.00022,0.00000,3.2,0.00004,1,,,,,0.00022,0.00000,3.3,0.00004
2499,1,,,,,0.00022,0.00000,3.2,0.00004,1,,,,,0.00022,0.00000,3.3,0.00004
2500,1,,,,,0.00022,0.00000,3.2,0.00004,1,,,,,0.00022,0.00000,3.2,0.00004
2501,1,,,,,0.00022,0.00000,3.3,0.00004,1,,,,,0.00022,0.00000,3.2,0.00003
2502,1,,,,,0.00022,0.00001,3.2,0.00004,1,,,,,0.00022,0.00000,3.2,0.00004
2503,1,,,,,0.00022,0.00000,3.2,0.00004,1,,,,,0.00022,0.00000,3.2,0.00004
2504,1,,,,,0.00022,0.00000,3.1,0.00004,1,,,,,0.00022,0.00000,3.2,0.00004
2505,1,,,,,0.00022,0.00000,3.1,0.00004,1,,,,,0.00022,0.00000,3.2,0.00004
2506,1,,,,,0.00022,0.00000,3.1,0.00004,1,,,,,0.00022,0.00000,3.2,0.00004
2507,1,,,,,0.00022,0.00000,3.1,0.00004,1,,,,,0.00022,0.00000,3.2,0.00004
2508,1,,,,,0.00022,0.00000,3.1,0.00004,1,,,,,0.00022,0.00000,3.2,0.00004
2509,1,,,,,0.00022,0.00000,3.1,0.00004,1,,,,,0.00022,0.00000,3.1,0.00003
2510,1,,,,,0.00022,0.00000,3.1,0.00004,1,,,,,0.00022,0.00000,3.1,0.00004
2511,1,,,,,0.00022,0.00000,3.1,0.00004,1,,,,,0.00022,0.00000,3.2,0.00004
2512,1,,,,,0.00022,0.00000,3.1,0.00004,1,,,,,0.00022,0.00000,3.2,0.00004
2513,1,,,,,0.00022,0.00001,3.1,0.00004,1,,,,,0.00022,0.00000,3.2,0.00004
2514,1,,,,,0.00022,0.00000,3.2,0.00004,1,,,,,0.00022,0.00001,3.2,0.00004
2515,1,,,,,0.00022,0.00000,3.2,0.00004,1,,,,,0.00022,0.00000,3.3,0.00004
2516,1,,,,,0.00022,0.00000,3.2,0.00004,1,,,,,0.00022,0.00000,3.2,0.00004
2517,1,,,,,0.00022,0.00000,3.1,0.00004,1,,,,,0.00022,0.00001,3.2,0.00004
2518,1,,,,,0.00022,0.00000,3.2,0.00004,1,,,,,0.00022,0.00000,3.2,0.00004
2519,1,,,,,0.00022,0.00000,3.1,0.00003,1,,,,,0.00022,0.00001,3.2,0.00004
2520,1,,,,,0.00022,0.00000,3.1,0.00004,1,,,,,0.00022,0.00000,3.2,0.00004
2521,1,,,,,0.00022,0.00000,3.1,0.00004,1,,,,,0.00022,0.00000,3.2,0.00004
2522,1,,,,,0.00022,0.00000,3.1,0.00004,1,,,,,0.00022,0.00000,3.3,0.00004
2523,1,,,,,0.00022,0.00001,3.1,0.00004,1,,,,,0.00022,0.00000,3.3,0.00004
2524,1,,,,,0.00022,0.00000,3.1,0.00003,1,,,,,0.00022,0.00000,3.3,0.00004
2525,1,,,,,0.00022,0.00000,3.1,0.00004,1,,,,,0.00022,0.00001,3.3,0.00004
2526,1,,,,,0.00022,0.00000,3.1,0.00004,1,,,,,0.00022,0.00000,3.3,0.00004
2527,1,,,,,0.00022,0.00000,3.1,0.00004,1,,,,,0.00022,0.00001,3.3,0.00004
2528,1,,,,,0.00022,0.00000,3.1,0.00004,1,,,,,0.00022,0.00001,3.3,0.00004
2529,1,,,,,0.00022,0.00000,3.1,0.00003,1,,,,,0.00022,0.00000,3.3,0.00004
2530,1,,,,,0.00022,0.00000,3.1,0.00004,1,,,,,0.00022,0.00000,3.4,0.00004
2531,1,,,,,0.00022,0.00000,3.2,0.00004,1,,,,,0.00022,0.00000,3.6,0.00004
2532,1,,,,,0.00022,0.00000,3.3,0.00004,1,,,,,0.00022,0.00000,3.6,0.00004
2533,1,,,,,0.00022,0.00001,3.6,0.00004,1,,,,,0.00022,0.00000,3.5,0.00004
2534,1,,,,,0.00022,0.00000,3.4,0.00004,1,,,,,0.00022,0.00001,3.5,0.00004
2535,1,,,,,0.00022,0.00000,3.4,0.00004,1,,,,,0.00022,0.00000,3.5,0.00004
2536,1,,,,,0.00022,0.00000,3.4,0.00004,1,,,,,0.00022,0.00000,3.5,0.00004
2537,1,,,,,0.00022,0.00000,3.4,0.00004,1,,,,,0.00022,0.00001,3.6,0.00005
2538,1,,,,,0.00022,0.00000,3.4,0.00004,1,,,,,0.00022,0.00000,3.5,0.00004
2539,1,,,,,0.00022,0.00000,3.4,0.00004,1,,,,,0.00022,0.00000,3.5,0.00004
2540,1,,,,,0.00022,0.00000,3.4,0.00004,1,,,,,0.00022,0.00000,3.6,0.00004
2541,1,,,,,0.00022,0.00000,3.4,0.00004,1,,,,,0.00022,0.00000,3.5,0.00004
2542,1,,,,,0.00022,0.00000,3.4,0.00004,1,,,,,0.00022,0.00000,3.6,0.00004
2543,1,,,,,0.00022,0.00000,3.4,0.00004,1,,,,,0.00022,0.00001,3.6,0.00004
2544,1,,,,,0.00022,0.00000,3.5,0.00005,1,,,,,0.00022,0.00000,3.6,0.00004
2545,1,,,,,0.00022,0.00000,3.5,0.00004,1,,,,,0.00022,0.00000,3.6,0.00004
2546,1,,,,,0.00022,0.00001,3.4,0.00004,1,,,,,0.00022,0.00000,3.6,0.00004
2547,1,,,,,0.00022,0.00000,3.5,0.00004,1,,,,,0.00022,0.00001,3.6,0.00004
2548,1,,,,,0.00022,0.00001,3.5,0.00004,1,,,,,0.00022,0.00001,3.6,0.00004
2549,1,,,,,0.00022,0.00000,3.5,0.00004,1,,,,,0.00022,0.00000,3.6,0.00004
2550,1,,,,,0.00022,0.00000,3.4,0.00004,1,,,,,0.00022,0.00000,3.7,0.00004
2551,1,,,,,0.00022,0.00001,3.5,0.00004,1,,,,,0.00022,0.00001,3.7,0.00004
2552,1,,,,,0.00022,0.00000,3.5,0.00004,1,,,,,0.00022,0.00000,3.6,0.00004
2553,1,,,,,0.00022,0.00000,3.5,0.00004,1,,,,,0.00022,0.00000,3.7,0.00004
2554,1,,,,,0.00022,0.00000,3.5,0.00004,1,,,,,0.00022,0.00000,3.7,0.00004
2555,1,,,,,0.00022,0.00000,3.6,0.00004,1,,,,,0.00022,0.00000,3.7,0.00004
2556,1,,,,,0.00022,0.00000,3.6,0.00004,1,,,,,0.00022,0.00000,3.7,0.00004
2557,1,,,,,0.00022,0.00000,3.6,0.00004,1,,,,,0.00022,0.00000,3.7,0.00004
2558,1,,,,,0.00022,0.00000,3.6,0.00004,1,,,,,0.00022,0.00000,3.7,0.00004
2559,1,,,,,0.00022,0.00000,3.5,0.00004,1,,,,,0.00022,0.00000,3.7,0.00004
2560,1,,,,,0.00022,0.00000,3.5,0.00004,1,,,,,0.00022,0.00001,3.7,0.00004
2561,1,,,,,0.00022,0.00000,3.6,0.00004,1,,,,,0.00022,0.00001,3.7,0.00004
2562,1,,,,,0.00022,0.00000,3.6,0.00004,1,,,,,0.00022,0.00001,3.7,0.00005
2563,1,,,,,0.00022,0.00000,3.6,0.00004,1,,,,,0.00022,0.00000,3.7,0.00004
2564,1,,,,,0.00022,0.00000,3.6,0.00004,1,,,,,0.00022,0.00000,3.7,0.00004
2565,1,,,,,0.00022,0.00000,3.6,0.00004,1,,,,,0.00022,0.00000,3.7,0.00004
2566,1,,,,,0.00022,0.00000,3.5,0.00004,1,,,,,0.00022,0.00000,3.6,0.00004
2567,1,,,,,0.00022,0.00000,3.5,0.00004,1,,,,,0.00022,0.00000,3.7,0.00004
2568,1,,,,,0.00022,0.00000,3.6,0.00005,1,,,,,0.00022,0.00000,3.7,0.00004
2569,1,,,,,0.00022,0.00000,3.5,0.00004,1,,,,,0.00022,0.00000,3.7,0.00004
2570,1,,,,,0.00022,0.00001,3.5,0.00004,1,,,,,0.00022,0.00000,3.8,0.00004
2571,1,,,,,0.00022,0.00000,3.5,0.00004,1,,,,,0.00022,0.00000,3.7,0.00004
2572,1,,,,,0.00022,0.00001,3.6,0.00004,1,,,,,0.00022,0.00000,3.7,0.00004
2573,1,,,,,0.00022,0.00000,3.6,0.00004,1,,,,,0.00022,0.00000,3.7,0.00004
2574,1,,,,,0.00022,0.00000,3.6,0.00004,1,,,,,0.00022,0.00000,3.7,0.00004
2575,1,,,,,0.00022,0.00000,3.6,0.00004,1,,,,,0.00022,0.00000,3.7,0.00004
2576,1,,,,,0.00022,0.00000,3.5,0.00004,1,,,,,0.00022,0.00001,3.7,0.00004
2577,1,,,,,0.00022,0.00000,3.6,0.00004,1,,,,,0.00022,0.00000,3.7,0.00004
2578,1,,,,,0.00022,0.00000,3.6,0.00004,1,,,,,0.00022,0.00000,3.8,0.00004
2579,1,,,,,0.00022,0.00000,3.6,0.00004,1,,,,,0.00022,0.00000,3.8,0.00004
2580,1,,,,,0.00022,0.00001,3.6,0.00004,1,,,,,0.00022,0.00000,3.7,0.00004
2581,1,,,,,0.00022,0.00001,3.6,0.00004,1,,,,,0.00022,0.00001,3.8,0.00004
2582,1,,,,,0.00022,0.00000,3.6,0.00004,1,,,,,0.00022,0.00000,3.8,0.00004
2583,1,,,,,0.00022,0.00000,3.7,0.00005,1,,,,,0.00022,0.00000,3.7,0.00004
2584,1,,,,,0.00022,0.00000,3.6,0.00004,1,,,,,0.00022,0.00001,3.8,0.00004
2585,1,,,,,0.00022,0.00000,3.6,0.00004,1,,,,,0.00022,0.00000,3.8,0.00004
2586,1,,,,,0.00022,0.00000,3.5,0.00004,1,,,,,0.00022,0.00000,3.7,0.00004
2587,1,,,,,0.00022,0.00000,3.6,0.00004,1,,,,,0.00022,0.00000,3.8,0.00004
2588,1,,,,,0.00022,0.00000,3.6,0.00004,1,,,,,0.00022,0.00000,3.6,0.00004
2589,1,,,,,0.00022,0.00000,3.6,0.00004,1,,,,,0.00022,0.00000,3.7,0.00004
2590,1,,,,,0.00022,0.00000,3.6,0.00004,1,,,,,0.00022,0.00000,3.7,0.00004
2591,1,,,,,0.00022,0.00000,3.6,0.00004,1,,,,,0.00022,0.00000,3.7,0.00004
2592,1,,,,,0.00022,0.00000,3.7,0.00004,1,,,,,0.00022,0.00000,3.7,0.00004
2593,1,,,,,0.00022,0.00000,3.6,0.00004,1,,,,,0.00022,0.00000,3.8,0.00004
2594,1,,,,,0.00022,0.00000,3.6,0.00004,1,,,,,0.00022,0.00000,3.7,0.00004
2595,1,,,,,0.00022,0.00000,3.6,0.00004,1,,,,,0.00022,0.00000,3.7,0.00004
2596,1,,,,,0.00022,0.00000,3.6,0.00004,1,,,,,0.00022,0.00000,3.7,0.00004
2597,1,,,,,0.00022,0.00000,3.6,0.00004,1,,,,,0.00022,0.00000,3.7,0.00004
2598,1,,,,,0.00022,0.00000,3.6,0.00004,1,,,,,0.00022,0.00000,3.7,0.00004
2599,1,,,,,0.00022,0.00000,3.6,0.00004,1,,,,,0.00022,0.00000,3.7,0.00004
2600,1,,,,,0.00022,0.00000,3.6,0.00004,1,,,,,0.00022,0.00000,3.7,0.00004
2601,1,,,,,0.00022,0.00000,3.6,0.00004,1,,,,,0.00022,0.00000,3.7,0.00004
2602,1,,,,,0.00022,0.00000,3.6,0.00004,1,,,,,0.00022,0.00000,3.9,0.00004
2603,1,,,,,0.00022,0.00000,3.6,0.00004,1,,,,,0.00022,0.00000,3.8,0.00005
2604,1,,,,,0.00022,0.00000,3.6,0.00004,1,,,,,0.00022,0.00000,3.7,0.00005
2605,1,,,,,0.00022,0.00001,3.7,0.00004,1,,,,,0.00022,0.00001,3.7,0.00004
2606,1,,,,,0.00022,0.00000,3.6,0.00004,1,,,,,0.00022,0.00001,3.8,0.00004
2607,1,,,,,0.00022,0.00000,3.6,0.00004,1,,,,,0.00022,0.00000,3.7,0.00004
2608,1,,,,,0.00022,0.00000,3.7,0.00004,1,,,,,0.00022,0.00000,3.7,0.00005
2609,1,,,,,0.00022,0.00000,3.6,0.00004,1,,,,,0.00022,0.00000,3.7,0.00004
2610,1,,,,,0.00022,0.00000,3.6,0.00004,1,,,,,0.00022,0.00001,3.7,0.00004
2611,1,,,,,0.00022,0.00000,3.7,0.00004,1,,,,,0.00022,0.00000,3.7,0.00004
2612,1,,,,,0.00022,0.00000,3.7,0.00004,1,,,,,0.00022,0.00000,3.7,0.00004
2613,1,,,,,0.00022,0.00000,3.6,0.00004,1,,,,,0.00022,0.00000,3.7,0.00004
2614,1,,,,,0.00022,0.00000,3.6,0.00004,1,,,,,0.00022,0.00000,3.6,0.00004
2615,1,,,,,0.00022,0.00000,3.6,0.00004,1,,,,,0.00022,0.00000,3.7,0.00004
2616,1,,,,,0.00022,0.00000,3.6,0.00004,1,,,,,0.00022,0.00001,3.7,0.00004
2617,1,,,,,0.00022,0.00000,3.7,0.00004,1,,,,,0.00022,0.00000,3.7,0.00004
2618,1,,,,,0.00022,0.00000,3.6,0.00004,1,,,,,0.00022,0.00000,3.7,0.00004
2619,1,,,,,0.00022,0.00000,3.7,0.00004,1,,,,,0.00022,0.00000,3.7,0.00004
2620,1,,,,,0.00022,0.00001,3.6,0.00004,1,,,,,0.00022,0.00000,3.6,0.00004
2621,1,,,,,0.00022,0.00000,3.6,0.00004,1,,,,,0.00022,0.00000,3.6,0.00004
2622,1,,,,,0.00022,0.00001,3.6,0.00004,1,,,,,0.00022,0.00000,3.6,0.00004
2623,1,,,,,0.00022,0.00000,3.6,0.00004,1,,,,,0.00022,0.00001,3.6,0.00004
2624,1,,,,,0.00022,0.00000,3.6,0.00004,1,,,,,0.00022,0.00000,3.6,0.00004
2625,1,,,,,0.00022,0.00000,3.6,0.00004,1,,,,,0.00022,0.00000,3.6,0.00004
2626,1,,,,,0.00022,0.00000,3.6,0.00004,1,,,,,0.00022,0.00001,3.6,0.00004
2627,1,,,,,0.00022,0.00000,3.9,0.00004,1,,,,,0.00022,0.00001,3.8,0.00005
2628,1,,,,,0.00022,0.00000,3.8,0.00004,1,,,,,0.00022,0.00001,3.8,0.00004
2629,1,,,,,0.00022,0.00000,3.8,0.00004,1,,,,,0.00022,0.00000,3.8,0.00005
2630,1,,,,,0.00022,0.00000,3.7,0.00004,1,,,,,0.00022,0.00000,3.8,0.00004
2631,1,,,,,0.00022,0.00000,3.7,0.00004,1,,,,,0.00022,0.00000,3.8,0.00004
2632,1,,,,,0.00022,0.00000,3.7,0.00004,1,,,,,0.00022,0.00000,3.8,0.00004
2633,1,,,,,0.00022,0.00000,3.8,0.00004,1,,,,,0.00022,0.00000,3.9,0.00004
2634,1,,,,,0.00022,0.00000,3.7,0.00004,1,,,,,0.00022,0.00000,3.9,0.00004
2635,1,,,,,0.00022,0.00000,3.7,0.00004,1,,,,,0.00022,0.00000,3.8,0.00004
2636,1,,,,,0.00022,0.00000,3.8,0.00004,1,,,,,0.00022,0.00000,3.8,0.00004
2637,1,,,,,0.00022,0.00001,3.8,0.00004,1,,,,,0.00022,0.00000,3.9,0.00004
2638,1,,,,,0.00022,0.00000,3.8,0.00004,1,,,,,0.00022,0.00001,3.8,0.00004
2639,1,,,,,0.00022,0.00000,3.8,0.00004,1,,,,,0.00022,0.00000,3.9,0.00005
2640,1,,,,,0.00022,0.00000,3.8,0.00004,1,,,,,0.00022,0.00000,3.9,0.00004
2641,1,,,,,0.00022,0.00001,3.8,0.00004,1,,,,,0.00022,0.00000,3.8,0.00004
2642,1,,,,,0.00022,0.00000,3.8,0.00004,1,,,,,0.00022,0.00000,3.8,0.00005
2643,1,,,,,0.00022,0.00001,3.9,0.00004,1,,,,,0.00022,0.00000,3.8,0.00005
2644,1,,,,,0.00022,0.00000,3.7,0.00004,1,,,,,0.00022,0.00000,3.7,0.00004
2645,1,,,,,0.00022,0.00000,3.8,0.00004,1,,,,,0.00022,0.00000,3.8,0.00004
2646,1,,,,,0.00022,0.00000,3.7,0.00004,1,,,,,0.00022,0.00000,3.7,0.00004
2647,1,,,,,0.00022,0.00001,3.7,0.00004,1,,,,,0.00022,0.00000,3.9,0.00004
2648,1,,,,,0.00022,0.00001,3.8,0.00004,1,,,,,0.00022,0.00000,3.7,0.00004
2649,1,,,,,0.00022,0.00001,3.7,0.00004,1,,,,,0.00022,0.00001,3.7,0.00004
2650,1,,,,,0.00022,0.00000,3.7,0.00004,1,,,,,0.00022,0.00000,3.6,0.00004
2651,1,,,,,0.00022,0.00001,3.7,0.00004,1,,,,,0.00022,0.00001,3.7,0.00005
2652,1,,,,,0.00022,0.00001,3.7,0.00004,1,,,,,0.00022,0.00000,3.6,0.00004
2653,1,,,,,0.00022,0.00000,3.7,0.00004,1,,,,,0.00022,0.00000,3.7,0.00004
2654,1,,,,,0.00022,0.00000,3.8,0.00004,1,,,,,0.00022,0.00000,3.7,0.00004
2655,1,,,,,0.00022,0.00001,3.6,0.00004,1,,,,,0.00022,0.00001,3.6,0.00004
2656,1,,,,,0.00022,0.00000,3.6,0.00004,1,,,,,0.00022,0.00000,3.6,0.00004
2657,1,,,,,0.00022,0.00000,3.6,0.00004,1,,,,,0.00022,0.00000,3.6,0.00004
2658,1,,,,,0.00022,0.00001,3.6,0.00004,1,,,,,0.00022,0.00000,3.8,0.00004
2659,1,,,,,0.00022,0.00000,3.7,0.00004,1,,,,,0.00022,0.00001,3.7,0.00004
2660,1,,,,,0.00022,0.00000,3.7,0.00004,1,,,,,0.00022,0.00001,3.7,0.00004
2661,1,,,,,0.00022,0.00000,3.7,0.00004,1,,,,,0.00022,0.00000,3.6,0.00004
2662,1,,,,,0.00022,0.00000,3.7,0.00004,1,,,,,0.00022,0.00000,3.6,0.00004
2663,1,,,,,0.00022,0.00000,3.9,0.00004,1,,,,,0.00022,0.00001,3.8,0.00004
2664,1,,,,,0.00022,0.00000,3.9,0.00004,1,,,,,0.00022,0.00000,3.9,0.00004
2665,1,,,,,0.00022,0.00001,3.9,0.00004,1,,,,,0.00022,0.00000,3.8,0.00004
2666,1,,,,,0.00022,0.00001,3.9,0.00004,1,,,,,0.00022,0.00000,3.8,0.00004
2667,1,,,,,0.00022,0.00000,3.8,0.00004,1,,,,,0.00022,0.00000,3.9,0.00004
2668,1,,,,,0.00022,0.00000,3.8,0.00004,1,,,,,0.00022,0.00001,3.8,0.00004
2669,1,,,,,0.00022,0.00000,3.9,0.00004,1,,,,,0.00022,0.00000,3.9,0.00005
2670,1,,,,,0.00022,0.00000,3.9,0.00004,1,,,,,0.00022,0.00000,3.9,0.00004
2671,1,,,,,0.00022,0.00000,3.9,0.00004,1,,,,,0.00022,0.00000,3.9,0.00004
2672,1,,,,,0.00022,0.00000,3.9,0.00004,1,,,,,0.00022,0.00000,3.9,0.00004
2673,1,,,,,0.00022,0.00000,3.9,0.00004,1,,,,,0.00022,0.00000,3.9,0.00004
2674,1,,,,,0.00022,0.00000,3.9,0.00004,1,,,,,0.00022,0.00001,3.9,0.00004
2675,1,,,,,0.00022,0.00001,3.9,0.00005,1,,,,,0.00022,0.00000,3.9,0.00004
2676,1,,,,,0.00022,0.00001,3.9,0.00004,1,,,,,0.00022,0.00001,3.9,0.00004
2677,1,,,,,0.00022,0.00000,3.9,0.00004,1,,,,,0.00022,0.00000,3.8,0.00004
2678,1,,,,,0.00022,0.00000,3.9,0.00004,1,,,,,0.00022,0.00001,3.9,0.00005
2679,1,,,,,0.00022,0.00000,3.9,0.00004,1,,,,,0.00022,0.00000,3.9,0.00004
2680,1,,,,,0.00022,0.00000,3.8,0.00005,1,,,,,0.00022,0.00001,3.7,0.00005
2681,1,,,,,0.00022,0.00000,3.7,0.00004,1,,,,,0.00022,0.00001,3.7,0.00004
2682,1,,,,,0.00022,0.00001,3.8,0.00004,1,,,,,0.00022,0.00000,3.5,0.00004
2683,1,,,,,0.00022,0.00001,3.7,0.00004,1,,,,,0.00022,0.00001,3.5,0.00004
2684,1,,,,,0.00022,0.00000,3.7,0.00004,1,,,,,0.00022,0.00000,3.5,0.00004
2685,1,,,,,0.00022,0.00000,3.7,0.00004,1,,,,,0.00023,0.00001,4.5,0.00006
2686,1,,,,,0.00022,0.00001,3.7,0.00004,1,,,,,0.00212,0.00000,435.6,0.00003
2687,1,,,,,0.00022,0.00000,3.7,0.00004,1,,,,,0.03735,0.00065,599.8,0.00000
2688,1,,,,,0.00022,0.00001,3.7,0.00004,1,,,,,0.04776,0.00756,547.7,0.00000
2689,1,,,,,0.00022,0.00000,3.7,0.00004,1,,,,,0.05645,0.01515,601.1,0.00002
2690,1,,,,,0.00022,0.00000,3.7,0.00004,1,,,,,0.03705,0.00961,400.2,0.00001
2691,1,,,,,0.00022,0.00000,3.7,0.00004,1,,,,,0.02068,0.00008,280.8,0.00000
2692,1,,,,,0.00022,0.00001,3.7,0.00004,1,,,,,0.05867,0.00195,447.4,0.00000
2693,1,,,,,0.00022,0.00001,3.7,0.00004,1,,,,,0.00708,0.00467,186.5,0.00004
2694,1,,,,,0.00022,0.00001,3.7,0.00004,1,,,,,0.03581,0.00001,511.7,0.00000
2695,1,,,,,0.00022,0.00000,3.8,0.00004,1,,,,,0.04447,0.00755,658.2,0.00000
2696,1,,,,,0.00022,0.00000,3.8,0.00004,1,,,,,0.01761,0.00232,365.8,0.00000
2697,1,,,,,0.00022,0.00000,3.9,0.00004,1,,,,,0.02938,0.00397,420.5,0.00000
2698,1,,,,,0.00022,0.00000,3.8,0.00004,1,,,,,0.01892,0.00002,207.3,0.00000
2699,1,,,,,0.00022,0.00000,3.8,0.00004,1,,,,,0.01841,0.00038,441.3,0.00001
2700,1,,,,,0.00022,0.00000,3.9,0.00004,1,,,,,0.01580,0.00342,256.4,0.00000
2701,1,,,,,0.00022,0.00000,3.8,0.00004,1,,,,,0.03025,0.00144,375.2,0.00000
2702,1,,,,,0.00022,0.00000,3.9,0.00005,1,,,,,0.03263,0.00001,421.3,0.00000
2703,1,,,,,0.00022,0.00000,3.8,0.00004,1,,,,,0.05639,0.00312,404.7,0.00000
2704,1,,,,,0.00022,0.00001,3.8,0.00004,1,,,,,0.00152,0.00134,107.4,0.00006
2705,1,,,,,0.00022,0.00000,3.8,0.00004,1,,,,,0.06781,0.00001,431.6,0.00000
2706,1,,,,,0.00022,0.00000,3.8,0.00004,1,,,,,0.08072,0.01580,532.8,0.00001
2707,1,,,,,0.00022,0.00000,3.8,0.00005,1,,,,,0.02842,0.00266,502.4,0.00001
2708,1,,,,,0.00022,0.00000,3.8,0.00005,1,,,,,0.00917,0.00030,190.5,0.00000
2709,1,,,,,0.00022,0.00001,3.8,0.00004,1,,,,,0.00375,0.00023,151.3,0.00000
2710,1,,,,,0.00022,0.00000,3.9,0.00005,1,,,,,0.00022,0.00000,3.3,0.00004
2711,1,,,,,0.00022,0.00000,3.8,0.00004,1,,,,,0.00022,0.00000,3.3,0.00004
2712,1,,,,,0.00022,0.00000,3.9,0.00005,1,,,,,0.00022,0.00000,3.2,0.00004
2713,1,,,,,0.00022,0.00000,3.7,0.00004,1,,,,,0.00022,0.00000,3.3,0.00004
2714,1,,,,,0.00022,0.00000,3.7,0.00004,1,,,,,0.00022,0.00000,3.2,0.00004
2715,1,,,,,0.00022,0.00000,3.8,0.00004,1,,,,,0.00022,0.00000,3.2,0.00004
2716,1,,,,,0.00022,0.00000,3.7,0.00004,1,,,,,0.00022,0.00000,3.2,0.00004
2717,1,,,,,0.00022,0.00001,3.5,0.00004,1,,,,,0.00022,0.00000,3.2,0.00004
2718,1,,,,,0.00022,0.00000,3.5,0.00004,1,,,,,0.00022,0.00000,3.2,0.00004
2719,1,,,,,0.00022,0.00000,3.5,0.00004,1,,,,,0.00022,0.00000,3.3,0.00004
2720,1,,,,,0.00022,0.00000,3.5,0.00004,1,,,,,0.00022,0.00000,3.2,0.00004
2721,1,,,,,0.00022,0.00000,3.5,0.00004,1,,,,,0.00022,0.00000,3.2,0.00003
2722,1,,,,,0.00022,0.00000,3.4,0.00005,1,,,,,0.00022,0.00000,3.2,0.00004
2723,1,,,,,0.00022,0.00000,3.4,0.00004,1,,,,,0.00022,0.00000,3.3,0.00004
2724,1,,,,,0.00022,0.00000,3.5,0.00004,1,,,,,0.00022,0.00000,3.3,0.00004
2725,1,,,,,0.00022,0.00000,3.5,0.00004,1,,,,,0.00022,0.00000,3.2,0.00004
2726,1,,,,,0.00022,0.00000,3.5,0.00004,1,,,,,0.00022,0.00000,3.2,0.00004
2727,1,,,,,0.00022,0.00000,3.5,0.00004,1,,,,,0.00022,0.00001,3.2,0.00004
2728,1,,,,,0.00022,0.00001,3.5,0.00004,1,,,,,0.00022,0.00000,3.2,0.00003
2729,1,,,,,0.00022,0.00000,3.5,0.00005,1,,,,,0.00022,0.00000,3.2,0.00004
2730,1,,,,,0.00022,0.00000,3.5,0.00004,1,,,,,0.00022,0.00000,3.2,0.00004
2731,1,,,,,0.00022,0.00000,3.5,0.00004,1,,,,,0.00022,0.00000,3.2,0.00004
2732,1,,,,,0.00022,0.00000,3.5,0.00004,1,,,,,0.00022,0.00000,3.2,0.00004
2733,1,,,,,0.00022,0.00000,3.4,0.00004,1,,,,,0.00022,0.00000,3.3,0.00004
2734,1,,,,,0.00022,0.00000,3.4,0.00004,1,,,,,0.00022,0.00000,3.1,0.00003
2735,1,,,,,0.00022,0.00000,3.5,0.00005,1,,,,,0.00022,0.00000,3.2,0.00004
2736,1,,,,,0.00022,0.00000,3.4,0.00004,1,,,,,0.00022,0.00000,3.1,0.00004
2737,1,,,,,0.00022,0.00000,3.5,0.00004,1,,,,,0.00022,0.00000,3.2,0.00004
2738,1,,,,,0.00022,0.00000,3.4,0.00004,1,,,,,0.00022,0.00000,3.2,0.00004
2739,1,,,,,0.00022,0.00000,3.4,0.00004,1,,,,,0.00022,0.00000,3.1,0.00004
2740,1,,,,,0.00022,0.00000,3.4,0.00004,1,,,,,0.00022,0.00000,3.2,0.00004
2741,1,,,,,0.00022,0.00000,3.4,0.00004,1,,,,,0.00022,0.00000,3.1,0.00004
2742,1,,,,,0.00022,0.00000,3.6,0.00004,1,,,,,0.00022,0.00000,3.2,0.00003
2743,1,,,,,0.00022,0.00000,3.6,0.00004,1,,,,,0.00022,0.00000,3.1,0.00004
2744,1,,,,,0.00022,0.00001,3.7,0.00005,1,,,,,0.00022,0.00000,3.2,0.00004
2745,1,,,,,0.00022,0.00000,3.6,0.00004,1,,,,,0.00022,0.00000,3.1,0.00003
2746,1,,,,,0.00022,0.00001,3.7,0.00004,1,,,,,0.00022,0.00000,3.1,0.00004
2747,1,,,,,0.00022,0.00000,3.6,0.00005,1,,,,,0.00022,0.00000,3.1,0.00004
2748,1,,,,,0.00022,0.00001,3.6,0.00004,1,,,,,0.00022,0.00000,3.1,0.00004
2749,1,,,,,0.00022,0.00001,3.7,0.00004,1,,,,,0.00022,0.00000,3.1,0.00004
2750,1,,,,,0.00022,0.00000,3.7,0.00005,1,,,,,0.00022,0.00000,3.1,0.00004
2751,1,,,,,0.00022,0.00000,3.6,0.00004,1,,,,,0.00022,0.00000,3.1,0.00004
2752,1,,,,,0.00022,0.00000,3.7,0.00005,1,,,,,0.00022,0.00000,3.1,0.00004
2753,1,,,,,0.00022,0.00000,3.6,0.00004,1,,,,,0.00022,0.00000,3.1,0.00004
2754,1,,,,,0.00022,0.00000,3.6,0.00004,1,,,,,0.00022,0.00000,3.1,0.00004
2755,1,,,,,0.00022,0.00001,3.4,0.00004,1,,,,,0.00022,0.00000,3.1,0.00004
2756,1,,,,,0.00022,0.00001,3.7,0.00004,1,,,,,0.00022,0.00000,3.1,0.00004
2757,1,,,,,0.00022,0.00000,3.4,0.00004,1,,,,,0.00022,0.00000,3.2,0.00004
2758,1,,,,,0.00022,0.00000,3.4,0.00004,1,,,,,0.00022,0.00000,3.2,0.00004
2759,1,,,,,0.00022,0.00000,3.4,0.00004,1,,,,,0.00022,0.00000,3.2,0.00004
2760,1,,,,,0.00022,0.00000,3.4,0.00004,1,,,,,0.00022,0.00001,3.2,0.00004
2761,1,,,,,0.00022,0.00000,3.4,0.00004,1,,,,,0.00022,0.00000,3.2,0.00004
2762,1,,,,,0.00022,0.00000,3.4,0.00004,1,,,,,0.00022,0.00000,3.1,0.00004
2763,1,,,,,0.00022,0.00000,3.4,0.00004,1,,,,,0.00022,0.00000,3.2,0.00004
2764,1,,,,,0.00022,0.00000,3.4,0.00004,1,,,,,0.00022,0.00000,3.2,0.00004
2765,1,,,,,0.00022,0.00000,3.4,0.00004,1,,,,,0.00022,0.00000,3.1,0.00004
2766,1,,,,,0.00022,0.00000,3.4,0.00004,1,,,,,0.00022,0.00000,3.2,0.00004
2767,1,,,,,0.00022,0.00000,3.5,0.00004,1,,,,,0.00057,0.00000,30.1,0.00015
2768,1,,,,,0.00022,0.00000,3.4,0.00004,1,,,,,0.00023,0.00194,3.4,0.00005
2769,1,,,,,0.00022,0.00001,3.4,0.00004,1,,,,,0.00262,0.00000,7787.5,0.06622
2770,1,,,,,0.00022,0.00000,3.4,0.00004,1,,,,,0.02832,0.00040,481.0,0.00017
2771,1,,,,,0.00022,0.00000,3.5,0.00004,1,,,,,0.02990,0.00209,414.9,0.00001
2772,1,,,,,0.00022,0.00000,3.4,0.00004,1,,,,,0.01970,0.00142,576.5,0.00732
2773,1,,,,,0.00022,0.00000,3.4,0.00004,1,,,,,0.00524,0.06054,1301.0,0.03664
2774,1,,,,,0.00022,0.00001,3.4,0.00004,1,,,,,0.06742,0.00155,457.6,0.00003
2775,1,,,,,0.00022,0.00000,3.5,0.00004,1,,,,,0.12153,0.01004,576.7,0.00001
2776,1,,,,,0.00022,0.00000,3.4,0.00004,1,,,,,0.07958,0.02091,522.4,0.00001
2777,1,,,,,0.00022,0.00000,3.7,0.00004,1,,,,,0.04743,0.00673,417.0,0.00000
2778,1,,,,,0.00022,0.00000,3.7,0.00004,1,,,,,0.00258,0.00013,316.5,0.00498
2779,1,,,,,0.00022,0.00000,3.6,0.00004,1,,,,,0.03405,0.00051,559.2,0.00001
2780,1,,,,,0.00022,0.00000,3.7,0.00004,1,,,,,0.02154,0.00230,340.5,0.00000
2781,1,,,,,0.00022,0.00001,3.7,0.00004,1,,,,,0.00764,0.00025,417.2,0.00010
2782,1,,,,,0.00022,0.00000,3.7,0.00004,1,,,,,0.08214,0.00045,433.1,0.00000
2783,1,,,,,0.00022,0.00001,3.7,0.00004,1,,,,,0.07433,0.00949,406.0,0.00000
2784,1,,,,,0.00022,0.00001,3.6,0.00004,1,,,,,0.00315,0.00019,619.3,0.01245
2785,1,,,,,0.00022,0.00000,3.7,0.00004,1,,,,,0.11745,0.00226,511.7,0.00000
2786,1,,,,,0.00022,0.00000,3.7,0.00004,1,,,,,0.08911,0.01106,639.0,0.00001
2787,1,,,,,0.00022,0.00001,3.7,0.00004,1,,,,,0.05163,0.00286,453.6,0.00002
2788,1,,,,,0.00022,0.00000,3.7,0.00004,1,,,,,0.01557,0.00159,186.6,0.00000
2789,1,,,,,0.00022,0.00000,3.6,0.00004,1,,,,,0.00311,0.00039,144.9,0.00001
2790,1,,,,,0.00022,0.00000,3.6,0.00004,1,,,,,0.00021,0.00001,3.2,0.00004
2791,1,,,,,0.00022,0.00000,3.7,0.00004,1,,,,,0.00022,0.00000,3.2,0.00004
2792,1,,,,,0.00022,0.00001,3.7,0.00004,1,,,,,0.00022,0.00000,3.1,0.00003
2793,1,,,,,0.00022,0.00000,3.7,0.00004,1,,,,,0.00022,0.00000,3.2,0.00004
2794,1,,,,,0.00022,0.00000,3.7,0.00004,1,,,,,0.00022,0.00000,3.2,0.00004
2795,1,,,,,0.00022,0.00001,3.7,0.00004,1,,,,,0.00022,0.00000,3.2,0.00004
2796,1,,,,,0.00022,0.00000,3.5,0.00004,1,,,,,0.00022,0.00000,3.1,0.00004
2797,1,,,,,0.00022,0.00000,3.4,0.00004,1,,,,,0.00022,0.00000,3.1,0.00003
2798,1,,,,,0.00022,0.00000,3.7,0.00004,1,,,,,0.00022,0.00000,3.2,0.00004
2799,1,,,,,0.00022,0.00000,3.7,0.00004,1,,,,,0.00022,0.00000,3.2,0.00004
2800,1,,,,,0.00022,0.00001,3.6,0.00004,1,,,,,0.00022,0.00000,3.1,0.00003
2801,1,,,,,0.00022,0.00000,3.5,0.00004,1,,,,,0.00022,0.00000,3.1,0.00004
2802,1,,,,,0.00022,0.00000,3.6,0.00004,1,,,,,0.00022,0.00000,3.1,0.00004
2803,1,,,,,0.00022,0.00001,3.6,0.00004,1,,,,,0.00022,0.00000,3.2,0.00004
2804,1,,,,,0.00022,0.00000,3.6,0.00004,1,,,,,0.00022,0.00001,3.2,0.00004
2805,1,,,,,0.00022,0.00001,3.6,0.00004,1,,,,,0.00022,0.00000,3.2,0.00003
2806,1,,,,,0.00022,0.00000,3.7,0.00004,1,,,,,0.00022,0.00000,3.2,0.00003
2807,1,,,,,0.00022,0.00000,3.8,0.00005,1,,,,,0.00022,0.00000,3.2,0.00004
2808,1,,,,,0.00022,0.00000,3.7,0.00004,1,,,,,0.00022,0.00000,3.1,0.00003
2809,1,,,,,0.00022,0.00000,3.5,0.00004,1,,,,,0.00022,0.00001,3.1,0.00004
2810,1,,,,,0.00022,0.00000,3.4,0.00004,1,,,,,0.00022,0.00000,3.1,0.00004
2811,1,,,,,0.00022,0.00001,3.5,0.00004,1,,,,,0.00022,0.00001,3.1,0.00004
2812,1,,,,,0.00022,0.00001,3.4,0.00004,1,,,,,0.00022,0.00000,3.2,0.00004
2813,1,,,,,0.00022,0.00000,3.6,0.00004,1,,,,,0.00022,0.00000,3.1,0.00004
2814,1,,,,,0.00022,0.00000,3.7,0.00004,1,,,,,0.00022,0.00000,3.2,0.00004
2815,1,,,,,0.00022,0.00000,3.7,0.00004,1,,,,,0.00022,0.00000,3.1,0.00004
2816,1,,,,,0.00022,0.00000,3.6,0.00004,1,,,,,0.00022,0.00000,3.1,0.00004
2817,1,,,,,0.00022,0.00000,3.7,0.00005,1,,,,,0.00022,0.00000,3.2,0.00004
2818,1,,,,,0.00022,0.00000,3.8,0.00004,1,,,,,0.00022,0.00001,3.2,0.00004
2819,1,,,,,0.00022,0.00000,3.7,0.00004,1,,,,,0.00022,0.00000,3.2,0.00004
2820,1,,,,,0.00022,0.00000,3.7,0.00004,1,,,,,0.00022,0.00000,3.1,0.00003
2821,1,,,,,0.00022,0.00000,3.7,0.00004,1,,,,,0.00022,0.00000,3.1,0.00004
2822,1,,,,,0.00022,0.00000,3.8,0.00004,1,,,,,0.00022,0.00000,3.2,0.00004
2823,1,,,,,0.00022,0.00000,3.7,0.00004,1,,,,,0.00022,0.00000,3.2,0.00003
2824,1,,,,,0.00022,0.00000,3.7,0.00004,1,,,,,0.00022,0.00000,3.2,0.00003
2825,1,,,,,0.00022,0.00001,3.7,0.00005,1,,,,,0.00022,0.00000,3.2,0.00004
2826,1,,,,,0.00022,0.00000,3.8,0.00005,1,,,,,0.00022,0.00000,3.2,0.00003
2827,1,,,,,0.00022,0.00001,3.8,0.00005,1,,,,,0.00022,0.00000,3.2,0.00004
2828,1,,,,,0.00022,0.00000,3.5,0.00004,1,,,,,0.00022,0.00000,3.1,0.00004
2829,1,,,,,0.00022,0.00000,3.5,0.00004,1,,,,,0.00022,0.00000,3.2,0.00004
2830,1,,,,,0.00022,0.00000,3.4,0.00004,1,,,,,0.00022,0.00000,3.2,0.00004
2831,1,,,,,0.00022,0.00000,3.5,0.00004,1,,,,,0.00022,0.00000,3.1,0.00003
2832,1,,,,,0.00022,0.00000,3.5,0.00005,1,,,,,0.00022,0.00000,3.2,0.00003
2833,1,,,,,0.00022,0.00000,3.4,0.00004,1,,,,,0.00022,0.00000,3.1,0.00004
2834,1,,,,,0.00022,0.00000,3.4,0.00004,1,,,,,0.00022,0.00001,3.1,0.00004
2835,1,,,,,0.00022,0.00000,3.4,0.00004,1,,,,,0.00022,0.00000,3.2,0.00004
2836,1,,,,,0.00022,0.00000,3.4,0.00004,1,,,,,0.00022,0.00000,3.2,0.00004
2837,1,,,,,0.00022,0.00000,3.5,0.00004,1,,,,,0.00022,0.00000,3.2,0.00004
2838,1,,,,,0.00022,0.00000,3.5,0.00004,1,,,,,0.00022,0.00000,3.2,0.00004
2839,1,,,,,0.00022,0.00000,3.5,0.00004,1,,,,,0.00022,0.00000,3.1,0.00004
2840,1,,,,,0.00022,0.00000,3.5,0.00004,1,,,,,0.00022,0.00000,3.2,0.00004
2841,1,,,,,0.00022,0.00000,3.5,0.00004,1,,,,,0.00022,0.00000,3.2,0.00004
2842,1,,,,,0.00022,0.00000,3.5,0.00004,1,,,,,0.00022,0.00000,3.2,0.00004
2843,1,,,,,0.00022,0.00001,3.5,0.00004,1,,,,,0.00022,0.00000,3.2,0.00004
2844,1,,,,,0.00022,0.00000,3.5,0.00004,1,,,,,0.00022,0.00001,3.2,0.00004
2845,1,,,,,0.00022,0.00000,3.5,0.00004,1,,,,,0.00022,0.00001,3.2,0.00004
2846,1,,,,,0.00022,0.00000,3.5,0.00004,1,,,,,0.00022,0.00000,3.1,0.00004
2847,1,,,,,0.00022,0.00000,3.5,0.00004,1,,,,,0.00022,0.00000,3.2,0.00004
2848,1,,,,,0.00022,0.00000,3.5,0.00004,1,,,,,0.00022,0.00000,3.1,0.00004
2849,1,,,,,0.00022,0.00001,3.5,0.00004,1,,,,,0.00022,0.00000,3.2,0.00004
2850,1,,,,,0.00022,0.00001,3.5,0.00004,1,,,,,0.00022,0.00000,3.2,0.00004
2851,1,,,,,0.00022,0.00000,3.5,0.00004,1,,,,,0.00022,0.00000,3.1,0.00004
2852,1,,,,,0.00022,0.00000,3.7,0.00004,1,,,,,0.00022,0.00000,3.2,0.00004
2853,1,,,,,0.00022,0.00000,3.8,0.00004,1,,,,,0.00022,0.00000,3.2,0.00004
2854,1,,,,,0.00022,0.00000,3.8,0.00004,1,,,,,0.00022,0.00000,3.2,0.00004
2855,1,,,,,0.00022,0.00000,3.7,0.00004,1,,,,,0.00022,0.00000,3.2,0.00003
2856,1,,,,,0.00022,0.00000,3.7,0.00004,1,,,,,0.00022,0.00000,3.2,0.00004
2857,1,,,,,0.00022,0.00000,3.7,0.00004,1,,,,,0.00022,0.00000,3.2,0.00004
2858,1,,,,,0.00022,0.00000,3.7,0.00004,1,,,,,0.00022,0.00001,3.2,0.00004
2859,1,,,,,0.00022,0.00001,3.7,0.00004,1,,,,,0.00022,0.00001,3.2,0.00004
2860,1,,,,,0.00022,0.00001,3.7,0.00004,1,,,,,0.00022,0.00001,3.2,0.00004
2861,1,,,,,0.00022,0.00000,3.7,0.00004,1,,,,,0.00022,0.00000,3.2,0.00004
2862,1,,,,,0.00022,0.00001,3.7,0.00004,1,,,,,0.00022,0.00001,3.2,0.00004
2863,1,,,,,0.00022,0.00000,3.7,0.00005,1,,,,,0.00022,0.00000,3.2,0.00004
2864,1,,,,,0.00022,0.00000,3.7,0.00005,1,,,,,0.00022,0.00000,3.1,0.00004
2865,1,,,,,0.00022,0.00000,3.6,0.00004,1,,,,,0.00022,0.00000,3.2,0.00004
2866,1,,,,,0.00022,0.00000,3.7,0.00004,1,,,,,0.00022,0.00000,3.2,0.00004
2867,1,,,,,0.00022,0.00001,3.7,0.00004,1,,,,,0.00022,0.00000,3.2,0.00004
2868,1,,,,,0.00022,0.00000,3.7,0.00004,1,,,,,0.00022,0.00001,3.2,0.00004
2869,1,,,,,0.00022,0.00000,3.6,0.00004,1,,,,,0.00022,0.00000,3.1,0.00003
2870,1,,,,,0.00022,0.00000,3.5,0.00004,1,,,,,0.00022,0.00001,3.2,0.00004
2871,1,,,,,0.00022,0.00000,3.6,0.00004,1,,,,,0.00022,0.00000,3.1,0.00004
2872,1,,,,,0.00022,0.00000,3.5,0.00004,1,,,,,0.00022,0.00000,3.1,0.00004
2873,1,,,,,0.00022,0.00000,3.6,0.00004,1,,,,,0.00022,0.00000,3.1,0.00004
2874,1,,,,,0.00022,0.00000,3.6,0.00004,1,,,,,0.00022,0.00000,3.1,0.00004
2875,1,,,,,0.00022,0.00000,3.6,0.00004,1,,,,,0.00022,0.00000,3.2,0.00004
2876,1,,,,,0.00022,0.00000,3.6,0.00004,1,,,,,0.00022,0.00000,3.2,0.00004
2877,1,,,,,0.00022,0.00000,3.6,0.00004,1,,,,,0.00022,0.00000,3.2,0.00004
2878,1,,,,,0.00022,0.00000,3.6,0.00005,1,,,,,0.00022,0.00000,3.2,0.00004
2879,1,,,,,0.00022,0.00000,3.6,0.00004,1,,,,,0.00022,0.00001,3.2,0.00004
2880,1,,,,,0.00022,0.00001,3.6,0.00004,1,,,,,0.00022,0.00000,3.2,0.00004
2881,1,,,,,0.00022,0.00000,3.6,0.00004,1,,,,,0.00022,0.00000,3.2,0.00003
2882,1,,,,,0.00022,0.00001,3.7,0.00004,1,,,,,0.00022,0.00000,3.3,0.00004
2883,1,,,,,0.00022,0.00000,3.8,0.00005,1,,,,,0.00022,0.00000,3.3,0.00004
2884,1,,,,,0.00022,0.00000,3.7,0.00004,1,,,,,0.00022,0.00000,3.2,0.00004
2885,1,,,,,0.00022,0.00001,3.7,0.00004,1,,,,,0.00022,0.00000,3.3,0.00004
2886,1,,,,,0.00022,0.00000,3.8,0.00004,1,,,,,0.00022,0.00000,3.1,0.00004
2887,1,,,,,0.00022,0.00000,3.7,0.00004,1,,,,,0.00022,0.00000,3.2,0.00004
2888,1,,,,,0.00022,0.00000,3.7,0.00004,1,,,,,0.00022,0.00000,3.2,0.00004
2889,1,,,,,0.00022,0.00000,3.7,0.00004,1,,,,,0.00022,0.00000,3.1,0.00004
2890,1,,,,,0.00022,0.00000,3.7,0.00004,1,,,,,0.00022,0.00000,3.1,0.00004
2891,1,,,,,0.00022,0.00000,3.7,0.00004,1,,,,,0.00022,0.00000,3.2,0.00004
2892,1,,,,,0.00022,0.00001,3.7,0.00004,1,,,,,0.00022,0.00000,3.1,0.00003
2893,1,,,,,0.00022,0.00000,3.7,0.00005,1,,,,,0.00022,0.00000,3.1,0.00004
2894,1,,,,,0.00022,0.00000,3.7,0.00004,1,,,,,0.00022,0.00000,3.1,0.00004
2895,1,,,,,0.00022,0.00001,3.8,0.00004,1,,,,,0.00022,0.00000,3.2,0.00004
2896,1,,,,,0.00022,0.00001,3.7,0.00005,1,,,,,0.00022,0.00000,3.2,0.00004
2897,1,,,,,0.00022,0.00000,3.7,0.00004,1,,,,,0.00022,0.00000,3.2,0.00004
2898,1,,,,,0.00022,0.00001,3.6,0.00004,1,,,,,0.00022,0.00000,3.2,0.00004
2899,1,,,,,0.00022,0.00000,3.7,0.00005,1,,,,,0.00022,0.00001,3.2,0.00004
2900,1,,,,,0.00022,0.00000,3.7,0.00004,1,,,,,0.00022,0.00000,3.2,0.00004
2901,1,,,,,0.00022,0.00000,3.7,0.00005,1,,,,,0.00022,0.00000,3.1,0.00004
2902,1,,,,,0.00022,0.00001,3.7,0.00004,1,,,,,0.00022,0.00000,3.1,0.00004
2903,1,,,,,0.00022,0.00001,3.7,0.00005,1,,,,,0.00022,0.00000,3.1,0.00004
2904,1,,,,,0.00022,0.00000,3.6,0.00004,1,,,,,0.00022,0.00000,3.2,0.00004
2905,1,,,,,0.00022,0.00001,3.7,0.00004,1,,,,,0.00022,0.00000,3.2,0.00004
2906,1,,,,,0.00022,0.00000,3.7,0.00004,1,,,,,0.00022,0.00000,3.3,0.00004
2907,1,,,,,0.00022,0.00000,3.6,0.00004,1,,,,,0.00022,0.00000,3.2,0.00004
2908,1,,,,,0.00022,0.00001,3.7,0.00004,1,,,,,0.00022,0.00000,3.2,0.00004
2909,1,,,,,0.00022,0.00000,3.7,0.00004,1,,,,,0.00022,0.00000,3.2,0.00004
2910,1,,,,,0.00022,0.00000,3.8,0.00004,1,,,,,0.00022,0.00000,3.2,0.00004
2911,1,,,,,0.00022,0.00000,3.6,0.00004,1,,,,,0.00022,0.00001,3.3,0.00004
2912,1,,,,,0.00022,0.00000,3.6,0.00004,1,,,,,0.00022,0.00000,3.4,0.00004
2913,1,,,,,0.00022,0.00000,3.5,0.00004,1,,,,,0.00022,0.00000,3.4,0.00004
2914,1,,,,,0.00022,0.00001,3.6,0.00004,1,,,,,0.00022,0.00000,3.3,0.00004
2915,1,,,,,0.00022,0.00000,3.5,0.00004,1,,,,,0.00022,0.00000,3.4,0.00004
2916,1,,,,,0.00022,0.00000,3.6,0.00004,1,,,,,0.00022,0.00000,3.4,0.00004
2917,1,,,,,0.00022,0.00001,3.6,0.00004,1,,,,,0.00022,0.00000,3.4,0.00004
2918,1,,,,,0.00022,0.00000,3.6,0.00004,1,,,,,0.00022,0.00000,3.4,0.00004
2919,1,,,,,0.00022,0.00000,3.6,0.00004,1,,,,,0.00022,0.00000,3.4,0.00004
2920,1,,,,,0.00022,0.00000,3.6,0.00004,1,,,,,0.00022,0.00001,3.4,0.00004
2921,1,,,,,0.00022,0.00000,3.6,0.00004,1,,,,,0.00022,0.00001,3.4,0.00004
2922,1,,,,,0.00022,0.00000,3.5,0.00004,1,,,,,0.00022,0.00001,3.4,0.00004
2923,1,,,,,0.00022,0.00000,3.7,0.00004,1,,,,,0.00022,0.00000,3.5,0.00004
2924,1,,,,,0.00022,0.00000,3.7,0.00004,1,,,,,0.00022,0.00000,3.5,0.00004
2925,1,,,,,0.00022,0.00000,3.7,0.00005,1,,,,,0.00022,0.00000,3.5,0.00004
2926,1,,,,,0.00022,0.00000,3.7,0.00004,1,,,,,0.00022,0.00001,3.5,0.00004
2927,1,,,,,0.00022,0.00000,3.7,0.00004,1,,,,,0.00022,0.00001,3.5,0.00004
2928,1,,,,,0.00022,0.00001,3.7,0.00004,1,,,,,0.00022,0.00000,3.6,0.00004
2929,1,,,,,0.00022,0.00000,3.7,0.00004,1,,,,,0.00022,0.00000,3.5,0.00004
2930,1,,,,,0.00022,0.00001,3.8,0.00005,1,,,,,0.00022,0.00000,3.6,0.00004
2931,1,,,,,0.00022,0.00000,3.7,0.00004,1,,,,,0.00022,0.00000,3.5,0.00004
2932,1,,,,,0.00022,0.00000,3.8,0.00004,1,,,,,0.00022,0.00000,3.6,0.00004
2933,1,,,,,0.00022,0.00000,3.8,0.00004,1,,,,,0.00022,0.00001,3.5,0.00004
2934,1,,,,,0.00022,0.00000,3.8,0.00004,1,,,,,0.00022,0.00000,3.6,0.00004
2935,1,,,,,0.00022,0.00001,3.7,0.00004,1,,,,,0.00022,0.00000,3.5,0.00004
2936,1,,,,,0.00022,0.00000,3.7,0.00004,1,,,,,0.00022,0.00000,3.6,0.00005
2937,1,,,,,0.00022,0.00000,3.8,0.00004,1,,,,,0.00022,0.00000,3.5,0.00004
2938,1,,,,,0.00022,0.00000,3.7,0.00004,1,,,,,0.00022,0.00001,3.5,0.00004
2939,1,,,,,0.00022,0.00000,3.7,0.00005,1,,,,,0.00022,0.00000,3.5,0.00004
2940,1,,,,,0.00022,0.00000,3.8,0.00004,1,,,,,0.00022,0.00000,3.5,0.00004
2941,1,,,,,0.00022,0.00000,3.7,0.00004,1,,,,,0.00022,0.00000,3.5,0.00004
2942,1,,,,,0.00022,0.00000,3.7,0.00004,1,,,,,0.00022,0.00000,3.6,0.00004
2943,1,,,,,0.00022,0.00000,3.7,0.00004,1,,,,,0.00022,0.00000,3.6,0.00004
2944,1,,,,,0.00022,0.00000,3.6,0.00004,1,,,,,0.00022,0.00000,3.5,0.00004
2945,1,,,,,0.00022,0.00000,3.6,0.00004,1,,,,,0.00022,0.00000,3.6,0.00004
2946,1,,,,,0.00022,0.00000,3.5,0.00004,1,,,,,0.00022,0.00000,3.5,0.00004
2947,1,,,,,0.00022,0.00000,3.6,0.00004,1,,,,,0.00022,0.00000,3.6,0.00005
2948,1,,,,,0.00022,0.00000,3.6,0.00004,1,,,,,0.00022,0.00000,3.5,0.00004
2949,1,,,,,0.00022,0.00000,3.6,0.00004,1,,,,,0.00022,0.00001,3.6,0.00004
2950,1,,,,,0.00022,0.00001,3.6,0.00004,1,,,,,0.00022,0.00000,3.5,0.00004
2951,1,,,,,0.00022,0.00000,3.6,0.00004,1,,,,,0.00022,0.00001,3.5,0.00004
2952,1,,,,,0.00022,0.00000,3.6,0.00004,1,,,,,0.00022,0.00001,3.5,0.00004
2953,1,,,,,0.00022,0.00000,3.5,0.00004,1,,,,,0.00022,0.00000,3.5,0.00004
2954,1,,,,,0.00022,0.00000,3.6,0.00004,1,,,,,0.00022,0.00001,3.6,0.00004
2955,1,,,,,0.00022,0.00000,3.6,0.00004,1,,,,,0.00022,0.00000,3.5,0.00004
2956,1,,,,,0.00022,0.00000,3.6,0.00004,1,,,,,0.00022,0.00001,3.6,0.00004
2957,1,,,,,0.00022,0.00000,3.6,0.00004,1,,,,,0.00022,0.00001,3.6,0.00004
2958,1,,,,,0.00022,0.00000,3.6,0.00004,1,,,,,0.00022,0.00000,3.6,0.00004
2959,1,,,,,0.00022,0.00000,3.6,0.00004,1,,,,,0.00022,0.00001,3.6,0.00004
2960,1,,,,,0.00022,0.00001,3.6,0.00004,1,,,,,0.00022,0.00000,3.5,0.00004
2961,1,,,,,0.00022,0.00000,3.6,0.00004,1,,,,,0.00022,0.00000,3.6,0.00004
2962,1,,,,,0.00022,0.00000,3.6,0.00004,1,,,,,0.00022,0.00000,3.6,0.00004
2963,1,,,,,0.00022,0.00000,3.6,0.00004,1,,,,,0.00022,0.00000,3.5,0.00004
2964,1,,,,,0.00022,0.00000,3.6,0.00004,1,,,,,0.00022,0.00000,3.5,0.00004
2965,1,,,,,0.00022,0.00000,3.7,0.00005,1,,,,,0.00022,0.00000,3.5,0.00004
2966,1,,,,,0.00022,0.00000,3.6,0.00004,1,,,,,0.00022,0.00000,3.7,0.00004
2967,1,,,,,0.00022,0.00001,3.6,0.00004,1,,,,,0.00022,0.00000,3.6,0.00004
2968,1,,,,,0.00022,0.00000,3.6,0.00004,1,,,,,0.00022,0.00000,3.5,0.00004
2969,1,,,,,0.00022,0.00000,3.6,0.00005,1,,,,,0.00022,0.00000,3.5,0.00004
2970,1,,,,,0.00022,0.00001,3.6,0.00005,1,,,,,0.00022,0.00000,3.5,0.00004
2971,1,,,,,0.00022,0.00000,3.7,0.00004,1,,,,,0.00022,0.00000,3.5,0.00004
2972,1,,,,,0.00022,0.00000,3.6,0.00004,1,,,,,0.00022,0.00000,3.5,0.00004
2973,1,,,,,0.00022,0.00000,3.6,0.00004,1,,,,,0.00022,0.00000,3.6,0.00004
2974,1,,,,,0.00022,0.00000,3.6,0.00004,1,,,,,0.00022,0.00000,3.6,0.00004
2975,1,,,,,0.00022,0.00001,3.6,0.00004,1,,,,,0.00022,0.00000,3.6,0.00004
2976,1,,,,,0.00022,0.00000,3.7,0.00005,1,,,,,0.00022,0.00001,3.6,0.00004
2977,1,,,,,0.00022,0.00001,3.4,0.00004,1,,,,,0.00022,0.00000,3.7,0.00004
2978,1,,,,,0.00022,0.00000,3.4,0.00004,1,,,,,0.00022,0.00000,3.7,0.00004
2979,1,,,,,0.00022,0.00000,3.4,0.00004,1,,,,,0.00022,0.00000,3.5,0.00004
2980,1,,,,,0.00022,0.00000,3.4,0.00004,1,,,,,0.00022,0.00000,3.6,0.00004
2981,1,,,,,0.00022,0.00000,3.4,0.00004,1,,,,,0.00022,0.00000,3.6,0.00004
2982,1,,,,,0.00022,0.00000,3.5,0.00004,1,,,,,0.00022,0.00000,3.6,0.00004
2983,1,,,,,0.00022,0.00001,3.5,0.00004,1,,,,,0.00022,0.00000,3.6,0.00004
2984,1,,,,,0.00022,0.00000,3.4,0.00004,1,,,,,0.00022,0.00000,3.6,0.00004
2985,1,,,,,0.00022,0.00000,3.4,0.00004,1,,,,,0.00022,0.00000,3.6,0.00004
2986,1,,,,,0.00022,0.00001,3.4,0.00004,1,,,,,0.00022,0.00000,3.5,0.00004
2987,1,,,,,0.00022,0.00001,3.4,0.00004,1,,,,,0.00022,0.00000,3.6,0.00004
2988,1,,,,,0.00022,0.00000,3.4,0.00004,1,,,,,0.00022,0.00000,3.7,0.00004
2989,1,,,,,0.00022,0.00000,3.4,0.00004,1,,,,,0.00022,0.00000,3.6,0.00004
2990,1,,,,,0.00022,0.00000,3.4,0.00004,1,,,,,0.00022,0.00000,3.7,0.00004
2991,1,,,,,0.00022,0.00000,3.4,0.00004,1,,,,,0.00022,0.00000,3.6,0.00004
2992,1,,,,,0.00022,0.00000,3.4,0.00004,1,,,,,0.00022,0.00001,3.7,0.00004
2993,1,,,,,0.00022,0.00000,3.4,0.00004,1,,,,,0.00022,0.00000,3.6,0.00004
2994,1,,,,,0.00022,0.00000,3.4,0.00004,1,,,,,0.00022,0.00000,3.6,0.00004
2995,1,,,,,0.00022,0.00000,3.4,0.00004,1,,,,,0.00022,0.00000,3.7,0.00004
2996,1,,,,,0.00022,0.00000,3.4,0.00004,1,,,,,0.00022,0.00000,3.7,0.00004
2997,1,,,,,0.00022,0.00000,3.5,0.00004,1,,,,,0.00022,0.00000,3.8,0.00004
2998,1,,,,,0.00022,0.00000,3.4,0.00004,1,,,,,0.00022,0.00000,3.7,0.00004
2999,1,,,,,0.00022,0.00000,3.4,0.00004,1,,,,,0.00022,0.00000,3.7,0.00004
3000,1,,,,,0.00624,0.00001,446.3,0.00006,1,,,,,0.01966,0.00001,197.8,0.00000
3001,1,,,,,0.00022,0.00002,12.8,0.00013,1,,,,,0.00085,0.00024,188.3,0.00280
3002,1,,,,,0.00022,0.00001,3.1,0.00005,1,,,,,0.05170,0.00000,511.7,0.00000
3003,1,,,,,0.00022,0.00000,3.4,0.00004,1,,,,,0.09774,0.00179,575.0,0.00001
3004,1,,,,,0.00022,0.00000,3.3,0.00004,1,,,,,0.11574,0.01229,468.3,0.00000
3005,1,,,,,0.01479,0.00001,319.8,0.00001,1,,,,,0.05280,0.02177,361.6,0.00000
3006,1,,,,,0.07752,0.00329,450.3,0.00000,1,,,,,0.04741,0.00124,281.5,0.00000
3007,1,,,,,0.05695,0.00277,459.4,0.00000,1,,,,,0.04373,0.00467,451.9,0.00000
3008,1,,,,,0.03012,0.00000,341.2,0.00009,1,,,,,0.03128,0.00218,350.5,0.00000
3009,1,,,,,0.03612,0.00067,557.7,0.00938,1,,,,,0.05904,0.00255,424.5,0.00000
3010,1,,,,,0.00621,0.05672,8595.1,0.11204,1,,,,,0.09537,0.01194,480.7,0.00000
3011,1,,,,,0.01020,0.00065,205.4,0.00006,1,,,,,0.06472,0.01521,373.3,0.00000
3012,1,,,,,0.01427,0.00107,189.2,0.00000,1,,,,,0.02703,0.00061,297.5,0.00002
3013,1,,,,,0.10786,0.00001,633.4,0.00096,1,,,,,0.00436,0.00160,7006.3,0.01615
3014,1,,,,,0.10042,0.00316,614.5,0.00036,1,,,,,0.02937,0.00007,517.9,0.00001
3015,1,,,,,0.03817,0.00361,542.0,0.01145,1,,,,,0.01489,0.00373,226.9,0.00000
3016,1,,,,,0.06994,0.01803,565.4,0.00004,1,,,,,0.00661,0.00118,671.7,0.00001
3017,1,,,,,0.06431,0.00333,364.1,0.00080,1,,,,,0.04375,0.00199,370.8,0.00000
3018,1,,,,,0.02516,0.00298,238.6,0.00003,1,,,,,0.02676,0.00288,219.6,0.00000
3019,1,,,,,0.00994,0.00001,5531.8,0.13864,1,,,,,0.04041,0.00005,411.8,0.00002
3020,1,,,,,0.04891,0.00045,322.7,0.00009,1,,,,,0.06317,0.00988,507.1,0.00002
3021,1,,,,,0.01457,0.00021,192.7,0.00000,1,,,,,0.05512,0.00482,478.4,0.00001
3022,1,,,,,0.05701,0.00000,456.4,0.00003,1,,,,,0.01791,0.00367,342.5,0.00001
3023,1,,,,,0.13584,0.00485,962.7,0.00001,1,,,,,0.00471,0.00061,139.1,0.00000
3024,1,,,,,0.12409,0.01954,826.3,0.00026,1,,,,,0.00021,0.00000,3.6,0.00005
3025,1,,,,,0.05927,0.00115,387.9,0.00011,1,,,,,0.00022,0.00000,3.4,0.00004
3026,1,,,,,0.01030,0.00001,664.6,0.00089,1,,,,,0.00022,0.00000,3.4,0.00004
3027,1,,,,,0.01450,0.00250,7004.7,0.08239,1,,,,,0.00022,0.00000,3.3,0.00004
3028,1,,,,,0.00498,0.03693,6299.8,0.19015,1,,,,,0.00022,0.00000,3.4,0.00004
3029,1,,,,,0.07397,0.00001,728.3,0.00022,1,,,,,0.00022,0.00000,3.3,0.00004
3030,1,,,,,0.03207,0.00464,3498.6,0.04291,1,,,,,0.00022,0.00000,3.3,0.00004
3031,1,,,,,0.02943,0.00778,378.8,0.00142,1,,,,,0.00022,0.00000,3.3,0.00004
3032,1,,,,,0.06658,0.00564,266.4,0.00000,1,,,,,0.00022,0.00000,3.3,0.00004
3033,1,,,,,0.06003,0.00579,271.0,0.00002,1,,,,,0.00022,0.00000,3.3,0.00004
3034,1,,,,,0.06928,0.00454,479.9,0.00002,1,,,,,0.00022,0.00000,3.2,0.00004
3035,1,,,,,0.03590,0.00000,275.2,0.00005,1,,,,,0.00022,0.00000,3.4,0.00004
3036,1,,,,,0.04998,0.00256,346.3,0.00000,1,,,,,0.00022,0.00000,3.3,0.00004
3037,1,,,,,0.05040,0.00163,310.4,0.00001,1,,,,,0.00022,0.00000,3.3,0.00004
3038,1,,,,,0.07412,0.01463,296.3,0.00002,1,,,,,0.00022,0.00000,3.3,0.00004
3039,1,,,,,0.05405,0.00035,242.6,0.00000,1,,,,,0.00022,0.00000,3.3,0.00004
3040,1,,,,,0.05928,0.00715,488.3,0.00009,1,,,,,0.00022,0.00000,3.3,0.00004
3041,1,,,,,0.03412,0.00181,340.7,0.00001,1,,,,,0.00022,0.00000,3.4,0.00004
3042,1,,,,,0.01002,0.00037,6773.6,0.03611,1,,,,,0.00022,0.00000,3.3,0.00003
3043,1,,,,,0.00626,0.03221,992.8,0.01488,1,,,,,0.00022,0.00000,3.3,0.00004
3044,1,,,,,0.04265,0.00071,253.8,0.00000,1,,,,,0.00022,0.00000,3.4,0.00004
3045,1,,,,,0.07147,0.00075,232.4,0.00000,1,,,,,0.00022,0.00000,3.3,0.00004
3046,1,,,,,0.07062,0.00012,995.2,0.00016,1,,,,,0.00022,0.00001,3.3,0.00003
3047,1,,,,,0.02604,0.00380,410.1,0.00001,1,,,,,0.00022,0.00001,3.4,0.00004
3048,1,,,,,0.06852,0.00044,529.7,0.00000,1,,,,,0.00022,0.00000,3.3,0.00004
3049,1,,,,,0.06064,0.01292,280.2,0.00000,1,,,,,0.00022,0.00000,3.3,0.00004
3050,1,,,,,0.01770,0.00048,209.4,0.00000,1,,,,,0.00022,0.00001,3.3,0.00004
3051,1,,,,,0.03852,0.00000,336.0,0.00003,1,,,,,0.00022,0.00000,3.3,0.00004
3052,1,,,,,0.03100,0.00516,277.5,0.00059,1,,,,,0.00022,0.00001,3.4,0.00004
3053,1,,,,,0.02753,0.00260,4920.6,0.07651,1,,,,,0.00022,0.00000,3.3,0.00003
3054,1,,,,,0.06352,0.01199,278.0,0.00000,1,,,,,0.00022,0.00000,3.3,0.00004
3055,1,,,,,0.00394,0.00091,137.3,0.00011,1,,,,,0.00022,0.00000,3.3,0.00004
3056,1,,,,,0.04833,0.00071,528.5,0.00004,1,,,,,0.00022,0.00000,3.3,0.00004
3057,1,,,,,0.05874,0.00215,612.2,0.00002,1,,,,,0.00022,0.00000,3.3,0.00004
3058,1,,,,,0.02675,0.00004,302.7,0.00000,1,,,,,0.00022,0.00000,3.3,0.00004
3059,1,,,,,0.06376,0.00467,266.0,0.00010,1,,,,,0.00022,0.00000,3.3,0.00004
3060,1,,,,,0.05647,0.00959,550.0,0.00265,1,,,,,0.00022,0.00000,3.3,0.00004
3061,1,,,,,0.05081,0.00544,645.2,0.00008,1,,,,,0.00022,0.00000,3.3,0.00004
3062,1,,,,,0.02105,0.00002,344.1,0.00003,1,,,,,0.00022,0.00000,3.3,0.00004
3063,1,,,,,0.06558,0.01601,467.9,0.00000,1,,,,,0.00022,0.00000,3.3,0.00004
3064,1,,,,,0.04728,0.00649,255.6,0.00002,1,,,,,0.00022,0.00000,3.3,0.00004
3065,1,,,,,0.05829,0.00930,302.1,0.00017,1,,,,,0.00022,0.00001,3.3,0.00004
3066,1,,,,,0.03720,0.00833,423.1,0.00483,1,,,,,0.00022,0.00000,3.3,0.00004
3067,1,,,,,0.03016,0.00513,3656.5,0.04872,1,,,,,0.00022,0.00000,3.3,0.00004
3068,1,,,,,0.02246,0.01980,4365.1,0.03338,1,,,,,0.00022,0.00000,3.3,0.00003
3069,1,,,,,0.05008,0.00065,497.3,0.00047,1,,,,,0.00022,0.00001,3.2,0.00004
3070,1,,,,,0.05584,0.01399,674.9,0.00068,1,,,,,0.00022,0.00000,3.2,0.00003
3071,1,,,,,0.07076,0.00678,443.6,0.00020,1,,,,,0.00022,0.00001,3.2,0.00003
3072,1,,,,,0.03360,0.00608,294.2,0.00001,1,,,,,0.00022,0.00000,3.2,0.00004
3073,1,,,,,0.00708,0.00001,208.7,0.00023,1,,,,,0.00022,0.00000,3.3,0.00004
3074,1,,,,,0.00023,0.00000,3.2,0.00005,1,,,,,0.00022,0.00000,3.2,0.00004
3075,1,,,,,0.00022,0.00000,3.1,0.00004,1,,,,,0.00022,0.00000,3.2,0.00004
3076,1,,,,,0.00022,0.00000,3.1,0.00004,1,,,,,0.00022,0.00001,3.3,0.00004
3077,1,,,,,0.00022,0.00000,3.3,0.00004,1,,,,,0.00022,0.00000,3.3,0.00004
3078,1,,,,,0.00022,0.00001,3.2,0.00004,1,,,,,0.00442,0.00001,40.4,0.00007
3079,1,,,,,0.00022,0.00000,3.2,0.00004,1,,,,,0.07427,0.00011,440.1,0.00000
3080,1,,,,,0.00022,0.00000,3.2,0.00004,1,,,,,0.11761,0.00528,530.6,0.00000
3081,1,,,,,0.00022,0.00001,3.2,0.00004,1,,,,,0.00942,0.00380,277.9,0.00005
3082,1,,,,,0.00022,0.00000,3.1,0.00004,1,,,,,0.01441,0.00000,266.2,0.00000
3083,1,,,,,0.00022,0.00000,3.1,0.00004,1,,,,,0.05856,0.00158,674.0,0.00001
3084,1,,,,,0.00022,0.00000,3.2,0.00004,1,,,,,0.06886,0.00285,470.4,0.00000
3085,1,,,,,0.00022,0.00000,3.1,0.00004,1,,,,,0.10067,0.01519,534.6,0.00000
3086,1,,,,,0.00022,0.00000,3.2,0.00004,1,,,,,0.12107,0.00246,666.5,0.00001
3087,1,,,,,0.00022,0.00000,3.2,0.00004,1,,,,,0.08380,0.01827,663.0,0.00001
3088,1,,,,,0.00022,0.00000,3.1,0.00004,1,,,,,0.04956,0.00622,584.0,0.00000
3089,1,,,,,0.00022,0.00000,3.1,0.00004,1,,,,,0.02588,0.00254,301.4,0.00002
3090,1,,,,,0.00022,0.00000,3.1,0.00004,1,,,,,0.01223,0.00007,258.5,0.00000
3091,1,,,,,0.00022,0.00001,3.1,0.00004,1,,,,,0.04521,0.00069,468.4,0.00001
3092,1,,,,,0.00022,0.00000,3.1,0.00004,1,,,,,0.07171,0.00161,446.2,0.00000
3093,1,,,,,0.00022,0.00000,3.1,0.00004,1,,,,,0.01112,0.00262,238.1,0.00000
3094,1,,,,,0.00022,0.00000,3.1,0.00004,1,,,,,0.05605,0.00000,448.6,0.00000
3095,1,,,,,0.00022,0.00000,3.0,0.00003,1,,,,,0.05714,0.00022,495.6,0.00000
3096,1,,,,,0.00022,0.00000,3.1,0.00004,1,,,,,0.02547,0.00184,420.4,0.00000
3097,1,,,,,0.00022,0.00000,3.1,0.00004,1,,,,,0.00713,0.00025,156.4,0.00000
3098,1,,,,,0.00022,0.00000,3.2,0.00004,1,,,,,0.00022,0.00000,3.7,0.00005
3099,1,,,,,0.00022,0.00000,3.2,0.00004,1,,,,,0.00022,0.00000,3.2,0.00004
3100,1,,,,,0.00022,0.00000,3.1,0.00004,1,,,,,0.00022,0.00000,3.2,0.00004
3101,1,,,,,0.00022,0.00000,3.1,0.00004,1,,,,,0.00022,0.00000,3.2,0.00003
3102,1,,,,,0.00022,0.00000,3.2,0.00004,1,,,,,0.00022,0.00000,3.1,0.00004
3103,1,,,,,0.00022,0.00000,3.2,0.00004,1,,,,,0.00022,0.00000,3.1,0.00004
3104,1,,,,,0.00022,0.00000,3.1,0.00004,1,,,,,0.00022,0.00000,3.2,0.00004
3105,1,,,,,0.00022,0.00000,3.2,0.00004,1,,,,,0.00022,0.00000,3.2,0.00004
3106,1,,,,,0.00022,0.00000,3.1,0.00004,1,,,,,0.00022,0.00000,3.1,0.00004
3107,1,,,,,0.00022,0.00001,3.1,0.00004,1,,,,,0.00022,0.00000,3.1,0.00004
3108,1,,,,,0.00022,0.00000,3.1,0.00004,1,,,,,0.00022,0.00000,3.1,0.00003
3109,1,,,,,0.00022,0.00000,3.1,0.00004,1,,,,,0.00022,0.00000,3.1,0.00004
3110,1,,,,,0.00022,0.00000,3.1,0.00004,1,,,,,0.00022,0.00000,3.1,0.00004
3111,1,,,,,0.00022,0.00000,3.2,0.00004,1,,,,,0.00022,0.00000,3.1,0.00004
3112,1,,,,,0.00022,0.00000,3.1,0.00004,1,,,,,0.00022,0.00000,3.1,0.00004
3113,1,,,,,0.00022,0.00000,3.1,0.00004,1,,,,,0.00022,0.00000,3.2,0.00004
3114,1,,,,,0.00022,0.00000,3.2,0.00004,1,,,,,0.00022,0.00000,3.1,0.00004
3115,1,,,,,0.00022,0.00000,3.2,0.00004,1,,,,,0.00022,0.00000,3.2,0.00004
3116,1,,,,,0.00022,0.00000,3.1,0.00003,1,,,,,0.00022,0.00000,3.2,0.00004
3117,1,,,,,0.00022,0.00000,3.1,0.00004,1,,,,,0.00022,0.00000,3.2,0.00004
3118,1,,,,,0.00022,0.00000,3.2,0.00004,1,,,,,0.00022,0.00000,3.1,0.00004
3119,1,,,,,0.00022,0.00000,3.1,0.00004,1,,,,,0.00022,0.00000,3.1,0.00004
3120,1,,,,,0.00022,0.00000,3.1,0.00004,1,,,,,0.00022,0.00000,3.2,0.00004
3121,1,,,,,0.00022,0.00000,3.2,0.00004,1,,,,,0.00022,0.00001,3.1,0.00004
3122,1,,,,,0.00022,0.00000,3.1,0.00004,1,,,,,0.00022,0.00000,3.1,0.00004
3123,1,,,,,0.00022,0.00000,3.1,0.00004,1,,,,,0.00022,0.00001,3.2,0.00004
3124,1,,,,,0.00022,0.00000,3.1,0.00004,1,,,,,0.00022,0.00000,3.1,0.00003
3125,1,,,,,0.00022,0.00000,3.2,0.00004,1,,,,,0.00022,0.00000,3.2,0.00004
3126,1,,,,,0.00022,0.00000,3.2,0.00004,1,,,,,0.00022,0.00000,3.2,0.00004
3127,1,,,,,0.00022,0.00000,3.2,0.00004,1,,,,,0.00022,0.00001,3.2,0.00004
3128,1,,,,,0.00022,0.00000,3.2,0.00004,1,,,,,0.00022,0.00001,3.1,0.00004
3129,1,,,,,0.00022,0.00000,3.2,0.00004,1,,,,,0.00022,0.00000,3.1,0.00004
3130,1,,,,,0.00022,0.00000,3.2,0.00004,1,,,,,0.00022,0.00000,3.1,0.00004
3131,1,,,,,0.00022,0.00000,3.2,0.00004,1,,,,,0.00022,0.00000,3.2,0.00004
3132,1,,,,,0.00022,0.00000,3.2,0.00004,1,,,,,0.00022,0.00001,3.2,0.00004
3133,1,,,,,0.00022,0.00000,3.2,0.00004,1,,,,,0.00022,0.00000,3.1,0.00003
3134,1,,,,,0.00022,0.00000,3.2,0.00004,1,,,,,0.00022,0.00000,3.2,0.00004
3135,1,,,,,0.00022,0.00000,3.2,0.00004,1,,,,,0.00022,0.00000,3.2,0.00004
3136,1,,,,,0.00022,0.00000,3.1,0.00004,1,,,,,0.00022,0.00000,3.1,0.00004
3137,1,,,,,0.00022,0.00000,3.2,0.00004,1,,,,,0.00022,0.00001,3.1,0.00003
3138,1,,,,,0.00022,0.00000,3.2,0.00004,1,,,,,0.00022,0.00000,3.2,0.00004
3139,1,,,,,0.00022,0.00000,3.2,0.00004,1,,,,,0.00022,0.00000,3.0,0.00004
3140,1,,,,,0.00022,0.00001,3.1,0.00004,1,,,,,0.00022,0.00000,3.1,0.00003
3141,1,,,,,0.00022,0.00000,3.2,0.00004,1,,,,,0.00022,0.00000,3.1,0.00004
3142,1,,,,,0.00022,0.00000,3.1,0.00004,1,,,,,0.00022,0.00000,3.2,0.00004
3143,1,,,,,0.00022,0.00000,3.1,0.00004,1,,,,,0.00022,0.00001,3.1,0.00003
3144,1,,,,,0.00022,0.00000,3.2,0.00004,1,,,,,0.00022,0.00001,3.1,0.00003
3145,1,,,,,0.00022,0.00000,3.1,0.00004,1,,,,,0.00022,0.00000,3.1,0.00004
3146,1,,,,,0.00022,0.00000,3.1,0.00004,1,,,,,0.00022,0.00000,3.1,0.00004
3147,1,,,,,0.00022,0.00000,3.1,0.00003,1,,,,,0.00022,0.00000,3.1,0.00004
3148,1,,,,,0.00022,0.00001,3.1,0.00004,1,,,,,0.00022,0.00001,3.1,0.00004
3149,1,,,,,0.00022,0.00000,3.1,0.00004,1,,,,,0.00022,0.00000,3.1,0.00004
3150,1,,,,,0.00022,0.00000,3.1,0.00004,1,,,,,0.00022,0.00000,3.1,0.00003
3151,1,,,,,0.00022,0.00000,3.1,0.00004,1,,,,,0.00022,0.00000,3.1,0.00004
3152,1,,,,,0.00022,0.00000,3.1,0.00004,1,,,,,0.00022,0.00000,3.1,0.00004
3153,1,,,,,0.00022,0.00000,3.2,0.00004,1,,,,,0.00022,0.00000,3.1,0.00003
3154,1,,,,,0.00022,0.00000,3.1,0.00004,1,,,,,0.00022,0.00001,3.2,0.00004
3155,1,,,,,0.00022,0.00000,3.2,0.00004,1,,,,,0.00022,0.00000,3.2,0.00003
3156,1,,,,,0.00022,0.00000,3.1,0.00003,1,,,,,0.00022,0.00000,3.2,0.00004
3157,1,,,,,0.00022,0.00000,3.2,0.00004,1,,,,,0.00022,0.00000,3.2,0.00004
3158,1,,,,,0.00022,0.00000,3.1,0.00004,1,,,,,0.00022,0.00000,3.2,0.00003
3159,1,,,,,0.00022,0.00000,3.2,0.00004,1,,,,,0.00022,0.00000,3.2,0.00004
3160,1,,,,,0.00022,0.00000,3.1,0.00004,1,,,,,0.00022,0.00001,3.2,0.00004
3161,1,,,,,0.00022,0.00000,3.2,0.00004,1,,,,,0.00022,0.00000,3.2,0.00004
3162,1,,,,,0.00022,0.00000,3.1,0.00004,1,,,,,0.00022,0.00001,3.2,0.00004
3163,1,,,,,0.00022,0.00000,3.2,0.00004,1,,,,,0.00022,0.00001,3.1,0.00004
3164,1,,,,,0.00022,0.00000,3.2,0.00004,1,,,,,0.00022,0.00001,3.1,0.00003
3165,1,,,,,0.00022,0.00000,3.2,0.00004,1,,,,,0.00022,0.00001,3.1,0.00004
3166,1,,,,,0.00022,0.00000,3.1,0.00003,1,,,,,0.00022,0.00000,3.2,0.00004
3167,1,,,,,0.00022,0.00001,3.1,0.00003,1,,,,,0.00022,0.00000,3.2,0.00004
3168,1,,,,,0.00022,0.00000,3.1,0.00003,1,,,,,0.00022,0.00001,3.1,0.00004
3169,1,,,,,0.00022,0.00000,3.2,0.00004,1,,,,,0.00022,0.00001,3.1,0.00004
3170,1,,,,,0.00022,0.00000,3.2,0.00004,1,,,,,0.00022,0.00000,3.2,0.00004
3171,1,,,,,0.00022,0.00000,3.2,0.00004,1,,,,,0.00022,0.00000,3.2,0.00004
3172,1,,,,,0.00022,0.00000,3.1,0.00004,1,,,,,0.00022,0.00001,3.2,0.00004
3173,1,,,,,0.00022,0.00000,3.2,0.00004,1,,,,,0.00022,0.00000,3.1,0.00003
3174,1,,,,,0.00022,0.00000,3.3,0.00004,1,,,,,0.00022,0.00000,3.1,0.00004
3175,1,,,,,0.00022,0.00000,3.2,0.00004,1,,,,,0.00022,0.00000,3.1,0.00004
3176,1,,,,,0.00022,0.00000,3.2,0.00003,1,,,,,0.00022,0.00000,3.1,0.00003
3177,1,,,,,0.00022,0.00000,3.3,0.00004,1,,,,,0.00022,0.00000,3.2,0.00004
3178,1,,,,,0.00022,0.00000,3.2,0.00004,1,,,,,0.00022,0.00000,3.2,0.00003
3179,1,,,,,0.00022,0.00000,3.4,0.00004,1,,,,,0.00022,0.00001,3.2,0.00004
3180,1,,,,,0.00022,0.00000,3.2,0.00004,1,,,,,0.00022,0.00000,3.2,0.00003
3181,1,,,,,0.00022,0.00000,3.2,0.00004,1,,,,,0.00022,0.00000,3.2,0.00004
3182,1,,,,,0.00022,0.00000,3.2,0.00004,1,,,,,0.00022,0.00000,3.2,0.00004
3183,1,,,,,0.00022,0.00000,3.1,0.00004,1,,,,,0.00022,0.00000,3.2,0.00004
3184,1,,,,,0.00022,0.00000,3.2,0.00004,1,,,,,0.00022,0.00000,3.3,0.00004
3185,1,,,,,0.00022,0.00000,3.2,0.00004,1,,,,,0.00022,0.00000,3.3,0.00004
3186,1,,,,,0.00022,0.00000,3.4,0.00004,1,,,,,0.00022,0.00000,3.3,0.00004
3187,1,,,,,0.00022,0.00000,3.2,0.00004,1,,,,,0.00022,0.00000,3.3,0.00004
3188,1,,,,,0.00022,0.00000,3.3,0.00004,1,,,,,0.00022,0.00000,3.3,0.00004
3189,1,,,,,0.00022,0.00001,3.2,0.00004,1,,,,,0.00022,0.00001,3.2,0.00004
3190,1,,,,,0.00022,0.00000,3.3,0.00004,1,,,,,0.00022,0.00000,3.2,0.00004
3191,1,,,,,0.00022,0.00000,3.3,0.00004,1,,,,,0.00022,0.00000,3.3,0.00004
3192,1,,,,,0.00022,0.00000,3.3,0.00004,1,,,,,0.00022,0.00001,3.3,0.00004
3193,1,,,,,0.00022,0.00000,3.3,0.00004,1,,,,,0.00022,0.00001,3.3,0.00004
3194,1,,,,,0.00022,0.00000,3.4,0.00004,1,,,,,0.00022,0.00000,3.3,0.00004
3195,1,,,,,0.00022,0.00000,3.4,0.00004,1,,,,,0.00022,0.00000,3.2,0.00004
3196,1,,,,,0.00022,0.00000,3.6,0.00004,1,,,,,0.00022,0.00000,3.2,0.00003
3197,1,,,,,0.00022,0.00000,4.0,0.00005,1,,,,,0.00022,0.00000,3.3,0.00004
3198,1,,,,,0.00022,0.00001,3.9,0.00004,1,,,,,0.00022,0.00000,3.2,0.00004
3199,1,,,,,0.00022,0.00001,3.5,0.00004,1,,,,,0.00022,0.00000,3.2,0.00004
3200,1,,,,,0.00022,0.00000,3.5,0.00004,1,,,,,0.00022,0.00000,3.2,0.00004
3201,1,,,,,0.00022,0.00001,3.6,0.00004,1,,,,,0.00022,0.00000,3.2,0.00004
3202,1,,,,,0.00022,0.00000,3.6,0.00004,1,,,,,0.00022,0.00000,3.2,0.00004
3203,1,,,,,0.00022,0.00000,3.6,0.00004,1,,,,,0.00022,0.00000,3.2,0.00004
3204,1,,,,,0.00022,0.00000,3.6,0.00004,1,,,,,0.00022,0.00000,3.2,0.00004
3205,1,,,,,0.00022,0.00000,3.6,0.00004,1,,,,,0.00022,0.00001,3.2,0.00004
3206,1,,,,,0.00022,0.00000,3.6,0.00004,1,,,,,0.00022,0.00000,3.2,0.00004
3207,1,,,,,0.00022,0.00000,3.6,0.00004,1,,,,,0.00022,0.00000,3.2,0.00004
3208,1,,,,,0.00022,0.00000,3.6,0.00004,1,,,,,0.00022,0.00000,3.2,0.00004
3209,1,,,,,0.00022,0.00000,3.5,0.00004,1,,,,,0.00022,0.00001,3.2,0.00004
3210,1,,,,,0.00022,0.00000,3.5,0.00004,1,,,,,0.00022,0.00001,3.3,0.00003
3211,1,,,,,0.00022,0.00000,3.6,0.00004,1,,,,,0.00022,0.00000,3.3,0.00004
3212,1,,,,,0.00022,0.00000,3.5,0.00004,1,,,,,0.00022,0.00000,3.2,0.00004
3213,1,,,,,0.00022,0.00000,3.5,0.00004,1,,,,,0.00022,0.00000,3.3,0.00004
3214,1,,,,,0.00022,0.00000,3.6,0.00004,1,,,,,0.00022,0.00000,3.3,0.00003
3215,1,,,,,0.00022,0.00000,3.6,0.00004,1,,,,,0.00022,0.00000,3.2,0.00004
3216,1,,,,,0.00022,0.00000,3.6,0.00004,1,,,,,0.00022,0.00000,3.3,0.00004
3217,1,,,,,0.00022,0.00000,3.6,0.00004,1,,,,,0.00022,0.00000,3.3,0.00004
3218,1,,,,,0.00022,0.00001,3.6,0.00004,1,,,,,0.00022,0.00000,3.3,0.00004
3219,1,,,,,0.00022,0.00000,3.6,0.00004,1,,,,,0.00022,0.00000,3.3,0.00004
3220,1,,,,,0.00022,0.00000,3.7,0.00004,1,,,,,0.00022,0.00000,3.5,0.00004
3221,1,,,,,0.00022,0.00001,3.6,0.00004,1,,,,,0.00022,0.00000,3.6,0.00004
3222,1,,,,,0.00022,0.00000,3.6,0.00004,1,,,,,0.00022,0.00000,3.7,0.00004
3223,1,,,,,0.00022,0.00000,3.7,0.00004,1,,,,,0.00022,0.00001,3.7,0.00004
3224,1,,,,,0.00022,0.00000,3.7,0.00005,1,,,,,0.00022,0.00000,3.6,0.00004
3225,1,,,,,0.00022,0.00000,3.7,0.00004,1,,,,,0.00022,0.00000,3.7,0.00004
3226,1,,,,,0.00022,0.00000,3.6,0.00004,1,,,,,0.00022,0.00000,3.7,0.00004
3227,1,,,,,0.00022,0.00000,3.9,0.00004,1,,,,,0.00022,0.00000,3.7,0.00004
3228,1,,,,,0.00022,0.00000,3.9,0.00004,1,,,,,0.00022,0.00000,3.7,0.00004
3229,1,,,,,0.00022,0.00001,4.0,0.00005,1,,,,,0.00022,0.00000,3.7,0.00004
3230,1,,,,,0.00022,0.00001,3.9,0.00005,1,,,,,0.00022,0.00000,3.7,0.00004
3231,1,,,,,0.00022,0.00000,3.8,0.00004,1,,,,,0.00022,0.00000,3.7,0.00004
3232,1,,,,,0.00022,0.00000,3.9,0.00004,1,,,,,0.00022,0.00000,3.7,0.00004
3233,1,,,,,0.00022,0.00000,3.9,0.00004,1,,,,,0.00022,0.00000,3.7,0.00004
3234,1,,,,,0.00022,0.00000,3.9,0.00004,1,,,,,0.00022,0.00000,3.7,0.00004
3235,1,,,,,0.00022,0.00000,4.0,0.00004,1,,,,,0.00022,0.00000,3.6,0.00004
3236,1,,,,,0.00022,0.00000,3.9,0.00004,1,,,,,0.00022,0.00000,3.7,0.00004
3237,1,,,,,0.00022,0.00000,3.9,0.00004,1,,,,,0.00022,0.00000,3.6,0.00004
3238,1,,,,,0.00022,0.00000,4.0,0.00004,1,,,,,0.00022,0.00000,3.7,0.00004
3239,1,,,,,0.00022,0.00000,4.0,0.00004,1,,,,,0.00022,0.00000,3.6,0.00004
3240,1,,,,,0.00022,0.00001,3.9,0.00004,1,,,,,0.00022,0.00000,3.6,0.00004
3241,1,,,,,0.00022,0.00000,3.9,0.00004,1,,,,,0.00022,0.00000,3.5,0.00004
3242,1,,,,,0.00022,0.00001,4.0,0.00004,1,,,,,0.00022,0.00000,3.6,0.00004
3243,1,,,,,0.00022,0.00001,3.9,0.00004,1,,,,,0.00022,0.00000,3.7,0.00004
3244,1,,,,,0.00022,0.00000,3.8,0.00004,1,,,,,0.00022,0.00000,3.6,0.00004
3245,1,,,,,0.00022,0.00001,3.9,0.00004,1,,,,,0.00022,0.00000,3.6,0.00004
3246,1,,,,,0.00022,0.00001,3.6,0.00004,1,,,,,0.00022,0.00001,3.6,0.00004
3247,1,,,,,0.00022,0.00000,3.6,0.00004,1,,,,,0.00022,0.00000,3.6,0.00004
3248,1,,,,,0.00022,0.00000,3.9,0.00004,1,,,,,0.00022,0.00000,3.7,0.00004
3249,1,,,,,0.00022,0.00001,3.6,0.00004,1,,,,,0.00022,0.00000,3.7,0.00004
3250,1,,,,,0.00022,0.00000,3.9,0.00004,1,,,,,0.00022,0.00000,3.7,0.00004
3251,1,,,,,0.00022,0.00000,3.9,0.00004,1,,,,,0.00022,0.00000,3.6,0.00004
3252,1,,,,,0.00022,0.00000,3.7,0.00004,1,,,,,0.00022,0.00000,3.6,0.00004
3253,1,,,,,0.00022,0.00001,3.7,0.00004,1,,,,,0.00022,0.00000,3.7,0.00004
3254,1,,,,,0.00022,0.00000,3.7,0.00004,1,,,,,0.00022,0.00000,3.7,0.00004
3255,1,,,,,0.00022,0.00000,3.6,0.00004,1,,,,,0.00022,0.00000,3.7,0.00004
3256,1,,,,,0.00022,0.00001,3.7,0.00004,1,,,,,0.00022,0.00000,3.8,0.00004
3257,1,,,,,0.00022,0.00000,3.7,0.00004,1,,,,,0.00022,0.00000,3.7,0.00004
3258,1,,,,,0.00022,0.00001,3.7,0.00004,1,,,,,0.00022,0.00000,3.7,0.00004
3259,1,,,,,0.00022,0.00001,3.6,0.00004,1,,,,,0.00022,0.00000,3.7,0.00004
3260,1,,,,,0.00022,0.00000,3.6,0.00004,1,,,,,0.00022,0.00000,3.7,0.00004
3261,1,,,,,0.00022,0.00000,3.6,0.00004,1,,,,,0.00022,0.00000,3.7,0.00004
3262,1,,,,,0.00022,0.00000,3.7,0.00004,1,,,,,0.00022,0.00000,3.7,0.00004
3263,1,,,,,0.00022,0.00000,3.7,0.00004,1,,,,,0.00022,0.00000,3.7,0.00004
3264,1,,,,,0.00022,0.00000,3.6,0.00004,1,,,,,0.03297,0.00001,616.1,0.00000
3265,1,,,,,0.00022,0.00000,3.6,0.00005,1,,,,,0.05673,0.00605,530.6,0.00000
3266,1,,,,,0.00022,0.00000,3.6,0.00004,1,,,,,0.08156,0.00867,495.7,0.00000
3267,1,,,,,0.00022,0.00000,3.6,0.00004,1,,,,,0.07192,0.01375,434.5,0.00000
3268,1,,,,,0.00022,0.00000,3.6,0.00004,1,,,,,0.00596,0.00104,305.9,0.00001
3269,1,,,,,0.00022,0.00000,3.6,0.00004,1,,,,,0.04930,0.00015,456.1,0.00000
3270,1,,,,,0.00022,0.00000,3.6,0.00004,1,,,,,0.04339,0.00126,375.6,0.00000
3271,1,,,,,0.00022,0.00000,3.6,0.00004,1,,,,,0.01337,0.00003,334.8,0.00002
3272,1,,,,,0.00022,0.00000,3.6,0.00004,1,,,,,0.06210,0.00005,671.3,0.00000
3273,1,,,,,0.00022,0.00000,3.7,0.00004,1,,,,,0.04258,0.00250,540.1,0.00000
3274,1,,,,,0.00022,0.00001,3.6,0.00004,1,,,,,0.02260,0.00014,433.6,0.00000
3275,1,,,,,0.00022,0.00000,3.5,0.00004,1,,,,,0.01715,0.00149,203.7,0.00000
3276,1,,,,,0.00022,0.00000,3.6,0.00004,1,,,,,0.01704,0.00142,186.6,0.00000
3277,1,,,,,0.00022,0.00000,3.7,0.00004,1,,,,,0.03274,0.00199,596.1,0.00000
3278,1,,,,,0.00022,0.00000,3.7,0.00004,1,,,,,0.02809,0.00069,371.1,0.00000
3279,1,,,,,0.00022,0.00001,3.5,0.00004,1,,,,,0.05688,0.00002,449.4,0.00000
3280,1,,,,,0.00022,0.00000,3.6,0.00004,1,,,,,0.08599,0.01981,431.8,0.00000
3281,1,,,,,0.00022,0.00001,3.5,0.00004,1,,,,,0.00645,0.00038,216.6,0.00001
3282,1,,,,,0.00022,0.00000,3.6,0.00004,1,,,,,0.07798,0.00000,509.3,0.00001
3283,1,,,,,0.00022,0.00000,3.6,0.00004,1,,,,,0.09833,0.00103,567.1,0.00001
3284,1,,,,,0.00022,0.00000,3.6,0.00004,1,,,,,0.04890,0.00834,420.3,0.00000
3285,1,,,,,0.00022,0.00000,3.5,0.00004,1,,,,,0.01323,0.00137,182.9,0.00000
3286,1,,,,,0.00022,0.00000,3.5,0.00004,1,,,,,0.00052,0.00001,25.6,0.00006
3287,1,,,,,0.00022,0.00001,3.5,0.00004,1,,,,,0.00022,0.00000,3.3,0.00004
3288,1,,,,,0.00022,0.00000,3.6,0.00004,1,,,,,0.00022,0.00000,3.3,0.00003
3289,1,,,,,0.00022,0.00000,3.5,0.00004,1,,,,,0.00022,0.00000,3.2,0.00004
3290,1,,,,,0.00022,0.00000,3.6,0.00004,1,,,,,0.00022,0.00000,3.2,0.00004
3291,1,,,,,0.00022,0.00000,3.6,0.00004,1,,,,,0.00022,0.00000,3.3,0.00004
3292,1,,,,,0.00022,0.00000,3.6,0.00004,1,,,,,0.00022,0.00000,3.3,0.00004
3293,1,,,,,0.00022,0.00000,3.6,0.00004,1,,,,,0.00022,0.00000,3.3,0.00004
3294,1,,,,,0.00022,0.00000,3.7,0.00004,1,,,,,0.00022,0.00000,3.3,0.00003
3295,1,,,,,0.00022,0.00000,3.6,0.00004,1,,,,,0.00022,0.00000,3.2,0.00003
3296,1,,,,,0.00022,0.00000,3.6,0.00004,1,,,,,0.00022,0.00000,3.3,0.00004
3297,1,,,,,0.00022,0.00000,3.6,0.00004,1,,,,,0.00022,0.00000,3.3,0.00004
3298,1,,,,,0.00022,0.00000,3.6,0.00004,1,,,,,0.00022,0.00000,3.3,0.00004
3299,1,,,,,0.00022,0.00000,3.6,0.00004,1,,,,,0.00022,0.00000,3.3,0.00004
3300,1,,,,,0.00022,0.00000,3.6,0.00004,1,,,,,0.00022,0.00001,3.3,0.00004
3301,1,,,,,0.00022,0.00000,3.7,0.00004,1,,,,,0.00022,0.00000,3.3,0.00004
3302,1,,,,,0.00022,0.00000,3.6,0.00004,1,,,,,0.00022,0.00000,3.3,0.00004
3303,1,,,,,0.00022,0.00000,3.6,0.00004,1,,,,,0.00022,0.00000,3.2,0.00003
3304,1,,,,,0.00022,0.00000,3.7,0.00004,1,,,,,0.00022,0.00000,3.2,0.00004
3305,1,,,,,0.00022,0.00000,3.6,0.00004,1,,,,,0.00022,0.00000,3.2,0.00004
3306,1,,,,,0.00022,0.00000,3.6,0.00004,1,,,,,0.00022,0.00000,3.2,0.00004
3307,1,,,,,0.00022,0.00000,3.7,0.00004,1,,,,,0.00022,0.00001,3.2,0.00004
3308,1,,,,,0.00022,0.00000,3.7,0.00004,1,,,,,0.00022,0.00000,3.3,0.00003
3309,1,,,,,0.00022,0.00000,3.6,0.00004,1,,,,,0.00022,0.00000,3.3,0.00004
3310,1,,,,,0.00022,0.00000,3.7,0.00004,1,,,,,0.00022,0.00000,3.3,0.00004
3311,1,,,,,0.00022,0.00000,3.6,0.00004,1,,,,,0.00022,0.00001,3.2,0.00003
3312,1,,,,,0.00022,0.00000,3.6,0.00004,1,,,,,0.00022,0.00000,3.2,0.00004
3313,1,,,,,0.00022,0.00000,3.7,0.00004,1,,,,,0.00022,0.00001,3.2,0.00004
3314,1,,,,,0.00022,0.00001,3.8,0.00004,1,,,,,0.00022,0.00000,3.2,0.00004
3315,1,,,,,0.00022,0.00000,3.6,0.00004,1,,,,,0.00022,0.00000,3.2,0.00004
3316,1,,,,,0.00022,0.00000,3.6,0.00004,1,,,,,0.00022,0.00001,3.2,0.00004
3317,1,,,,,0.00022,0.00000,3.7,0.00004,1,,,,,0.00022,0.00000,3.3,0.00004
3318,1,,,,,0.00022,0.00000,3.6,0.00004,1,,,,,0.00022,0.00000,3.2,0.00004
3319,1,,,,,0.00022,0.00000,3.6,0.00004,1,,,,,0.00022,0.00001,3.2,0.00004
3320,1,,,,,0.00022,0.00001,3.7,0.00004,1,,,,,0.00022,0.00000,3.2,0.00003
3321,1,,,,,0.00022,0.00001,3.7,0.00004,1,,,,,0.00022,0.00000,3.3,0.00004
3322,1,,,,,0.00022,0.00000,3.6,0.00004,1,,,,,0.00022,0.00000,3.1,0.00003
3323,1,,,,,0.00022,0.00000,3.7,0.00004,1,,,,,0.00022,0.00000,3.2,0.00004
3324,1,,,,,0.00022,0.00000,3.6,0.00004,1,,,,,0.00022,0.00000,3.1,0.00003
3325,1,,,,,0.00022,0.00000,3.6,0.00004,1,,,,,0.00022,0.00000,3.2,0.00004
3326,1,,,,,0.00022,0.00000,3.6,0.00004,1,,,,,0.00022,0.00000,3.2,0.00004
3327,1,,,,,0.00022,0.00001,3.6,0.00005,1,,,,,0.00022,0.00000,3.2,0.00004
3328,1,,,,,0.00022,0.00001,3.6,0.00005,1,,,,,0.00022,0.00000,3.2,0.00003
3329,1,,,,,0.00022,0.00000,3.6,0.00004,1,,,,,0.00022,0.00000,3.2,0.00004
3330,1,,,,,0.00022,0.00000,3.6,0.00004,1,,,,,0.00022,0.00000,3.2,0.00004
3331,1,,,,,0.00022,0.00000,3.6,0.00005,1,,,,,0.00022,0.00000,3.2,0.00003
3332,1,,,,,0.00022,0.00000,3.6,0.00004,1,,,,,0.00022,0.00000,3.2,0.00004
3333,1,,,,,0.00022,0.00000,3.7,0.00004,1,,,,,0.00022,0.00000,3.2,0.00004
3334,1,,,,,0.00022,0.00000,3.6,0.00004,1,,,,,0.00022,0.00000,3.2,0.00004
3335,1,,,,,0.00022,0.00000,3.6,0.00004,1,,,,,0.00022,0.00000,3.3,0.00004
3336,1,,,,,0.00022,0.00000,3.7,0.00004,1,,,,,0.00022,0.00000,3.2,0.00004
3337,1,,,,,0.00022,0.00000,3.6,0.00004,1,,,,,0.00022,0.00000,3.2,0.00004
3338,1,,,,,0.00022,0.00000,3.6,0.00004,1,,,,,0.00022,0.00000,3.2,0.00004
3339,1,,,,,0.00022,0.00000,3.7,0.00004,1,,,,,0.00022,0.00000,3.2,0.00004
3340,1,,,,,0.00022,0.00000,3.6,0.00004,1,,,,,0.00022,0.00000,3.2,0.00004
3341,1,,,,,0.00022,0.00000,3.7,0.00004,1,,,,,0.00022,0.00000,3.3,0.00004
3342,1,,,,,0.00022,0.00000,3.6,0.00004,1,,,,,0.00022,0.00000,3.4,0.00004
3343,1,,,,,0.00022,0.00000,3.7,0.00004,1,,,,,0.00022,0.00001,3.2,0.00003
3344,1,,,,,0.00022,0.00000,3.8,0.00004,1,,,,,0.00022,0.00000,3.2,0.00004
3345,1,,,,,0.00022,0.00000,3.8,0.00004,1,,,,,0.00022,0.00000,3.3,0.00003
3346,1,,,,,0.00022,0.00000,3.6,0.00004,1,,,,,0.00022,0.00000,3.2,0.00004
3347,1,,,,,0.00022,0.00000,3.7,0.00005,1,,,,,0.00022,0.00000,3.2,0.00003
3348,1,,,,,0.00022,0.00000,3.7,0.00004,1,,,,,0.00022,0.00000,3.3,0.00004
3349,1,,,,,0.00022,0.00000,3.6,0.00004,1,,,,,0.00022,0.00000,3.3,0.00004
3350,1,,,,,0.00022,0.00000,3.7,0.00004,1,,,,,0.00022,0.00000,3.2,0.00004
3351,1,,,,,0.00022,0.00001,3.7,0.00004,1,,,,,0.00022,0.00000,3.2,0.00004
3352,1,,,,,0.00022,0.00000,3.8,0.00004,1,,,,,0.00022,0.00001,3.2,0.00003
3353,1,,,,,0.00022,0.00000,3.8,0.00004,1,,,,,0.00022,0.00000,3.2,0.00004
3354,1,,,,,0.00022,0.00000,3.8,0.00004,1,,,,,0.00022,0.00000,3.2,0.00004
3355,1,,,,,0.00022,0.00001,3.6,0.00004,1,,,,,0.00022,0.00000,3.2,0.00004
3356,1,,,,,0.00022,0.00001,3.6,0.00004,1,,,,,0.00022,0.00000,3.2,0.00004
3357,1,,,,,0.00022,0.00000,3.7,0.00004,1,,,,,0.00022,0.00000,3.2,0.00004
3358,1,,,,,0.00022,0.00001,3.7,0.00004,1,,,,,0.00022,0.00000,3.1,0.00004
3359,1,,,,,0.00022,0.00000,3.7,0.00004,1,,,,,0.00022,0.00000,3.2,0.00004
3360,1,,,,,0.00022,0.00000,3.7,0.00004,1,,,,,0.00022,0.00000,3.2,0.00004
3361,1,,,,,0.00022,0.00000,3.7,0.00004,1,,,,,0.00022,0.00000,3.2,0.00004
3362,1,,,,,0.00022,0.00001,3.7,0.00004,1,,,,,0.00022,0.00000,3.2,0.00004
3363,1,,,,,0.00022,0.00000,3.6,0.00004,1,,,,,0.00022,0.00000,3.2,0.00004
3364,1,,,,,0.00022,0.00000,3.8,0.00004,1,,,,,0.00022,0.00000,3.2,0.00004
3365,1,,,,,0.00022,0.00000,3.7,0.00004,1,,,,,0.00022,0.00000,3.2,0.00003
3366,1,,,,,0.00022,0.00001,3.7,0.00004,1,,,,,0.00022,0.00000,3.2,0.00004
3367,1,,,,,0.00022,0.00000,3.7,0.00004,1,,,,,0.00022,0.00000,3.2,0.00003
3368,1,,,,,0.00022,0.00001,3.7,0.00004,1,,,,,0.00022,0.00000,3.2,0.00004
3369,1,,,,,0.00022,0.00000,3.9,0.00004,1,,,,,0.00022,0.00000,3.2,0.00003
3370,1,,,,,0.00022,0.00001,3.9,0.00004,1,,,,,0.00022,0.00000,3.2,0.00004
3371,1,,,,,0.00022,0.00000,3.9,0.00004,1,,,,,0.00022,0.00000,3.2,0.00004
3372,1,,,,,0.00022,0.00000,3.9,0.00004,1,,,,,0.00022,0.00000,3.2,0.00004
3373,1,,,,,0.00022,0.00001,4.0,0.00004,1,,,,,0.00022,0.00000,3.2,0.00004
3374,1,,,,,0.00022,0.00000,4.0,0.00004,1,,,,,0.00022,0.00000,3.2,0.00003
3375,1,,,,,0.00022,0.00000,3.8,0.00004,1,,,,,0.00022,0.00000,3.2,0.00004
3376,1,,,,,0.00022,0.00000,3.9,0.00005,1,,,,,0.00022,0.00000,3.2,0.00004
3377,1,,,,,0.00022,0.00000,3.9,0.00004,1,,,,,0.00022,0.00001,3.1,0.00004
3378,1,,,,,0.00022,0.00000,4.0,0.00004,1,,,,,0.00022,0.00000,3.2,0.00004
3379,1,,,,,0.00022,0.00000,3.9,0.00004,1,,,,,0.00022,0.00000,3.1,0.00004
3380,1,,,,,0.00022,0.00001,3.9,0.00004,1,,,,,0.00022,0.00000,3.1,0.00004
3381,1,,,,,0.00022,0.00001,3.9,0.00004,1,,,,,0.00022,0.00000,3.2,0.00004
3382,1,,,,,0.00022,0.00000,3.9,0.00004,1,,,,,0.00022,0.00000,3.1,0.00004
3383,1,,,,,0.00022,0.00001,3.9,0.00004,1,,,,,0.00022,0.00001,3.2,0.00004
3384,1,,,,,0.00022,0.00000,3.9,0.00004,1,,,,,0.00022,0.00000,3.1,0.00004
3385,1,,,,,0.00022,0.00000,3.8,0.00004,1,,,,,0.00022,0.00001,3.2,0.00004
3386,1,,,,,0.00022,0.00001,3.8,0.00004,1,,,,,0.00022,0.00000,3.2,0.00004
3387,1,,,,,0.00022,0.00000,3.9,0.00004,1,,,,,0.00022,0.00000,3.1,0.00004
3388,1,,,,,0.00022,0.00000,3.8,0.00004,1,,,,,0.00022,0.00000,3.1,0.00004
3389,1,,,,,0.00022,0.00001,3.8,0.00004,1,,,,,0.00022,0.00000,3.1,0.00004
3390,1,,,,,0.00022,0.00000,3.8,0.00004,1,,,,,0.00022,0.00000,3.1,0.00004
3391,1,,,,,0.00022,0.00001,3.8,0.00004,1,,,,,0.00022,0.00000,3.2,0.00004
3392,1,,,,,0.00022,0.00000,3.8,0.00004,1,,,,,0.00022,0.00000,3.1,0.00004
3393,1,,,,,0.00022,0.00000,3.9,0.00005,1,,,,,0.00022,0.00000,3.2,0.00004
3394,1,,,,,0.00022,0.00000,3.7,0.00004,1,,,,,0.00022,0.00000,3.2,0.00004
3395,1,,,,,0.00022,0.00000,3.6,0.00004,1,,,,,0.00022,0.00000,3.2,0.00004
3396,1,,,,,0.00022,0.00001,3.6,0.00004,1,,,,,0.00022,0.00001,3.1,0.00004
3397,1,,,,,0.00022,0.00000,3.7,0.00004,1,,,,,0.00022,0.00000,3.1,0.00004
3398,1,,,,,0.00022,0.00001,3.7,0.00004,1,,,,,0.00022,0.00000,3.1,0.00004
3399,1,,,,,0.00022,0.00000,3.6,0.00004,1,,,,,0.00022,0.00001,3.2,0.00004
3400,1,,,,,0.00022,0.00000,3.7,0.00004,1,,,,,0.00022,0.00000,3.2,0.00004
3401,1,,,,,0.00022,0.00001,3.7,0.00004,1,,,,,0.00022,0.00000,3.2,0.00004
3402,1,,,,,0.00022,0.00000,3.7,0.00004,1,,,,,0.00022,0.00000,3.2,0.00004
3403,1,,,,,0.00022,0.00000,3.7,0.00004,1,,,,,0.00022,0.00000,3.2,0.00003
3404,1,,,,,0.00022,0.00000,3.7,0.00004,1,,,,,0.00022,0.00000,3.3,0.00004
3405,1,,,,,0.00022,0.00000,3.7,0.00004,1,,,,,0.00022,0.00000,3.3,0.00004
3406,1,,,,,0.00022,0.00000,3.8,0.00004,1,,,,,0.00022,0.00000,3.3,0.00004
3407,1,,,,,0.00022,0.00000,3.8,0.00005,1,,,,,0.00022,0.00000,3.3,0.00004
3408,1,,,,,0.00022,0.00000,3.7,0.00004,1,,,,,0.00022,0.00000,3.3,0.00004
3409,1,,,,,0.00022,0.00001,3.7,0.00004,1,,,,,0.00022,0.00000,3.7,0.00004
3410,1,,,,,0.00022,0.00000,3.8,0.00004,1,,,,,0.00022,0.00000,3.7,0.00004
3411,1,,,,,0.00022,0.00000,3.8,0.00005,1,,,,,0.00023,0.00000,3.5,0.00004
3412,1,,,,,0.00022,0.00000,3.5,0.00004,1,,,,,0.00022,0.00000,3.6,0.00005
3413,1,,,,,0.00022,0.00000,3.7,0.00004,1,,,,,0.00022,0.00000,3.6,0.00004
3414,1,,,,,0.00022,0.00001,3.7,0.00004,1,,,,,0.00022,0.00000,3.9,0.00004
3415,1,,,,,0.00022,0.00000,3.7,0.00004,1,,,,,0.00022,0.00000,3.6,0.00004
3416,1,,,,,0.00022,0.00000,3.8,0.00005,1,,,,,0.00022,0.00001,3.5,0.00004
3417,1,,,,,0.00022,0.00000,3.7,0.00004,1,,,,,0.00022,0.00000,3.6,0.00004
3418,1,,,,,0.00022,0.00001,3.7,0.00004,1,,,,,0.00022,0.00000,3.6,0.00004
3419,1,,,,,0.00022,0.00000,3.8,0.00004,1,,,,,0.00022,0.00000,3.6,0.00004
3420,1,,,,,0.00022,0.00000,3.8,0.00005,1,,,,,0.00022,0.00001,3.6,0.00004
3421,1,,,,,0.00022,0.00000,3.7,0.00004,1,,,,,0.00022,0.00000,3.6,0.00004
3422,1,,,,,0.00022,0.00000,3.7,0.00004,1,,,,,0.00022,0.00000,3.6,0.00004
3423,1,,,,,0.00022,0.00000,3.8,0.00005,1,,,,,0.00022,0.00000,3.6,0.00004
3424,1,,,,,0.00022,0.00001,3.8,0.00004,1,,,,,0.00022,0.00000,3.6,0.00004
3425,1,,,,,0.00022,0.00000,3.7,0.00004,1,,,,,0.00022,0.00000,3.6,0.00004
3426,1,,,,,0.00022,0.00000,3.7,0.00004,1,,,,,0.00022,0.00000,3.6,0.00004
3427,1,,,,,0.00022,0.00000,3.7,0.00005,1,,,,,0.00022,0.00000,3.7,0.00004
3428,1,,,,,0.00022,0.00000,3.6,0.00004,1,,,,,0.00022,0.00000,3.7,0.00004
3429,1,,,,,0.00022,0.00000,3.7,0.00004,1,,,,,0.00022,0.00000,3.7,0.00004
3430,1,,,,,0.00022,0.00000,3.7,0.00004,1,,,,,0.00022,0.00000,3.6,0.00004
3431,1,,,,,0.00022,0.00000,3.7,0.00004,1,,,,,0.00022,0.00001,3.7,0.00004
3432,1,,,,,0.00022,0.00001,3.7,0.00005,1,,,,,0.00022,0.00001,3.7,0.00004
3433,1,,,,,0.00022,0.00000,3.7,0.00004,1,,,,,0.00022,0.00001,3.6,0.00004
3434,1,,,,,0.00022,0.00000,3.6,0.00004,1,,,,,0.00022,0.00001,3.6,0.00004
3435,1,,,,,0.00022,0.00000,3.7,0.00004,1,,,,,0.00022,0.00000,3.6,0.00004
3436,1,,,,,0.00022,0.00000,3.7,0.00004,1,,,,,0.00022,0.00000,3.6,0.00004
3437,1,,,,,0.00022,0.00000,3.6,0.00004,1,,,,,0.00022,0.00000,3.6,0.00004
3438,1,,,,,0.00022,0.00001,3.6,0.00004,1,,,,,0.00022,0.00000,3.5,0.00004
3439,1,,,,,0.00022,0.00000,3.6,0.00004,1,,,,,0.00022,0.00000,3.7,0.00004
3440,1,,,,,0.00022,0.00000,3.6,0.00004,1,,,,,0.00022,0.00000,3.7,0.00004
3441,1,,,,,0.00022,0.00000,3.6,0.00004,1,,,,,0.00022,0.00000,3.7,0.00004
3442,1,,,,,0.00022,0.00001,3.6,0.00004,1,,,,,0.00022,0.00000,3.6,0.00004
3443,1,,,,,0.00022,0.00000,3.6,0.00005,1,,,,,0.00022,0.00000,3.7,0.00004
3444,1,,,,,0.00022,0.00000,3.5,0.00003,1,,,,,0.00022,0.00000,3.6,0.00004
3445,1,,,,,0.00022,0.00000,3.5,0.00004,1,,,,,0.00022,0.00000,3.7,0.00004
3446,1,,,,,0.00022,0.00000,3.6,0.00004,1,,,,,0.00022,0.00000,3.7,0.00004
3447,1,,,,,0.00022,0.00000,3.6,0.00004,1,,,,,0.00022,0.00000,3.6,0.00004
3448,1,,,,,0.00022,0.00000,3.6,0.00004,1,,,,,0.00022,0.00000,3.7,0.00004
3449,1,,,,,0.00022,0.00001,3.7,0.00004,1,,,,,0.00022,0.00000,3.7,0.00004
3450,1,,,,,0.00022,0.00000,3.7,0.00005,1,,,,,0.00022,0.00000,3.7,0.00004
3451,1,,,,,0.00022,0.00000,3.7,0.00004,1,,,,,0.00022,0.00000,3.7,0.00005
3452,1,,,,,0.00022,0.00000,3.5,0.00004,1,,,,,0.00022,0.00000,3.7,0.00004
3453,1,,,,,0.00022,0.00000,3.7,0.00004,1,,,,,0.00022,0.00000,3.7,0.00004
3454,1,,,,,0.00022,0.00000,3.7,0.00004,1,,,,,0.00022,0.00000,3.7,0.00004
3455,1,,,,,0.00022,0.00000,3.7,0.00005,1,,,,,0.00022,0.00000,3.7,0.00004
3456,1,,,,,0.00022,0.00001,3.7,0.00004,1,,,,,0.00022,0.00000,3.7,0.00004
3457,1,,,,,0.00022,0.00000,3.7,0.00004,1,,,,,0.00022,0.00000,3.7,0.00004
3458,1,,,,,0.00022,0.00001,3.7,0.00005,1,,,,,0.00022,0.00000,3.7,0.00004
3459,1,,,,,0.00022,0.00000,3.7,0.00005,1,,,,,0.00022,0.00000,3.7,0.00004
3460,1,,,,,0.00022,0.00001,3.7,0.00004,1,,,,,0.00022,0.00000,3.7,0.00004
3461,1,,,,,0.00022,0.00000,3.7,0.00005,1,,,,,0.00022,0.00000,3.7,0.00004
3462,1,,,,,0.00022,0.00001,3.7,0.00004,1,,,,,0.00022,0.00000,3.7,0.00004
3463,1,,,,,0.00022,0.00001,3.5,0.00004,1,,,,,0.00022,0.00000,3.6,0.00004
3464,1,,,,,0.00022,0.00000,3.7,0.00004,1,,,,,0.00022,0.00000,3.8,0.00004
3465,1,,,,,0.00022,0.00000,3.6,0.00004,1,,,,,0.00022,0.00000,3.6,0.00004
3466,1,,,,,0.00022,0.00000,3.5,0.00004,1,,,,,0.00022,0.00000,3.6,0.00004
3467,1,,,,,0.00022,0.00001,3.5,0.00004,1,,,,,0.00022,0.00000,3.6,0.00004
3468,1,,,,,0.00022,0.00001,3.6,0.00004,1,,,,,0.00022,0.00000,3.7,0.00004
3469,1,,,,,0.00022,0.00000,3.6,0.00004,1,,,,,0.00022,0.00000,3.7,0.00004
3470,1,,,,,0.00022,0.00000,3.5,0.00004,1,,,,,0.00022,0.00000,3.6,0.00004
3471,1,,,,,0.00022,0.00001,3.5,0.00004,1,,,,,0.00022,0.00000,3.7,0.00004
3472,1,,,,,0.00022,0.00000,3.5,0.00004,1,,,,,0.00022,0.00000,3.7,0.00004
3473,1,,,,,0.00022,0.00000,3.6,0.00004,1,,,,,0.00022,0.00000,3.8,0.00004
3474,1,,,,,0.00022,0.00000,3.6,0.00004,1,,,,,0.00022,0.00000,3.7,0.00004
3475,1,,,,,0.00022,0.00000,3.5,0.00004,1,,,,,0.00022,0.00000,3.6,0.00004
3476,1,,,,,0.00022,0.00000,3.5,0.00004,1,,,,,0.00022,0.00000,3.6,0.00004
3477,1,,,,,0.00022,0.00000,3.5,0.00004,1,,,,,0.00022,0.00001,3.7,0.00004
3478,1,,,,,0.00022,0.00000,3.5,0.00004,1,,,,,0.00022,0.00000,3.7,0.00004
3479,1,,,,,0.00022,0.00001,3.7,0.00004,1,,,,,0.00022,0.00000,3.7,0.00004
3480,1,,,,,0.00022,0.00000,3.6,0.00004,1,,,,,0.00022,0.00000,3.8,0.00004
3481,1,,,,,0.00022,0.00000,3.6,0.00004,1,,,,,0.00022,0.00000,3.7,0.00004
3482,1,,,,,0.00022,0.00000,3.6,0.00004,1,,,,,0.00022,0.00000,3.9,0.00004
3483,1,,,,,0.00022,0.00000,3.7,0.00005,1,,,,,0.00022,0.00000,3.8,0.00004
3484,1,,,,,0.00022,0.00000,3.6,0.00004,1,,,,,0.00022,0.00000,3.7,0.00004
3485,1,,,,,0.00022,0.00000,3.6,0.00004,1,,,,,0.00022,0.00000,3.8,0.00004
3486,1,,,,,0.00022,0.00000,3.6,0.00004,1,,,,,0.00022,0.00000,3.8,0.00004
3487,1,,,,,0.00022,0.00000,3.6,0.00004,1,,,,,0.00022,0.00000,3.8,0.00004
3488,1,,,,,0.00022,0.00000,3.6,0.00005,1,,,,,0.00022,0.00001,3.7,0.00004
3489,1,,,,,0.00022,0.00000,3.6,0.00005,1,,,,,0.00022,0.00001,3.8,0.00004
3490,1,,,,,0.00022,0.00000,3.5,0.00004,1,,,,,0.00022,0.00000,3.8,0.00004
3491,1,,,,,0.00022,0.00000,3.5,0.00004,1,,,,,0.00022,0.00000,3.8,0.00004
3492,1,,,,,0.00022,0.00000,3.5,0.00004,1,,,,,0.00022,0.00000,3.7,0.00004
3493,1,,,,,0.00022,0.00000,3.5,0.00004,1,,,,,0.00022,0.00001,3.7,0.00004
3494,1,,,,,0.00022,0.00000,3.5,0.00004,1,,,,,0.00022,0.00000,3.8,0.00004
3495,1,,,,,0.00022,0.00000,3.6,0.00004,1,,,,,0.00022,0.00000,3.7,0.00004
3496,1,,,,,0.00022,0.00000,3.5,0.00004,1,,,,,0.00022,0.00000,3.7,0.00004
3497,1,,,,,0.00022,0.00000,3.6,0.00004,1,,,,,0.00022,0.00000,3.7,0.00004
3498,1,,,,,0.00022,0.00000,3.5,0.00004,1,,,,,0.00022,0.00000,3.7,0.00004
3499,1,,,,,0.00022,0.00000,3.5,0.00004,1,,,,,0.00022,0.00001,3.7,0.00004
3500,1,,,,,0.00022,0.00001,3.6,0.00004,1,,,,,0.00022,0.00001,3.7,0.00004
3501,1,,,,,0.00022,0.00000,3.6,0.00004,1,,,,,0.00022,0.00000,3.7,0.00004
3502,1,,,,,0.00022,0.00000,3.7,0.00004,1,,,,,0.00022,0.00000,3.9,0.00004
3503,1,,,,,0.00022,0.00000,3.6,0.00004,1,,,,,0.00022,0.00000,3.8,0.00004
3504,1,,,,,0.00022,0.00000,3.5,0.00004,1,,,,,0.00022,0.00000,3.8,0.00004
3505,1,,,,,0.00022,0.00001,3.4,0.00004,1,,,,,0.00022,0.00000,3.6,0.00004
3506,1,,,,,0.00022,0.00000,3.5,0.00005,1,,,,,0.00022,0.00001,3.7,0.00004
3507,1,,,,,0.00022,0.00000,3.6,0.00004,1,,,,,0.00022,0.00000,3.8,0.00004
3508,1,,,,,0.00022,0.00000,3.5,0.00004,1,,,,,0.00022,0.00000,3.8,0.00005
3509,1,,,,,0.00022,0.00000,3.5,0.00004,1,,,,,0.00022,0.00000,3.7,0.00004
3510,1,,,,,0.00022,0.00000,3.5,0.00004,1,,,,,0.00022,0.00000,3.8,0.00004
3511,1,,,,,0.00022,0.00000,3.6,0.00004,1,,,,,0.00022,0.00000,3.7,0.00004
3512,1,,,,,0.00022,0.00000,3.5,0.00004,1,,,,,0.00022,0.00000,3.7,0.00004
3513,1,,,,,0.00022,0.00000,3.6,0.00004,1,,,,,0.00022,0.00000,3.7,0.00004
3514,1,,,,,0.00022,0.00000,3.5,0.00004,1,,,,,0.00022,0.00000,3.8,0.00004
3515,1,,,,,0.00022,0.00000,3.6,0.00004,1,,,,,0.00022,0.00000,3.7,0.00004
3516,1,,,,,0.00022,0.00000,3.5,0.00004,1,,,,,0.00022,0.00000,3.8,0.00004
3517,1,,,,,0.00022,0.00000,3.6,0.00004,1,,,,,0.00022,0.00000,3.8,0.00004
3518,1,,,,,0.00022,0.00000,3.6,0.00004,1,,,,,0.00022,0.00000,3.8,0.00004
3519,1,,,,,0.00022,0.00000,3.6,0.00004,1,,,,,0.00023,0.00000,3.9,0.00005
3520,1,,,,,0.00022,0.00000,3.5,0.00004,1,,,,,0.00022,0.00000,4.0,0.00006
3521,1,,,,,0.00022,0.00000,3.6,0.00004,1,,,,,0.00059,0.00001,223.4,0.00262
3522,1,,,,,0.00022,0.00000,3.6,0.00004,1,,,,,0.00352,0.00051,7885.5,0.03154
3523,1,,,,,0.00022,0.00000,3.6,0.00004,1,,,,,0.02932,0.00083,621.3,0.00010
3524,1,,,,,0.00022,0.00000,3.6,0.00004,1,,,,,0.03919,0.00391,406.3,0.00000
3525,1,,,,,0.00022,0.00000,3.6,0.00004,1,,,,,0.02507,0.00295,359.2,0.00350
3526,1,,,,,0.00022,0.00001,3.6,0.00004,1,,,,,0.00206,0.00001,1517.8,0.00043
3527,1,,,,,0.00022,0.00001,3.7,0.00004,1,,,,,0.05693,0.00048,514.1,0.00000
3528,1,,,,,0.00022,0.00000,3.6,0.00003,1,,,,,0.07458,0.01555,568.4,0.00001
3529,1,,,,,0.00022,0.00001,3.6,0.00004,1,,,,,0.05029,0.00869,466.9,0.00000
3530,1,,,,,0.00022,0.00001,3.6,0.00004,1,,,,,0.00814,0.00013,171.2,0.00000
3531,1,,,,,0.00022,0.00000,3.6,0.00004,1,,,,,0.02906,0.00049,321.3,0.00000
3532,1,,,,,0.00022,0.00000,3.5,0.00004,1,,,,,0.02091,0.00078,330.2,0.00000
3533,1,,,,,0.00022,0.00000,3.6,0.00004,1,,,,,0.03089,0.00019,501.0,0.00001
3534,1,,,,,0.00022,0.00000,3.6,0.00004,1,,,,,0.08076,0.00902,417.6,0.00000
3535,1,,,,,0.00022,0.00000,3.7,0.00004,1,,,,,0.02815,0.01030,249.1,0.00000
3536,1,,,,,0.00022,0.00000,3.7,0.00004,1,,,,,0.05796,0.00005,512.9,0.00047
3537,1,,,,,0.00022,0.00001,3.6,0.00004,1,,,,,0.12784,0.02154,540.4,0.00000
3538,1,,,,,0.00022,0.00001,3.6,0.00004,1,,,,,0.06431,0.01086,474.9,0.00001
3539,1,,,,,0.00022,0.00000,3.7,0.00004,1,,,,,0.02909,0.00170,386.4,0.00000
3540,1,,,,,0.00022,0.00000,3.6,0.00004,1,,,,,0.00725,0.00006,178.5,0.00000
3541,1,,,,,0.00022,0.00000,3.6,0.00004,1,,,,,0.00022,0.00002,3.6,0.00005
3542,1,,,,,0.00022,0.00001,3.6,0.00004,1,,,,,0.00022,0.00000,3.3,0.00004
3543,1,,,,,0.00022,0.00000,3.6,0.00004,1,,,,,0.00022,0.00000,3.3,0.00004
3544,1,,,,,0.00022,0.00000,3.7,0.00004,1,,,,,0.00022,0.00000,3.3,0.00004
3545,1,,,,,0.00022,0.00001,3.6,0.00004,1,,,,,0.00022,0.00000,3.3,0.00004
3546,1,,,,,0.00022,0.00000,3.6,0.00004,1,,,,,0.00022,0.00000,3.3,0.00004
3547,1,,,,,0.00022,0.00000,3.6,0.00004,1,,,,,0.00022,0.00000,3.2,0.00004
3548,1,,,,,0.00022,0.00000,3.6,0.00004,1,,,,,0.00022,0.00000,3.4,0.00004
3549,1,,,,,0.00022,0.00000,3.7,0.00004,1,,,,,0.00022,0.00000,3.2,0.00004
3550,1,,,,,0.00022,0.00000,3.6,0.00004,1,,,,,0.00022,0.00000,3.2,0.00003
3551,1,,,,,0.00022,0.00001,3.6,0.00004,1,,,,,0.00022,0.00000,3.3,0.00004
3552,1,,,,,0.00022,0.00001,3.6,0.00004,1,,,,,0.00022,0.00000,3.2,0.00004
3553,1,,,,,0.00022,0.00000,3.6,0.00004,1,,,,,0.00022,0.00000,3.2,0.00004
3554,1,,,,,0.00022,0.00000,3.6,0.00004,1,,,,,0.00022,0.00000,3.2,0.00003
3555,1,,,,,0.00022,0.00000,3.6,0.00004,1,,,,,0.00022,0.00000,3.2,0.00003
3556,1,,,,,0.00022,0.00000,3.6,0.00004,1,,,,,0.00022,0.00000,3.2,0.00004
3557,1,,,,,0.00022,0.00000,3.6,0.00004,1,,,,,0.00022,0.00001,3.2,0.00004
3558,1,,,,,0.00022,0.00000,3.6,0.00004,1,,,,,0.00022,0.00000,3.2,0.00004
3559,1,,,,,0.00022,0.00000,3.6,0.00005,1,,,,,0.00022,0.00000,3.2,0.00004
3560,1,,,,,0.00022,0.00000,3.6,0.00004,1,,,,,0.00022,0.00000,3.2,0.00004
3561,1,,,,,0.00022,0.00000,3.6,0.00004,1,,,,,0.00022,0.00001,3.2,0.00004
3562,1,,,,,0.00022,0.00000,3.6,0.00004,1,,,,,0.00022,0.00000,3.2,0.00004
3563,1,,,,,0.00022,0.00000,3.6,0.00004,1,,,,,0.00022,0.00000,3.2,0.00004
3564,1,,,,,0.00022,0.00000,3.6,0.00004,1,,,,,0.00022,0.00000,3.3,0.00004
3565,1,,,,,0.00022,0.00001,3.6,0.00004,1,,,,,0.00022,0.00000,3.2,0.00004
3566,1,,,,,0.00022,0.00000,3.6,0.00004,1,,,,,0.00022,0.00000,3.2,0.00003
3567,1,,,,,0.00022,0.00000,3.6,0.00004,1,,,,,0.00022,0.00000,3.2,0.00003
3568,1,,,,,0.00022,0.00000,3.6,0.00004,1,,,,,0.00022,0.00000,3.2,0.00003
3569,1,,,,,0.00022,0.00000,3.6,0.00004,1,,,,,0.00022,0.00000,3.2,0.00004
3570,1,,,,,0.00022,0.00000,3.6,0.00004,1,,,,,0.00022,0.00000,3.2,0.00004
3571,1,,,,,0.00022,0.00000,3.6,0.00004,1,,,,,0.00022,0.00001,3.2,0.00004
3572,1,,,,,0.00022,0.00000,3.6,0.00004,1,,,,,0.00022,0.00001,3.2,0.00004
3573,1,,,,,0.00022,0.00000,3.6,0.00004,1,,,,,0.00022,0.00000,3.3,0.00004
3574,1,,,,,0.00022,0.00000,3.7,0.00004,1,,,,,0.00022,0.00001,3.2,0.00004
3575,1,,,,,0.00022,0.00000,3.6,0.00004,1,,,,,0.00022,0.00000,3.3,0.00004
3576,1,,,,,0.00022,0.00001,3.6,0.00004,1,,,,,0.00022,0.00000,3.2,0.00004
3577,1,,,,,0.00022,0.00000,3.8,0.00004,1,,,,,0.00022,0.00000,3.2,0.00004
3578,1,,,,,0.00022,0.00000,3.8,0.00004,1,,,,,0.00022,0.00000,3.2,0.00004
3579,1,,,,,0.00022,0.00000,3.6,0.00004,1,,,,,0.00022,0.00000,3.2,0.00004
3580,1,,,,,0.00022,0.00000,3.6,0.00004,1,,,,,0.00022,0.00000,3.2,0.00004
3581,1,,,,,0.00022,0.00000,3.5,0.00004,1,,,,,0.00022,0.00000,3.2,0.00004
3582,1,,,,,0.00022,0.00000,3.6,0.00004,1,,,,,0.00022,0.00000,3.2,0.00004
3583,1,,,,,0.00022,0.00001,3.7,0.00004,1,,,,,0.00022,0.00000,3.2,0.00004
3584,1,,,,,0.00022,0.00001,3.6,0.00004,1,,,,,0.00022,0.00000,3.2,0.00004
3585,1,,,,,0.00022,0.00000,3.6,0.00004,1,,,,,0.00022,0.00000,3.2,0.00004
3586,1,,,,,0.00022,0.00001,3.6,0.00004,1,,,,,0.00022,0.00000,3.2,0.00004
3587,1,,,,,0.00022,0.00000,3.6,0.00004,1,,,,,0.00022,0.00000,3.2,0.00004
3588,1,,,,,0.00022,0.00000,3.7,0.00004,1,,,,,0.00022,0.00001,3.2,0.00004
3589,1,,,,,0.00022,0.00000,3.7,0.00004,1,,,,,0.00022,0.00000,3.2,0.00004
3590,1,,,,,0.00022,0.00001,3.7,0.00004,1,,,,,0.00022,0.00000,3.3,0.00004
3591,1,,,,,0.00022,0.00000,3.7,0.00004,1,,,,,0.00022,0.00000,3.4,0.00004
3592,1,,,,,0.00022,0.00001,3.7,0.00004,1,,,,,0.00022,0.00000,3.3,0.00004
3593,1,,,,,0.00022,0.00001,3.7,0.00004,1,,,,,0.00022,0.00001,3.2,0.00004
3594,1,,,,,0.00022,0.00000,3.8,0.00005,1,,,,,0.00022,0.00000,3.1,0.00004
3595,1,,,,,0.00022,0.00001,3.8,0.00004,1,,,,,0.00022,0.00000,3.2,0.00004
3596,1,,,,,0.00022,0.00001,3.8,0.00004,1,,,,,0.00022,0.00000,3.2,0.00004
3597,1,,,,,0.00022,0.00000,3.8,0.00005,1,,,,,0.00022,0.00000,3.2,0.00004
3598,1,,,,,0.00022,0.00000,3.9,0.00004,1,,,,,0.00022,0.00000,3.2,0.00004
3599,1,,,,,0.00022,0.00000,3.8,0.00004,1,,,,,0.00022,0.00000,3.2,0.00004
3600,1,,,,,0.00022,0.00000,3.8,0.00005,1,,,,,0.00022,0.00000,3.2,0.00004
3601,1,,,,,0.00022,0.00000,3.6,0.00004,1,,,,,0.00022,0.00000,3.1,0.00004
3602,1,,,,,0.00022,0.00000,3.6,0.00004,1,,,,,0.00022,0.00000,3.2,0.00004
3603,1,,,,,0.00022,0.00000,3.6,0.00004,1,,,,,0.00022,0.00000,3.1,0.00004
3604,1,,,,,0.00022,0.00000,3.6,0.00004,1,,,,,0.00022,0.00000,3.2,0.00004
3605,1,,,,,0.00022,0.00000,3.7,0.00004,1,,,,,0.00022,0.00000,3.1,0.00004
3606,1,,,,,0.00022,0.00000,3.7,0.00004,1,,,,,0.00022,0.00000,3.2,0.00004
3607,1,,,,,0.00022,0.00000,3.7,0.00004,1,,,,,0.00022,0.00000,3.2,0.00004
3608,1,,,,,0.00022,0.00000,3.7,0.00004,1,,,,,0.00022,0.00000,3.1,0.00004
3609,1,,,,,0.00022,0.00000,3.7,0.00004,1,,,,,0.00022,0.00000,3.1,0.00003
3610,1,,,,,0.00022,0.00000,3.7,0.00004,1,,,,,0.00022,0.00000,3.2,0.00004
3611,1,,,,,0.00022,0.00000,3.7,0.00004,1,,,,,0.00022,0.00000,3.1,0.00004
3612,1,,,,,0.00022,0.00000,3.7,0.00004,1,,,,,0.00022,0.00000,3.2,0.00004
3613,1,,,,,0.00022,0.00000,3.6,0.00004,1,,,,,0.00022,0.00000,3.2,0.00004
3614,1,,,,,0.00022,0.00000,3.7,0.00004,1,,,,,0.00022,0.00000,3.1,0.00004
3615,1,,,,,0.00022,0.00000,3.7,0.00004,1,,,,,0.00022,0.00000,3.2,0.00003
3616,1,,,,,0.00022,0.00001,3.7,0.00004,1,,,,,0.00022,0.00000,3.2,0.00004
3617,1,,,,,0.00022,0.00001,3.6,0.00004,1,,,,,0.00022,0.00001,3.1,0.00004
3618,1,,,,,0.00022,0.00000,3.6,0.00004,1,,,,,0.00022,0.00000,3.2,0.00004
3619,1,,,,,0.00022,0.00000,3.6,0.00005,1,,,,,0.00022,0.00000,3.2,0.00004
3620,1,,,,,0.00022,0.00000,3.6,0.00004,1,,,,,0.00022,0.00000,3.2,0.00004
3621,1,,,,,0.00022,0.00000,3.6,0.00004,1,,,,,0.00022,0.00001,3.1,0.00004
3622,1,,,,,0.00022,0.00000,3.7,0.00004,1,,,,,0.00022,0.00001,3.2,0.00004
3623,1,,,,,0.00022,0.00001,3.7,0.00004,1,,,,,0.00022,0.00000,3.1,0.00004
3624,1,,,,,0.00022,0.00000,3.8,0.00004,1,,,,,0.00022,0.00000,3.2,0.00004
3625,1,,,,,0.00022,0.00000,3.7,0.00004,1,,,,,0.00022,0.00000,3.1,0.00004
3626,1,,,,,0.00022,0.00000,3.7,0.00004,1,,,,,0.00022,0.00001,3.2,0.00004
3627,1,,,,,0.00022,0.00000,3.6,0.00004,1,,,,,0.00022,0.00000,3.1,0.00004
3628,1,,,,,0.00022,0.00000,3.6,0.00004,1,,,,,0.00022,0.00000,3.2,0.00004
3629,1,,,,,0.00022,0.00000,3.8,0.00004,1,,,,,0.00022,0.00000,3.1,0.00004
3630,1,,,,,0.00022,0.00000,3.7,0.00004,1,,,,,0.00022,0.00000,3.3,0.00004
3631,1,,,,,0.00022,0.00000,3.8,0.00004,1,,,,,0.00022,0.00001,3.1,0.00004
3632,1,,,,,0.00022,0.00000,3.8,0.00005,1,,,,,0.00022,0.00000,3.2,0.00004
3633,1,,,,,0.00022,0.00000,3.8,0.00004,1,,,,,0.00022,0.00000,3.2,0.00004
3634,1,,,,,0.00022,0.00000,3.7,0.00004,1,,,,,0.00022,0.00000,3.2,0.00004
3635,1,,,,,0.00022,0.00001,3.8,0.00004,1,,,,,0.00022,0.00000,3.2,0.00004
3636,1,,,,,0.00022,0.00001,3.8,0.00004,1,,,,,0.00022,0.00000,3.2,0.00004
3637,1,,,,,0.00022,0.00001,3.8,0.00004,1,,,,,0.00022,0.00000,3.1,0.00004
3638,1,,,,,0.00022,0.00001,3.8,0.00004,1,,,,,0.00022,0.00000,3.1,0.00004
3639,1,,,,,0.00022,0.00000,3.8,0.00004,1,,,,,0.00022,0.00000,3.1,0.00004
3640,1,,,,,0.00022,0.00001,3.6,0.00004,1,,,,,0.00022,0.00000,3.1,0.00004
3641,1,,,,,0.00022,0.00000,3.7,0.00004,1,,,,,0.00022,0.00000,3.1,0.00004
3642,1,,,,,0.00022,0.00000,3.8,0.00004,1,,,,,0.00022,0.00000,3.1,0.00004
3643,1,,,,,0.00022,0.00001,3.7,0.00005,1,,,,,0.00022,0.00000,3.1,0.00004
3644,1,,,,,0.00022,0.00001,3.8,0.00004,1,,,,,0.00022,0.00001,3.1,0.00004
3645,1,,,,,0.00022,0.00000,3.8,0.00004,1,,,,,0.00022,0.00001,3.1,0.00003
3646,1,,,,,0.00022,0.00000,3.7,0.00004,1,,,,,0.00022,0.00000,3.1,0.00004
3647,1,,,,,0.00022,0.00001,3.7,0.00004,1,,,,,0.00022,0.00000,3.2,0.00004
3648,1,,,,,0.00022,0.00000,3.8,0.00005,1,,,,,0.00022,0.00000,3.1,0.00004
3649,1,,,,,0.00022,0.00000,3.8,0.00005,1,,,,,0.00022,0.00000,3.1,0.00004
3650,1,,,,,0.00022,0.00000,3.7,0.00004,1,,,,,0.00022,0.00000,3.1,0.00004
3651,1,,,,,0.00022,0.00000,3.7,0.00004,1,,,,,0.00022,0.00001,3.1,0.00004
3652,1,,,,,0.00022,0.00000,3.7,0.00004,1,,,,,0.00022,0.00000,3.1,0.00004
3653,1,,,,,0.00022,0.00000,3.8,0.00004,1,,,,,0.00022,0.00000,3.2,0.00004
3654,1,,,,,0.00022,0.00000,3.7,0.00004,1,,,,,0.00022,0.00000,3.1,0.00004
3655,1,,,,,0.00022,0.00001,3.7,0.00004,1,,,,,0.00022,0.00000,3.2,0.00004
3656,1,,,,,0.00022,0.00001,3.7,0.00004,1,,,,,0.00022,0.00000,3.2,0.00004
3657,1,,,,,0.00022,0.00000,3.6,0.00004,1,,,,,0.00022,0.00000,3.2,0.00004
3658,1,,,,,0.00022,0.00000,3.7,0.00004,1,,,,,0.00022,0.00000,3.1,0.00003
3659,1,,,,,0.00022,0.00001,3.6,0.00004,1,,,,,0.00022,0.00000,3.2,0.00004
3660,1,,,,,0.00022,0.00000,3.6,0.00004,1,,,,,0.00022,0.00000,3.2,0.00004
3661,1,,,,,0.00022,0.00001,3.6,0.00004,1,,,,,0.00022,0.00001,3.1,0.00004
3662,1,,,,,0.00022,0.00000,3.6,0.00004,1,,,,,0.00022,0.00000,3.2,0.00004
3663,1,,,,,0.00022,0.00000,3.7,0.00004,1,,,,,0.00022,0.00000,3.4,0.00004
3664,1,,,,,0.00022,0.00000,3.6,0.00004,1,,,,,0.00022,0.00000,3.5,0.00004
3665,1,,,,,0.00022,0.00000,3.7,0.00004,1,,,,,0.00023,0.00001,3.6,0.00004
3666,1,,,,,0.00022,0.00000,3.7,0.00004,1,,,,,0.00022,0.00001,3.5,0.00004
3667,1,,,,,0.00022,0.00000,3.6,0.00004,1,,,,,0.00022,0.00000,3.5,0.00005
3668,1,,,,,0.00022,0.00001,3.7,0.00004,1,,,,,0.00022,0.00000,3.5,0.00004
3669,1,,,,,0.00022,0.00000,3.6,0.00004,1,,,,,0.00022,0.00000,3.4,0.00004
3670,1,,,,,0.00022,0.00000,3.7,0.00004,1,,,,,0.00022,0.00000,3.5,0.00004
3671,1,,,,,0.00022,0.00000,3.7,0.00004,1,,,,,0.00022,0.00001,3.5,0.00004
3672,1,,,,,0.00022,0.00000,3.7,0.00004,1,,,,,0.00022,0.00000,3.5,0.00004
3673,1,,,,,0.00022,0.00000,3.7,0.00004,1,,,,,0.00022,0.00000,3.6,0.00004
3674,1,,,,,0.00022,0.00000,3.6,0.00004,1,,,,,0.00022,0.00000,3.5,0.00004
3675,1,,,,,0.00022,0.00000,3.7,0.00004,1,,,,,0.00022,0.00001,3.6,0.00004
3676,1,,,,,0.00022,0.00000,3.7,0.00004,1,,,,,0.00022,0.00000,3.5,0.00004
3677,1,,,,,0.00022,0.00000,3.7,0.00004,1,,,,,0.00022,0.00000,3.6,0.00004
3678,1,,,,,0.00022,0.00000,3.8,0.00004,1,,,,,0.00022,0.00001,3.6,0.00004
3679,1,,,,,0.00022,0.00000,3.7,0.00004,1,,,,,0.00022,0.00000,3.6,0.00004
3680,1,,,,,0.00022,0.00000,3.6,0.00004,1,,,,,0.00022,0.00000,3.6,0.00004
3681,1,,,,,0.00022,0.00000,3.6,0.00004,1,,,,,0.00022,0.00000,3.7,0.00004
3682,1,,,,,0.00022,0.00000,3.6,0.00004,1,,,,,0.00022,0.00001,3.6,0.00004
3683,1,,,,,0.00022,0.00000,3.6,0.00004,1,,,,,0.00022,0.00001,3.6,0.00004
3684,1,,,,,0.00022,0.00000,3.6,0.00004,1,,,,,0.00022,0.00000,3.6,0.00004
3685,1,,,,,0.00022,0.00000,3.7,0.00004,1,,,,,0.00022,0.00001,3.6,0.00004
3686,1,,,,,0.00022,0.00000,3.6,0.00004,1,,,,,0.00022,0.00000,3.5,0.00004
3687,1,,,,,0.00022,0.00000,3.7,0.00004,1,,,,,0.00022,0.00000,3.6,0.00004
3688,1,,,,,0.00022,0.00000,3.7,0.00004,1,,,,,0.00022,0.00001,3.5,0.00004
3689,1,,,,,0.00022,0.00000,3.7,0.00004,1,,,,,0.00022,0.00000,3.6,0.00004
3690,1,,,,,0.00022,0.00001,3.6,0.00004,1,,,,,0.00022,0.00000,3.7,0.00004
3691,1,,,,,0.00022,0.00000,3.6,0.00004,1,,,,,0.00022,0.00000,3.5,0.00004
3692,1,,,,,0.00022,0.00000,3.7,0.00004,1,,,,,0.00022,0.00000,3.5,0.00005
3693,1,,,,,0.00022,0.00000,3.6,0.00004,1,,,,,0.00022,0.00000,3.6,0.00004
3694,1,,,,,0.00022,0.00001,3.6,0.00004,1,,,,,0.00022,0.00000,3.6,0.00004
3695,1,,,,,0.00022,0.00000,3.6,0.00004,1,,,,,0.00022,0.00000,3.6,0.00004
3696,1,,,,,0.00022,0.00000,3.6,0.00004,1,,,,,0.00022,0.00000,3.5,0.00004
3697,1,,,,,0.00022,0.00000,3.6,0.00004,1,,,,,0.00022,0.00000,3.5,0.00004
3698,1,,,,,0.00022,0.00000,3.6,0.00004,1,,,,,0.00022,0.00000,3.5,0.00004
3699,1,,,,,0.00022,0.00000,3.6,0.00004,1,,,,,0.00022,0.00000,3.6,0.00004
3700,1,,,,,0.00022,0.00000,3.6,0.00004,1,,,,,0.00022,0.00001,3.5,0.00004
3701,1,,,,,0.00022,0.00000,3.6,0.00004,1,,,,,0.00022,0.00000,3.5,0.00004
3702,1,,,,,0.00022,0.00001,3.6,0.00004,1,,,,,0.00022,0.00001,3.5,0.00004
3703,1,,,,,0.00022,0.00000,3.6,0.00004,1,,,,,0.00022,0.00000,3.6,0.00004
3704,1,,,,,0.00022,0.00001,3.7,0.00004,1,,,,,0.00022,0.00001,3.7,0.00004
3705,1,,,,,0.00022,0.00000,3.5,0.00004,1,,,,,0.00022,0.00000,3.6,0.00004
3706,1,,,,,0.00022,0.00000,3.6,0.00004,1,,,,,0.00022,0.00000,3.6,0.00004
3707,1,,,,,0.00022,0.00000,3.6,0.00004,1,,,,,0.00022,0.00000,3.6,0.00004
3708,1,,,,,0.00022,0.00000,3.6,0.00004,1,,,,,0.00022,0.00000,3.5,0.00004
3709,1,,,,,0.00022,0.00000,3.6,0.00004,1,,,,,0.04010,0.00001,258.7,0.00000
3710,1,,,,,0.00022,0.00000,3.6,0.00004,1,,,,,0.08961,0.00420,445.4,0.00000
3711,1,,,,,0.00022,0.00000,3.5,0.00004,1,,,,,0.10346,0.00253,490.1,0.00000
3712,1,,,,,0.00022,0.00000,3.6,0.00004,1,,,,,0.00106,0.00025,20.7,0.00010
3713,1,,,,,0.00022,0.00000,3.6,0.00004,1,,,,,0.02811,0.00000,292.2,0.00000
3714,1,,,,,0.00022,0.00000,3.6,0.00004,1,,,,,0.05364,0.00117,708.4,0.00001
3715,1,,,,,0.00022,0.00000,3.6,0.00004,1,,,,,0.04326,0.00143,397.5,0.00000
3716,1,,,,,0.00022,0.00000,3.6,0.00004,1,,,,,0.04636,0.01002,368.3,0.00000
3717,1,,,,,0.00022,0.00001,3.6,0.00004,1,,,,,0.07853,0.00159,603.2,0.00000
3718,1,,,,,0.00022,0.00001,3.7,0.00004,1,,,,,0.04926,0.01036,632.0,0.00000
3719,1,,,,,0.00022,0.00001,3.6,0.00004,1,,,,,0.01687,0.00442,512.2,0.00000
3720,1,,,,,0.00022,0.00000,3.6,0.00004,1,,,,,0.01457,0.00051,202.7,0.00000
3721,1,,,,,0.00022,0.00000,3.6,0.00004,1,,,,,0.02439,0.00090,460.9,0.00000
3722,1,,,,,0.00022,0.00001,3.6,0.00004,1,,,,,0.02151,0.00008,348.9,0.00000
3723,1,,,,,0.00022,0.00000,3.7,0.00004,1,,,,,0.08076,0.00118,436.5,0.00000
3724,1,,,,,0.00022,0.00000,3.7,0.00004,1,,,,,0.07274,0.00165,444.8,0.00000
3725,1,,,,,0.00022,0.00000,3.7,0.00005,1,,,,,0.06089,0.00040,508.6,0.00008
3726,1,,,,,0.00022,0.00000,3.7,0.00004,1,,,,,0.10066,0.02394,501.8,0.00000
3727,1,,,,,0.00022,0.00001,3.8,0.00004,1,,,,,0.08213,0.01402,434.8,0.00000
3728,1,,,,,0.00022,0.00000,3.8,0.00005,1,,,,,0.01444,0.00459,349.6,0.00000
3729,1,,,,,0.00022,0.00000,3.7,0.00004,1,,,,,0.00568,0.00039,181.5,0.00000
3730,1,,,,,0.00022,0.00000,3.6,0.00004,1,,,,,0.00022,0.00000,3.7,0.00004
3731,1,,,,,0.00022,0.00000,3.6,0.00004,1,,,,,0.00022,0.00000,3.3,0.00004
3732,1,,,,,0.00022,0.00000,3.6,0.00004,1,,,,,0.00022,0.00000,3.3,0.00004
3733,1,,,,,0.00022,0.00000,3.6,0.00004,1,,,,,0.00022,0.00001,3.2,0.00004
3734,1,,,,,0.00022,0.00000,3.7,0.00005,1,,,,,0.00022,0.00000,3.3,0.00004
3735,1,,,,,0.00022,0.00000,3.6,0.00004,1,,,,,0.00022,0.00000,3.2,0.00004
3736,1,,,,,0.00022,0.00000,3.6,0.00004,1,,,,,0.00022,0.00000,3.3,0.00004
3737,1,,,,,0.00022,0.00001,3.5,0.00004,1,,,,,0.00022,0.00000,3.3,0.00004
3738,1,,,,,0.00022,0.00000,3.6,0.00004,1,,,,,0.00022,0.00000,3.3,0.00004
3739,1,,,,,0.00022,0.00001,3.6,0.00004,1,,,,,0.00022,0.00000,3.2,0.00004
3740,1,,,,,0.00022,0.00000,3.6,0.00004,1,,,,,0.00022,0.00000,3.2,0.00004
3741,1,,,,,0.00022,0.00000,3.6,0.00004,1,,,,,0.00022,0.00001,3.2,0.00003
3742,1,,,,,0.00022,0.00001,3.6,0.00004,1,,,,,0.00022,0.00000,3.2,0.00004
3743,1,,,,,0.00022,0.00000,3.7,0.00004,1,,,,,0.00022,0.00000,3.2,0.00003
3744,1,,,,,0.00022,0.00001,3.6,0.00004,1,,,,,0.00022,0.00000,3.2,0.00003
3745,1,,,,,0.00022,0.00000,3.7,0.00004,1,,,,,0.00022,0.00000,3.2,0.00004
3746,1,,,,,0.00022,0.00000,3.6,0.00004,1,,,,,0.00022,0.00000,3.2,0.00004
3747,1,,,,,0.00022,0.00001,3.6,0.00004,1,,,,,0.00022,0.00000,3.2,0.00003
3748,1,,,,,0.00022,0.00001,3.7,0.00004,1,,,,,0.00022,0.00000,3.2,0.00004
3749,1,,,,,0.00022,0.00000,3.6,0.00004,1,,,,,0.00022,0.00000,3.2,0.00004
3750,1,,,,,0.00022,0.00000,3.6,0.00004,1,,,,,0.00022,0.00000,3.2,0.00004
3751,1,,,,,0.00022,0.00000,3.7,0.00004,1,,,,,0.00022,0.00001,3.2,0.00003
3752,1,,,,,0.00022,0.00000,3.6,0.00004,1,,,,,0.00022,0.00000,3.1,0.00004
3753,1,,,,,0.00022,0.00000,3.6,0.00004,1,,,,,0.00022,0.00000,3.2,0.00004
3754,1,,,,,0.00022,0.00000,3.7,0.00004,1,,,,,0.00022,0.00001,3.2,0.00004
3755,1,,,,,0.00022,0.00000,3.6,0.00004,1,,,,,0.00022,0.00001,3.2,0.00004
3756,1,,,,,0.00022,0.00000,3.6,0.00004,1,,,,,0.00022,0.00000,3.2,0.00004
3757,1,,,,,0.00022,0.00000,3.6,0.00004,1,,,,,0.00022,0.00000,3.1,0.00004
3758,1,,,,,0.00022,0.00000,3.7,0.00004,1,,,,,0.00022,0.00001,3.1,0.00003
3759,1,,,,,0.00022,0.00001,3.7,0.00004,1,,,,,0.00022,0.00000,3.1,0.00003
3760,1,,,,,0.00022,0.00000,3.7,0.00004,1,,,,,0.00022,0.00000,3.1,0.00004
3761,1,,,,,0.00022,0.00000,3.6,0.00004,1,,,,,0.00022,0.00000,3.1,0.00004
3762,1,,,,,0.00022,0.00000,3.8,0.00004,1,,,,,0.00022,0.00000,3.2,0.00004
3763,1,,,,,0.00022,0.00000,3.7,0.00004,1,,,,,0.00022,0.00000,3.2,0.00004
3764,1,,,,,0.00022,0.00000,3.6,0.00004,1,,,,,0.00022,0.00000,3.2,0.00004
3765,1,,,,,0.00022,0.00000,3.5,0.00004,1,,,,,0.00022,0.00001,3.2,0.00004
3766,1,,,,,0.00022,0.00001,3.6,0.00004,1,,,,,0.00022,0.00001,3.2,0.00004
3767,1,,,,,0.00022,0.00001,3.6,0.00004,1,,,,,0.00022,0.00000,3.2,0.00004
3768,1,,,,,0.00022,0.00000,3.6,0.00004,1,,,,,0.00022,0.00000,3.2,0.00004
3769,1,,,,,0.00022,0.00000,3.7,0.00004,1,,,,,0.00022,0.00000,3.2,0.00003
3770,1,,,,,0.00022,0.00000,3.6,0.00005,1,,,,,0.00022,0.00000,3.2,0.00003
3771,1,,,,,0.00022,0.00000,3.7,0.00004,1,,,,,0.00022,0.00000,3.1,0.00004
3772,1,,,,,0.00022,0.00000,3.6,0.00004,1,,,,,0.00022,0.00001,3.2,0.00004
3773,1,,,,,0.00022,0.00000,3.7,0.00004,1,,,,,0.00022,0.00000,3.2,0.00004
3774,1,,,,,0.00022,0.00000,3.6,0.00004,1,,,,,0.00022,0.00001,3.2,0.00004
3775,1,,,,,0.00022,0.00000,3.6,0.00004,1,,,,,0.00022,0.00000,3.2,0.00004
3776,1,,,,,0.00022,0.00000,3.7,0.00004,1,,,,,0.00022,0.00001,3.2,0.00004
3777,1,,,,,0.00022,0.00001,3.7,0.00004,1,,,,,0.00022,0.00000,3.3,0.00004
3778,1,,,,,0.00022,0.00000,3.7,0.00004,1,,,,,0.00022,0.00000,3.2,0.00004
3779,1,,,,,0.00022,0.00000,3.7,0.00004,1,,,,,0.00022,0.00000,3.2,0.00004
3780,1,,,,,0.00022,0.00001,3.7,0.00004,1,,,,,0.00022,0.00001,3.2,0.00003
3781,1,,,,,0.00022,0.00000,3.6,0.00004,1,,,,,0.00022,0.00000,3.2,0.00003
3782,1,,,,,0.00022,0.00001,3.7,0.00004,1,,,,,0.00022,0.00000,3.2,0.00004
3783,1,,,,,0.00022,0.00000,3.7,0.00004,1,,,,,0.00022,0.00000,3.2,0.00004
3784,1,,,,,0.00022,0.00000,3.7,0.00004,1,,,,,0.00022,0.00000,3.2,0.00003
3785,1,,,,,0.00022,0.00000,3.6,0.00004,1,,,,,0.00022,0.00000,3.2,0.00004
3786,1,,,,,0.00022,0.00000,3.7,0.00004,1,,,,,0.00022,0.00000,3.2,0.00003
3787,1,,,,,0.00022,0.00000,3.7,0.00004,1,,,,,0.00022,0.00001,3.2,0.00004
3788,1,,,,,0.00022,0.00001,3.7,0.00004,1,,,,,0.00022,0.00000,3.2,0.00004
3789,1,,,,,0.00022,0.00001,3.8,0.00004,1,,,,,0.00022,0.00000,3.2,0.00004
3790,1,,,,,0.00022,0.00000,3.8,0.00004,1,,,,,0.00022,0.00000,3.2,0.00004
3791,1,,,,,0.00022,0.00000,3.8,0.00005,1,,,,,0.00022,0.00000,3.2,0.00004
3792,1,,,,,0.00022,0.00001,3.8,0.00004,1,,,,,0.00022,0.00000,3.2,0.00003
3793,1,,,,,0.00022,0.00001,3.7,0.00004,1,,,,,0.00022,0.00000,3.2,0.00003
3794,1,,,,,0.00022,0.00000,3.8,0.00004,1,,,,,0.00022,0.00000,3.2,0.00003
3795,1,,,,,0.00022,0.00000,3.8,0.00004,1,,,,,0.00022,0.00000,3.2,0.00003
3796,1,,,,,0.00022,0.00000,3.8,0.00004,1,,,,,0.00022,0.00000,3.2,0.00004
3797,1,,,,,0.00022,0.00000,3.7,0.00004,1,,,,,0.00022,0.00000,3.2,0.00003
3798,1,,,,,0.00022,0.00000,3.7,0.00004,1,,,,,0.00022,0.00000,3.2,0.00004
3799,1,,,,,0.00022,0.00000,3.8,0.00004,1,,,,,0.00022,0.00000,3.2,0.00004
3800,1,,,,,0.00022,0.00001,3.7,0.00004,1,,,,,0.00022,0.00000,3.2,0.00003
3801,1,,,,,0.00022,0.00001,3.8,0.00004,1,,,,,0.00022,0.00000,3.2,0.00004
3802,1,,,,,0.00022,0.00001,3.8,0.00004,1,,,,,0.00022,0.00000,3.2,0.00004
3803,1,,,,,0.00022,0.00001,3.8,0.00004,1,,,,,0.00022,0.00000,3.2,0.00004
3804,1,,,,,0.00022,0.00000,3.6,0.00004,1,,,,,0.00022,0.00000,3.2,0.00004
3805,1,,,,,0.00022,0.00000,3.6,0.00004,1,,,,,0.00022,0.00000,3.2,0.00004
3806,1,,,,,0.00022,0.00000,3.6,0.00004,1,,,,,0.00022,0.00000,3.2,0.00003
3807,1,,,,,0.00022,0.00000,3.8,0.00004,1,,,,,0.00022,0.00000,3.2,0.00004
3808,1,,,,,0.00022,0.00000,3.8,0.00004,1,,,,,0.00022,0.00001,3.2,0.00004
3809,1,,,,,0.00022,0.00000,3.7,0.00005,1,,,,,0.00022,0.00000,3.2,0.00004
3810,1,,,,,0.00022,0.00000,3.6,0.00004,1,,,,,0.00022,0.00000,3.2,0.00004
3811,1,,,,,0.00022,0.00000,3.7,0.00004,1,,,,,0.00022,0.00000,3.2,0.00004
3812,1,,,,,0.00022,0.00000,3.6,0.00004,1,,,,,0.00022,0.00000,3.2,0.00004
3813,1,,,,,0.00022,0.00001,3.7,0.00004,1,,,,,0.00022,0.00000,3.3,0.00004
3814,1,,,,,0.00022,0.00000,3.6,0.00004,1,,,,,0.00022,0.00000,3.3,0.00004
3815,1,,,,,0.00022,0.00000,3.6,0.00004,1,,,,,0.00022,0.00000,3.2,0.00004
3816,1,,,,,0.00022,0.00000,3.7,0.00004,1,,,,,0.00022,0.00000,3.2,0.00004
3817,1,,,,,0.00022,0.00000,3.7,0.00004,1,,,,,0.00022,0.00000,3.3,0.00004
3818,1,,,,,0.00022,0.00000,3.6,0.00004,1,,,,,0.00022,0.00000,3.2,0.00004
3819,1,,,,,0.00022,0.00001,3.9,0.00004,1,,,,,0.00022,0.00000,3.2,0.00004
3820,1,,,,,0.00022,0.00000,3.8,0.00004,1,,,,,0.00022,0.00000,3.2,0.00004
3821,1,,,,,0.00022,0.00001,3.8,0.00004,1,,,,,0.00022,0.00000,3.2,0.00004
3822,1,,,,,0.00022,0.00001,3.8,0.00004,1,,,,,0.00022,0.00000,3.2,0.00004
3823,1,,,,,0.00022,0.00000,3.8,0.00004,1,,,,,0.00022,0.00000,3.2,0.00004
3824,1,,,,,0.00022,0.00000,3.8,0.00004,1,,,,,0.00022,0.00000,3.2,0.00003
3825,1,,,,,0.00022,0.00001,3.8,0.00004,1,,,,,0.00022,0.00001,3.3,0.00004
3826,1,,,,,0.00022,0.00000,3.8,0.00004,1,,,,,0.00022,0.00000,3.3,0.00004
3827,1,,,,,0.00022,0.00000,3.6,0.00004,1,,,,,0.00022,0.00000,3.3,0.00004
3828,1,,,,,0.00022,0.00000,3.6,0.00004,1,,,,,0.00022,0.00000,3.2,0.00004
3829,1,,,,,0.00022,0.00000,3.6,0.00004,1,,,,,0.00022,0.00000,3.3,0.00004
3830,1,,,,,0.00022,0.00000,3.7,0.00004,1,,,,,0.00022,0.00000,3.3,0.00004
3831,1,,,,,0.00022,0.00001,3.7,0.00004,1,,,,,0.00022,0.00000,3.3,0.00004
3832,1,,,,,0.00022,0.00000,3.7,0.00004,1,,,,,0.00022,0.00001,3.4,0.00004
3833,1,,,,,0.00022,0.00000,3.7,0.00004,1,,,,,0.00022,0.00000,3.3,0.00004
3834,1,,,,,0.00022,0.00001,3.7,0.00004,1,,,,,0.00022,0.00000,3.3,0.00004
3835,1,,,,,0.00022,0.00001,3.7,0.00004,1,,,,,0.00022,0.00000,3.3,0.00004
3836,1,,,,,0.00022,0.00000,3.7,0.00004,1,,,,,0.00022,0.00000,3.3,0.00004
3837,1,,,,,0.00022,0.00000,3.7,0.00004,1,,,,,0.00022,0.00000,3.3,0.00004
3838,1,,,,,0.00022,0.00000,3.7,0.00004,1,,,,,0.00022,0.00000,3.3,0.00004
3839,1,,,,,0.00022,0.00000,3.8,0.00004,1,,,,,0.00022,0.00000,3.3,0.00004
3840,1,,,,,0.00022,0.00000,3.9,0.00004,1,,,,,0.00022,0.00000,3.3,0.00004
3841,1,,,,,0.00022,0.00001,3.7,0.00005,1,,,,,0.00022,0.00000,3.2,0.00004
3842,1,,,,,0.00022,0.00001,3.7,0.00004,1,,,,,0.00022,0.00000,3.2,0.00004
3843,1,,,,,0.00022,0.00000,3.7,0.00004,1,,,,,0.00022,0.00000,3.2,0.00004
3844,1,,,,,0.00022,0.00000,3.6,0.00004,1,,,,,0.00022,0.00000,3.4,0.00004
3845,1,,,,,0.00022,0.00000,3.6,0.00004,1,,,,,0.00022,0.00000,3.4,0.00004
3846,1,,,,,0.00022,0.00000,3.7,0.00004,1,,,,,0.00022,0.00000,3.3,0.00004
3847,1,,,,,0.00022,0.00000,3.6,0.00004,1,,,,,0.00022,0.00000,3.3,0.00004
3848,1,,,,,0.00022,0.00000,3.6,0.00004,1,,,,,0.00022,0.00000,3.4,0.00004
3849,1,,,,,0.00022,0.00000,3.6,0.00004,1,,,,,0.00022,0.00000,3.3,0.00004
3850,1,,,,,0.00022,0.00001,3.6,0.00004,1,,,,,0.00022,0.00000,3.3,0.00004
3851,1,,,,,0.00022,0.00001,3.6,0.00004,1,,,,,0.00022,0.00001,3.5,0.00004
3852,1,,,,,0.00022,0.00000,3.6,0.00004,1,,,,,0.00022,0.00000,3.8,0.00004
3853,1,,,,,0.00022,0.00000,3.6,0.00004,1,,,,,0.00022,0.00000,3.7,0.00004
3854,1,,,,,0.00022,0.00000,3.6,0.00004,1,,,,,0.00022,0.00000,3.7,0.00004
3855,1,,,,,0.00022,0.00000,3.6,0.00004,1,,,,,0.00022,0.00000,3.7,0.00004
3856,1,,,,,0.00022,0.00000,3.6,0.00004,1,,,,,0.00022,0.00000,3.7,0.00004
3857,1,,,,,0.00022,0.00000,3.7,0.00004,1,,,,,0.00022,0.00000,3.7,0.00004
3858,1,,,,,0.00022,0.00000,3.7,0.00004,1,,,,,0.00022,0.00000,3.7,0.00004
3859,1,,,,,0.00022,0.00000,3.7,0.00004,1,,,,,0.00022,0.00000,3.7,0.00004
3860,1,,,,,0.00022,0.00000,3.7,0.00004,1,,,,,0.00022,0.00000,3.7,0.00004
3861,1,,,,,0.00022,0.00000,3.7,0.00004,1,,,,,0.00022,0.00001,3.7,0.00004
3862,1,,,,,0.00022,0.00000,3.7,0.00004,1,,,,,0.00022,0.00000,3.7,0.00004
3863,1,,,,,0.00022,0.00000,3.8,0.00004,1,,,,,0.00022,0.00000,3.7,0.00004
3864,1,,,,,0.00022,0.00000,3.7,0.00004,1,,,,,0.00022,0.00000,3.7,0.00004
3865,1,,,,,0.00022,0.00000,3.6,0.00004,1,,,,,0.00022,0.00000,3.8,0.00004
3866,1,,,,,0.00022,0.00000,3.6,0.00004,1,,,,,0.00022,0.00001,3.7,0.00004
3867,1,,,,,0.00022,0.00000,3.6,0.00004,1,,,,,0.00022,0.00000,3.7,0.00004
3868,1,,,,,0.00022,0.00001,3.6,0.00004,1,,,,,0.00022,0.00000,3.7,0.00004
3869,1,,,,,0.00022,0.00001,3.6,0.00004,1,,,,,0.00022,0.00001,3.7,0.00004
3870,1,,,,,0.00022,0.00001,3.7,0.00004,1,,,,,0.00022,0.00000,3.7,0.00004
3871,1,,,,,0.00022,0.00001,3.7,0.00004,1,,,,,0.00022,0.00001,3.7,0.00004
3872,1,,,,,0.00022,0.00001,3.6,0.00004,1,,,,,0.00022,0.00001,3.7,0.00004
3873,1,,,,,0.00022,0.00000,3.7,0.00004,1,,,,,0.00022,0.00001,3.7,0.00004
3874,1,,,,,0.00022,0.00001,3.7,0.00004,1,,,,,0.00022,0.00000,3.7,0.00004
3875,1,,,,,0.00022,0.00000,3.7,0.00004,1,,,,,0.00022,0.00000,3.8,0.00004
3876,1,,,,,0.00022,0.00000,3.6,0.00004,1,,,,,0.00022,0.00000,3.7,0.00004
3877,1,,,,,0.00022,0.00001,3.8,0.00004,1,,,,,0.00022,0.00000,3.7,0.00004
3878,1,,,,,0.00022,0.00001,3.8,0.00005,1,,,,,0.00022,0.00000,3.7,0.00005
3879,1,,,,,0.00022,0.00000,3.6,0.00004,1,,,,,0.00022,0.00000,3.7,0.00004
3880,1,,,,,0.00022,0.00000,3.5,0.00004,1,,,,,0.00022,0.00000,3.6,0.00005
3881,1,,,,,0.00022,0.00000,3.5,0.00004,1,,,,,0.00022,0.00000,3.6,0.00005
3882,1,,,,,0.00022,0.00000,3.5,0.00004,1,,,,,0.00022,0.00000,3.6,0.00004
3883,1,,,,,0.00022,0.00000,3.5,0.00004,1,,,,,0.00022,0.00000,3.6,0.00004
3884,1,,,,,0.00022,0.00000,3.6,0.00004,1,,,,,0.00022,0.00000,3.6,0.00004
3885,1,,,,,0.00022,0.00000,3.6,0.00004,1,,,,,0.00022,0.00000,3.7,0.00004
3886,1,,,,,0.00022,0.00000,3.5,0.00004,1,,,,,0.00022,0.00000,3.7,0.00004
3887,1,,,,,0.00022,0.00000,3.5,0.00004,1,,,,,0.00022,0.00001,3.7,0.00004
3888,1,,,,,0.00022,0.00000,3.5,0.00004,1,,,,,0.00022,0.00000,3.6,0.00004
3889,1,,,,,0.00022,0.00000,3.6,0.00004,1,,,,,0.00022,0.00000,3.7,0.00004
3890,1,,,,,0.00022,0.00001,3.7,0.00004,1,,,,,0.00022,0.00000,3.7,0.00004
3891,1,,,,,0.00022,0.00000,3.6,0.00004,1,,,,,0.00022,0.00000,3.7,0.00004
3892,1,,,,,0.00022,0.00000,3.6,0.00004,1,,,,,0.00022,0.00000,3.8,0.00004
3893,1,,,,,0.00022,0.00000,3.6,0.00004,1,,,,,0.00022,0.00000,3.8,0.00004
3894,1,,,,,0.00022,0.00000,3.6,0.00004,1,,,,,0.00022,0.00001,3.7,0.00004
3895,1,,,,,0.00022,0.00000,3.7,0.00004,1,,,,,0.00022,0.00000,3.8,0.00004
3896,1,,,,,0.00022,0.00000,3.7,0.00004,1,,,,,0.00022,0.00001,3.8,0.00004
3897,1,,,,,0.00022,0.00000,3.7,0.00004,1,,,,,0.00022,0.00000,3.8,0.00004
3898,1,,,,,0.00022,0.00000,3.7,0.00005,1,,,,,0.00022,0.00000,3.7,0.00004
3899,1,,,,,0.00022,0.00000,3.7,0.00004,1,,,,,0.00022,0.00000,3.7,0.00004
3900,1,,,,,0.00022,0.00001,3.7,0.00004,1,,,,,0.00022,0.00001,4.0,0.00004
3901,1,,,,,0.00022,0.00000,3.7,0.00004,1,,,,,0.00022,0.00000,3.7,0.00004
3902,1,,,,,0.00022,0.00000,3.6,0.00004,1,,,,,0.00022,0.00000,3.7,0.00004
3903,1,,,,,0.00022,0.00000,3.6,0.00004,1,,,,,0.00022,0.00000,3.9,0.00004
3904,1,,,,,0.00022,0.00000,3.6,0.00004,1,,,,,0.00022,0.00000,3.8,0.00004
3905,1,,,,,0.00022,0.00000,3.6,0.00004,1,,,,,0.00022,0.00000,3.8,0.00004
3906,1,,,,,0.00022,0.00000,3.6,0.00004,1,,,,,0.00022,0.00000,3.8,0.00004
3907,1,,,,,0.00022,0.00000,3.6,0.00004,1,,,,,0.00022,0.00000,3.9,0.00004
3908,1,,,,,0.00022,0.00000,3.6,0.00004,1,,,,,0.00022,0.00000,3.8,0.00004
3909,1,,,,,0.00022,0.00000,3.6,0.00004,1,,,,,0.00022,0.00000,3.9,0.00004
3910,1,,,,,0.00022,0.00000,3.6,0.00004,1,,,,,0.00022,0.00000,3.8,0.00004
3911,1,,,,,0.00022,0.00000,3.7,0.00004,1,,,,,0.00022,0.00000,3.8,0.00004
3912,1,,,,,0.00022,0.00000,3.6,0.00004,1,,,,,0.00022,0.00000,3.8,0.00004
3913,1,,,,,0.00022,0.00000,3.7,0.00004,1,,,,,0.00022,0.00000,3.9,0.00004
3914,1,,,,,0.00022,0.00000,3.6,0.00004,1,,,,,0.00022,0.00000,3.8,0.00004
3915,1,,,,,0.00022,0.00001,3.6,0.00004,1,,,,,0.00023,0.00000,3.9,0.00004
3916,1,,,,,0.00022,0.00000,3.6,0.00004,1,,,,,0.00022,0.00000,3.8,0.00004
3917,1,,,,,0.00022,0.00001,3.6,0.00005,1,,,,,0.00022,0.00000,3.7,0.00004
3918,1,,,,,0.00022,0.00000,3.6,0.00004,1,,,,,0.00022,0.00000,3.8,0.00004
3919,1,,,,,0.00022,0.00000,3.6,0.00004,1,,,,,0.00022,0.00000,3.8,0.00004
3920,1,,,,,0.00022,0.00000,3.6,0.00004,1,,,,,0.00022,0.00000,3.7,0.00004
3921,1,,,,,0.00022,0.00000,3.6,0.00004,1,,,,,0.00022,0.00001,3.7,0.00004
3922,1,,,,,0.00022,0.00000,3.6,0.00004,1,,,,,0.00022,0.00000,3.8,0.00004
3923,1,,,,,0.00022,0.00000,3.7,0.00004,1,,,,,0.00022,0.00000,3.8,0.00004
3924,1,,,,,0.00022,0.00000,3.6,0.00004,1,,,,,0.00022,0.00000,3.8,0.00004
3925,1,,,,,0.00022,0.00000,3.6,0.00004,1,,,,,0.00022,0.00000,3.7,0.00004
3926,1,,,,,0.00022,0.00000,3.6,0.00004,1,,,,,0.00022,0.00000,3.8,0.00005
3927,1,,,,,0.00022,0.00000,3.6,0.00004,1,,,,,0.00022,0.00000,3.8,0.00004
3928,1,,,,,0.00022,0.00001,3.6,0.00004,1,,,,,0.00022,0.00000,3.7,0.00004
3929,1,,,,,0.00022,0.00000,3.7,0.00004,1,,,,,0.00022,0.00000,3.8,0.00004
3930,1,,,,,0.00022,0.00000,3.6,0.00004,1,,,,,0.00022,0.00001,3.9,0.00004
3931,1,,,,,0.00022,0.00000,3.6,0.00004,1,,,,,0.00022,0.00000,3.9,0.00004
3932,1,,,,,0.00022,0.00000,3.7,0.00004,1,,,,,0.00022,0.00000,3.9,0.00004
3933,1,,,,,0.00022,0.00000,3.7,0.00004,1,,,,,0.00022,0.00000,3.9,0.00004
3934,1,,,,,0.00022,0.00000,3.7,0.00004,1,,,,,0.00022,0.00000,3.9,0.00004
3935,1,,,,,0.00022,0.00000,3.7,0.00004,1,,,,,0.00022,0.00000,4.0,0.00004
3936,1,,,,,0.00022,0.00000,3.6,0.00004,1,,,,,0.00022,0.00001,3.9,0.00004
3937,1,,,,,0.00022,0.00000,3.7,0.00004,1,,,,,0.00022,0.00001,3.8,0.00004
3938,1,,,,,0.00022,0.00000,3.7,0.00004,1,,,,,0.00022,0.00001,3.8,0.00004
3939,1,,,,,0.00022,0.00000,3.7,0.00004,1,,,,,0.00022,0.00001,3.8,0.00004
3940,1,,,,,0.00022,0.00001,3.7,0.00004,1,,,,,0.00022,0.00000,4.0,0.00004
3941,1,,,,,0.00022,0.00001,3.6,0.00004,1,,,,,0.00022,0.00000,3.9,0.00004
3942,1,,,,,0.00022,0.00000,3.7,0.00004,1,,,,,0.00022,0.00000,3.9,0.00004
3943,1,,,,,0.00022,0.00000,3.7,0.00004,1,,,,,0.00022,0.00001,3.9,0.00004
3944,1,,,,,0.00022,0.00000,3.6,0.00004,1,,,,,0.00022,0.00000,3.9,0.00004
3945,1,,,,,0.00022,0.00001,3.7,0.00004,1,,,,,0.00022,0.00001,3.8,0.00004
3946,1,,,,,0.00022,0.00000,3.6,0.00004,1,,,,,0.00022,0.00001,3.9,0.00004
3947,1,,,,,0.00022,0.00000,3.7,0.00004,1,,,,,0.00022,0.00000,3.9,0.00004
3948,1,,,,,0.00022,0.00000,3.7,0.00004,1,,,,,0.00022,0.00001,3.8,0.00004
3949,1,,,,,0.00022,0.00000,3.7,0.00004,1,,,,,0.00022,0.00000,3.8,0.00004
3950,1,,,,,0.00022,0.00001,3.7,0.00004,1,,,,,0.00022,0.00000,3.8,0.00004
3951,1,,,,,0.00022,0.00000,3.7,0.00004,1,,,,,0.00022,0.00001,3.8,0.00004
3952,1,,,,,0.00022,0.00000,3.8,0.00004,1,,,,,0.00022,0.00000,4.0,0.00004
3953,1,,,,,0.00022,0.00001,3.9,0.00004,1,,,,,0.00022,0.00000,3.9,0.00005
3954,1,,,,,0.00022,0.00000,3.8,0.00004,1,,,,,0.00022,0.00000,3.8,0.00004
3955,1,,,,,0.00022,0.00000,3.8,0.00004,1,,,,,0.00022,0.00000,3.8,0.00005
3956,1,,,,,0.00022,0.00000,3.7,0.00004,1,,,,,0.00022,0.00001,3.7,0.00004
3957,1,,,,,0.00022,0.00000,3.6,0.00004,1,,,,,0.00022,0.00000,3.8,0.00005
3958,1,,,,,0.00022,0.00001,3.7,0.00004,1,,,,,0.00022,0.00000,3.8,0.00004
3959,1,,,,,0.00022,0.00000,3.7,0.00004,1,,,,,0.00022,0.00000,3.8,0.00004
3960,1,,,,,0.00022,0.00000,3.6,0.00004,1,,,,,0.00022,0.00001,3.7,0.00004
3961,1,,,,,0.00022,0.00000,3.6,0.00004,1,,,,,0.00022,0.00000,3.7,0.00004
3962,1,,,,,0.00022,0.00001,3.7,0.00004,1,,,,,0.00022,0.00000,3.8,0.00004
3963,1,,,,,0.00022,0.00001,3.7,0.00004,1,,,,,0.00022,0.00000,3.8,0.00004
3964,1,,,,,0.00022,0.00000,3.7,0.00005,1,,,,,0.00022,0.00000,3.7,0.00004
3965,1,,,,,0.00022,0.00000,3.6,0.00004,1,,,,,0.00022,0.00000,3.8,0.00004
3966,1,,,,,0.00022,0.00001,3.6,0.00004,1,,,,,0.00022,0.00000,3.8,0.00004
3967,1,,,,,0.00022,0.00000,3.7,0.00004,1,,,,,0.00022,0.00000,4.0,0.00004
3968,1,,,,,0.00022,0.00000,3.6,0.00004,1,,,,,0.00022,0.00000,3.9,0.00004
3969,1,,,,,0.00022,0.00000,3.8,0.00004,1,,,,,0.00022,0.00001,3.8,0.00004
3970,1,,,,,0.00022,0.00000,3.7,0.00004,1,,,,,0.00022,0.00000,3.6,0.00004
3971,1,,,,,0.00022,0.00000,3.7,0.00004,1,,,,,0.00022,0.00000,3.7,0.00004
3972,1,,,,,0.00022,0.00000,3.7,0.00004,1,,,,,0.00022,0.00000,3.8,0.00004
3973,1,,,,,0.00022,0.00000,3.7,0.00004,1,,,,,0.00022,0.00001,3.8,0.00004
3974,1,,,,,0.00022,0.00000,3.7,0.00004,1,,,,,0.00022,0.00000,3.7,0.00004
3975,1,,,,,0.00022,0.00000,3.7,0.00004,1,,,,,0.00022,0.00000,3.7,0.00004
3976,1,,,,,0.00022,0.00001,3.7,0.00004,1,,,,,0.00022,0.00000,3.7,0.00004
3977,1,,,,,0.00022,0.00000,3.8,0.00004,1,,,,,0.00022,0.00000,3.9,0.00004
3978,1,,,,,0.00022,0.00000,3.9,0.00005,1,,,,,0.00022,0.00001,3.7,0.00004
3979,1,,,,,0.00022,0.00000,3.8,0.00005,1,,,,,0.00022,0.00000,3.7,0.00004
3980,1,,,,,0.00022,0.00000,3.8,0.00004,1,,,,,0.00022,0.00000,3.8,0.00005
3981,1,,,,,0.00022,0.00000,3.8,0.00004,1,,,,,0.00022,0.00000,3.7,0.00004
3982,1,,,,,0.00022,0.00001,3.8,0.00004,1,,,,,0.00022,0.00000,3.7,0.00004
3983,1,,,,,0.00022,0.00000,3.8,0.00004,1,,,,,0.00022,0.00000,3.7,0.00004
3984,1,,,,,0.00022,0.00001,3.8,0.00004,1,,,,,0.00022,0.00000,3.8,0.00004
3985,1,,,,,0.00022,0.00000,3.8,0.00004,1,,,,,0.00022,0.00000,3.8,0.00004
3986,1,,,,,0.00022,0.00000,3.8,0.00004,1,,,,,0.00022,0.00000,3.7,0.00004
3987,1,,,,,0.00022,0.00000,3.8,0.00004,1,,,,,0.00022,0.00000,3.7,0.00004
3988,1,,,,,0.00022,0.00000,3.8,0.00004,1,,,,,0.00022,0.00001,3.7,0.00004
3989,1,,,,,0.00022,0.00001,3.8,0.00005,1,,,,,0.00022,0.00000,3.8,0.00004
3990,1,,,,,0.00022,0.00000,3.8,0.00004,1,,,,,0.00022,0.00000,3.7,0.00004
3991,1,,,,,0.00022,0.00000,3.8,0.00004,1,,,,,0.00022,0.00000,3.7,0.00004
3992,1,,,,,0.00022,0.00000,3.9,0.00005,1,,,,,0.00022,0.00000,3.7,0.00004
3993,1,,,,,0.00022,0.00000,3.8,0.00004,1,,,,,0.00022,0.00000,3.7,0.00004
3994,1,,,,,0.00022,0.00001,3.8,0.00005,1,,,,,0.00022,0.00000,3.7,0.00004
3995,1,,,,,0.00022,0.00000,3.8,0.00004,1,,,,,0.00022,0.00000,3.7,0.00004
3996,1,,,,,0.00022,0.00000,3.7,0.00004,1,,,,,0.00022,0.00000,3.8,0.00004
3997,1,,,,,0.00022,0.00000,3.7,0.00004,1,,,,,0.00022,0.00000,3.7,0.00004
3998,1,,,,,0.00022,0.00000,3.8,0.00004,1,,,,,0.00022,0.00000,3.7,0.00004
3999,1,,,,,0.00022,0.00000,3.7,0.00004,1,,,,,0.00022,0.00000,3.6,0.00004
4000,1,,,,,0.00022,0.00000,3.6,0.00004,1,,,,,0.00022,0.00000,3.6,0.00004
4001,1,,,,,0.00022,0.00000,3.7,0.00004,1,,,,,0.00022,0.00000,3.6,0.00004
4002,1,,,,,0.00022,0.00000,3.6,0.00004,1,,,,,0.00022,0.00000,3.6,0.00004
4003,1,,,,,0.00022,0.00000,3.7,0.00004,1,,,,,0.00022,0.00000,3.7,0.00004
4004,1,,,,,0.00022,0.00000,3.7,0.00004,1,,,,,0.00022,0.00000,3.7,0.00004
4005,1,,,,,0.00022,0.00000,3.7,0.00004,1,,,,,0.00022,0.00000,3.7,0.00004
4006,1,,,,,0.00022,0.00000,3.7,0.00004,1,,,,,0.00022,0.00000,3.9,0.00004
4007,1,,,,,0.00022,0.00000,3.8,0.00004,1,,,,,0.00022,0.00000,3.7,0.00004
4008,1,,,,,0.00022,0.00001,3.7,0.00004,1,,,,,0.00022,0.00000,3.7,0.00004
4009,1,,,,,0.00022,0.00000,3.7,0.00004,1,,,,,0.00022,0.00000,3.7,0.00004
4010,1,,,,,0.00022,0.00000,3.7,0.00004,1,,,,,0.00022,0.00000,3.6,0.00004
4011,1,,,,,0.00022,0.00000,3.7,0.00004,1,,,,,0.00022,0.00000,3.8,0.00004
4012,1,,,,,0.00022,0.00000,3.7,0.00004,1,,,,,0.00022,0.00000,3.7,0.00004
4013,1,,,,,0.00022,0.00000,3.7,0.00004,1,,,,,0.00022,0.00000,3.8,0.00004
4014,1,,,,,0.00022,0.00000,3.7,0.00004,1,,,,,0.00022,0.00000,4.0,0.00005
4015,1,,,,,0.00022,0.00000,3.7,0.00004,1,,,,,0.00022,0.00001,3.6,0.00004
4016,1,,,,,0.00022,0.00000,3.7,0.00004,1,,,,,0.00022,0.00000,3.6,0.00004
4017,1,,,,,0.00022,0.00000,3.7,0.00004,1,,,,,0.00022,0.00000,3.6,0.00004
4018,1,,,,,0.00022,0.00000,3.7,0.00004,1,,,,,0.00022,0.00001,3.7,0.00004
4019,1,,,,,0.00022,0.00000,3.7,0.00004,1,,,,,0.00022,0.00000,3.6,0.00004
4020,1,,,,,0.00022,0.00000,3.7,0.00004,1,,,,,0.00022,0.00000,3.7,0.00004
4021,1,,,,,0.00022,0.00000,3.7,0.00004,1,,,,,0.00022,0.00001,3.7,0.00004
4022,1,,,,,0.00022,0.00000,3.7,0.00005,1,,,,,0.00022,0.00000,3.7,0.00004
4023,1,,,,,0.00022,0.00000,3.7,0.00004,1,,,,,0.00022,0.00000,3.7,0.00004
4024,1,,,,,0.00022,0.00001,3.7,0.00004,1,,,,,0.00022,0.00000,3.7,0.00004
4025,1,,,,,0.00022,0.00000,3.7,0.00004,1,,,,,0.00022,0.00000,3.7,0.00004
4026,1,,,,,0.00022,0.00000,3.7,0.00004,1,,,,,0.00022,0.00000,3.7,0.00004
4027,1,,,,,0.00022,0.00000,3.7,0.00004,1,,,,,0.00022,0.00000,3.7,0.00004
4028,1,,,,,0.00022,0.00000,3.6,0.00004,1,,,,,0.00022,0.00000,3.7,0.00004
4029,1,,,,,0.00022,0.00000,3.7,0.00004,1,,,,,0.00022,0.00000,3.7,0.00004
4030,1,,,,,0.00022,0.00000,3.7,0.00004,1,,,,,0.00022,0.00001,3.6,0.00004
4031,1,,,,,0.00022,0.00000,3.7,0.00004,1,,,,,0.00022,0.00000,3.7,0.00005
4032,1,,,,,0.00022,0.00000,3.6,0.00004,1,,,,,0.00022,0.00000,3.7,0.00004
4033,1,,,,,0.00022,0.00000,3.7,0.00004,1,,,,,0.00022,0.00001,3.6,0.00004
4034,1,,,,,0.00022,0.00000,3.7,0.00004,1,,,,,0.00022,0.00000,3.6,0.00004
4035,1,,,,,0.00022,0.00000,3.7,0.00004,1,,,,,0.00022,0.00000,3.7,0.00004
4036,1,,,,,0.00022,0.00000,3.8,0.00004,1,,,,,0.00022,0.00000,3.6,0.00004
4037,1,,,,,0.00022,0.00000,3.7,0.00004,1,,,,,0.00022,0.00000,3.6,0.00004
4038,1,,,,,0.00022,0.00000,3.6,0.00004,1,,,,,0.00022,0.00000,3.6,0.00004
4039,1,,,,,0.00022,0.00001,3.5,0.00004,1,,,,,0.00022,0.00000,3.7,0.00004
4040,1,,,,,0.00022,0.00000,3.5,0.00004,1,,,,,0.00022,0.00000,3.7,0.00004
4041,1,,,,,0.00022,0.00000,3.6,0.00004,1,,,,,0.00022,0.00000,3.7,0.00004
4042,1,,,,,0.00022,0.00000,3.6,0.00004,1,,,,,0.00022,0.00001,3.7,0.00004
4043,1,,,,,0.00022,0.00000,3.6,0.00004,1,,,,,0.00022,0.00000,3.7,0.00004
4044,1,,,,,0.00022,0.00000,3.6,0.00004,1,,,,,0.00022,0.00000,3.7,0.00004
4045,1,,,,,0.00022,0.00000,3.6,0.00004,1,,,,,0.00022,0.00000,3.7,0.00004
4046,1,,,,,0.00022,0.00001,3.6,0.00004,1,,,,,0.00022,0.00000,3.7,0.00004
4047,1,,,,,0.00022,0.00000,3.6,0.00004,1,,,,,0.00022,0.00000,3.7,0.00004
4048,1,,,,,0.00022,0.00000,3.6,0.00004,1,,,,,0.00022,0.00000,3.7,0.00004
4049,1,,,,,0.00022,0.00000,3.6,0.00004,1,,,,,0.00022,0.00000,3.7,0.00004
4050,1,,,,,0.00022,0.00000,3.6,0.00004,1,,,,,0.00022,0.00000,3.7,0.00004
4051,1,,,,,0.00022,0.00000,3.6,0.00004,1,,,,,0.00022,0.00000,3.7,0.00004
4052,1,,,,,0.00022,0.00000,3.6,0.00004,1,,,,,0.00022,0.00000,3.7,0.00004
4053,1,,,,,0.00022,0.00000,3.8,0.00004,1,,,,,0.00022,0.00001,3.8,0.00004
4054,1,,,,,0.00022,0.00000,3.6,0.00004,1,,,,,0.00022,0.00000,3.8,0.00004
4055,1,,,,,0.00022,0.00000,3.6,0.00004,1,,,,,0.00022,0.00000,3.7,0.00004
4056,1,,,,,0.00022,0.00000,3.6,0.00004,1,,,,,0.00022,0.00000,3.7,0.00004
4057,1,,,,,0.00022,0.00000,3.6,0.00004,1,,,,,0.00022,0.00001,3.6,0.00004
4058,1,,,,,0.00022,0.00001,3.6,0.00004,1,,,,,0.00022,0.00000,3.6,0.00004
4059,1,,,,,0.00022,0.00000,3.6,0.00004,1,,,,,0.00022,0.00000,3.7,0.00004
4060,1,,,,,0.00022,0.00000,3.6,0.00004,1,,,,,0.00022,0.00001,3.7,0.00004
4061,1,,,,,0.00022,0.00001,3.5,0.00004,1,,,,,0.00022,0.00001,3.7,0.00005
4062,1,,,,,0.00022,0.00001,3.6,0.00004,1,,,,,0.00022,0.00001,3.7,0.00004
4063,1,,,,,0.00022,0.00001,3.6,0.00004,1,,,,,0.00022,0.00000,3.7,0.00004
4064,1,,,,,0.00022,0.00001,3.8,0.00004,1,,,,,0.00022,0.00000,3.8,0.00004
4065,1,,,,,0.00022,0.00000,3.7,0.00004,1,,,,,0.00022,0.00000,3.7,0.00004
4066,1,,,,,0.00022,0.00000,3.6,0.00004,1,,,,,0.00022,0.00000,3.7,0.00004
4067,1,,,,,0.00022,0.00000,3.6,0.00004,1,,,,,0.00022,0.00001,3.7,0.00004
4068,1,,,,,0.00022,0.00000,3.6,0.00004,1,,,,,0.00022,0.00000,3.6,0.00004
4069,1,,,,,0.00022,0.00000,3.6,0.00004,1,,,,,0.00022,0.00000,3.6,0.00004
4070,1,,,,,0.00022,0.00000,3.5,0.00004,1,,,,,0.00022,0.00000,3.6,0.00004
4071,1,,,,,0.00022,0.00001,3.5,0.00004,1,,,,,0.00022,0.00000,3.7,0.00004
4072,1,,,,,0.00022,0.00000,3.5,0.00004,1,,,,,0.00022,0.00001,3.7,0.00004
4073,1,,,,,0.00022,0.00000,3.6,0.00004,1,,,,,0.00022,0.00000,3.7,0.00004
4074,1,,,,,0.00022,0.00001,3.6,0.00004,1,,,,,0.00022,0.00000,3.6,0.00004
4075,1,,,,,0.00022,0.00001,3.5,0.00004,1,,,,,0.00022,0.00000,3.9,0.00004
4076,1,,,,,0.00022,0.00000,3.5,0.00004,1,,,,,0.00022,0.00000,3.7,0.00004
4077,1,,,,,0.00022,0.00000,3.6,0.00004,1,,,,,0.00022,0.00000,3.6,0.00004
4078,1,,,,,0.00022,0.00000,3.5,0.00004,1,,,,,0.00022,0.00001,3.7,0.00004
4079,1,,,,,0.00022,0.00000,3.6,0.00004,1,,,,,0.00022,0.00000,3.7,0.00004
4080,1,,,,,0.00022,0.00000,3.5,0.00004,1,,,,,0.00022,0.00000,3.7,0.00004
4081,1,,,,,0.00022,0.00000,3.5,0.00004,1,,,,,0.00022,0.00000,3.7,0.00004
4082,1,,,,,0.00022,0.00000,3.6,0.00004,1,,,,,0.00022,0.00000,3.8,0.00004
4083,1,,,,,0.00022,0.00000,3.5,0.00004,1,,,,,0.00022,0.00000,3.7,0.00004
4084,1,,,,,0.00022,0.00000,3.6,0.00004,1,,,,,0.00022,0.00000,3.7,0.00004
4085,1,,,,,0.00022,0.00000,3.6,0.00004,1,,,,,0.00022,0.00000,3.6,0.00004
4086,1,,,,,0.00022,0.00000,3.6,0.00005,1,,,,,0.00022,0.00000,3.8,0.00004
4087,1,,,,,0.00022,0.00000,3.6,0.00004,1,,,,,0.00022,0.00000,3.7,0.00004
4088,1,,,,,0.00022,0.00000,3.5,0.00004,1,,,,,0.00022,0.00000,3.6,0.00004
4089,1,,,,,0.00022,0.00000,3.6,0.00004,1,,,,,0.00022,0.00000,3.8,0.00004
4090,1,,,,,0.00022,0.00000,3.6,0.00004,1,,,,,0.00022,0.00000,3.9,0.00004
4091,1,,,,,0.00022,0.00000,3.5,0.00004,1,,,,,0.00022,0.00000,3.8,0.00004
4092,1,,,,,0.00022,0.00000,3.5,0.00004,1,,,,,0.00022,0.00000,3.8,0.00004
4093,1,,,,,0.00022,0.00000,3.6,0.00004,1,,,,,0.00022,0.00000,3.8,0.00004
4094,1,,,,,0.00022,0.00000,3.6,0.00004,1,,,,,0.00022,0.00000,3.9,0.00005
4095,1,,,,,0.00022,0.00000,3.6,0.00004,1,,,,,0.00022,0.00000,3.9,0.00004
4096,1,,,,,0.00022,0.00000,3.5,0.00004,1,,,,,0.00022,0.00001,3.8,0.00004
4097,1,,,,,0.00022,0.00000,3.6,0.00004,1,,,,,0.00022,0.00001,3.9,0.00004
4098,1,,,,,0.00022,0.00000,3.6,0.00004,1,,,,,0.00022,0.00001,3.9,0.00004
4099,1,,,,,0.00022,0.00000,3.6,0.00004,1,,,,,0.00022,0.00000,3.8,0.00004
4100,1,,,,,0.00022,0.00000,3.6,0.00004,1,,,,,0.00022,0.00001,3.9,0.00005
4101,1,,,,,0.00022,0.00000,3.6,0.00004,1,,,,,0.00022,0.00001,3.9,0.00004
4102,1,,,,,0.00022,0.00001,3.7,0.00004,1,,,,,0.00022,0.00001,4.0,0.00004
4103,1,,,,,0.00022,0.00000,3.7,0.00004,1,,,,,0.00022,0.00001,3.8,0.00004
4104,1,,,,,0.00022,0.00000,3.6,0.00004,1,,,,,0.00022,0.00000,3.7,0.00004
4105,1,,,,,0.00022,0.00001,3.6,0.00004,1,,,,,0.00022,0.00001,3.7,0.00004
4106,1,,,,,0.00022,0.00000,3.6,0.00004,1,,,,,0.00022,0.00000,3.7,0.00004
4107,1,,,,,0.00022,0.00000,3.6,0.00004,1,,,,,0.00022,0.00000,3.7,0.00004
4108,1,,,,,0.00022,0.00000,3.6,0.00004,1,,,,,0.00022,0.00000,3.7,0.00004
4109,1,,,,,0.00022,0.00000,3.5,0.00004,1,,,,,0.00022,0.00000,3.6,0.00004
4110,1,,,,,0.00022,0.00000,3.5,0.00004,1,,,,,0.00022,0.00001,3.6,0.00004
4111,1,,,,,0.00022,0.00000,3.5,0.00004,1,,,,,0.00022,0.00000,3.7,0.00004
4112,1,,,,,0.00022,0.00000,3.5,0.00004,1,,,,,0.00022,0.00000,3.7,0.00004
4113,1,,,,,0.00022,0.00000,3.6,0.00004,1,,,,,0.00022,0.00000,3.7,0.00004
4114,1,,,,,0.00022,0.00000,3.6,0.00004,1,,,,,0.00022,0.00001,3.6,0.00004
4115,1,,,,,0.00022,0.00000,3.5,0.00004,1,,,,,0.00022,0.00000,3.7,0.00004
4116,1,,,,,0.00022,0.00000,3.6,0.00004,1,,,,,0.00022,0.00000,3.7,0.00004
4117,1,,,,,0.00022,0.00000,3.7,0.00004,1,,,,,0.00022,0.00000,3.7,0.00004
4118,1,,,,,0.00022,0.00000,3.6,0.00004,1,,,,,0.00022,0.00000,3.7,0.00004
4119,1,,,,,0.00022,0.00000,3.6,0.00004,1,,,,,0.00022,0.00000,3.7,0.00004
4120,1,,,,,0.00022,0.00000,3.6,0.00004,1,,,,,0.00022,0.00000,3.6,0.00004
4121,1,,,,,0.00022,0.00000,3.6,0.00004,1,,,,,0.00022,0.00000,3.6,0.00004
4122,1,,,,,0.00022,0.00001,3.6,0.00004,1,,,,,0.00022,0.00000,3.6,0.00004
4123,1,,,,,0.00022,0.00000,3.6,0.00004,1,,,,,0.00022,0.00000,3.6,0.00004
4124,1,,,,,0.00022,0.00000,3.6,0.00004,1,,,,,0.00022,0.00000,3.7,0.00004
4125,1,,,,,0.00022,0.00000,3.6,0.00004,1,,,,,0.00022,0.00000,3.7,0.00004
4126,1,,,,,0.00022,0.00000,3.6,0.00004,1,,,,,0.00022,0.00000,3.7,0.00004
4127,1,,,,,0.00022,0.00000,3.7,0.00004,1,,,,,0.00022,0.00001,3.7,0.00004
4128,1,,,,,0.00022,0.00000,3.6,0.00004,1,,,,,0.00022,0.00000,3.6,0.00004
4129,1,,,,,0.00022,0.00000,3.6,0.00004,1,,,,,0.00022,0.00000,3.6,0.00004
4130,1,,,,,0.00022,0.00000,3.6,0.00004,1,,,,,0.00022,0.00001,3.6,0.00004
4131,1,,,,,0.00022,0.00000,3.7,0.00004,1,,,,,0.00022,0.00000,3.7,0.00004
4132,1,,,,,0.00022,0.00000,3.7,0.00004,1,,,,,0.00022,0.00000,3.7,0.00004
4133,1,,,,,0.00022,0.00000,3.6,0.00004,1,,,,,0.00022,0.00000,3.7,0.00004
4134,1,,,,,0.00022,0.00000,3.6,0.00004,1,,,,,0.00022,0.00000,3.6,0.00004
4135,1,,,,,0.00022,0.00000,3.7,0.00004,1,,,,,0.00022,0.00000,3.8,0.00004
4136,1,,,,,0.00022,0.00000,3.6,0.00004,1,,,,,0.00022,0.00000,3.9,0.00005
4137,1,,,,,0.00022,0.00000,3.6,0.00004,1,,,,,0.00022,0.00000,3.8,0.00004
4138,1,,,,,0.00022,0.00000,3.6,0.00004,1,,,,,0.00022,0.00000,3.7,0.00004
4139,1,,,,,0.00022,0.00000,3.8,0.00004,1,,,,,0.00022,0.00000,3.8,0.00004
4140,1,,,,,0.00022,0.00000,3.8,0.00004,1,,,,,0.00022,0.00000,3.8,0.00004
4141,1,,,,,0.00022,0.00000,3.7,0.00004,1,,,,,0.00022,0.00000,3.8,0.00004
4142,1,,,,,0.00022,0.00000,3.6,0.00004,1,,,,,0.00022,0.00000,3.5,0.00004
4143,1,,,,,0.00022,0.00000,3.6,0.00004,1,,,,,0.00022,0.00000,3.7,0.00004
4144,1,,,,,0.00022,0.00001,3.7,0.00004,1,,,,,0.00022,0.00000,3.6,0.00004
4145,1,,,,,0.00022,0.00000,3.7,0.00004,1,,,,,0.00022,0.00000,3.6,0.00004
4146,1,,,,,0.00022,0.00000,3.7,0.00004,1,,,,,0.00022,0.00000,3.6,0.00004
4147,1,,,,,0.00022,0.00001,3.6,0.00004,1,,,,,0.00022,0.00000,3.6,0.00004
4148,1,,,,,0.00022,0.00000,3.6,0.00004,1,,,,,0.00022,0.00000,3.6,0.00004
4149,1,,,,,0.00022,0.00000,3.6,0.00004,1,,,,,0.00022,0.00000,3.6,0.00004
4150,1,,,,,0.00022,0.00000,3.6,0.00004,1,,,,,0.00022,0.00000,3.5,0.00004
4151,1,,,,,0.00022,0.00000,3.7,0.00004,1,,,,,0.00022,0.00000,3.6,0.00004
4152,1,,,,,0.00022,0.00000,3.6,0.00004,1,,,,,0.00022,0.00000,3.6,0.00004
4153,1,,,,,0.00022,0.00000,3.6,0.00004,1,,,,,0.00022,0.00001,3.7,0.00004
4154,1,,,,,0.00022,0.00001,3.7,0.00004,1,,,,,0.00022,0.00000,3.7,0.00004
4155,1,,,,,0.00022,0.00000,3.7,0.00004,1,,,,,0.00022,0.00000,3.7,0.00004
4156,1,,,,,0.00022,0.00000,3.7,0.00004,1,,,,,0.00022,0.00000,3.7,0.00004
4157,1,,,,,0.00022,0.00000,3.8,0.00004,1,,,,,0.00022,0.00000,3.7,0.00004
4158,1,,,,,0.00022,0.00001,3.7,0.00004,1,,,,,0.00022,0.00000,3.7,0.00004
4159,1,,,,,0.00022,0.00000,3.7,0.00004,1,,,,,0.00022,0.00000,3.6,0.00004
4160,1,,,,,0.00022,0.00000,3.7,0.00004,1,,,,,0.00022,0.00001,3.7,0.00004
4161,1,,,,,0.00022,0.00000,3.7,0.00004,1,,,,,0.00022,0.00000,3.7,0.00004
4162,1,,,,,0.00022,0.00000,3.8,0.00004,1,,,,,0.00022,0.00001,3.6,0.00004
4163,1,,,,,0.00022,0.00000,3.8,0.00004,1,,,,,0.00022,0.00001,3.6,0.00004
4164,1,,,,,0.00022,0.00000,3.7,0.00004,1,,,,,0.00022,0.00000,3.7,0.00004
4165,1,,,,,0.00022,0.00000,3.8,0.00004,1,,,,,0.00022,0.00000,3.6,0.00004
4166,1,,,,,0.00022,0.00000,3.8,0.00004,1,,,,,0.00022,0.00000,3.6,0.00004
4167,1,,,,,0.00022,0.00000,3.8,0.00004,1,,,,,0.00022,0.00000,3.7,0.00004
4168,1,,,,,0.00022,0.00000,3.8,0.00004,1,,,,,0.00022,0.00000,3.7,0.00004
4169,1,,,,,0.00022,0.00000,3.7,0.00004,1,,,,,0.00022,0.00000,3.6,0.00004
4170,1,,,,,0.00022,0.00000,3.8,0.00004,1,,,,,0.00022,0.00001,3.6,0.00004
4171,1,,,,,0.00022,0.00001,3.8,0.00004,1,,,,,0.00022,0.00000,3.6,0.00004
4172,1,,,,,0.00022,0.00001,3.8,0.00004,1,,,,,0.00022,0.00000,3.6,0.00004
4173,1,,,,,0.00022,0.00001,3.8,0.00004,1,,,,,0.00022,0.00000,3.6,0.00004
4174,1,,,,,0.00022,0.00000,3.7,0.00005,1,,,,,0.00022,0.00000,3.7,0.00004
4175,1,,,,,0.00022,0.00000,3.8,0.00004,1,,,,,0.00022,0.00000,3.8,0.00004
4176,1,,,,,0.00022,0.00000,3.8,0.00004,1,,,,,0.00022,0.00000,3.8,0.00004
4177,1,,,,,0.00022,0.00000,3.8,0.00004,1,,,,,0.00022,0.00000,3.7,0.00004
4178,1,,,,,0.00022,0.00000,3.8,0.00004,1,,,,,0.00022,0.00000,3.8,0.00004
4179,1,,,,,0.00022,0.00000,3.8,0.00004,1,,,,,0.00022,0.00000,3.7,0.00004
4180,1,,,,,0.00022,0.00001,3.6,0.00004,1,,,,,0.00022,0.00001,3.7,0.00005
4181,1,,,,,0.00022,0.00000,3.6,0.00004,1,,,,,0.00022,0.00001,3.7,0.00004
4182,1,,,,,0.00022,0.00000,3.6,0.00004,1,,,,,0.00022,0.00001,3.7,0.00004
4183,1,,,,,0.00022,0.00000,3.7,0.00004,1,,,,,0.00022,0.00000,3.7,0.00004
4184,1,,,,,0.00022,0.00000,3.6,0.00004,1,,,,,0.00022,0.00000,3.7,0.00004
4185,1,,,,,0.00022,0.00000,3.6,0.00004,1,,,,,0.00022,0.00000,3.6,0.00005
4186,1,,,,,0.00022,0.00000,3.6,0.00004,1,,,,,0.00022,0.00000,3.6,0.00004
4187,1,,,,,0.00022,0.00000,3.6,0.00004,1,,,,,0.00022,0.00000,3.6,0.00004
4188,1,,,,,0.00022,0.00000,3.7,0.00004,1,,,,,0.00022,0.00000,3.6,0.00004
4189,1,,,,,0.00022,0.00000,3.7,0.00004,1,,,,,0.00022,0.00000,3.6,0.00004
4190,1,,,,,0.00022,0.00000,3.7,0.00004,1,,,,,0.00022,0.00000,3.6,0.00004
4191,1,,,,,0.00022,0.00000,3.6,0.00004,1,,,,,0.00022,0.00000,3.6,0.00004
4192,1,,,,,0.00022,0.00001,3.7,0.00004,1,,,,,0.00022,0.00000,3.6,0.00004
4193,1,,,,,0.00022,0.00000,3.7,0.00004,1,,,,,0.00022,0.00000,3.6,0.00004
4194,1,,,,,0.00022,0.00000,3.7,0.00004,1,,,,,0.00022,0.00000,3.6,0.00004
4195,1,,,,,0.00022,0.00000,3.6,0.00004,1,,,,,0.00022,0.00000,3.7,0.00004
4196,1,,,,,0.00022,0.00000,3.6,0.00004,1,,,,,0.00022,0.00001,3.7,0.00004
4197,1,,,,,0.00022,0.00000,3.7,0.00004,1,,,,,0.00022,0.00001,3.7,0.00004
4198,1,,,,,0.00022,0.00000,3.7,0.00004,1,,,,,0.00022,0.00000,3.6,0.00004
4199,1,,,,,0.00022,0.00001,3.7,0.00004,1,,,,,0.00022,0.00000,3.6,0.00004
4200,1,,,,,0.00022,0.00000,3.7,0.00004,1,,,,,0.00022,0.00000,3.6,0.00004
4201,1,,,,,0.00022,0.00001,3.7,0.00004,1,,,,,0.00022,0.00000,3.6,0.00004
4202,1,,,,,0.00022,0.00001,3.7,0.00004,1,,,,,0.00022,0.00001,3.8,0.00004
4203,1,,,,,0.00022,0.00001,3.7,0.00004,1,,,,,0.00022,0.00000,3.6,0.00004
4204,1,,,,,0.00022,0.00000,3.7,0.00004,1,,,,,0.00022,0.00001,3.6,0.00004
4205,1,,,,,0.00022,0.00001,3.6,0.00004,1,,,,,0.00022,0.00000,3.6,0.00004
4206,1,,,,,0.00022,0.00000,3.7,0.00004,1,,,,,0.00022,0.00000,3.7,0.00004
4207,1,,,,,0.00022,0.00000,3.6,0.00004,1,,,,,0.00022,0.00001,3.6,0.00004
4208,1,,,,,0.00022,0.00000,3.7,0.00005,1,,,,,0.00022,0.00000,3.6,0.00004
4209,1,,,,,0.00022,0.00000,3.7,0.00004,1,,,,,0.00022,0.00000,3.6,0.00004
4210,1,,,,,0.00022,0.00001,3.7,0.00004,1,,,,,0.00022,0.00000,3.6,0.00004
4211,1,,,,,0.00022,0.00000,3.7,0.00004,1,,,,,0.00022,0.00000,3.6,0.00004
4212,1,,,,,0.00022,0.00000,3.7,0.00004,1,,,,,0.00022,0.00000,3.6,0.00004
4213,1,,,,,0.00022,0.00000,3.7,0.00004,1,,,,,0.00022,0.00000,3.6,0.00004
4214,1,,,,,0.00022,0.00000,3.8,0.00004,1,,,,,0.00022,0.00000,3.6,0.00004
4215,1,,,,,0.00022,0.00000,3.8,0.00004,1,,,,,0.00022,0.00000,3.6,0.00004
4216,1,,,,,0.00022,0.00000,3.8,0.00004,1,,,,,0.00022,0.00001,3.5,0.00004
4217,1,,,,,0.00022,0.00000,3.8,0.00004,1,,,,,0.00022,0.00000,3.6,0.00004
4218,1,,,,,0.00022,0.00000,3.8,0.00004,1,,,,,0.00022,0.00000,3.5,0.00004
4219,1,,,,,0.00022,0.00000,3.6,0.00004,1,,,,,0.00022,0.00001,3.6,0.00004
4220,1,,,,,0.00022,0.00000,3.6,0.00004,1,,,,,0.00022,0.00000,3.6,0.00004
4221,1,,,,,0.00022,0.00000,3.7,0.00004,1,,,,,0.00022,0.00000,3.7,0.00004
4222,1,,,,,0.00022,0.00000,3.6,0.00004,1,,,,,0.00022,0.00000,3.7,0.00004
4223,1,,,,,0.00022,0.00000,3.6,0.00004,1,,,,,0.00022,0.00000,3.6,0.00004
4224,1,,,,,0.00022,0.00000,3.6,0.00004,1,,,,,0.00022,0.00000,3.6,0.00004
4225,1,,,,,0.00022,0.00000,3.6,0.00004,1,,,,,0.00022,0.00000,3.5,0.00004
4226,1,,,,,0.00022,0.00000,3.6,0.00004,1,,,,,0.00022,0.00000,3.7,0.00004
4227,1,,,,,0.00022,0.00000,3.6,0.00004,1,,,,,0.00022,0.00000,3.6,0.00004
4228,1,,,,,0.00022,0.00000,3.6,0.00004,1,,,,,0.00022,0.00000,3.6,0.00004
4229,1,,,,,0.00022,0.00001,3.6,0.00004,1,,,,,0.00022,0.00000,3.7,0.00004
4230,1,,,,,0.00022,0.00000,3.7,0.00005,1,,,,,0.00022,0.00000,3.7,0.00004
4231,1,,,,,0.00022,0.00000,3.6,0.00004,1,,,,,0.00022,0.00000,3.7,0.00004
4232,1,,,,,0.00022,0.00001,3.8,0.00004,1,,,,,0.00022,0.00001,3.8,0.00004
4233,1,,,,,0.00022,0.00001,3.8,0.00004,1,,,,,0.00022,0.00001,3.7,0.00004
4234,1,,,,,0.00022,0.00000,3.6,0.00004,1,,,,,0.00022,0.00000,3.7,0.00004
4235,1,,,,,0.00022,0.00000,3.6,0.00004,1,,,,,0.00022,0.00000,3.8,0.00004
4236,1,,,,,0.00022,0.00000,3.6,0.00004,1,,,,,0.00022,0.00000,3.7,0.00004
4237,1,,,,,0.00022,0.00000,3.7,0.00004,1,,,,,0.00022,0.00000,3.8,0.00004
4238,1,,,,,0.00022,0.00000,3.7,0.00004,1,,,,,0.00022,0.00000,3.8,0.00004
4239,1,,,,,0.00022,0.00000,3.7,0.00004,1,,,,,0.00022,0.00001,3.8,0.00004
4240,1,,,,,0.00022,0.00000,3.6,0.00004,1,,,,,0.00022,0.00000,3.6,0.00004
4241,1,,,,,0.00022,0.00000,3.7,0.00004,1,,,,,0.00022,0.00001,3.6,0.00004
4242,1,,,,,0.00022,0.00000,3.7,0.00004,1,,,,,0.00022,0.00000,3.6,0.00004
4243,1,,,,,0.00022,0.00000,3.7,0.00004,1,,,,,0.00022,0.00000,3.7,0.00004
4244,1,,,,,0.00022,0.00000,3.7,0.00004,1,,,,,0.00022,0.00000,3.7,0.00004
4245,1,,,,,0.00022,0.00001,3.8,0.00004,1,,,,,0.00022,0.00000,3.7,0.00004
4246,1,,,,,0.00022,0.00001,3.7,0.00004,1,,,,,0.00022,0.00000,3.7,0.00004
4247,1,,,,,0.00022,0.00000,3.7,0.00004,1,,,,,0.00022,0.00000,3.6,0.00004
4248,1,,,,,0.00022,0.00001,3.7,0.00004,1,,,,,0.00022,0.00000,3.6,0.00004
4249,1,,,,,0.00022,0.00000,3.6,0.00004,1,,,,,0.00022,0.00000,3.6,0.00004
4250,1,,,,,0.00022,0.00001,3.7,0.00004,1,,,,,0.00022,0.00000,3.7,0.00004
4251,1,,,,,0.00022,0.00000,3.7,0.00004,1,,,,,0.00022,0.00001,3.6,0.00004
4252,1,,,,,0.00022,0.00000,3.8,0.00004,1,,,,,0.00022,0.00000,3.9,0.00004
4253,1,,,,,0.00022,0.00000,3.8,0.00004,1,,,,,0.00022,0.00001,3.8,0.00004
4254,1,,,,,0.00022,0.00001,3.8,0.00004,1,,,,,0.00022,0.00000,3.6,0.00004
4255,1,,,,,0.00022,0.00001,3.6,0.00004,1,,,,,0.00022,0.00001,3.7,0.00004
4256,1,,,,,0.00022,0.00000,3.5,0.00004,1,,,,,0.00022,0.00000,3.6,0.00004
4257,1,,,,,0.00022,0.00000,3.7,0.00004,1,,,,,0.00022,0.00000,3.7,0.00004
4258,1,,,,,0.00022,0.00000,3.8,0.00005,1,,,,,0.00022,0.00000,3.6,0.00004
4259,1,,,,,0.00022,0.00001,3.6,0.00004,1,,,,,0.00022,0.00000,3.6,0.00004
4260,1,,,,,0.00022,0.00000,3.5,0.00004,1,,,,,0.00022,0.00000,3.6,0.00004
4261,1,,,,,0.00022,0.00000,3.6,0.00005,1,,,,,0.00022,0.00001,3.6,0.00004
4262,1,,,,,0.00022,0.00000,3.5,0.00004,1,,,,,0.00022,0.00000,3.6,0.00004
4263,1,,,,,0.00022,0.00001,3.5,0.00004,1,,,,,0.00022,0.00000,3.6,0.00004
4264,1,,,,,0.00022,0.00000,3.6,0.00004,1,,,,,0.00022,0.00000,3.6,0.00004
4265,1,,,,,0.00022,0.00000,3.6,0.00004,1,,,,,0.00022,0.00000,3.7,0.00004
4266,1,,,,,0.00022,0.00000,3.6,0.00004,1,,,,,0.00022,0.00000,3.8,0.00004
4267,1,,,,,0.00022,0.00001,3.6,0.00004,1,,,,,0.00022,0.00000,3.7,0.00004
4268,1,,,,,0.00022,0.00001,3.7,0.00004,1,,,,,0.00022,0.00000,3.7,0.00004
4269,1,,,,,0.00022,0.00001,3.6,0.00004,1,,,,,0.00022,0.00001,3.6,0.00004
4270,1,,,,,0.00022,0.00000,3.6,0.00005,1,,,,,0.00022,0.00000,3.5,0.00004
4271,1,,,,,0.00022,0.00000,3.5,0.00004,1,,,,,0.00022,0.00000,3.6,0.00004
4272,1,,,,,0.00022,0.00000,3.5,0.00004,1,,,,,0.00022,0.00000,3.7,0.00004
4273,1,,,,,0.00022,0.00000,3.5,0.00004,1,,,,,0.00022,0.00000,3.7,0.00004
4274,1,,,,,0.00022,0.00001,3.5,0.00004,1,,,,,0.00022,0.00001,3.7,0.00004
4275,1,,,,,0.00022,0.00000,3.5,0.00004,1,,,,,0.00022,0.00000,3.9,0.00004
4276,1,,,,,0.00022,0.00000,3.5,0.00004,1,,,,,0.00022,0.00001,3.8,0.00004
4277,1,,,,,0.00022,0.00001,3.7,0.00004,1,,,,,0.00022,0.00001,3.7,0.00004
4278,1,,,,,0.00022,0.00000,3.8,0.00004,1,,,,,0.00022,0.00000,3.6,0.00004
4279,1,,,,,0.00022,0.00000,3.8,0.00004,1,,,,,0.00022,0.00000,3.6,0.00004
4280,1,,,,,0.00022,0.00000,3.8,0.00004,1,,,,,0.00022,0.00000,3.7,0.00004
4281,1,,,,,0.00022,0.00000,3.8,0.00004,1,,,,,0.00022,0.00000,3.7,0.00004
4282,1,,,,,0.00022,0.00000,3.7,0.00004,1,,,,,0.00022,0.00000,3.8,0.00005
4283,1,,,,,0.00022,0.00000,3.8,0.00004,1,,,,,0.00022,0.00000,3.7,0.00004
4284,1,,,,,0.00022,0.00000,3.8,0.00004,1,,,,,0.00022,0.00000,3.7,0.00004
4285,1,,,,,0.00022,0.00001,3.7,0.00004,1,,,,,0.00022,0.00000,3.7,0.00004
4286,1,,,,,0.00022,0.00001,3.7,0.00004,1,,,,,0.00022,0.00000,3.6,0.00004
4287,1,,,,,0.00022,0.00001,3.7,0.00004,1,,,,,0.00022,0.00000,3.7,0.00004
4288,1,,,,,0.00022,0.00001,3.7,0.00004,1,,,,,0.00022,0.00000,3.7,0.00004
4289,1,,,,,0.00022,0.00000,3.8,0.00004,1,,,,,0.00022,0.00000,3.7,0.00004
4290,1,,,,,0.00022,0.00000,3.8,0.00004,1,,,,,0.00022,0.00000,3.7,0.00004
4291,1,,,,,0.00022,0.00000,3.7,0.00004,1,,,,,0.00022,0.00000,3.6,0.00004
4292,1,,,,,0.00022,0.00000,3.7,0.00004,1,,,,,0.00022,0.00001,3.6,0.00004
4293,1,,,,,0.00022,0.00000,3.8,0.00004,1,,,,,0.00022,0.00000,3.7,0.00004
4294,1,,,,,0.00022,0.00000,3.8,0.00004,1,,,,,0.00022,0.00000,3.6,0.00004
4295,1,,,,,0.00022,0.00000,3.7,0.00004,1,,,,,0.00022,0.00000,3.7,0.00004
4296,1,,,,,0.00022,0.00001,3.6,0.00004,1,,,,,0.00022,0.00000,3.6,0.00004
4297,1,,,,,0.00022,0.00000,3.6,0.00004,1,,,,,0.00022,0.00000,3.5,0.00004
4298,1,,,,,0.00022,0.00000,3.6,0.00004,1,,,,,0.00022,0.00001,3.6,0.00004
4299,1,,,,,0.00022,0.00001,3.6,0.00004,1,,,,,0.00022,0.00000,3.6,0.00004
4300,1,,,,,0.00022,0.00000,3.7,0.00004,1,,,,,0.00022,0.00001,3.6,0.00004
4301,1,,,,,0.00022,0.00000,3.7,0.00004,1,,,,,0.00022,0.00000,3.6,0.00004
4302,1,,,,,0.00022,0.00000,3.6,0.00005,1,,,,,0.00022,0.00001,3.7,0.00004
4303,1,,,,,0.00022,0.00000,3.6,0.00004,1,,,,,0.00022,0.00000,3.7,0.00004
4304,1,,,,,0.00022,0.00000,3.7,0.00004,1,,,,,0.00022,0.00000,3.7,0.00004
4305,1,,,,,0.00022,0.00000,3.6,0.00004,1,,,,,0.00022,0.00001,3.7,0.00004
4306,1,,,,,0.00022,0.00001,3.6,0.00004,1,,,,,0.00022,0.00000,3.7,0.00004
4307,1,,,,,0.00022,0.00001,3.7,0.00004,1,,,,,0.00022,0.00000,3.7,0.00005
4308,1,,,,,0.00022,0.00000,3.8,0.00004,1,,,,,0.00022,0.00000,3.7,0.00004
4309,1,,,,,0.00022,0.00001,3.7,0.00005,1,,,,,0.00022,0.00000,3.7,0.00004
4310,1,,,,,0.00022,0.00000,3.7,0.00004,1,,,,,0.00022,0.00000,3.7,0.00004
4311,1,,,,,0.00022,0.00000,3.7,0.00004,1,,,,,0.00022,0.00000,3.7,0.00004
4312,1,,,,,0.00022,0.00000,3.7,0.00004,1,,,,,0.00022,0.00000,3.7,0.00004
4313,1,,,,,0.00022,0.00001,3.7,0.00004,1,,,,,0.00022,0.00000,3.7,0.00004
4314,1,,,,,0.00022,0.00000,3.9,0.00004,1,,,,,0.00022,0.00000,3.7,0.00004
4315,1,,,,,0.00022,0.00000,3.7,0.00004,1,,,,,0.00022,0.00000,3.7,0.00004
4316,1,,,,,0.00022,0.00000,3.6,0.00004,1,,,,,0.00022,0.00000,3.7,0.00004
4317,1,,,,,0.00022,0.00000,3.7,0.00004,1,,,,,0.00022,0.00000,3.8,0.00004
4318,1,,,,,0.00022,0.00000,3.6,0.00004,1,,,,,0.00022,0.00000,3.7,0.00004
4319,1,,,,,0.00022,0.00000,3.7,0.00004,1,,,,,0.00022,0.00000,3.7,0.00004
4320,1,,,,,0.00022,0.00000,3.7,0.00004,1,,,,,0.00022,0.00000,3.7,0.00004
4321,1,,,,,0.00022,0.00000,3.6,0.00004,1,,,,,0.00022,0.00000,3.7,0.00004
4322,1,,,,,0.00022,0.00000,3.7,0.00004,1,,,,,0.00022,0.00000,3.7,0.00004
4323,1,,,,,0.00022,0.00000,3.7,0.00004,1,,,,,0.00022,0.00000,3.7,0.00004
4324,1,,,,,0.00022,0.00000,3.8,0.00004,1,,,,,0.00022,0.00000,3.7,0.00004
4325,1,,,,,0.00022,0.00000,3.6,0.00004,1,,,,,0.00022,0.00000,3.7,0.00004
4326,1,,,,,0.00022,0.00000,3.7,0.00004,1,,,,,0.00022,0.00000,3.7,0.00004
4327,1,,,,,0.00022,0.00000,3.8,0.00004,1,,,,,0.00022,0.00000,3.8,0.00004
4328,1,,,,,0.00022,0.00000,3.8,0.00004,1,,,,,0.00022,0.00000,3.7,0.00004
4329,1,,,,,0.00022,0.00001,3.6,0.00004,1,,,,,0.00022,0.00001,3.6,0.00004
4330,1,,,,,0.00022,0.00000,3.6,0.00004,1,,,,,0.00022,0.00001,3.6,0.00004
4331,1,,,,,0.00022,0.00001,3.5,0.00004,1,,,,,0.00022,0.00000,3.7,0.00004
4332,1,,,,,0.00022,0.00000,3.6,0.00004,1,,,,,0.00022,0.00000,3.7,0.00004
4333,1,,,,,0.00022,0.00001,3.7,0.00004,1,,,,,0.00022,0.00000,3.7,0.00004
4334,1,,,,,0.00022,0.00000,3.7,0.00004,1,,,,,0.00022,0.00001,3.7,0.00004
4335,1,,,,,0.00022,0.00000,3.6,0.00004,1,,,,,0.00022,0.00000,3.7,0.00004
4336,1,,,,,0.00022,0.00000,3.5,0.00004,1,,,,,0.00022,0.00000,3.7,0.00004
4337,1,,,,,0.00022,0.00000,3.5,0.00004,1,,,,,0.00022,0.00000,3.7,0.00004
4338,1,,,,,0.00022,0.00000,3.6,0.00004,1,,,,,0.00022,0.00000,3.7,0.00004
4339,1,,,,,0.00022,0.00000,3.6,0.00004,1,,,,,0.00022,0.00000,3.6,0.00004
4340,1,,,,,0.00022,0.00000,3.6,0.00004,1,,,,,0.00022,0.00001,3.7,0.00004
4341,1,,,,,0.00022,0.00001,3.6,0.00004,1,,,,,0.00022,0.00000,3.6,0.00004
4342,1,,,,,0.00022,0.00000,3.6,0.00004,1,,,,,0.00022,0.00000,3.7,0.00004
4343,1,,,,,0.00022,0.00000,3.7,0.00004,1,,,,,0.00022,0.00000,3.7,0.00004
4344,1,,,,,0.00022,0.00000,3.7,0.00004,1,,,,,0.00022,0.00001,3.7,0.00004
4345,1,,,,,0.00022,0.00000,3.7,0.00004,1,,,,,0.00022,0.00001,3.7,0.00004
4346,1,,,,,0.00022,0.00000,3.7,0.00004,1,,,,,0.00022,0.00000,3.7,0.00004
4347,1,,,,,0.00022,0.00000,3.6,0.00004,1,,,,,0.00022,0.00000,3.8,0.00004
4348,1,,,,,0.00022,0.00000,3.7,0.00004,1,,,,,0.00022,0.00001,3.6,0.00004
4349,1,,,,,0.00022,0.00000,3.6,0.00003,1,,,,,0.00022,0.00000,3.7,0.00004
4350,1,,,,,0.00022,0.00000,3.6,0.00004,1,,,,,0.00022,0.00000,3.7,0.00004
4351,1,,,,,0.00022,0.00000,3.7,0.00004,1,,,,,0.00022,0.00000,3.7,0.00004
4352,1,,,,,0.00022,0.00001,3.6,0.00004,1,,,,,0.00022,0.00000,3.6,0.00004
4353,1,,,,,0.00022,0.00001,3.7,0.00004,1,,,,,0.00022,0.00000,3.6,0.00004
4354,1,,,,,0.00022,0.00000,3.6,0.00004,1,,,,,0.00022,0.00000,3.6,0.00004
4355,1,,,,,0.00022,0.00000,3.6,0.00004,1,,,,,0.00022,0.00000,3.6,0.00004
4356,1,,,,,0.00022,0.00000,3.7,0.00004,1,,,,,0.00022,0.00000,3.6,0.00004
4357,1,,,,,0.00022,0.00000,3.7,0.00004,1,,,,,0.00022,0.00000,3.8,0.00004
4358,1,,,,,0.00022,0.00000,3.7,0.00004,1,,,,,0.00022,0.00001,3.9,0.00004
4359,1,,,,,0.00022,0.00000,3.6,0.00004,1,,,,,0.00022,0.00000,3.8,0.00004
4360,1,,,,,0.00022,0.00000,3.6,0.00004,1,,,,,0.00022,0.00000,3.9,0.00004
4361,1,,,,,0.00022,0.00001,3.6,0.00004,1,,,,,0.00022,0.00000,3.8,0.00005
4362,1,,,,,0.00022,0.00000,3.7,0.00004,1,,,,,0.00022,0.00000,3.8,0.00004
4363,1,,,,,0.00022,0.00000,3.6,0.00004,1,,,,,0.00022,0.00000,3.8,0.00005
4364,1,,,,,0.00022,0.00000,3.8,0.00004,1,,,,,0.00022,0.00000,3.9,0.00004
4365,1,,,,,0.00022,0.00000,3.8,0.00004,1,,,,,0.00022,0.00000,3.8,0.00004
4366,1,,,,,0.00022,0.00000,3.6,0.00004,1,,,,,0.00022,0.00000,3.8,0.00004
4367,1,,,,,0.00022,0.00000,3.6,0.00004,1,,,,,0.00022,0.00000,3.8,0.00004
4368,1,,,,,0.00022,0.00000,3.6,0.00004,1,,,,,0.00022,0.00000,3.7,0.00004
4369,1,,,,,0.00022,0.00000,3.7,0.00004,1,,,,,0.00022,0.00000,3.7,0.00004
4370,1,,,,,0.00022,0.00000,3.7,0.00004,1,,,,,0.00022,0.00000,3.7,0.00004
4371,1,,,,,0.00022,0.00000,3.6,0.00004,1,,,,,0.00022,0.00000,3.5,0.00004
4372,1,,,,,0.00022,0.00000,3.6,0.00004,1,,,,,0.00022,0.00000,3.5,0.00004
4373,1,,,,,0.00022,0.00000,3.5,0.00004,1,,,,,0.00022,0.00000,3.6,0.00004
4374,1,,,,,0.00022,0.00000,3.6,0.00004,1,,,,,0.00022,0.00000,3.7,0.00004
4375,1,,,,,0.00022,0.00000,3.6,0.00004,1,,,,,0.00022,0.00000,3.7,0.00004
4376,1,,,,,0.00022,0.00000,3.7,0.00004,1,,,,,0.00022,0.00001,3.7,0.00004
4377,1,,,,,0.00022,0.00000,3.5,0.00004,1,,,,,0.00022,0.00000,3.7,0.00004
4378,1,,,,,0.00022,0.00000,3.6,0.00004,1,,,,,0.00022,0.00000,3.7,0.00004
4379,1,,,,,0.00022,0.00000,3.6,0.00004,1,,,,,0.00022,0.00000,3.7,0.00004
4380,1,,,,,0.00022,0.00000,3.7,0.00004,1,,,,,0.00022,0.00000,3.8,0.00004
4381,1,,,,,0.00022,0.00000,3.8,0.00004,1,,,,,0.00022,0.00000,3.7,0.00004
4382,1,,,,,0.00022,0.00001,3.8,0.00004,1,,,,,0.00022,0.00001,3.7,0.00005
4383,1,,,,,0.00022,0.00000,3.6,0.00004,1,,,,,0.00022,0.00000,3.7,0.00004
4384,1,,,,,0.00022,0.00001,3.6,0.00004,1,,,,,0.00022,0.00000,3.7,0.00004
4385,1,,,,,0.00022,0.00000,3.8,0.00005,1,,,,,0.00022,0.00000,3.8,0.00004
4386,1,,,,,0.00022,0.00000,3.7,0.00004,1,,,,,0.00022,0.00000,3.7,0.00004
4387,1,,,,,0.00022,0.00000,3.7,0.00004,1,,,,,0.00022,0.00000,3.6,0.00004
4388,1,,,,,0.00022,0.00000,3.7,0.00004,1,,,,,0.00022,0.00000,3.6,0.00004
4389,1,,,,,0.00022,0.00000,3.7,0.00004,1,,,,,0.00022,0.00000,3.7,0.00004
4390,1,,,,,0.00022,0.00001,3.8,0.00004,1,,,,,0.00022,0.00000,3.7,0.00004
4391,1,,,,,0.00022,0.00000,3.7,0.00004,1,,,,,0.00022,0.00000,3.7,0.00004
4392,1,,,,,0.00022,0.00000,3.7,0.00004,1,,,,,0.00022,0.00000,3.7,0.00004
4393,1,,,,,0.00022,0.00001,3.7,0.00004,1,,,,,0.00022,0.00000,3.7,0.00004
4394,1,,,,,0.00022,0.00000,3.7,0.00004,1,,,,,0.00022,0.00000,3.7,0.00004
4395,1,,,,,0.00022,0.00000,3.7,0.00004,1,,,,,0.00022,0.00000,3.7,0.00004
4396,1,,,,,0.00022,0.00000,3.7,0.00004,1,,,,,0.00022,0.00000,3.7,0.00004
4397,1,,,,,0.00022,0.00001,3.7,0.00004,1,,,,,0.00022,0.00001,3.7,0.00004
4398,1,,,,,0.00022,0.00000,3.7,0.00004,1,,,,,0.00022,0.00000,3.6,0.00004
4399,1,,,,,0.00022,0.00000,3.7,0.00004,1,,,,,0.00022,0.00001,3.7,0.00004
4400,1,,,,,0.00022,0.00000,3.7,0.00004,1,,,,,0.00022,0.00000,3.7,0.00004
4401,1,,,,,0.00022,0.00000,3.6,0.00004,1,,,,,0.00022,0.00000,3.8,0.00004
4402,1,,,,,0.00022,0.00000,3.7,0.00004,1,,,,,0.00022,0.00000,3.9,0.00004
4403,1,,,,,0.00022,0.00000,3.7,0.00004,1,,,,,0.00022,0.00000,3.9,0.00004
4404,1,,,,,0.00022,0.00000,3.7,0.00004,1,,,,,0.00022,0.00000,3.8,0.00004
4405,1,,,,,0.00022,0.00000,3.8,0.00004,1,,,,,0.00022,0.00000,3.7,0.00004
4406,1,,,,,0.00022,0.00000,3.7,0.00004,1,,,,,0.00022,0.00000,3.6,0.00004
4407,1,,,,,0.00022,0.00000,3.6,0.00004,1,,,,,0.00022,0.00000,3.6,0.00004
4408,1,,,,,0.00022,0.00000,3.7,0.00004,1,,,,,0.00022,0.00000,3.7,0.00004
4409,1,,,,,0.00022,0.00000,3.7,0.00004,1,,,,,0.00022,0.00000,3.7,0.00004
4410,1,,,,,0.00022,0.00001,3.7,0.00004,1,,,,,0.00022,0.00000,3.7,0.00004
4411,1,,,,,0.00022,0.00000,3.6,0.00004,1,,,,,0.00022,0.00000,3.7,0.00005
4412,1,,,,,0.00022,0.00000,3.6,0.00005,1,,,,,0.00022,0.00000,3.6,0.00004
4413,1,,,,,0.00022,0.00000,3.6,0.00004,1,,,,,0.00022,0.00000,3.7,0.00004
4414,1,,,,,0.00022,0.00000,3.6,0.00004,1,,,,,0.00022,0.00000,3.7,0.00004
4415,1,,,,,0.00022,0.00000,3.6,0.00003,1,,,,,0.00022,0.00001,3.7,0.00004
4416,1,,,,,0.00022,0.00000,3.6,0.00004,1,,,,,0.00022,0.00000,3.7,0.00004
4417,1,,,,,0.00022,0.00001,3.6,0.00004,1,,,,,0.00022,0.00000,3.7,0.00004
4418,1,,,,,0.00022,0.00000,3.7,0.00004,1,,,,,0.00022,0.00000,3.7,0.00005
4419,1,,,,,0.00022,0.00000,3.7,0.00004,1,,,,,0.00022,0.00000,3.7,0.00004
4420,1,,,,,0.00022,0.00000,3.7,0.00004,1,,,,,0.00022,0.00000,3.7,0.00004
4421,1,,,,,0.00022,0.00000,3.7,0.00004,1,,,,,0.00022,0.00000,3.7,0.00004
4422,1,,,,,0.00022,0.00000,3.7,0.00004,1,,,,,0.00022,0.00000,3.7,0.00004
4423,1,,,,,0.00022,0.00000,3.7,0.00004,1,,,,,0.00022,0.00000,3.7,0.00004
4424,1,,,,,0.00022,0.00000,3.7,0.00004,1,,,,,0.00022,0.00000,3.7,0.00004
4425,1,,,,,0.00022,0.00000,3.6,0.00004,1,,,,,0.00022,0.00000,3.7,0.00004
4426,1,,,,,0.00022,0.00001,3.7,0.00004,1,,,,,0.00022,0.00000,3.7,0.00004
4427,1,,,,,0.00022,0.00000,3.6,0.00004,1,,,,,0.00022,0.00000,3.8,0.00005
4428,1,,,,,0.00022,0.00000,3.8,0.00004,1,,,,,0.00022,0.00000,3.8,0.00004
4429,1,,,,,0.00022,0.00000,3.7,0.00004,1,,,,,0.00022,0.00001,3.8,0.00004
4430,1,,,,,0.00022,0.00000,3.7,0.00004,1,,,,,0.00022,0.00000,3.7,0.00004
4431,1,,,,,0.00022,0.00000,3.7,0.00004,1,,,,,0.00022,0.00000,3.7,0.00004
4432,1,,,,,0.00022,0.00000,3.6,0.00004,1,,,,,0.00022,0.00000,3.7,0.00004
4433,1,,,,,0.00022,0.00000,3.7,0.00004,1,,,,,0.00022,0.00001,3.7,0.00004
4434,1,,,,,0.00022,0.00000,3.7,0.00004,1,,,,,0.00022,0.00000,3.6,0.00004
4435,1,,,,,0.00022,0.00000,3.7,0.00004,1,,,,,0.00022,0.00000,3.6,0.00004
4436,1,,,,,0.00022,0.00001,3.7,0.00004,1,,,,,0.00022,0.00000,3.7,0.00004
4437,1,,,,,0.00022,0.00000,3.6,0.00004,1,,,,,0.00022,0.00000,3.6,0.00004
4438,1,,,,,0.00022,0.00000,3.7,0.00004,1,,,,,0.00022,0.00000,3.7,0.00004
4439,1,,,,,0.00022,0.00000,3.9,0.00004,1,,,,,0.00022,0.00000,3.9,0.00004
4440,1,,,,,0.00022,0.00000,3.8,0.00004,1,,,,,0.00022,0.00001,3.8,0.00005
4441,1,,,,,0.00022,0.00000,3.7,0.00004,1,,,,,0.00022,0.00000,3.6,0.00004
4442,1,,,,,0.00022,0.00001,3.6,0.00004,1,,,,,0.00022,0.00000,3.7,0.00004
4443,1,,,,,0.00022,0.00001,3.6,0.00004,1,,,,,0.00022,0.00000,3.6,0.00004
4444,1,,,,,0.00022,0.00000,3.6,0.00005,1,,,,,0.00022,0.00001,3.7,0.00004
4445,1,,,,,0.00022,0.00000,3.7,0.00004,1,,,,,0.00022,0.00000,3.7,0.00004
4446,1,,,,,0.00022,0.00000,3.7,0.00004,1,,,,,0.00022,0.00000,3.6,0.00004
4447,1,,,,,0.00022,0.00000,3.7,0.00005,1,,,,,0.00022,0.00000,3.6,0.00004
4448,1,,,,,0.00022,0.00000,3.6,0.00004,1,,,,,0.00022,0.00000,3.7,0.00004
4449,1,,,,,0.00022,0.00000,3.6,0.00004,1,,,,,0.00022,0.00000,3.6,0.00004
4450,1,,,,,0.00022,0.00001,3.6,0.00004,1,,,,,0.00022,0.00000,3.5,0.00004
4451,1,,,,,0.00022,0.00000,3.7,0.00004,1,,,,,0.00022,0.00000,3.6,0.00004
4452,1,,,,,0.00022,0.00000,3.6,0.00004,1,,,,,0.00022,0.00000,3.6,0.00004
4453,1,,,,,0.00022,0.00000,3.6,0.00004,1,,,,,0.00022,0.00000,3.6,0.00004
4454,1,,,,,0.00022,0.00000,3.6,0.00004,1,,,,,0.00022,0.00000,3.7,0.00004
4455,1,,,,,0.00022,0.00001,3.7,0.00005,1,,,,,0.00022,0.00000,3.7,0.00004
4456,1,,,,,0.00022,0.00000,3.6,0.00004,1,,,,,0.00022,0.00000,3.7,0.00004
4457,1,,,,,0.00022,0.00000,3.7,0.00004,1,,,,,0.00022,0.00000,3.6,0.00004
4458,1,,,,,0.00022,0.00000,3.7,0.00004,1,,,,,0.00022,0.00001,3.7,0.00004
4459,1,,,,,0.00022,0.00001,3.6,0.00004,1,,,,,0.00022,0.00000,3.7,0.00004
4460,1,,,,,0.00022,0.00001,3.7,0.00004,1,,,,,0.00022,0.00000,3.7,0.00004
4461,1,,,,,0.00022,0.00000,3.7,0.00004,1,,,,,0.00022,0.00000,3.6,0.00004
4462,1,,,,,0.00022,0.00000,3.6,0.00004,1,,,,,0.00022,0.00000,3.6,0.00004
4463,1,,,,,0.00022,0.00000,3.6,0.00004,1,,,,,0.00022,0.00000,3.7,0.00004
4464,1,,,,,0.00022,0.00001,3.6,0.00004,1,,,,,0.00022,0.00000,3.7,0.00004
4465,1,,,,,0.00022,0.00001,3.7,0.00004,1,,,,,0.00022,0.00001,3.7,0.00004
4466,1,,,,,0.00022,0.00000,3.6,0.00004,1,,,,,0.00022,0.00000,3.8,0.00004
4467,1,,,,,0.00022,0.00000,3.7,0.00005,1,,,,,0.00022,0.00001,3.7,0.00004
4468,1,,,,,0.00022,0.00001,3.7,0.00004,1,,,,,0.00022,0.00001,3.7,0.00004
4469,1,,,,,0.00022,0.00001,3.6,0.00004,1,,,,,0.00022,0.00001,3.7,0.00004
4470,1,,,,,0.00022,0.00000,3.7,0.00005,1,,,,,0.00022,0.00000,3.7,0.00004
4471,1,,,,,0.00022,0.00000,3.6,0.00004,1,,,,,0.00022,0.00000,3.6,0.00004
4472,1,,,,,0.00022,0.00000,3.7,0.00004,1,,,,,0.00022,0.00000,3.6,0.00004
4473,1,,,,,0.00022,0.00000,3.7,0.00004,1,,,,,0.00022,0.00000,3.7,0.00004
4474,1,,,,,0.00022,0.00000,3.6,0.00005,1,,,,,0.00022,0.00000,3.7,0.00004
4475,1,,,,,0.00022,0.00000,3.7,0.00004,1,,,,,0.00022,0.00000,3.6,0.00004
4476,1,,,,,0.00022,0.00000,3.7,0.00004,1,,,,,0.00022,0.00000,3.7,0.00004
4477,1,,,,,0.00022,0.00000,3.7,0.00004,1,,,,,0.00022,0.00000,3.7,0.00004
4478,1,,,,,0.00022,0.00000,3.6,0.00004,1,,,,,0.00022,0.00000,3.6,0.00004
4479,1,,,,,0.00022,0.00000,3.6,0.00004,1,,,,,0.00022,0.00000,3.6,0.00004
4480,1,,,,,0.00022,0.00000,3.6,0.00004,1,,,,,0.00022,0.00000,3.6,0.00004
4481,1,,,,,0.00022,0.00000,3.5,0.00004,1,,,,,0.00022,0.00000,3.6,0.00004
4482,1,,,,,0.00022,0.00000,3.5,0.00004,1,,,,,0.00022,0.00000,3.6,0.00004
4483,1,,,,,0.00022,0.00000,3.5,0.00004,1,,,,,0.00022,0.00001,3.7,0.00004
4484,1,,,,,0.00022,0.00000,3.6,0.00004,1,,,,,0.00022,0.00000,3.7,0.00004
4485,1,,,,,0.00022,0.00000,3.6,0.00004,1,,,,,0.00022,0.00000,3.6,0.00004
4486,1,,,,,0.00022,0.00000,3.5,0.00004,1,,,,,0.00022,0.00000,3.6,0.00004
4487,1,,,,,0.00022,0.00001,3.6,0.00004,1,,,,,0.00022,0.00000,3.7,0.00004
4488,1,,,,,0.00022,0.00000,3.7,0.00004,1,,,,,0.00022,0.00000,3.7,0.00004
4489,1,,,,,0.00022,0.00000,3.6,0.00004,1,,,,,0.00022,0.00000,3.6,0.00004
4490,1,,,,,0.00022,0.00000,3.7,0.00004,1,,,,,0.00022,0.00000,3.8,0.00004
4491,1,,,,,0.00022,0.00000,3.6,0.00004,1,,,,,0.00022,0.00000,3.7,0.00004
4492,1,,,,,0.00022,0.00000,3.6,0.00004,1,,,,,0.00022,0.00000,3.6,0.00004
4493,1,,,,,0.00022,0.00001,3.6,0.00005,1,,,,,0.00022,0.00001,3.7,0.00004
4494,1,,,,,0.00022,0.00000,3.6,0.00004,1,,,,,0.00022,0.00000,3.7,0.00004
4495,1,,,,,0.00022,0.00000,3.7,0.00004,1,,,,,0.00022,0.00000,3.8,0.00004
4496,1,,,,,0.00022,0.00000,3.6,0.00004,1,,,,,0.00022,0.00001,3.7,0.00004
4497,1,,,,,0.00022,0.00001,3.6,0.00004,1,,,,,0.00022,0.00000,3.7,0.00004
4498,1,,,,,0.00022,0.00000,3.6,0.00004,1,,,,,0.00022,0.00000,3.7,0.00004
4499,1,,,,,0.00022,0.00000,3.7,0.00004,1,,,,,0.00022,0.00000,3.8,0.00004
4500,1,,,,,0.00022,0.00000,3.6,0.00004,1,,,,,0.00022,0.00001,3.7,0.00004
4501,1,,,,,0.00022,0.00000,3.7,0.00004,1,,,,,0.00022,0.00000,3.7,0.00004
4502,1,,,,,0.00022,0.00001,3.7,0.00004,1,,,,,0.00022,0.00000,3.7,0.00004
4503,1,,,,,0.00022,0.00000,3.7,0.00004,1,,,,,0.00022,0.00000,3.7,0.00004
4504,1,,,,,0.00022,0.00000,3.7,0.00004,1,,,,,0.00022,0.00000,3.7,0.00004
4505,1,,,,,0.00022,0.00000,3.6,0.00004,1,,,,,0.00022,0.00001,3.7,0.00004
4506,1,,,,,0.00022,0.00000,3.7,0.00004,1,,,,,0.00022,0.00000,3.7,0.00004
4507,1,,,,,0.00022,0.00000,3.7,0.00004,1,,,,,0.00022,0.00000,3.9,0.00004
4508,1,,,,,0.00022,0.00000,3.7,0.00005,1,,,,,0.00022,0.00000,3.9,0.00005
4509,1,,,,,0.00022,0.00000,3.6,0.00004,1,,,,,0.00022,0.00001,3.9,0.00004
4510,1,,,,,0.00022,0.00000,3.7,0.00004,1,,,,,0.00022,0.00001,3.8,0.00004
4511,1,,,,,0.00022,0.00000,3.7,0.00004,1,,,,,0.00022,0.00000,3.9,0.00004
4512,1,,,,,0.00022,0.00000,3.6,0.00004,1,,,,,0.00022,0.00000,3.8,0.00004
4513,1,,,,,0.00022,0.00001,3.7,0.00004,1,,,,,0.00022,0.00000,3.7,0.00004
4514,1,,,,,0.00022,0.00000,3.8,0.00004,1,,,,,0.00022,0.00000,3.8,0.00004
4515,1,,,,,0.00022,0.00000,3.6,0.00004,1,,,,,0.00022,0.00000,3.7,0.00003
4516,1,,,,,0.00022,0.00000,3.5,0.00004,1,,,,,0.00022,0.00000,3.9,0.00005
4517,1,,,,,0.00022,0.00001,3.6,0.00004,1,,,,,0.00022,0.00000,3.9,0.00005
4518,1,,,,,0.00022,0.00001,3.6,0.00004,1,,,,,0.00022,0.00000,3.8,0.00004
4519,1,,,,,0.00022,0.00001,3.6,0.00004,1,,,,,0.00022,0.00000,3.6,0.00004
4520,1,,,,,0.00022,0.00000,3.6,0.00004,1,,,,,0.00022,0.00000,3.5,0.00004
4521,1,,,,,0.00022,0.00000,3.7,0.00004,1,,,,,0.00022,0.00000,3.5,0.00004
4522,1,,,,,0.00022,0.00000,3.6,0.00004,1,,,,,0.00022,0.00000,3.6,0.00004
4523,1,,,,,0.00022,0.00000,3.7,0.00004,1,,,,,0.00022,0.00000,3.6,0.00004
4524,1,,,,,0.00022,0.00000,3.6,0.00004,1,,,,,0.00022,0.00000,3.7,0.00004
4525,1,,,,,0.00022,0.00000,3.7,0.00004,1,,,,,0.00022,0.00000,3.8,0.00004
4526,1,,,,,0.00022,0.00000,3.6,0.00004,1,,,,,0.00022,0.00000,3.7,0.00004
4527,1,,,,,0.00022,0.00001,3.7,0.00004,1,,,,,0.00022,0.00001,3.7,0.00004
4528,1,,,,,0.00022,0.00000,3.7,0.00004,1,,,,,0.00022,0.00000,3.7,0.00004
4529,1,,,,,0.00022,0.00000,3.8,0.00004,1,,,,,0.00022,0.00000,3.7,0.00004
4530,1,,,,,0.00022,0.00000,3.7,0.00004,1,,,,,0.00022,0.00000,3.7,0.00004
4531,1,,,,,0.00022,0.00000,3.7,0.00004,1,,,,,0.00022,0.00000,3.7,0.00004
4532,1,,,,,0.00022,0.00000,3.7,0.00004,1,,,,,0.00022,0.00000,3.7,0.00004
4533,1,,,,,0.00022,0.00000,3.7,0.00004,1,,,,,0.00022,0.00000,3.7,0.00004
4534,1,,,,,0.00022,0.00000,3.7,0.00004,1,,,,,0.00022,0.00000,3.7,0.00004
4535,1,,,,,0.00022,0.00000,3.7,0.00004,1,,,,,0.00022,0.00000,3.6,0.00004
4536,1,,,,,0.00022,0.00000,3.7,0.00004,1,,,,,0.00022,0.00000,3.7,0.00004
4537,1,,,,,0.00022,0.00000,3.7,0.00004,1,,,,,0.00022,0.00000,3.7,0.00004
4538,1,,,,,0.00022,0.00000,3.9,0.00004,1,,,,,0.00022,0.00000,3.9,0.00004
4539,1,,,,,0.00022,0.00000,3.9,0.00004,1,,,,,0.00022,0.00000,3.7,0.00004
4540,1,,,,,0.00022,0.00000,3.8,0.00004,1,,,,,0.00022,0.00000,3.7,0.00004
4541,1,,,,,0.00022,0.00000,3.8,0.00004,1,,,,,0.00022,0.00000,3.7,0.00004
4542,1,,,,,0.00022,0.00000,3.8,0.00004,1,,,,,0.00022,0.00000,3.9,0.00004
4543,1,,,,,0.00022,0.00000,3.9,0.00004,1,,,,,0.00022,0.00000,3.9,0.00004
4544,1,,,,,0.00022,0.00000,3.8,0.00004,1,,,,,0.00022,0.00000,3.8,0.00004
4545,1,,,,,0.00022,0.00000,3.8,0.00004,1,,,,,0.00022,0.00000,3.9,0.00004
4546,1,,,,,0.00022,0.00000,3.7,0.00004,1,,,,,0.00022,0.00000,3.8,0.00004
4547,1,,,,,0.00022,0.00000,3.8,0.00004,1,,,,,0.00022,0.00000,3.8,0.00004
4548,1,,,,,0.00022,0.00000,3.8,0.00004,1,,,,,0.00022,0.00000,3.9,0.00004
4549,1,,,,,0.00022,0.00000,3.8,0.00004,1,,,,,0.00022,0.00001,3.9,0.00004
4550,1,,,,,0.00022,0.00000,3.8,0.00004,1,,,,,0.00022,0.00000,3.9,0.00005
4551,1,,,,,0.00022,0.00001,3.7,0.00004,1,,,,,0.00022,0.00001,3.8,0.00004
4552,1,,,,,0.00022,0.00000,3.8,0.00004,1,,,,,0.00022,0.00000,3.8,0.00004
4553,1,,,,,0.00022,0.00000,3.8,0.00004,1,,,,,0.00022,0.00000,3.9,0.00004
4554,1,,,,,0.00022,0.00000,3.8,0.00004,1,,,,,0.00022,0.00000,3.8,0.00004
4555,1,,,,,0.00022,0.00000,3.8,0.00004,1,,,,,0.00022,0.00001,3.7,0.00004
4556,1,,,,,0.00022,0.00000,3.8,0.00005,1,,,,,0.00022,0.00000,3.8,0.00004
4557,1,,,,,0.00022,0.00000,3.8,0.00004,1,,,,,0.00022,0.00001,3.7,0.00004
4558,1,,,,,0.00022,0.00001,3.9,0.00004,1,,,,,0.00022,0.00000,3.8,0.00005
4559,1,,,,,0.00022,0.00001,3.8,0.00004,1,,,,,0.00022,0.00000,3.7,0.00004
4560,1,,,,,0.00022,0.00001,3.7,0.00004,1,,,,,0.00022,0.00000,3.8,0.00004
4561,1,,,,,0.00022,0.00000,3.7,0.00005,1,,,,,0.00022,0.00001,3.7,0.00004
4562,1,,,,,0.00022,0.00000,3.6,0.00004,1,,,,,0.00022,0.00000,3.6,0.00004
4563,1,,,,,0.00022,0.00000,3.7,0.00004,1,,,,,0.00022,0.00000,3.7,0.00004
4564,1,,,,,0.00022,0.00000,3.7,0.00004,1,,,,,0.00022,0.00000,3.6,0.00004
4565,1,,,,,0.00022,0.00000,3.7,0.00004,1,,,,,0.00022,0.00000,3.7,0.00004
4566,1,,,,,0.00022,0.00000,3.7,0.00004,1,,,,,0.00022,0.00000,3.7,0.00004
4567,1,,,,,0.00022,0.00000,3.6,0.00004,1,,,,,0.00022,0.00000,3.7,0.00004
4568,1,,,,,0.00022,0.00000,3.7,0.00004,1,,,,,0.00022,0.00000,3.7,0.00004
4569,1,,,,,0.00022,0.00000,3.7,0.00004,1,,,,,0.00022,0.00000,3.6,0.00004
4570,1,,,,,0.00022,0.00000,3.7,0.00004,1,,,,,0.00022,0.00000,3.7,0.00004
4571,1,,,,,0.00022,0.00000,3.7,0.00004,1,,,,,0.00022,0.00000,3.7,0.00004
4572,1,,,,,0.00022,0.00000,3.7,0.00004,1,,,,,0.00022,0.00000,3.7,0.00004
4573,1,,,,,0.00022,0.00000,3.7,0.00004,1,,,,,0.00022,0.00000,3.7,0.00004
4574,1,,,,,0.00022,0.00000,3.7,0.00004,1,,,,,0.00022,0.00000,3.7,0.00004
4575,1,,,,,0.00022,0.00000,3.7,0.00004,1,,,,,0.00022,0.00000,3.7,0.00004
4576,1,,,,,0.00022,0.00000,3.7,0.00004,1,,,,,0.00022,0.00000,3.6,0.00004
4577,1,,,,,0.00022,0.00000,3.7,0.00004,1,,,,,0.00022,0.00000,3.6,0.00004
4578,1,,,,,0.00022,0.00000,3.9,0.00004,1,,,,,0.00022,0.00000,3.8,0.00004
4579,1,,,,,0.00022,0.00001,3.8,0.00004,1,,,,,0.00022,0.00000,3.9,0.00004
4580,1,,,,,0.00022,0.00000,3.6,0.00004,1,,,,,0.00022,0.00000,3.6,0.00004
4581,1,,,,,0.00022,0.00000,3.7,0.00004,1,,,,,0.00022,0.00000,3.6,0.00004
4582,1,,,,,0.00022,0.00000,3.6,0.00004,1,,,,,0.00022,0.00000,3.7,0.00004
4583,1,,,,,0.00022,0.00000,3.7,0.00004,1,,,,,0.00022,0.00000,3.6,0.00004
4584,1,,,,,0.00022,0.00000,3.7,0.00004,1,,,,,0.00022,0.00000,3.7,0.00004
4585,1,,,,,0.00022,0.00000,3.7,0.00004,1,,,,,0.00022,0.00001,3.6,0.00004
4586,1,,,,,0.00022,0.00000,3.7,0.00004,1,,,,,0.00022,0.00000,3.6,0.00004
4587,1,,,,,0.00022,0.00000,3.7,0.00004,1,,,,,0.00022,0.00001,3.7,0.00004
4588,1,,,,,0.00022,0.00000,3.7,0.00004,1,,,,,0.00022,0.00001,3.9,0.00004
4589,1,,,,,0.00022,0.00000,3.9,0.00004,1,,,,,0.00022,0.00001,3.9,0.00005
4590,1,,,,,0.00022,0.00001,3.9,0.00004,1,,,,,0.00022,0.00000,3.5,0.00004
4591,1,,,,,0.00022,0.00000,3.8,0.00004,1,,,,,0.00022,0.00000,3.6,0.00004
4592,1,,,,,0.00022,0.00001,3.7,0.00004,1,,,,,0.00022,0.00001,3.7,0.00004
4593,1,,,,,0.00022,0.00000,3.6,0.00004,1,,,,,0.00022,0.00001,3.5,0.00004
4594,1,,,,,0.00022,0.00000,3.7,0.00004,1,,,,,0.00022,0.00000,3.5,0.00004
4595,1,,,,,0.00022,0.00000,3.7,0.00004,1,,,,,0.00022,0.00000,3.6,0.00004
4596,1,,,,,0.00022,0.00000,3.6,0.00004,1,,,,,0.00022,0.00000,3.6,0.00004
4597,1,,,,,0.00022,0.00001,3.8,0.00004,1,,,,,0.00022,0.00001,3.7,0.00004
4598,1,,,,,0.00022,0.00001,3.7,0.00004,1,,,,,0.00022,0.00001,3.6,0.00004
4599,1,,,,,0.00022,0.00001,3.6,0.00004,1,,,,,0.00022,0.00000,3.5,0.00004
4600,1,,,,,0.00022,0.00000,3.7,0.00004,1,,,,,0.00022,0.00000,3.5,0.00004
4601,1,,,,,0.00022,0.00001,3.7,0.00005,1,,,,,0.00022,0.00001,3.6,0.00004
4602,1,,,,,0.00022,0.00000,3.6,0.00004,1,,,,,0.00022,0.00000,3.6,0.00004
4603,1,,,,,0.00022,0.00000,3.7,0.00004,1,,,,,0.00022,0.00000,3.6,0.00004
4604,1,,,,,0.00022,0.00000,3.7,0.00004,1,,,,,0.00022,0.00000,3.7,0.00004
4605,1,,,,,0.00022,0.00000,3.7,0.00004,1,,,,,0.00022,0.00001,3.7,0.00004
4606,1,,,,,0.00022,0.00000,3.8,0.00004,1,,,,,0.00022,0.00000,3.7,0.00004
4607,1,,,,,0.00022,0.00001,3.8,0.00004,1,,,,,0.00022,0.00000,3.6,0.00004
4608,1,,,,,0.00022,0.00000,3.7,0.00004,1,,,,,0.00022,0.00001,3.6,0.00004
4609,1,,,,,0.00022,0.00000,3.7,0.00004,1,,,,,0.00022,0.00000,3.7,0.00004
4610,1,,,,,0.00022,0.00000,3.8,0.00004,1,,,,,0.00022,0.00000,3.6,0.00003
4611,1,,,,,0.00022,0.00000,3.7,0.00004,1,,,,,0.00022,0.00001,3.6,0.00004
4612,1,,,,,0.00022,0.00001,3.8,0.00004,1,,,,,0.00022,0.00000,3.6,0.00004
4613,1,,,,,0.00022,0.00001,3.8,0.00004,1,,,,,0.00022,0.00001,3.6,0.00004
4614,1,,,,,0.00022,0.00000,3.7,0.00004,1,,,,,0.00022,0.00001,3.6,0.00004
4615,1,,,,,0.00022,0.00000,3.8,0.00004,1,,,,,0.00022,0.00000,3.7,0.00004
4616,1,,,,,0.00022,0.00000,3.8,0.00004,1,,,,,0.00022,0.00000,3.7,0.00004
4617,1,,,,,0.00022,0.00000,3.8,0.00005,1,,,,,0.00022,0.00000,3.7,0.00004
4618,1,,,,,0.00022,0.00000,3.7,0.00005,1,,,,,0.00022,0.00000,3.6,0.00004
4619,1,,,,,0.00022,0.00000,3.7,0.00004,1,,,,,0.00022,0.00000,3.6,0.00004
4620,1,,,,,0.00022,0.00001,3.7,0.00004,1,,,,,0.00022,0.00000,3.6,0.00004
4621,1,,,,,0.00022,0.00001,3.8,0.00004,1,,,,,0.00022,0.00000,3.7,0.00005
4622,1,,,,,0.00022,0.00000,3.7,0.00004,1,,,,,0.00022,0.00000,3.6,0.00004
4623,1,,,,,0.00022,0.00001,3.8,0.00004,1,,,,,0.00022,0.00000,3.6,0.00004
4624,1,,,,,0.00022,0.00000,3.7,0.00004,1,,,,,0.00022,0.00000,3.6,0.00004
4625,1,,,,,0.00022,0.00000,3.7,0.00004,1,,,,,0.00022,0.00000,3.6,0.00004
4626,1,,,,,0.00022,0.00001,3.7,0.00004,1,,,,,0.00022,0.00000,3.6,0.00004
4627,1,,,,,0.00022,0.00000,3.8,0.00004,1,,,,,0.00022,0.00000,3.8,0.00004
4628,1,,,,,0.00022,0.00000,3.7,0.00004,1,,,,,0.00022,0.00000,3.8,0.00004
4629,1,,,,,0.00022,0.00000,3.7,0.00004,1,,,,,0.00022,0.00000,3.7,0.00004
4630,1,,,,,0.00022,0.00001,3.8,0.00004,1,,,,,0.00022,0.00000,3.7,0.00004
4631,1,,,,,0.00022,0.00000,3.7,0.00004,1,,,,,0.00022,0.00000,3.7,0.00004
4632,1,,,,,0.00022,0.00000,3.7,0.00004,1,,,,,0.00022,0.00000,3.6,0.00004
4633,1,,,,,0.00022,0.00000,3.8,0.00005,1,,,,,0.00022,0.00000,3.5,0.00004
4634,1,,,,,0.00022,0.00000,3.7,0.00004,1,,,,,0.00022,0.00000,3.6,0.00004
4635,1,,,,,0.00022,0.00000,3.8,0.00005,1,,,,,0.00022,0.00001,3.6,0.00004
4636,1,,,,,0.00022,0.00001,3.7,0.00004,1,,,,,0.00022,0.00000,3.5,0.00004
4637,1,,,,,0.00022,0.00001,3.6,0.00005,1,,,,,0.00022,0.00000,3.5,0.00004
4638,1,,,,,0.00022,0.00001,3.6,0.00004,1,,,,,0.00022,0.00000,3.6,0.00004
4639,1,,,,,0.00022,0.00000,3.6,0.00004,1,,,,,0.00022,0.00000,3.6,0.00004
4640,1,,,,,0.00022,0.00000,3.6,0.00004,1,,,,,0.00022,0.00000,3.7,0.00004
4641,1,,,,,0.00022,0.00000,3.6,0.00004,1,,,,,0.00022,0.00001,3.6,0.00004
4642,1,,,,,0.00022,0.00000,3.6,0.00004,1,,,,,0.00022,0.00000,3.7,0.00004
4643,1,,,,,0.00022,0.00001,3.7,0.00004,1,,,,,0.00022,0.00000,3.7,0.00004
4644,1,,,,,0.00022,0.00001,3.7,0.00004,1,,,,,0.00022,0.00000,3.6,0.00004
4645,1,,,,,0.00022,0.00000,3.6,0.00004,1,,,,,0.00022,0.00000,3.6,0.00004
4646,1,,,,,0.00022,0.00000,3.7,0.00004,1,,,,,0.00022,0.00000,3.7,0.00004
4647,1,,,,,0.00022,0.00000,3.7,0.00004,1,,,,,0.00022,0.00000,3.7,0.00004
4648,1,,,,,0.00022,0.00000,3.7,0.00004,1,,,,,0.00022,0.00000,3.6,0.00004
4649,1,,,,,0.00022,0.00000,3.5,0.00004,1,,,,,0.00022,0.00000,3.7,0.00004
4650,1,,,,,0.00022,0.00001,3.7,0.00004,1,,,,,0.00022,0.00000,3.6,0.00004
4651,1,,,,,0.00022,0.00001,3.7,0.00004,1,,,,,0.00022,0.00000,3.6,0.00004
4652,1,,,,,0.00022,0.00000,3.6,0.00004,1,,,,,0.00022,0.00000,3.9,0.00004
4653,1,,,,,0.00022,0.00000,3.6,0.00004,1,,,,,0.00022,0.00000,3.9,0.00005
4654,1,,,,,0.00022,0.00000,3.6,0.00004,1,,,,,0.00022,0.00001,3.6,0.00005
4655,1,,,,,0.00022,0.00000,3.5,0.00004,1,,,,,0.00022,0.00000,3.6,0.00004
4656,1,,,,,0.00022,0.00000,3.6,0.00004,1,,,,,0.00022,0.00000,3.7,0.00004
4657,1,,,,,0.00022,0.00001,3.6,0.00004,1,,,,,0.00022,0.00000,3.7,0.00004
4658,1,,,,,0.00022,0.00000,3.6,0.00004,1,,,,,0.00022,0.00001,3.6,0.00004
4659,1,,,,,0.00022,0.00001,3.6,0.00004,1,,,,,0.00022,0.00000,3.7,0.00004
4660,1,,,,,0.00022,0.00000,3.6,0.00004,1,,,,,0.00022,0.00000,3.6,0.00004
4661,1,,,,,0.00022,0.00000,3.6,0.00004,1,,,,,0.00022,0.00001,3.6,0.00005
4662,1,,,,,0.00022,0.00001,3.6,0.00004,1,,,,,0.00022,0.00000,3.6,0.00004
4663,1,,,,,0.00022,0.00000,3.5,0.00004,1,,,,,0.00022,0.00000,3.6,0.00004
4664,1,,,,,0.00022,0.00000,3.6,0.00004,1,,,,,0.00022,0.00000,3.7,0.00004
4665,1,,,,,0.00022,0.00000,3.6,0.00004,1,,,,,0.00022,0.00000,3.6,0.00004
4666,1,,,,,0.00022,0.00000,3.5,0.00004,1,,,,,0.00022,0.00000,3.5,0.00004
4667,1,,,,,0.00022,0.00001,3.6,0.00004,1,,,,,0.00022,0.00000,3.8,0.00005
4668,1,,,,,0.00022,0.00001,3.5,0.00004,1,,,,,0.00022,0.00000,3.6,0.00004
4669,1,,,,,0.00022,0.00000,3.6,0.00004,1,,,,,0.00022,0.00000,3.5,0.00003
4670,1,,,,,0.00022,0.00000,3.6,0.00004,1,,,,,0.00022,0.00000,3.6,0.00004
4671,1,,,,,0.00022,0.00000,3.6,0.00004,1,,,,,0.00022,0.00000,3.7,0.00004
4672,1,,,,,0.00022,0.00000,3.6,0.00004,1,,,,,0.00022,0.00000,3.7,0.00004
4673,1,,,,,0.00022,0.00000,3.6,0.00004,1,,,,,0.00022,0.00001,3.6,0.00004
4674,1,,,,,0.00022,0.00000,3.6,0.00004,1,,,,,0.00022,0.00000,3.6,0.00004
4675,1,,,,,0.00022,0.00000,3.6,0.00004,1,,,,,0.00022,0.00000,3.6,0.00004
4676,1,,,,,0.00022,0.00000,3.6,0.00004,1,,,,,0.00022,0.00000,3.6,0.00004
4677,1,,,,,0.00022,0.00000,3.6,0.00004,1,,,,,0.00022,0.00000,3.6,0.00004
4678,1,,,,,0.00022,0.00000,3.6,0.00004,1,,,,,0.00022,0.00000,3.7,0.00004
4679,1,,,,,0.00022,0.00000,3.6,0.00004,1,,,,,0.00022,0.00000,3.8,0.00004
4680,1,,,,,0.00022,0.00000,3.6,0.00004,1,,,,,0.00022,0.00001,3.7,0.00004
4681,1,,,,,0.00022,0.00000,3.6,0.00004,1,,,,,0.00022,0.00000,3.7,0.00004
4682,1,,,,,0.00022,0.00001,3.6,0.00004,1,,,,,0.00022,0.00001,3.7,0.00004
4683,1,,,,,0.00022,0.00001,3.6,0.00004,1,,,,,0.00022,0.00000,3.7,0.00004
4684,1,,,,,0.00022,0.00001,3.7,0.00004,1,,,,,0.00022,0.00000,3.6,0.00004
4685,1,,,,,0.00022,0.00000,3.7,0.00004,1,,,,,0.00022,0.00000,3.7,0.00004
4686,1,,,,,0.00022,0.00000,3.7,0.00004,1,,,,,0.00022,0.00000,3.7,0.00004
4687,1,,,,,0.00022,0.00000,3.6,0.00004,1,,,,,0.00022,0.00000,3.7,0.00004
4688,1,,,,,0.00022,0.00000,3.6,0.00004,1,,,,,0.00022,0.00000,3.7,0.00004
4689,1,,,,,0.00022,0.00000,3.6,0.00004,1,,,,,0.00022,0.00000,3.7,0.00004
4690,1,,,,,0.00022,0.00000,3.6,0.00004,1,,,,,0.00022,0.00000,3.7,0.00004
4691,1,,,,,0.00022,0.00000,3.6,0.00004,1,,,,,0.00022,0.00000,3.7,0.00004
4692,1,,,,,0.00022,0.00000,3.6,0.00004,1,,,,,0.00022,0.00000,3.7,0.00004
4693,1,,,,,0.00022,0.00000,3.6,0.00004,1,,,,,0.00022,0.00000,3.7,0.00004
4694,1,,,,,0.00022,0.00000,3.6,0.00004,1,,,,,0.00022,0.00000,3.7,0.00004
4695,1,,,,,0.00022,0.00000,3.6,0.00004,1,,,,,0.00022,0.00000,3.7,0.00004
4696,1,,,,,0.00022,0.00001,3.6,0.00004,1,,,,,0.00022,0.00000,3.7,0.00004
4697,1,,,,,0.00022,0.00000,3.6,0.00004,1,,,,,0.00022,0.00000,3.7,0.00004
4698,1,,,,,0.00022,0.00000,3.6,0.00004,1,,,,,0.00022,0.00000,3.7,0.00004
4699,1,,,,,0.00022,0.00000,3.6,0.00004,1,,,,,0.00022,0.00001,3.7,0.00004
4700,1,,,,,0.00022,0.00000,3.6,0.00004,1,,,,,0.00022,0.00000,3.9,0.00004
4701,1,,,,,0.00022,0.00000,3.6,0.00004,1,,,,,0.00022,0.00000,3.8,0.00004
4702,1,,,,,0.00022,0.00000,3.8,0.00004,1,,,,,0.00022,0.00000,3.8,0.00004
4703,1,,,,,0.00022,0.00000,3.6,0.00004,1,,,,,0.00022,0.00000,3.8,0.00004
4704,1,,,,,0.00022,0.00001,3.6,0.00004,1,,,,,0.00022,0.00001,3.8,0.00004
4705,1,,,,,0.00022,0.00000,3.7,0.00004,1,,,,,0.00022,0.00000,3.8,0.00004
4706,1,,,,,0.00022,0.00000,3.6,0.00004,1,,,,,0.00022,0.00000,3.8,0.00004
4707,1,,,,,0.00022,0.00000,3.6,0.00004,1,,,,,0.00022,0.00000,3.7,0.00004
4708,1,,,,,0.00022,0.00001,3.6,0.00004,1,,,,,0.00022,0.00000,3.8,0.00004
4709,1,,,,,0.00022,0.00000,3.6,0.00004,1,,,,,0.00022,0.00000,3.6,0.00004
4710,1,,,,,0.00022,0.00001,3.6,0.00004,1,,,,,0.00022,0.00000,3.7,0.00004
4711,1,,,,,0.00022,0.00000,3.6,0.00004,1,,,,,0.00022,0.00000,3.6,0.00004
4712,1,,,,,0.00022,0.00000,3.6,0.00004,1,,,,,0.00022,0.00000,3.6,0.00004
4713,1,,,,,0.00022,0.00000,3.6,0.00004,1,,,,,0.00022,0.00000,3.6,0.00004
4714,1,,,,,0.00022,0.00000,3.6,0.00004,1,,,,,0.00022,0.00000,3.7,0.00004
4715,1,,,,,0.00022,0.00000,3.6,0.00004,1,,,,,0.00022,0.00000,3.7,0.00004
4716,1,,,,,0.00022,0.00000,3.5,0.00004,1,,,,,0.00022,0.00000,3.7,0.00004
4717,1,,,,,0.00022,0.00001,3.5,0.00004,1,,,,,0.00022,0.00001,3.7,0.00004
4718,1,,,,,0.00022,0.00001,3.7,0.00004,1,,,,,0.00022,0.00000,3.7,0.00004
4719,1,,,,,0.00022,0.00000,3.6,0.00004,1,,,,,0.00022,0.00000,3.7,0.00004
4720,1,,,,,0.00022,0.00000,3.7,0.00004,1,,,,,0.00022,0.00000,3.7,0.00004
4721,1,,,,,0.00022,0.00000,3.6,0.00004,1,,,,,0.00022,0.00000,3.7,0.00004
4722,1,,,,,0.00022,0.00001,3.6,0.00004,1,,,,,0.00022,0.00000,3.7,0.00004
4723,1,,,,,0.00022,0.00000,3.6,0.00004,1,,,,,0.00022,0.00000,3.8,0.00004
4724,1,,,,,0.00022,0.00000,3.6,0.00004,1,,,,,0.00022,0.00000,3.7,0.00004
4725,1,,,,,0.00022,0.00000,3.6,0.00004,1,,,,,0.00022,0.00000,3.7,0.00004
4726,1,,,,,0.00022,0.00000,3.6,0.00003,1,,,,,0.00022,0.00000,3.7,0.00004
4727,1,,,,,0.00022,0.00000,3.7,0.00004,1,,,,,0.00022,0.00000,3.8,0.00004
4728,1,,,,,0.00022,0.00000,3.6,0.00004,1,,,,,0.00022,0.00000,3.7,0.00004
4729,1,,,,,0.00022,0.00000,3.7,0.00004,1,,,,,0.00022,0.00000,3.9,0.00005
4730,1,,,,,0.00022,0.00001,3.7,0.00004,1,,,,,0.00022,0.00000,3.9,0.00004
4731,1,,,,,0.00022,0.00000,3.6,0.00004,1,,,,,0.00022,0.00000,3.8,0.00005
4732,1,,,,,0.00022,0.00000,3.6,0.00004,1,,,,,0.00022,0.00000,3.9,0.00004
4733,1,,,,,0.00022,0.00000,3.6,0.00004,1,,,,,0.00022,0.00000,3.9,0.00005
4734,1,,,,,0.00022,0.00000,3.7,0.00004,1,,,,,0.00022,0.00000,3.9,0.00005
4735,1,,,,,0.00022,0.00000,3.6,0.00004,1,,,,,0.00022,0.00000,3.9,0.00004
4736,1,,,,,0.00022,0.00000,3.6,0.00004,1,,,,,0.00022,0.00000,3.8,0.00004
4737,1,,,,,0.00022,0.00000,3.7,0.00004,1,,,,,0.00022,0.00001,3.8,0.00004
4738,1,,,,,0.00022,0.00000,3.6,0.00004,1,,,,,0.00022,0.00000,3.8,0.00004
4739,1,,,,,0.00022,0.00000,3.8,0.00004,1,,,,,0.00022,0.00001,3.8,0.00004
4740,1,,,,,0.00022,0.00000,3.7,0.00004,1,,,,,0.00022,0.00000,3.8,0.00004
4741,1,,,,,0.00022,0.00000,3.7,0.00004,1,,,,,0.00022,0.00000,3.8,0.00004
4742,1,,,,,0.00022,0.00000,3.7,0.00004,1,,,,,0.00022,0.00000,3.8,0.00004
4743,1,,,,,0.00022,0.00001,3.7,0.00004,1,,,,,0.00022,0.00000,3.8,0.00004
4744,1,,,,,0.00022,0.00000,3.7,0.00004,1,,,,,0.00022,0.00001,3.9,0.00004
4745,1,,,,,0.00022,0.00000,3.7,0.00004,1,,,,,0.00022,0.00001,3.9,0.00004
4746,1,,,,,0.00022,0.00001,3.7,0.00004,1,,,,,0.00022,0.00000,3.6,0.00004
4747,1,,,,,0.00022,0.00000,3.8,0.00004,1,,,,,0.00022,0.00000,3.7,0.00004
4748,1,,,,,0.00022,0.00000,3.8,0.00005,1,,,,,0.00022,0.00000,3.7,0.00004
4749,1,,,,,0.00022,0.00000,3.8,0.00004,1,,,,,0.00022,0.00001,3.7,0.00004
4750,1,,,,,0.00022,0.00000,3.8,0.00004,1,,,,,0.00022,0.00000,3.6,0.00004
4751,1,,,,,0.00022,0.00000,3.7,0.00004,1,,,,,0.00022,0.00000,3.7,0.00004
4752,1,,,,,0.00022,0.00000,3.6,0.00004,1,,,,,0.00022,0.00000,3.6,0.00004
4753,1,,,,,0.00022,0.00000,3.7,0.00004,1,,,,,0.00022,0.00000,3.7,0.00004
4754,1,,,,,0.00022,0.00000,3.7,0.00004,1,,,,,0.00022,0.00000,3.7,0.00004
4755,1,,,,,0.00022,0.00000,3.7,0.00004,1,,,,,0.00022,0.00000,3.6,0.00004
4756,1,,,,,0.00022,0.00000,3.7,0.00004,1,,,,,0.00022,0.00000,3.7,0.00005
4757,1,,,,,0.00022,0.00000,3.7,0.00004,1,,,,,0.00022,0.00000,3.7,0.00004
4758,1,,,,,0.00022,0.00000,3.7,0.00004,1,,,,,0.00022,0.00000,3.7,0.00004
4759,1,,,,,0.00022,0.00000,3.7,0.00004,1,,,,,0.00022,0.00000,3.7,0.00004
4760,1,,,,,0.00022,0.00000,3.7,0.00004,1,,,,,0.00022,0.00000,3.7,0.00004
4761,1,,,,,0.00022,0.00000,3.7,0.00004,1,,,,,0.00022,0.00000,3.7,0.00004
4762,1,,,,,0.00022,0.00000,3.7,0.00004,1,,,,,0.00022,0.00000,3.7,0.00004
4763,1,,,,,0.00022,0.00000,3.7,0.00004,1,,,,,0.00022,0.00000,3.7,0.00004
4764,1,,,,,0.00022,0.00000,3.8,0.00004,1,,,,,0.00022,0.00001,3.7,0.00004
4765,1,,,,,0.00022,0.00001,3.8,0.00004,1,,,,,0.00022,0.00000,3.7,0.00004
4766,1,,,,,0.00022,0.00001,3.8,0.00004,1,,,,,0.00022,0.00001,3.7,0.00004
4767,1,,,,,0.00022,0.00001,3.8,0.00004,1,,,,,0.00022,0.00000,3.7,0.00004
4768,1,,,,,0.00022,0.00000,3.7,0.00004,1,,,,,0.00022,0.00000,3.9,0.00004
4769,1,,,,,0.00022,0.00000,3.6,0.00004,1,,,,,0.00022,0.00000,3.8,0.00004
4770,1,,,,,0.00022,0.00000,3.7,0.00004,1,,,,,0.00022,0.00000,3.8,0.00004
4771,1,,,,,0.00022,0.00000,3.7,0.00004,1,,,,,0.00022,0.00001,3.8,0.00004
4772,1,,,,,0.00022,0.00000,3.7,0.00004,1,,,,,0.00022,0.00000,3.8,0.00004
4773,1,,,,,0.00022,0.00001,3.7,0.00004,1,,,,,0.00022,0.00001,3.8,0.00005
4774,1,,,,,0.00022,0.00000,3.7,0.00004,1,,,,,0.00022,0.00000,3.8,0.00004
4775,1,,,,,0.00022,0.00000,3.6,0.00004,1,,,,,0.00022,0.00000,3.8,0.00005
4776,1,,,,,0.00022,0.00000,3.7,0.00004,1,,,,,0.00022,0.00000,3.8,0.00004
4777,1,,,,,0.00022,0.00000,3.8,0.00004,1,,,,,0.00022,0.00000,3.8,0.00004
4778,1,,,,,0.00022,0.00001,3.8,0.00004,1,,,,,0.00022,0.00001,3.8,0.00004
4779,1,,,,,0.00022,0.00000,3.8,0.00004,1,,,,,0.00022,0.00001,3.8,0.00004
4780,1,,,,,0.00022,0.00000,3.8,0.00004,1,,,,,0.00022,0.00000,3.8,0.00004
4781,1,,,,,0.00022,0.00000,3.8,0.00004,1,,,,,0.00022,0.00000,3.8,0.00004
4782,1,,,,,0.00022,0.00000,3.9,0.00004,1,,,,,0.00022,0.00001,3.8,0.00005
4783,1,,,,,0.00022,0.00000,3.9,0.00004,1,,,,,0.00022,0.00000,3.8,0.00004
4784,1,,,,,0.00022,0.00000,3.9,0.00004,1,,,,,0.00022,0.00000,3.6,0.00004
4785,1,,,,,0.00022,0.00000,3.7,0.00004,1,,,,,0.00022,0.00000,3.6,0.00004
4786,1,,,,,0.00022,0.00001,3.6,0.00004,1,,,,,0.00022,0.00001,3.6,0.00004
4787,1,,,,,0.00022,0.00000,3.7,0.00004,1,,,,,0.00022,0.00000,3.6,0.00004
4788,1,,,,,0.00022,0.00000,3.7,0.00004,1,,,,,0.00022,0.00000,3.6,0.00004
4789,1,,,,,0.00022,0.00000,3.7,0.00004,1,,,,,0.00022,0.00001,3.7,0.00004
4790,1,,,,,0.00022,0.00000,3.6,0.00004,1,,,,,0.00022,0.00000,3.6,0.00004
4791,1,,,,,0.00022,0.00000,3.7,0.00004,1,,,,,0.00022,0.00000,3.7,0.00004
4792,1,,,,,0.00022,0.00000,3.6,0.00004,1,,,,,0.00022,0.00000,3.7,0.00004
4793,1,,,,,0.00022,0.00000,3.7,0.00004,1,,,,,0.00022,0.00000,3.6,0.00004
4794,1,,,,,0.00022,0.00001,3.8,0.00004,1,,,,,0.00022,0.00000,3.6,0.00004
4795,1,,,,,0.00022,0.00000,3.8,0.00004,1,,,,,0.00022,0.00000,3.6,0.00004
4796,1,,,,,0.00022,0.00000,3.7,0.00004,1,,,,,0.00022,0.00000,3.6,0.00004
4797,1,,,,,0.00022,0.00000,3.8,0.00004,1,,,,,0.00022,0.00001,3.7,0.00004
4798,1,,,,,0.00022,0.00000,3.8,0.00004,1,,,,,0.00022,0.00000,3.6,0.00004
4799,1,,,,,0.00022,0.00000,3.6,0.00004,1,,,,,0.00022,0.00000,3.6,0.00004
4800,1,,,,,0.00022,0.00000,3.7,0.00004,1,,,,,0.00022,0.00001,3.6,0.00004
4801,1,,,,,0.00022,0.00000,3.8,0.00004,1,,,,,0.00022,0.00001,3.7,0.00004
4802,1,,,,,0.00022,0.00001,3.6,0.00004,1,,,,,0.00022,0.00000,3.7,0.00004
4803,1,,,,,0.00022,0.00000,3.6,0.00004,1,,,,,0.00022,0.00000,3.6,0.00004
4804,1,,,,,0.00022,0.00000,3.7,0.00004,1,,,,,0.00022,0.00000,3.6,0.00004
4805,1,,,,,0.00022,0.00000,3.9,0.00004,1,,,,,0.00022,0.00000,3.8,0.00004
4806,1,,,,,0.00022,0.00000,3.8,0.00004,1,,,,,0.00022,0.00000,3.8,0.00004
4807,1,,,,,0.00022,0.00000,3.7,0.00004,1,,,,,0.00022,0.00000,3.6,0.00004
4808,1,,,,,0.00022,0.00000,3.7,0.00004,1,,,,,0.00022,0.00001,3.6,0.00005
4809,1,,,,,0.00022,0.00001,3.7,0.00004,1,,,,,0.00022,0.00000,3.7,0.00004
4810,1,,,,,0.00022,0.00000,3.6,0.00004,1,,,,,0.00022,0.00001,3.9,0.00004
4811,1,,,,,0.00022,0.00000,3.7,0.00004,1,,,,,0.00022,0.00001,3.8,0.00004
4812,1,,,,,0.00022,0.00000,3.7,0.00004,1,,,,,0.00022,0.00000,3.7,0.00005
4813,1,,,,,0.00022,0.00000,3.7,0.00004,1,,,,,0.00022,0.00000,3.7,0.00004
4814,1,,,,,0.00022,0.00000,3.8,0.00004,1,,,,,0.00022,0.00001,3.7,0.00004
4815,1,,,,,0.00022,0.00000,3.8,0.00004,1,,,,,0.00022,0.00000,3.7,0.00004
4816,1,,,,,0.00022,0.00001,3.8,0.00004,1,,,,,0.00022,0.00000,3.7,0.00004
4817,1,,,,,0.00022,0.00001,3.7,0.00004,1,,,,,0.00022,0.00000,3.7,0.00004
4818,1,,,,,0.00022,0.00001,3.8,0.00004,1,,,,,0.00022,0.00000,3.6,0.00004
4819,1,,,,,0.00022,0.00000,3.7,0.00004,1,,,,,0.00022,0.00001,3.7,0.00004
4820,1,,,,,0.00022,0.00000,3.6,0.00004,1,,,,,0.00022,0.00000,3.7,0.00004
4821,1,,,,,0.00022,0.00001,3.6,0.00004,1,,,,,0.00022,0.00000,3.6,0.00004
4822,1,,,,,0.00022,0.00001,3.6,0.00004,1,,,,,0.00022,0.00000,3.6,0.00004
4823,1,,,,,0.00022,0.00001,3.6,0.00004,1,,,,,0.00022,0.00000,3.5,0.00004
4824,1,,,,,0.00022,0.00000,3.7,0.00004,1,,,,,0.00022,0.00000,3.6,0.00004
4825,1,,,,,0.00022,0.00000,3.6,0.00004,1,,,,,0.00022,0.00000,3.5,0.00004
4826,1,,,,,0.00022,0.00000,3.6,0.00004,1,,,,,0.00022,0.00000,3.5,0.00004
4827,1,,,,,0.00022,0.00001,3.6,0.00004,1,,,,,0.00022,0.00000,3.6,0.00004
4828,1,,,,,0.00022,0.00000,3.6,0.00004,1,,,,,0.00022,0.00000,3.6,0.00004
4829,1,,,,,0.00022,0.00000,3.7,0.00004,1,,,,,0.00022,0.00000,3.6,0.00004
4830,1,,,,,0.00022,0.00001,3.6,0.00004,1,,,,,0.00022,0.00001,3.6,0.00004
4831,1,,,,,0.00022,0.00000,3.6,0.00004,1,,,,,0.00022,0.00000,3.6,0.00004
4832,1,,,,,0.00022,0.00000,3.6,0.00004,1,,,,,0.00022,0.00000,3.6,0.00004
4833,1,,,,,0.00022,0.00000,3.6,0.00004,1,,,,,0.00022,0.00000,3.6,0.00004
4834,1,,,,,0.00022,0.00000,3.6,0.00004,1,,,,,0.00022,0.00000,3.6,0.00004
4835,1,,,,,0.00022,0.00000,3.6,0.00004,1,,,,,0.00022,0.00000,3.7,0.00004
4836,1,,,,,0.00022,0.00000,3.6,0.00004,1,,,,,0.00022,0.00000,3.6,0.00004
4837,1,,,,,0.00022,0.00000,3.6,0.00004,1,,,,,0.00022,0.00000,3.7,0.00004
4838,1,,,,,0.00022,0.00001,3.6,0.00004,1,,,,,0.00022,0.00000,3.6,0.00004
4839,1,,,,,0.00022,0.00000,3.6,0.00004,1,,,,,0.00022,0.00000,3.6,0.00004
4840,1,,,,,0.00022,0.00000,3.7,0.00004,1,,,,,0.00022,0.00000,3.7,0.00004
4841,1,,,,,0.00022,0.00000,3.7,0.00004,1,,,,,0.00022,0.00000,3.6,0.00004
4842,1,,,,,0.00022,0.00000,3.6,0.00004,1,,,,,0.00022,0.00000,3.6,0.00004
4843,1,,,,,0.00022,0.00000,3.7,0.00004,1,,,,,0.00022,0.00000,3.6,0.00004
4844,1,,,,,0.00022,0.00001,3.6,0.00004,1,,,,,0.00022,0.00000,3.6,0.00004
4845,1,,,,,0.00022,0.00000,3.7,0.00004,1,,,,,0.00022,0.00000,3.6,0.00004
4846,1,,,,,0.00022,0.00000,3.7,0.00004,1,,,,,0.00022,0.00000,3.6,0.00004
4847,1,,,,,0.00022,0.00000,3.6,0.00004,1,,,,,0.00022,0.00000,3.5,0.00004
4848,1,,,,,0.00022,0.00000,3.6,0.00004,1,,,,,0.00022,0.00000,3.6,0.00004
4849,1,,,,,0.00022,0.00000,3.7,0.00004,1,,,,,0.00022,0.00000,3.7,0.00004
4850,1,,,,,0.00022,0.00000,3.6,0.00004,1,,,,,0.00022,0.00000,3.7,0.00005
4851,1,,,,,0.00022,0.00001,3.7,0.00004,1,,,,,0.00022,0.00000,3.6,0.00004
4852,1,,,,,0.00022,0.00000,3.7,0.00004,1,,,,,0.00022,0.00001,3.6,0.00004
4853,1,,,,,0.00022,0.00001,3.7,0.00004,1,,,,,0.00022,0.00000,3.7,0.00004
4854,1,,,,,0.00022,0.00000,3.7,0.00004,1,,,,,0.00022,0.00001,3.7,0.00004
4855,1,,,,,0.00022,0.00000,3.5,0.00004,1,,,,,0.00022,0.00000,3.5,0.00004
4856,1,,,,,0.00022,0.00000,3.4,0.00004,1,,,,,0.00022,0.00000,3.5,0.00004
4857,1,,,,,0.00022,0.00000,3.5,0.00004,1,,,,,0.00022,0.00000,3.5,0.00004
4858,1,,,,,0.00022,0.00000,3.5,0.00004,1,,,,,0.00022,0.00001,3.6,0.00004
4859,1,,,,,0.00022,0.00000,3.6,0.00005,1,,,,,0.00022,0.00000,3.5,0.00004
4860,1,,,,,0.00022,0.00000,3.5,0.00004,1,,,,,0.00022,0.00000,3.5,0.00004
4861,1,,,,,0.00022,0.00000,3.5,0.00004,1,,,,,0.00022,0.00000,3.5,0.00004
4862,1,,,,,0.00022,0.00000,3.5,0.00004,1,,,,,0.00022,0.00000,3.5,0.00004
4863,1,,,,,0.00022,0.00000,3.6,0.00004,1,,,,,0.00022,0.00000,3.6,0.00004
4864,1,,,,,0.00022,0.00000,3.6,0.00004,1,,,,,0.00022,0.00001,3.6,0.00004
4865,1,,,,,0.00022,0.00001,3.6,0.00004,1,,,,,0.00022,0.00001,3.6,0.00004
4866,1,,,,,0.00022,0.00000,3.6,0.00004,1,,,,,0.00022,0.00000,3.6,0.00004
4867,1,,,,,0.00022,0.00000,3.6,0.00004,1,,,,,0.00022,0.00001,3.7,0.00004
4868,1,,,,,0.00022,0.00000,3.6,0.00004,1,,,,,0.00022,0.00001,3.6,0.00004
4869,1,,,,,0.00022,0.00000,3.7,0.00005,1,,,,,0.00022,0.00000,3.7,0.00004
4870,1,,,,,0.00022,0.00000,3.7,0.00004,1,,,,,0.00022,0.00000,3.8,0.00004
4871,1,,,,,0.00022,0.00000,3.7,0.00004,1,,,,,0.00022,0.00001,3.6,0.00004
4872,1,,,,,0.00022,0.00000,3.6,0.00004,1,,,,,0.00022,0.00000,3.7,0.00004
4873,1,,,,,0.00022,0.00000,3.7,0.00004,1,,,,,0.00022,0.00000,3.7,0.00004
4874,1,,,,,0.00022,0.00000,3.8,0.00005,1,,,,,0.00022,0.00001,3.7,0.00004
4875,1,,,,,0.00022,0.00000,3.7,0.00004,1,,,,,0.00022,0.00000,3.7,0.00004
4876,1,,,,,0.00022,0.00000,3.6,0.00004,1,,,,,0.00022,0.00000,3.7,0.00004
4877,1,,,,,0.00022,0.00000,3.6,0.00004,1,,,,,0.00022,0.00000,3.7,0.00004
4878,1,,,,,0.00022,0.00001,3.7,0.00004,1,,,,,0.00022,0.00000,3.7,0.00004
4879,1,,,,,0.00022,0.00000,3.7,0.00004,1,,,,,0.00022,0.00000,3.7,0.00004
4880,1,,,,,0.00022,0.00000,3.6,0.00004,1,,,,,0.00022,0.00000,3.7,0.00004
4881,1,,,,,0.00022,0.00000,3.6,0.00004,1,,,,,0.00022,0.00001,3.7,0.00004
4882,1,,,,,0.00022,0.00000,3.6,0.00004,1,,,,,0.00022,0.00000,3.6,0.00004
4883,1,,,,,0.00022,0.00000,3.6,0.00004,1,,,,,0.00022,0.00000,3.7,0.00004
4884,1,,,,,0.00022,0.00000,3.6,0.00004,1,,,,,0.00022,0.00000,3.6,0.00004
4885,1,,,,,0.00022,0.00000,3.6,0.00004,1,,,,,0.00022,0.00000,3.6,0.00004
4886,1,,,,,0.00022,0.00000,3.6,0.00004,1,,,,,0.00022,0.00000,3.7,0.00004
4887,1,,,,,0.00022,0.00000,3.6,0.00004,1,,,,,0.00022,0.00000,3.6,0.00004
4888,1,,,,,0.00022,0.00001,3.7,0.00004,1,,,,,0.00022,0.00000,3.7,0.00004
4889,1,,,,,0.00022,0.00001,3.6,0.00004,1,,,,,0.00022,0.00000,3.8,0.00004
4890,1,,,,,0.00022,0.00000,3.8,0.00004,1,,,,,0.00022,0.00001,3.7,0.00005
4891,1,,,,,0.00022,0.00000,3.6,0.00004,1,,,,,0.00022,0.00000,3.6,0.00004
4892,1,,,,,0.00022,0.00001,3.6,0.00004,1,,,,,0.00022,0.00000,3.7,0.00004
4893,1,,,,,0.00022,0.00000,3.6,0.00004,1,,,,,0.00022,0.00000,3.7,0.00004
4894,1,,,,,0.00022,0.00000,3.6,0.00004,1,,,,,0.00022,0.00000,3.7,0.00004
4895,1,,,,,0.00022,0.00000,3.6,0.00004,1,,,,,0.00022,0.00000,3.7,0.00004
4896,1,,,,,0.00022,0.00000,3.6,0.00004,1,,,,,0.00022,0.00001,3.7,0.00004
4897,1,,,,,0.00022,0.00000,3.6,0.00004,1,,,,,0.00022,0.00000,3.6,0.00004
4898,1,,,,,0.00022,0.00000,3.7,0.00004,1,,,,,0.00022,0.00000,3.7,0.00004
4899,1,,,,,0.00022,0.00000,3.7,0.00004,1,,,,,0.00022,0.00001,3.6,0.00004
4900,1,,,,,0.00022,0.00000,3.6,0.00004,1,,,,,0.00022,0.00000,3.5,0.00004
4901,1,,,,,0.00022,0.00000,3.6,0.00004,1,,,,,0.00022,0.00001,3.6,0.00004
4902,1,,,,,0.00022,0.00001,3.6,0.00004,1,,,,,0.00022,0.00000,3.5,0.00004
4903,1,,,,,0.00022,0.00000,3.6,0.00004,1,,,,,0.00022,0.00001,3.7,0.00004
4904,1,,,,,0.00022,0.00000,3.6,0.00004,1,,,,,0.00022,0.00000,3.7,0.00004
4905,1,,,,,0.00022,0.00000,3.6,0.00004,1,,,,,0.00022,0.00001,3.6,0.00004
4906,1,,,,,0.00022,0.00001,3.6,0.00004,1,,,,,0.00022,0.00001,3.7,0.00004
4907,1,,,,,0.00022,0.00000,3.6,0.00004,1,,,,,0.00022,0.00000,3.7,0.00004
4908,1,,,,,0.00022,0.00000,3.6,0.00004,1,,,,,0.00022,0.00001,3.7,0.00004
4909,1,,,,,0.00022,0.00001,3.7,0.00004,1,,,,,0.00022,0.00000,3.7,0.00004
4910,1,,,,,0.00022,0.00000,3.6,0.00004,1,,,,,0.00022,0.00000,3.7,0.00004
4911,1,,,,,0.00022,0.00000,3.6,0.00004,1,,,,,0.00022,0.00001,3.7,0.00004
4912,1,,,,,0.00022,0.00000,3.6,0.00004,1,,,,,0.00022,0.00001,3.7,0.00004
4913,1,,,,,0.00022,0.00000,3.6,0.00004,1,,,,,0.00022,0.00001,3.7,0.00004
4914,1,,,,,0.00022,0.00001,3.8,0.00004,1,,,,,0.00022,0.00000,3.7,0.00004
4915,1,,,,,0.00022,0.00000,3.8,0.00004,1,,,,,0.00022,0.00000,3.7,0.00004
4916,1,,,,,0.00022,0.00000,3.6,0.00004,1,,,,,0.00022,0.00000,4.0,0.00004
4917,1,,,,,0.00022,0.00000,3.6,0.00004,1,,,,,0.00022,0.00001,3.9,0.00005
4918,1,,,,,0.00022,0.00000,3.6,0.00004,1,,,,,0.00022,0.00000,3.8,0.00004
4919,1,,,,,0.00022,0.00000,3.7,0.00004,1,,,,,0.00022,0.00000,3.8,0.00004
4920,1,,,,,0.00022,0.00000,3.6,0.00004,1,,,,,0.00022,0.00000,3.8,0.00004
4921,1,,,,,0.00022,0.00000,3.7,0.00004,1,,,,,0.00022,0.00000,3.8,0.00004
4922,1,,,,,0.00022,0.00000,3.6,0.00004,1,,,,,0.00022,0.00001,3.9,0.00004
4923,1,,,,,0.00022,0.00000,3.6,0.00004,1,,,,,0.00022,0.00000,3.9,0.00005
4924,1,,,,,0.00022,0.00000,3.7,0.00004,1,,,,,0.00022,0.00000,3.8,0.00004
4925,1,,,,,0.00022,0.00000,3.6,0.00004,1,,,,,0.00022,0.00000,3.8,0.00004
4926,1,,,,,0.00022,0.00001,3.7,0.00004,1,,,,,0.00022,0.00001,3.8,0.00005
4927,1,,,,,0.00022,0.00000,3.8,0.00004,1,,,,,0.00022,0.00001,3.8,0.00004
4928,1,,,,,0.00022,0.00000,3.8,0.00004,1,,,,,0.00022,0.00000,3.8,0.00005
4929,1,,,,,0.00022,0.00000,3.8,0.00004,1,,,,,0.00022,0.00000,3.7,0.00004
4930,1,,,,,0.00022,0.00000,3.8,0.00004,1,,,,,0.00022,0.00001,3.7,0.00004
4931,1,,,,,0.00022,0.00001,3.7,0.00004,1,,,,,0.00022,0.00001,3.7,0.00005
4932,1,,,,,0.00022,0.00000,3.7,0.00004,1,,,,,0.00022,0.00000,3.7,0.00004
4933,1,,,,,0.00022,0.00000,3.6,0.00004,1,,,,,0.00022,0.00000,3.6,0.00004
4934,1,,,,,0.00022,0.00001,3.6,0.00004,1,,,,,0.00022,0.00000,3.6,0.00004
4935,1,,,,,0.00022,0.00000,3.6,0.00004,1,,,,,0.00022,0.00001,3.6,0.00004
4936,1,,,,,0.00022,0.00000,3.5,0.00004,1,,,,,0.00022,0.00000,3.6,0.00004
4937,1,,,,,0.00022,0.00000,3.5,0.00004,1,,,,,0.00022,0.00000,3.6,0.00004
4938,1,,,,,0.00022,0.00000,3.7,0.00004,1,,,,,0.00022,0.00000,3.6,0.00004
4939,1,,,,,0.00022,0.00000,3.6,0.00004,1,,,,,0.00022,0.00000,3.6,0.00004
4940,1,,,,,0.00022,0.00000,3.6,0.00004,1,,,,,0.00022,0.00000,3.7,0.00004
4941,1,,,,,0.00022,0.00001,3.7,0.00004,1,,,,,0.00022,0.00000,3.7,0.00004
4942,1,,,,,0.00022,0.00001,3.7,0.00004,1,,,,,0.00022,0.00000,3.8,0.00005
4943,1,,,,,0.00022,0.00000,3.7,0.00004,1,,,,,0.00022,0.00000,3.7,0.00004
4944,1,,,,,0.00022,0.00000,3.7,0.00004,1,,,,,0.00022,0.00000,3.7,0.00004
4945,1,,,,,0.00022,0.00001,3.7,0.00004,1,,,,,0.00022,0.00001,3.7,0.00004
4946,1,,,,,0.00022,0.00000,3.7,0.00004,1,,,,,0.00022,0.00000,3.7,0.00004
4947,1,,,,,0.00022,0.00000,3.7,0.00004,1,,,,,0.00022,0.00001,3.7,0.00004
4948,1,,,,,0.00022,0.00000,3.7,0.00004,1,,,,,0.00022,0.00000,3.7,0.00004
4949,1,,,,,0.00022,0.00000,3.7,0.00004,1,,,,,0.00022,0.00000,3.7,0.00004
4950,1,,,,,0.00022,0.00000,3.7,0.00004,1,,,,,0.00022,0.00000,3.7,0.00004
4951,1,,,,,0.00022,0.00000,3.7,0.00004,1,,,,,0.00022,0.00000,3.8,0.00004
4952,1,,,,,0.00022,0.00000,3.7,0.00004,1,,,,,0.00022,0.00000,3.8,0.00004
4953,1,,,,,0.00022,0.00000,3.7,0.00004,1,,,,,0.00022,0.00000,3.7,0.00004
4954,1,,,,,0.00022,0.00000,3.7,0.00004,1,,,,,0.00022,0.00001,3.7,0.00004
4955,1,,,,,0.00022,0.00000,3.7,0.00004,1,,,,,0.00022,0.00000,3.6,0.00004
4956,1,,,,,0.00022,0.00000,3.7,0.00004,1,,,,,0.00022,0.00000,3.7,0.00004
4957,1,,,,,0.00022,0.00000,3.7,0.00004,1,,,,,0.00022,0.00000,3.7,0.00004
4958,1,,,,,0.00022,0.00000,3.7,0.00004,1,,,,,0.00022,0.00000,3.7,0.00004
4959,1,,,,,0.00022,0.00001,3.7,0.00004,1,,,,,0.00022,0.00000,3.7,0.00004
4960,1,,,,,0.00022,0.00001,3.6,0.00004,1,,,,,0.00022,0.00000,3.7,0.00004
4961,1,,,,,0.00022,0.00000,3.7,0.00004,1,,,,,0.00022,0.00000,3.6,0.00004
4962,1,,,,,0.00022,0.00000,3.7,0.00004,1,,,,,0.00022,0.00000,3.7,0.00004
4963,1,,,,,0.00022,0.00001,3.7,0.00004,1,,,,,0.00022,0.00000,3.7,0.00004
4964,1,,,,,0.00022,0.00001,3.8,0.00004,1,,,,,0.00022,0.00000,3.9,0.00004
4965,1,,,,,0.00022,0.00000,3.8,0.00004,1,,,,,0.00022,0.00001,3.8,0.00004
4966,1,,,,,0.00022,0.00000,3.6,0.00004,1,,,,,0.00022,0.00000,3.8,0.00004
4967,1,,,,,0.00022,0.00000,3.7,0.00004,1,,,,,0.00022,0.00000,3.8,0.00004
4968,1,,,,,0.00022,0.00000,3.6,0.00004,1,,,,,0.00022,0.00001,3.7,0.00004
4969,1,,,,,0.00022,0.00000,3.7,0.00004,1,,,,,0.00022,0.00000,3.8,0.00004
4970,1,,,,,0.00022,0.00001,3.6,0.00004,1,,,,,0.00022,0.00000,3.7,0.00005
4971,1,,,,,0.00022,0.00000,3.5,0.00004,1,,,,,0.00022,0.00001,3.6,0.00004
4972,1,,,,,0.00022,0.00000,3.6,0.00004,1,,,,,0.00022,0.00000,3.7,0.00004
4973,1,,,,,0.00022,0.00000,3.6,0.00004,1,,,,,0.00022,0.00000,3.7,0.00004
4974,1,,,,,0.00022,0.00000,3.6,0.00004,1,,,,,0.00022,0.00000,3.6,0.00004
4975,1,,,,,0.00022,0.00000,3.6,0.00004,1,,,,,0.00022,0.00000,3.6,0.00004
4976,1,,,,,0.00022,0.00001,3.6,0.00005,1,,,,,0.00022,0.00001,3.6,0.00004
4977,1,,,,,0.00022,0.00000,3.6,0.00004,1,,,,,0.00022,0.00000,3.6,0.00004
4978,1,,,,,0.00022,0.00000,3.6,0.00004,1,,,,,0.00022,0.00000,3.7,0.00004
4979,1,,,,,0.00022,0.00001,3.7,0.00004,1,,,,,0.00022,0.00000,3.7,0.00004
4980,1,,,,,0.00022,0.00000,3.9,0.00004,1,,,,,0.00022,0.00000,3.8,0.00004
4981,1,,,,,0.00022,0.00000,3.8,0.00005,1,,,,,0.00022,0.00000,3.8,0.00004
4982,1,,,,,0.00022,0.00001,3.8,0.00004,1,,,,,0.00022,0.00000,3.6,0.00004
4983,1,,,,,0.00022,0.00000,3.8,0.00004,1,,,,,0.00022,0.00000,3.6,0.00004
4984,1,,,,,0.00022,0.00001,3.8,0.00004,1,,,,,0.00022,0.00000,3.7,0.00004
4985,1,,,,,0.00022,0.00001,3.8,0.00005,1,,,,,0.00022,0.00000,3.7,0.00004
4986,1,,,,,0.00022,0.00001,3.8,0.00004,1,,,,,0.00022,0.00000,3.9,0.00004
4987,1,,,,,0.00022,0.00001,3.8,0.00004,1,,,,,0.00022,0.00000,3.7,0.00004
4988,1,,,,,0.00022,0.00001,3.8,0.00004,1,,,,,0.00022,0.00001,3.8,0.00004
4989,1,,,,,0.00022,0.00001,3.8,0.00004,1,,,,,0.00022,0.00000,3.8,0.00004
4990,1,,,,,0.00022,0.00000,3.6,0.00004,1,,,,,0.00022,0.00000,3.7,0.00004
4991,1,,,,,0.00022,0.00000,3.6,0.00004,1,,,,,0.00022,0.00000,3.8,0.00004
4992,1,,,,,0.00022,0.00000,3.8,0.00004,1,,,,,0.00022,0.00000,3.6,0.00004
4993,1,,,,,0.00022,0.00000,3.8,0.00004,1,,,,,0.00022,0.00000,3.6,0.00004
4994,1,,,,,0.00022,0.00000,3.8,0.00004,1,,,,,0.00022,0.00000,3.7,0.00004
4995,1,,,,,0.00022,0.00001,3.8,0.00004,1,,,,,0.00022,0.00000,3.6,0.00004
4996,1,,,,,0.00022,0.00000,3.8,0.00004,1,,,,,0.00022,0.00000,3.7,0.00004
4997,1,,,,,0.00022,0.00001,3.6,0.00004,1,,,,,0.00022,0.00000,3.7,0.00004
4998,1,,,,,0.00022,0.00000,3.6,0.00004,1,,,,,0.00022,0.00000,3.7,0.00004
4999,1,,,,,0.00022,0.00000,3.7,0.00004,1,,,,,0.00022,0.00000,3.7,0.00004
